#
# There is insufficient memory for the Java Runtime Environment to continue.
# Native memory allocation (malloc) failed to allocate 635376 bytes for Chunk::new
# Possible reasons:
#   The system is out of physical RAM or swap space
#   The process is running with CompressedOops enabled, and the Java Heap may be blocking the growth of the native heap
# Possible solutions:
#   Reduce memory load on the system
#   Increase physical memory or swap space
#   Check if swap backing store is full
#   Decrease Java heap size (-Xmx/-Xms)
#   Decrease number of Java threads
#   Decrease Java thread stack sizes (-Xss)
#   Set larger code cache with -XX:ReservedCodeCacheSize=
#   JVM is running with Unscaled Compressed Oops mode in which the Java heap is
#     placed in the first 4GB address space. The Java Heap base address is the
#     maximum limit for the native heap growth. Please use -XX:HeapBaseMinAddress
#     to set the Java Heap base and to place the Java Heap above 4GB virtual address.
# This output file may be truncated or incomplete.
#
#  Out of Memory Error (arena.cpp:184), pid=18704, tid=14124
#
# JRE version: Java(TM) SE Runtime Environment (19.0.1+10) (build 19.0.1+10-21)
# Java VM: Java HotSpot(TM) 64-Bit Server VM (19.0.1+10-21, mixed mode, sharing, tiered, compressed oops, compressed class ptrs, g1 gc, windows-amd64)
# No core dump will be written. Minidumps are not enabled by default on client versions of Windows
#

---------------  S U M M A R Y ------------

Command Line: -Xss4m -Xms100m -Dmetals.client=vscode -Xmx2G -XX:ZUncommitDelay=30 -XX:ZCollectionInterval=5 -XX:+IgnoreUnrecognizedVMOptions scala.meta.metals.Main

Host: 11th Gen Intel(R) Core(TM) i5-1135G7 @ 2.40GHz, 8 cores, 15G,  Windows 10 , 64 bit Build 19041 (10.0.19041.5915)
Time: Tue Apr  7 22:07:02 2026 Europe de l , 64 bit Build 19041 (10.0.19041.5915) elapsed time: 8.592326 seconds (0d 0h 0m 8s)

---------------  T H R E A D  ---------------

Current thread (0x0000020e7089c120):  JavaThread "C2 CompilerThread2" daemon [_thread_in_native, id=14124, stack(0x000000bb76d00000,0x000000bb76e00000)]


Current CompileTask:
C2:   8592 4263       4       scala.meta.internal.metals.Fuzzy::bloomFilterSymbolStrings (325 bytes)

Stack: [0x000000bb76d00000,0x000000bb76e00000]
Native frames: (J=compiled Java code, j=interpreted, Vv=VM code, C=native code)
V  [jvm.dll+0x6ee8fa]
V  [jvm.dll+0x857a1e]
V  [jvm.dll+0x85940e]
V  [jvm.dll+0x859ac3]
V  [jvm.dll+0x28291f]
V  [jvm.dll+0xc9b5f]
V  [jvm.dll+0xc9ee5]
V  [jvm.dll+0x2f7c6f]
V  [jvm.dll+0x5f0c5b]
V  [jvm.dll+0x2551fc]
V  [jvm.dll+0x24e097]
V  [jvm.dll+0x24b563]
V  [jvm.dll+0x1d6d61]
V  [jvm.dll+0x25b0fa]
V  [jvm.dll+0x259588]
V  [jvm.dll+0x807928]
V  [jvm.dll+0x8015fa]
V  [jvm.dll+0x6ed5eb]
C  [ucrtbase.dll+0x21bb2]
C  [KERNEL32.DLL+0x17374]
C  [ntdll.dll+0x4cc91]


---------------  P R O C E S S  ---------------

Threads class SMR info:
_java_thread_list=0x0000020e712fe790, length=35, elements={
0x0000020e4cba1df0, 0x0000020e6b453840, 0x0000020e6b454130, 0x0000020e6b456360,
0x0000020e6b4579a0, 0x0000020e6b458770, 0x0000020e6b45d690, 0x0000020e6b485f40,
0x0000020e6b486e90, 0x0000020e6b492cb0, 0x0000020e6f91b970, 0x0000020e6f8dfad0,
0x0000020e700974d0, 0x0000020e70daf500, 0x0000020e71b91580, 0x0000020e71a9ad30,
0x0000020e718c46b0, 0x0000020e718c4c00, 0x0000020e718c56a0, 0x0000020e718c6140,
0x0000020e718c6be0, 0x0000020e718c3c10, 0x0000020e718c4160, 0x0000020e6fab7b40,
0x0000020e6fab1650, 0x0000020e6fab1ba0, 0x0000020e6fab4b70, 0x0000020e6fab2b90,
0x0000020e6fab70a0, 0x0000020e6fab6600, 0x0000020e6fab60b0, 0x0000020e7089dcf0,
0x0000020e7089c120, 0x0000020e73e96bc0, 0x0000020e734a4490
}

Java Threads: ( => current thread )
  0x0000020e4cba1df0 JavaThread "main" [_thread_blocked, id=13484, stack(0x000000bb6f200000,0x000000bb6f600000)]
  0x0000020e6b453840 JavaThread "Reference Handler" daemon [_thread_blocked, id=19264, stack(0x000000bb6fc00000,0x000000bb70000000)]
  0x0000020e6b454130 JavaThread "Finalizer" daemon [_thread_blocked, id=9208, stack(0x000000bb70000000,0x000000bb70400000)]
  0x0000020e6b456360 JavaThread "Signal Dispatcher" daemon [_thread_blocked, id=6868, stack(0x000000bb70400000,0x000000bb70800000)]
  0x0000020e6b4579a0 JavaThread "Attach Listener" daemon [_thread_blocked, id=10264, stack(0x000000bb70800000,0x000000bb70c00000)]
  0x0000020e6b458770 JavaThread "Service Thread" daemon [_thread_blocked, id=3740, stack(0x000000bb70c00000,0x000000bb71000000)]
  0x0000020e6b45d690 JavaThread "Monitor Deflation Thread" daemon [_thread_blocked, id=12456, stack(0x000000bb71000000,0x000000bb71400000)]
  0x0000020e6b485f40 JavaThread "C2 CompilerThread0" daemon [_thread_blocked, id=11488, stack(0x000000bb71400000,0x000000bb71500000)]
  0x0000020e6b486e90 JavaThread "C1 CompilerThread0" daemon [_thread_blocked, id=19812, stack(0x000000bb71500000,0x000000bb71600000)]
  0x0000020e6b492cb0 JavaThread "Sweeper thread" daemon [_thread_blocked, id=21544, stack(0x000000bb71600000,0x000000bb71a00000)]
  0x0000020e6f91b970 JavaThread "Notification Thread" daemon [_thread_blocked, id=25832, stack(0x000000bb71a00000,0x000000bb71e00000)]
  0x0000020e6f8dfad0 JavaThread "Common-Cleaner" daemon [_thread_blocked, id=1204, stack(0x000000bb71f00000,0x000000bb72300000)]
  0x0000020e700974d0 JavaThread "pool-1-thread-1" [_thread_in_native, id=26392, stack(0x000000bb72600000,0x000000bb72a00000)]
  0x0000020e70daf500 JavaThread "scala-execution-context-global-27" daemon [_thread_blocked, id=27572, stack(0x000000bb72c00000,0x000000bb73000000)]
  0x0000020e71b91580 JavaThread "coursier-pool-1-thread-1" daemon [_thread_blocked, id=21256, stack(0x000000bb73400000,0x000000bb73800000)]
  0x0000020e71a9ad30 JavaThread "coursier-pool-1-thread-2" daemon [_thread_blocked, id=25564, stack(0x000000bb73800000,0x000000bb73c00000)]
  0x0000020e718c46b0 JavaThread "coursier-pool-1-thread-3" daemon [_thread_blocked, id=27336, stack(0x000000bb73c00000,0x000000bb74000000)]
  0x0000020e718c4c00 JavaThread "coursier-pool-1-thread-4" daemon [_thread_blocked, id=21468, stack(0x000000bb74000000,0x000000bb74400000)]
  0x0000020e718c56a0 JavaThread "coursier-pool-1-thread-5" daemon [_thread_blocked, id=18100, stack(0x000000bb74400000,0x000000bb74800000)]
  0x0000020e718c6140 JavaThread "coursier-pool-1-thread-6" daemon [_thread_blocked, id=11588, stack(0x000000bb74800000,0x000000bb74c00000)]
  0x0000020e718c6be0 JavaThread "pool-1-thread-2" [_thread_blocked, id=29300, stack(0x000000bb74c00000,0x000000bb75000000)]
  0x0000020e718c3c10 JavaThread "ForkJoinPool.commonPool-worker-1" daemon [_thread_blocked, id=16132, stack(0x000000bb75400000,0x000000bb75800000)]
  0x0000020e718c4160 JavaThread "pool-2-thread-1" [_thread_blocked, id=10984, stack(0x000000bb75800000,0x000000bb75c00000)]
  0x0000020e6fab7b40 JavaThread "H2 File Lock Watchdog C:/Users/DELL/OneDrive/Bureau/sorbonne/M2/S2/TAS/lisa-tutorial/.metals/metals.lock.db" daemon [_thread_blocked, id=28660, stack(0x000000bb75d00000,0x000000bb76100000)]
  0x0000020e6fab1650 JavaThread "H2 TCP Server (tcp://localhost:54269)" daemon [_thread_in_native, id=15884, stack(0x000000bb76100000,0x000000bb76500000)]
  0x0000020e6fab1ba0 JavaThread "MVStore background writer C:/Users/DELL/OneDrive/Bureau/sorbonne/M2/S2/TAS/lisa-tutorial/.metals/metals.mv.db" daemon [_thread_blocked, id=24788, stack(0x000000bb76500000,0x000000bb76900000)]
  0x0000020e6fab4b70 JavaThread "pool-1-thread-4" [_thread_blocked, id=2732, stack(0x000000bb76900000,0x000000bb76d00000)]
  0x0000020e6fab2b90 JavaThread "pool-1-thread-5" [_thread_blocked, id=9560, stack(0x000000bb76e00000,0x000000bb77200000)]
  0x0000020e6fab70a0 JavaThread "pool-1-thread-7" [_thread_blocked, id=7984, stack(0x000000bb77600000,0x000000bb77a00000)]
  0x0000020e6fab6600 JavaThread "H2-serialization" daemon [_thread_blocked, id=23904, stack(0x000000bb77a00000,0x000000bb77e00000)]
  0x0000020e6fab60b0 JavaThread "H2-save" daemon [_thread_blocked, id=1412, stack(0x000000bb77e00000,0x000000bb78200000)]
  0x0000020e7089dcf0 JavaThread "C2 CompilerThread1" daemon [_thread_blocked, id=2744, stack(0x000000bb72a00000,0x000000bb72b00000)]
=>0x0000020e7089c120 JavaThread "C2 CompilerThread2" daemon [_thread_in_native, id=14124, stack(0x000000bb76d00000,0x000000bb76e00000)]
  0x0000020e73e96bc0 JavaThread "pool-1-thread-8" [_thread_blocked, id=23400, stack(0x000000bb78200000,0x000000bb78600000)]
  0x0000020e734a4490 JavaThread "pool-1-thread-9" [_thread_blocked, id=14332, stack(0x000000bb77200000,0x000000bb77600000)]

Other Threads:
  0x0000020e6b436750 VMThread "VM Thread" [stack: 0x000000bb6fb00000,0x000000bb6fc00000] [id=1212]
  0x0000020e6f91e8e0 WatcherThread "VM Periodic Task Thread" [stack: 0x000000bb71e00000,0x000000bb71f00000] [id=20576]
  0x0000020e4cc00f60 WorkerThread "GC Thread#0" [stack: 0x000000bb6f600000,0x000000bb6f700000] [id=28676]
  0x0000020e6fef3c70 WorkerThread "GC Thread#1" [stack: 0x000000bb72300000,0x000000bb72400000] [id=20860]
  0x0000020e6fef4210 WorkerThread "GC Thread#2" [stack: 0x000000bb72400000,0x000000bb72500000] [id=25888]
  0x0000020e6fef44e0 WorkerThread "GC Thread#3" [stack: 0x000000bb72500000,0x000000bb72600000] [id=1332]
  0x0000020e6fef4a80 WorkerThread "GC Thread#4" [stack: 0x000000bb73000000,0x000000bb73100000] [id=18156]
  0x0000020e6fef2e60 WorkerThread "GC Thread#5" [stack: 0x000000bb73100000,0x000000bb73200000] [id=29216]
  0x0000020e6fef36d0 WorkerThread "GC Thread#6" [stack: 0x000000bb73200000,0x000000bb73300000] [id=2144]
  0x0000020e6fef39a0 WorkerThread "GC Thread#7" [stack: 0x000000bb73300000,0x000000bb73400000] [id=12488]
  0x0000020e4cc11dc0 ConcurrentGCThread "G1 Main Marker" [stack: 0x000000bb6f700000,0x000000bb6f800000] [id=1304]
  0x0000020e4cc12890 WorkerThread "G1 Conc#0" [stack: 0x000000bb6f800000,0x000000bb6f900000] [id=23784]
  0x0000020e70affe90 WorkerThread "G1 Conc#1" [stack: 0x000000bb72b00000,0x000000bb72c00000] [id=6696]
  0x0000020e6b2f2ee0 ConcurrentGCThread "G1 Refine#0" [stack: 0x000000bb6f900000,0x000000bb6fa00000] [id=28436]
  0x0000020e6b2f3530 ConcurrentGCThread "G1 Service" [stack: 0x000000bb6fa00000,0x000000bb6fb00000] [id=17868]

Threads with active compile tasks:
C2 CompilerThread2     8618 4263       4       scala.meta.internal.metals.Fuzzy::bloomFilterSymbolStrings (325 bytes)

VM state: not at safepoint (normal execution)

VM Mutex/Monitor currently owned by a thread: None

OutOfMemory and StackOverflow Exception counts:
OutOfMemoryError java_heap_errors=2
LinkageErrors=94

Heap address: 0x0000000080000000, size: 2048 MB, Compressed Oops mode: 32-bit

CDS archive(s) mapped at: [0x0000000800000000-0x0000000800c40000-0x0000000800c40000), size 12845056, SharedBaseAddress: 0x0000000800000000, ArchiveRelocationMode: 0.
Compressed class space mapped at: 0x0000000801000000-0x0000000841000000, reserved size: 1073741824
Narrow klass base: 0x0000000800000000, Narrow klass shift: 0, Narrow klass range: 0x100000000

GC Precious Log:
 CardTable entry size: 512
 Card Set container configuration: InlinePtr #cards 5 size 8 Array Of Cards #cards 12 size 40 Howl #buckets 4 coarsen threshold 1843 Howl Bitmap #cards 512 size 80 coarsen threshold 460 Card regions per heap region 1 cards per card region 2048
 CPUs: 8 total, 8 available
 Memory: 16122M
 Large Page Support: Disabled
 NUMA Support: Disabled
 Compressed Oops: Enabled (32-bit)
 Heap Region Size: 1M
 Heap Min Capacity: 100M
 Heap Initial Capacity: 100M
 Heap Max Capacity: 2G
 Pre-touch: Disabled
 Parallel Workers: 8
 Concurrent Workers: 2
 Concurrent Refinement Workers: 8
 Periodic GC: Disabled

Heap:
 garbage-first heap   total 280576K, used 93746K [0x0000000080000000, 0x0000000100000000)
  region size 1024K, 71 young (72704K), 4 survivors (4096K)
 Metaspace       used 49356K, committed 49920K, reserved 1114112K
  class space    used 5775K, committed 6016K, reserved 1048576K

Heap Regions: E=young(eden), S=young(survivor), O=old, HS=humongous(starts), HC=humongous(continues), CS=collection set, F=free, OA=open archive, CA=closed archive, TAMS=top-at-mark-start (previous, next)
|   0|0x0000000080000000, 0x0000000080100000, 0x0000000080100000|100%| O|  |TAMS 0x0000000080100000, 0x0000000080000000| Untracked 
|   1|0x0000000080100000, 0x0000000080200000, 0x0000000080200000|100%| O|  |TAMS 0x0000000080200000, 0x0000000080100000| Untracked 
|   2|0x0000000080200000, 0x0000000080300000, 0x0000000080300000|100%| O|  |TAMS 0x0000000080300000, 0x0000000080200000| Untracked 
|   3|0x0000000080300000, 0x0000000080400000, 0x0000000080400000|100%|HS|  |TAMS 0x0000000080400000, 0x0000000080300000| Complete 
|   4|0x0000000080400000, 0x0000000080500000, 0x0000000080500000|100%| O|  |TAMS 0x0000000080500000, 0x0000000080400000| Untracked 
|   5|0x0000000080500000, 0x0000000080600000, 0x0000000080600000|100%| O|  |TAMS 0x0000000080600000, 0x0000000080500000| Untracked 
|   6|0x0000000080600000, 0x0000000080700000, 0x0000000080700000|100%| O|  |TAMS 0x0000000080700000, 0x0000000080600000| Untracked 
|   7|0x0000000080700000, 0x0000000080800000, 0x0000000080800000|100%| O|  |TAMS 0x0000000080700000, 0x0000000080700000| Untracked 
|   8|0x0000000080800000, 0x0000000080900000, 0x0000000080900000|100%| O|  |TAMS 0x0000000080900000, 0x0000000080800000| Untracked 
|   9|0x0000000080900000, 0x0000000080900000, 0x0000000080a00000|  0%| F|  |TAMS 0x0000000080900000, 0x0000000080900000| Untracked 
|  10|0x0000000080a00000, 0x0000000080b00000, 0x0000000080b00000|100%| O|  |TAMS 0x0000000080b00000, 0x0000000080a00000| Untracked 
|  11|0x0000000080b00000, 0x0000000080c00000, 0x0000000080c00000|100%| O|  |TAMS 0x0000000080c00000, 0x0000000080b00000| Untracked 
|  12|0x0000000080c00000, 0x0000000080d00000, 0x0000000080d00000|100%| O|  |TAMS 0x0000000080d00000, 0x0000000080c00000| Untracked 
|  13|0x0000000080d00000, 0x0000000080e00000, 0x0000000080e00000|100%| O|  |TAMS 0x0000000080d3a400, 0x0000000080d00000| Untracked 
|  14|0x0000000080e00000, 0x0000000080f00000, 0x0000000080f00000|100%| O|  |TAMS 0x0000000080e00000, 0x0000000080e00000| Untracked 
|  15|0x0000000080f00000, 0x0000000081000000, 0x0000000081000000|100%| O|  |TAMS 0x0000000080f00000, 0x0000000080f00000| Untracked 
|  16|0x0000000081000000, 0x0000000081100000, 0x0000000081100000|100%| O|  |TAMS 0x0000000081000000, 0x0000000081000000| Untracked 
|  17|0x0000000081100000, 0x0000000081200000, 0x0000000081200000|100%| O|  |TAMS 0x0000000081100000, 0x0000000081100000| Untracked 
|  18|0x0000000081200000, 0x0000000081300000, 0x0000000081300000|100%| O|  |TAMS 0x0000000081200000, 0x0000000081200000| Untracked 
|  19|0x0000000081300000, 0x0000000081400000, 0x0000000081400000|100%| O|  |TAMS 0x0000000081300000, 0x0000000081300000| Untracked 
|  20|0x0000000081400000, 0x00000000814a5a00, 0x0000000081500000| 64%| O|  |TAMS 0x0000000081400000, 0x0000000081400000| Untracked 
|  21|0x0000000081500000, 0x0000000081600000, 0x0000000081600000|100%|HS|  |TAMS 0x0000000081500000, 0x0000000081500000| Complete 
|  22|0x0000000081600000, 0x0000000081700000, 0x0000000081700000|100%|HC|  |TAMS 0x0000000081600000, 0x0000000081600000| Complete 
|  23|0x0000000081700000, 0x0000000081700000, 0x0000000081800000|  0%| F|  |TAMS 0x0000000081700000, 0x0000000081700000| Untracked 
|  24|0x0000000081800000, 0x0000000081800000, 0x0000000081900000|  0%| F|  |TAMS 0x0000000081800000, 0x0000000081800000| Untracked 
|  25|0x0000000081900000, 0x0000000081900000, 0x0000000081a00000|  0%| F|  |TAMS 0x0000000081900000, 0x0000000081900000| Untracked 
|  26|0x0000000081a00000, 0x0000000081a00000, 0x0000000081b00000|  0%| F|  |TAMS 0x0000000081a00000, 0x0000000081a00000| Untracked 
|  27|0x0000000081b00000, 0x0000000081b00000, 0x0000000081c00000|  0%| F|  |TAMS 0x0000000081b00000, 0x0000000081b00000| Untracked 
|  28|0x0000000081c00000, 0x0000000081c00000, 0x0000000081d00000|  0%| F|  |TAMS 0x0000000081c00000, 0x0000000081c00000| Untracked 
|  29|0x0000000081d00000, 0x0000000081d00000, 0x0000000081e00000|  0%| F|  |TAMS 0x0000000081d00000, 0x0000000081d00000| Untracked 
|  30|0x0000000081e00000, 0x0000000081e00000, 0x0000000081f00000|  0%| F|  |TAMS 0x0000000081e00000, 0x0000000081e00000| Untracked 
|  31|0x0000000081f00000, 0x0000000081f00000, 0x0000000082000000|  0%| F|  |TAMS 0x0000000081f00000, 0x0000000081f00000| Untracked 
|  32|0x0000000082000000, 0x0000000082000000, 0x0000000082100000|  0%| F|  |TAMS 0x0000000082000000, 0x0000000082000000| Untracked 
|  33|0x0000000082100000, 0x0000000082100000, 0x0000000082200000|  0%| F|  |TAMS 0x0000000082100000, 0x0000000082100000| Untracked 
|  34|0x0000000082200000, 0x0000000082200000, 0x0000000082300000|  0%| F|  |TAMS 0x0000000082200000, 0x0000000082200000| Untracked 
|  35|0x0000000082300000, 0x0000000082300000, 0x0000000082400000|  0%| F|  |TAMS 0x0000000082300000, 0x0000000082300000| Untracked 
|  36|0x0000000082400000, 0x0000000082400000, 0x0000000082500000|  0%| F|  |TAMS 0x0000000082400000, 0x0000000082400000| Untracked 
|  37|0x0000000082500000, 0x0000000082500000, 0x0000000082600000|  0%| F|  |TAMS 0x0000000082500000, 0x0000000082500000| Untracked 
|  38|0x0000000082600000, 0x0000000082600000, 0x0000000082700000|  0%| F|  |TAMS 0x0000000082600000, 0x0000000082600000| Untracked 
|  39|0x0000000082700000, 0x0000000082700000, 0x0000000082800000|  0%| F|  |TAMS 0x0000000082700000, 0x0000000082700000| Untracked 
|  40|0x0000000082800000, 0x0000000082800000, 0x0000000082900000|  0%| F|  |TAMS 0x0000000082800000, 0x0000000082800000| Untracked 
|  41|0x0000000082900000, 0x0000000082900000, 0x0000000082a00000|  0%| F|  |TAMS 0x0000000082900000, 0x0000000082900000| Untracked 
|  42|0x0000000082a00000, 0x0000000082a00000, 0x0000000082b00000|  0%| F|  |TAMS 0x0000000082a00000, 0x0000000082a00000| Untracked 
|  43|0x0000000082b00000, 0x0000000082b00000, 0x0000000082c00000|  0%| F|  |TAMS 0x0000000082b00000, 0x0000000082b00000| Untracked 
|  44|0x0000000082c00000, 0x0000000082c00000, 0x0000000082d00000|  0%| F|  |TAMS 0x0000000082c00000, 0x0000000082c00000| Untracked 
|  45|0x0000000082d00000, 0x0000000082d00000, 0x0000000082e00000|  0%| F|  |TAMS 0x0000000082d00000, 0x0000000082d00000| Untracked 
|  46|0x0000000082e00000, 0x0000000082e00000, 0x0000000082f00000|  0%| F|  |TAMS 0x0000000082e00000, 0x0000000082e00000| Untracked 
|  47|0x0000000082f00000, 0x0000000082f00000, 0x0000000083000000|  0%| F|  |TAMS 0x0000000082f00000, 0x0000000082f00000| Untracked 
|  48|0x0000000083000000, 0x0000000083000000, 0x0000000083100000|  0%| F|  |TAMS 0x0000000083000000, 0x0000000083000000| Untracked 
|  49|0x0000000083100000, 0x0000000083100000, 0x0000000083200000|  0%| F|  |TAMS 0x0000000083100000, 0x0000000083100000| Untracked 
|  50|0x0000000083200000, 0x0000000083200000, 0x0000000083300000|  0%| F|  |TAMS 0x0000000083200000, 0x0000000083200000| Untracked 
|  51|0x0000000083300000, 0x0000000083300000, 0x0000000083400000|  0%| F|  |TAMS 0x0000000083300000, 0x0000000083300000| Untracked 
|  52|0x0000000083400000, 0x0000000083400000, 0x0000000083500000|  0%| F|  |TAMS 0x0000000083400000, 0x0000000083400000| Untracked 
|  53|0x0000000083500000, 0x0000000083500000, 0x0000000083600000|  0%| F|  |TAMS 0x0000000083500000, 0x0000000083500000| Untracked 
|  54|0x0000000083600000, 0x0000000083600000, 0x0000000083700000|  0%| F|  |TAMS 0x0000000083600000, 0x0000000083600000| Untracked 
|  55|0x0000000083700000, 0x0000000083700000, 0x0000000083800000|  0%| F|  |TAMS 0x0000000083700000, 0x0000000083700000| Untracked 
|  56|0x0000000083800000, 0x0000000083800000, 0x0000000083900000|  0%| F|  |TAMS 0x0000000083800000, 0x0000000083800000| Untracked 
|  57|0x0000000083900000, 0x0000000083900000, 0x0000000083a00000|  0%| F|  |TAMS 0x0000000083900000, 0x0000000083900000| Untracked 
|  58|0x0000000083a00000, 0x0000000083a00000, 0x0000000083b00000|  0%| F|  |TAMS 0x0000000083a00000, 0x0000000083a00000| Untracked 
|  59|0x0000000083b00000, 0x0000000083b00000, 0x0000000083c00000|  0%| F|  |TAMS 0x0000000083b00000, 0x0000000083b00000| Untracked 
|  60|0x0000000083c00000, 0x0000000083c00000, 0x0000000083d00000|  0%| F|  |TAMS 0x0000000083c00000, 0x0000000083c00000| Untracked 
|  61|0x0000000083d00000, 0x0000000083d00000, 0x0000000083e00000|  0%| F|  |TAMS 0x0000000083d00000, 0x0000000083d00000| Untracked 
|  62|0x0000000083e00000, 0x0000000083e00000, 0x0000000083f00000|  0%| F|  |TAMS 0x0000000083e00000, 0x0000000083e00000| Untracked 
|  63|0x0000000083f00000, 0x0000000083f00000, 0x0000000084000000|  0%| F|  |TAMS 0x0000000083f00000, 0x0000000083f00000| Untracked 
|  64|0x0000000084000000, 0x0000000084000000, 0x0000000084100000|  0%| F|  |TAMS 0x0000000084000000, 0x0000000084000000| Untracked 
|  65|0x0000000084100000, 0x0000000084100000, 0x0000000084200000|  0%| F|  |TAMS 0x0000000084100000, 0x0000000084100000| Untracked 
|  66|0x0000000084200000, 0x0000000084200000, 0x0000000084300000|  0%| F|  |TAMS 0x0000000084200000, 0x0000000084200000| Untracked 
|  67|0x0000000084300000, 0x0000000084300000, 0x0000000084400000|  0%| F|  |TAMS 0x0000000084300000, 0x0000000084300000| Untracked 
|  68|0x0000000084400000, 0x0000000084400000, 0x0000000084500000|  0%| F|  |TAMS 0x0000000084400000, 0x0000000084400000| Untracked 
|  69|0x0000000084500000, 0x0000000084500000, 0x0000000084600000|  0%| F|  |TAMS 0x0000000084500000, 0x0000000084500000| Untracked 
|  70|0x0000000084600000, 0x0000000084600000, 0x0000000084700000|  0%| F|  |TAMS 0x0000000084600000, 0x0000000084600000| Untracked 
|  71|0x0000000084700000, 0x0000000084700000, 0x0000000084800000|  0%| F|  |TAMS 0x0000000084700000, 0x0000000084700000| Untracked 
|  72|0x0000000084800000, 0x0000000084800000, 0x0000000084900000|  0%| F|  |TAMS 0x0000000084800000, 0x0000000084800000| Untracked 
|  73|0x0000000084900000, 0x0000000084900000, 0x0000000084a00000|  0%| F|  |TAMS 0x0000000084900000, 0x0000000084900000| Untracked 
|  74|0x0000000084a00000, 0x0000000084a00000, 0x0000000084b00000|  0%| F|  |TAMS 0x0000000084a00000, 0x0000000084a00000| Untracked 
|  75|0x0000000084b00000, 0x0000000084b00000, 0x0000000084c00000|  0%| F|  |TAMS 0x0000000084b00000, 0x0000000084b00000| Untracked 
|  76|0x0000000084c00000, 0x0000000084c00000, 0x0000000084d00000|  0%| F|  |TAMS 0x0000000084c00000, 0x0000000084c00000| Untracked 
|  77|0x0000000084d00000, 0x0000000084d00000, 0x0000000084e00000|  0%| F|  |TAMS 0x0000000084d00000, 0x0000000084d00000| Untracked 
|  78|0x0000000084e00000, 0x0000000084e00000, 0x0000000084f00000|  0%| F|  |TAMS 0x0000000084e00000, 0x0000000084e00000| Untracked 
|  79|0x0000000084f00000, 0x0000000084f00000, 0x0000000085000000|  0%| F|  |TAMS 0x0000000084f00000, 0x0000000084f00000| Untracked 
|  80|0x0000000085000000, 0x0000000085000000, 0x0000000085100000|  0%| F|  |TAMS 0x0000000085000000, 0x0000000085000000| Untracked 
|  81|0x0000000085100000, 0x0000000085100000, 0x0000000085200000|  0%| F|  |TAMS 0x0000000085100000, 0x0000000085100000| Untracked 
|  82|0x0000000085200000, 0x0000000085200000, 0x0000000085300000|  0%| F|  |TAMS 0x0000000085200000, 0x0000000085200000| Untracked 
|  83|0x0000000085300000, 0x0000000085300000, 0x0000000085400000|  0%| F|  |TAMS 0x0000000085300000, 0x0000000085300000| Untracked 
|  84|0x0000000085400000, 0x0000000085400000, 0x0000000085500000|  0%| F|  |TAMS 0x0000000085400000, 0x0000000085400000| Untracked 
|  85|0x0000000085500000, 0x0000000085500000, 0x0000000085600000|  0%| F|  |TAMS 0x0000000085500000, 0x0000000085500000| Untracked 
|  86|0x0000000085600000, 0x0000000085600000, 0x0000000085700000|  0%| F|  |TAMS 0x0000000085600000, 0x0000000085600000| Untracked 
|  87|0x0000000085700000, 0x0000000085700000, 0x0000000085800000|  0%| F|  |TAMS 0x0000000085700000, 0x0000000085700000| Untracked 
|  88|0x0000000085800000, 0x0000000085800000, 0x0000000085900000|  0%| F|  |TAMS 0x0000000085800000, 0x0000000085800000| Untracked 
|  89|0x0000000085900000, 0x0000000085900000, 0x0000000085a00000|  0%| F|  |TAMS 0x0000000085900000, 0x0000000085900000| Untracked 
|  90|0x0000000085a00000, 0x0000000085a00000, 0x0000000085b00000|  0%| F|  |TAMS 0x0000000085a00000, 0x0000000085a00000| Untracked 
|  91|0x0000000085b00000, 0x0000000085b00000, 0x0000000085c00000|  0%| F|  |TAMS 0x0000000085b00000, 0x0000000085b00000| Untracked 
|  92|0x0000000085c00000, 0x0000000085c00000, 0x0000000085d00000|  0%| F|  |TAMS 0x0000000085c00000, 0x0000000085c00000| Untracked 
|  93|0x0000000085d00000, 0x0000000085d00000, 0x0000000085e00000|  0%| F|  |TAMS 0x0000000085d00000, 0x0000000085d00000| Untracked 
|  94|0x0000000085e00000, 0x0000000085e00000, 0x0000000085f00000|  0%| F|  |TAMS 0x0000000085e00000, 0x0000000085e00000| Untracked 
|  95|0x0000000085f00000, 0x0000000085f00000, 0x0000000086000000|  0%| F|  |TAMS 0x0000000085f00000, 0x0000000085f00000| Untracked 
|  96|0x0000000086000000, 0x0000000086000000, 0x0000000086100000|  0%| F|  |TAMS 0x0000000086000000, 0x0000000086000000| Untracked 
|  97|0x0000000086100000, 0x0000000086100000, 0x0000000086200000|  0%| F|  |TAMS 0x0000000086100000, 0x0000000086100000| Untracked 
|  98|0x0000000086200000, 0x0000000086200000, 0x0000000086300000|  0%| F|  |TAMS 0x0000000086200000, 0x0000000086200000| Untracked 
|  99|0x0000000086300000, 0x0000000086300000, 0x0000000086400000|  0%| F|  |TAMS 0x0000000086300000, 0x0000000086300000| Untracked 
| 100|0x0000000086400000, 0x0000000086400000, 0x0000000086500000|  0%| F|  |TAMS 0x0000000086400000, 0x0000000086400000| Untracked 
| 101|0x0000000086500000, 0x0000000086500000, 0x0000000086600000|  0%| F|  |TAMS 0x0000000086500000, 0x0000000086500000| Untracked 
| 102|0x0000000086600000, 0x0000000086600000, 0x0000000086700000|  0%| F|  |TAMS 0x0000000086600000, 0x0000000086600000| Untracked 
| 103|0x0000000086700000, 0x0000000086700000, 0x0000000086800000|  0%| F|  |TAMS 0x0000000086700000, 0x0000000086700000| Untracked 
| 104|0x0000000086800000, 0x0000000086800000, 0x0000000086900000|  0%| F|  |TAMS 0x0000000086800000, 0x0000000086800000| Untracked 
| 105|0x0000000086900000, 0x0000000086900000, 0x0000000086a00000|  0%| F|  |TAMS 0x0000000086900000, 0x0000000086900000| Untracked 
| 106|0x0000000086a00000, 0x0000000086a00000, 0x0000000086b00000|  0%| F|  |TAMS 0x0000000086a00000, 0x0000000086a00000| Untracked 
| 107|0x0000000086b00000, 0x0000000086b00000, 0x0000000086c00000|  0%| F|  |TAMS 0x0000000086b00000, 0x0000000086b00000| Untracked 
| 108|0x0000000086c00000, 0x0000000086c00000, 0x0000000086d00000|  0%| F|  |TAMS 0x0000000086c00000, 0x0000000086c00000| Untracked 
| 109|0x0000000086d00000, 0x0000000086d00000, 0x0000000086e00000|  0%| F|  |TAMS 0x0000000086d00000, 0x0000000086d00000| Untracked 
| 110|0x0000000086e00000, 0x0000000086e00000, 0x0000000086f00000|  0%| F|  |TAMS 0x0000000086e00000, 0x0000000086e00000| Untracked 
| 111|0x0000000086f00000, 0x0000000086fe71d0, 0x0000000087000000| 90%| S|CS|TAMS 0x0000000086f00000, 0x0000000086f00000| Complete 
| 112|0x0000000087000000, 0x0000000087100000, 0x0000000087100000|100%| S|CS|TAMS 0x0000000087000000, 0x0000000087000000| Complete 
| 113|0x0000000087100000, 0x0000000087200000, 0x0000000087200000|100%| S|CS|TAMS 0x0000000087100000, 0x0000000087100000| Complete 
| 114|0x0000000087200000, 0x0000000087300000, 0x0000000087300000|100%| S|CS|TAMS 0x0000000087200000, 0x0000000087200000| Complete 
| 115|0x0000000087300000, 0x0000000087300000, 0x0000000087400000|  0%| F|  |TAMS 0x0000000087300000, 0x0000000087300000| Untracked 
| 116|0x0000000087400000, 0x0000000087400000, 0x0000000087500000|  0%| F|  |TAMS 0x0000000087400000, 0x0000000087400000| Untracked 
| 117|0x0000000087500000, 0x0000000087500000, 0x0000000087600000|  0%| F|  |TAMS 0x0000000087500000, 0x0000000087500000| Untracked 
| 118|0x0000000087600000, 0x0000000087600000, 0x0000000087700000|  0%| F|  |TAMS 0x0000000087600000, 0x0000000087600000| Untracked 
| 119|0x0000000087700000, 0x0000000087700000, 0x0000000087800000|  0%| F|  |TAMS 0x0000000087700000, 0x0000000087700000| Untracked 
| 120|0x0000000087800000, 0x0000000087800000, 0x0000000087900000|  0%| F|  |TAMS 0x0000000087800000, 0x0000000087800000| Untracked 
| 121|0x0000000087900000, 0x0000000087900000, 0x0000000087a00000|  0%| F|  |TAMS 0x0000000087900000, 0x0000000087900000| Untracked 
| 122|0x0000000087a00000, 0x0000000087a00000, 0x0000000087b00000|  0%| F|  |TAMS 0x0000000087a00000, 0x0000000087a00000| Untracked 
| 123|0x0000000087b00000, 0x0000000087b00000, 0x0000000087c00000|  0%| F|  |TAMS 0x0000000087b00000, 0x0000000087b00000| Untracked 
| 124|0x0000000087c00000, 0x0000000087c00000, 0x0000000087d00000|  0%| F|  |TAMS 0x0000000087c00000, 0x0000000087c00000| Untracked 
| 125|0x0000000087d00000, 0x0000000087d00000, 0x0000000087e00000|  0%| F|  |TAMS 0x0000000087d00000, 0x0000000087d00000| Untracked 
| 126|0x0000000087e00000, 0x0000000087e00000, 0x0000000087f00000|  0%| F|  |TAMS 0x0000000087e00000, 0x0000000087e00000| Untracked 
| 127|0x0000000087f00000, 0x0000000087f00000, 0x0000000088000000|  0%| F|  |TAMS 0x0000000087f00000, 0x0000000087f00000| Untracked 
| 128|0x0000000088000000, 0x0000000088000000, 0x0000000088100000|  0%| F|  |TAMS 0x0000000088000000, 0x0000000088000000| Untracked 
| 129|0x0000000088100000, 0x0000000088100000, 0x0000000088200000|  0%| F|  |TAMS 0x0000000088100000, 0x0000000088100000| Untracked 
| 130|0x0000000088200000, 0x0000000088200000, 0x0000000088300000|  0%| F|  |TAMS 0x0000000088200000, 0x0000000088200000| Untracked 
| 131|0x0000000088300000, 0x0000000088300000, 0x0000000088400000|  0%| F|  |TAMS 0x0000000088300000, 0x0000000088300000| Untracked 
| 132|0x0000000088400000, 0x0000000088400000, 0x0000000088500000|  0%| F|  |TAMS 0x0000000088400000, 0x0000000088400000| Untracked 
| 133|0x0000000088500000, 0x0000000088500000, 0x0000000088600000|  0%| F|  |TAMS 0x0000000088500000, 0x0000000088500000| Untracked 
| 134|0x0000000088600000, 0x0000000088600000, 0x0000000088700000|  0%| F|  |TAMS 0x0000000088600000, 0x0000000088600000| Untracked 
| 135|0x0000000088700000, 0x0000000088700000, 0x0000000088800000|  0%| F|  |TAMS 0x0000000088700000, 0x0000000088700000| Untracked 
| 136|0x0000000088800000, 0x0000000088800000, 0x0000000088900000|  0%| F|  |TAMS 0x0000000088800000, 0x0000000088800000| Untracked 
| 137|0x0000000088900000, 0x0000000088900000, 0x0000000088a00000|  0%| F|  |TAMS 0x0000000088900000, 0x0000000088900000| Untracked 
| 138|0x0000000088a00000, 0x0000000088a00000, 0x0000000088b00000|  0%| F|  |TAMS 0x0000000088a00000, 0x0000000088a00000| Untracked 
| 139|0x0000000088b00000, 0x0000000088b00000, 0x0000000088c00000|  0%| F|  |TAMS 0x0000000088b00000, 0x0000000088b00000| Untracked 
| 140|0x0000000088c00000, 0x0000000088c00000, 0x0000000088d00000|  0%| F|  |TAMS 0x0000000088c00000, 0x0000000088c00000| Untracked 
| 141|0x0000000088d00000, 0x0000000088d00000, 0x0000000088e00000|  0%| F|  |TAMS 0x0000000088d00000, 0x0000000088d00000| Untracked 
| 142|0x0000000088e00000, 0x0000000088e00000, 0x0000000088f00000|  0%| F|  |TAMS 0x0000000088e00000, 0x0000000088e00000| Untracked 
| 143|0x0000000088f00000, 0x0000000088f00000, 0x0000000089000000|  0%| F|  |TAMS 0x0000000088f00000, 0x0000000088f00000| Untracked 
| 144|0x0000000089000000, 0x0000000089000000, 0x0000000089100000|  0%| F|  |TAMS 0x0000000089000000, 0x0000000089000000| Untracked 
| 145|0x0000000089100000, 0x0000000089100000, 0x0000000089200000|  0%| F|  |TAMS 0x0000000089100000, 0x0000000089100000| Untracked 
| 146|0x0000000089200000, 0x0000000089200000, 0x0000000089300000|  0%| F|  |TAMS 0x0000000089200000, 0x0000000089200000| Untracked 
| 147|0x0000000089300000, 0x0000000089300000, 0x0000000089400000|  0%| F|  |TAMS 0x0000000089300000, 0x0000000089300000| Untracked 
| 148|0x0000000089400000, 0x0000000089400000, 0x0000000089500000|  0%| F|  |TAMS 0x0000000089400000, 0x0000000089400000| Untracked 
| 149|0x0000000089500000, 0x0000000089500000, 0x0000000089600000|  0%| F|  |TAMS 0x0000000089500000, 0x0000000089500000| Untracked 
| 150|0x0000000089600000, 0x0000000089600000, 0x0000000089700000|  0%| F|  |TAMS 0x0000000089600000, 0x0000000089600000| Untracked 
| 151|0x0000000089700000, 0x0000000089700000, 0x0000000089800000|  0%| F|  |TAMS 0x0000000089700000, 0x0000000089700000| Untracked 
| 152|0x0000000089800000, 0x0000000089800000, 0x0000000089900000|  0%| F|  |TAMS 0x0000000089800000, 0x0000000089800000| Untracked 
| 153|0x0000000089900000, 0x0000000089900000, 0x0000000089a00000|  0%| F|  |TAMS 0x0000000089900000, 0x0000000089900000| Untracked 
| 154|0x0000000089a00000, 0x0000000089a00000, 0x0000000089b00000|  0%| F|  |TAMS 0x0000000089a00000, 0x0000000089a00000| Untracked 
| 155|0x0000000089b00000, 0x0000000089b00000, 0x0000000089c00000|  0%| F|  |TAMS 0x0000000089b00000, 0x0000000089b00000| Untracked 
| 156|0x0000000089c00000, 0x0000000089c00000, 0x0000000089d00000|  0%| F|  |TAMS 0x0000000089c00000, 0x0000000089c00000| Untracked 
| 157|0x0000000089d00000, 0x0000000089d00000, 0x0000000089e00000|  0%| F|  |TAMS 0x0000000089d00000, 0x0000000089d00000| Untracked 
| 158|0x0000000089e00000, 0x0000000089e00000, 0x0000000089f00000|  0%| F|  |TAMS 0x0000000089e00000, 0x0000000089e00000| Untracked 
| 159|0x0000000089f00000, 0x0000000089f00000, 0x000000008a000000|  0%| F|  |TAMS 0x0000000089f00000, 0x0000000089f00000| Untracked 
| 160|0x000000008a000000, 0x000000008a000000, 0x000000008a100000|  0%| F|  |TAMS 0x000000008a000000, 0x000000008a000000| Untracked 
| 161|0x000000008a100000, 0x000000008a100000, 0x000000008a200000|  0%| F|  |TAMS 0x000000008a100000, 0x000000008a100000| Untracked 
| 162|0x000000008a200000, 0x000000008a200000, 0x000000008a300000|  0%| F|  |TAMS 0x000000008a200000, 0x000000008a200000| Untracked 
| 163|0x000000008a300000, 0x000000008a300000, 0x000000008a400000|  0%| F|  |TAMS 0x000000008a300000, 0x000000008a300000| Untracked 
| 164|0x000000008a400000, 0x000000008a400000, 0x000000008a500000|  0%| F|  |TAMS 0x000000008a400000, 0x000000008a400000| Untracked 
| 165|0x000000008a500000, 0x000000008a500000, 0x000000008a600000|  0%| F|  |TAMS 0x000000008a500000, 0x000000008a500000| Untracked 
| 166|0x000000008a600000, 0x000000008a600000, 0x000000008a700000|  0%| F|  |TAMS 0x000000008a600000, 0x000000008a600000| Untracked 
| 167|0x000000008a700000, 0x000000008a700000, 0x000000008a800000|  0%| F|  |TAMS 0x000000008a700000, 0x000000008a700000| Untracked 
| 168|0x000000008a800000, 0x000000008a800000, 0x000000008a900000|  0%| F|  |TAMS 0x000000008a800000, 0x000000008a800000| Untracked 
| 169|0x000000008a900000, 0x000000008a900000, 0x000000008aa00000|  0%| F|  |TAMS 0x000000008a900000, 0x000000008a900000| Untracked 
| 170|0x000000008aa00000, 0x000000008aa00000, 0x000000008ab00000|  0%| F|  |TAMS 0x000000008aa00000, 0x000000008aa00000| Untracked 
| 171|0x000000008ab00000, 0x000000008ab00000, 0x000000008ac00000|  0%| F|  |TAMS 0x000000008ab00000, 0x000000008ab00000| Untracked 
| 172|0x000000008ac00000, 0x000000008ac00000, 0x000000008ad00000|  0%| F|  |TAMS 0x000000008ac00000, 0x000000008ac00000| Untracked 
| 173|0x000000008ad00000, 0x000000008ad00000, 0x000000008ae00000|  0%| F|  |TAMS 0x000000008ad00000, 0x000000008ad00000| Untracked 
| 174|0x000000008ae00000, 0x000000008ae00000, 0x000000008af00000|  0%| F|  |TAMS 0x000000008ae00000, 0x000000008ae00000| Untracked 
| 175|0x000000008af00000, 0x000000008af00000, 0x000000008b000000|  0%| F|  |TAMS 0x000000008af00000, 0x000000008af00000| Untracked 
| 176|0x000000008b000000, 0x000000008b000000, 0x000000008b100000|  0%| F|  |TAMS 0x000000008b000000, 0x000000008b000000| Untracked 
| 177|0x000000008b100000, 0x000000008b100000, 0x000000008b200000|  0%| F|  |TAMS 0x000000008b100000, 0x000000008b100000| Untracked 
| 178|0x000000008b200000, 0x000000008b200000, 0x000000008b300000|  0%| F|  |TAMS 0x000000008b200000, 0x000000008b200000| Untracked 
| 179|0x000000008b300000, 0x000000008b300000, 0x000000008b400000|  0%| F|  |TAMS 0x000000008b300000, 0x000000008b300000| Untracked 
| 180|0x000000008b400000, 0x000000008b400000, 0x000000008b500000|  0%| F|  |TAMS 0x000000008b400000, 0x000000008b400000| Untracked 
| 181|0x000000008b500000, 0x000000008b500000, 0x000000008b600000|  0%| F|  |TAMS 0x000000008b500000, 0x000000008b500000| Untracked 
| 182|0x000000008b600000, 0x000000008b600000, 0x000000008b700000|  0%| F|  |TAMS 0x000000008b600000, 0x000000008b600000| Untracked 
| 183|0x000000008b700000, 0x000000008b700000, 0x000000008b800000|  0%| F|  |TAMS 0x000000008b700000, 0x000000008b700000| Untracked 
| 184|0x000000008b800000, 0x000000008b800000, 0x000000008b900000|  0%| F|  |TAMS 0x000000008b800000, 0x000000008b800000| Untracked 
| 185|0x000000008b900000, 0x000000008b900000, 0x000000008ba00000|  0%| F|  |TAMS 0x000000008b900000, 0x000000008b900000| Untracked 
| 186|0x000000008ba00000, 0x000000008ba00000, 0x000000008bb00000|  0%| F|  |TAMS 0x000000008ba00000, 0x000000008ba00000| Untracked 
| 187|0x000000008bb00000, 0x000000008bb00000, 0x000000008bc00000|  0%| F|  |TAMS 0x000000008bb00000, 0x000000008bb00000| Untracked 
| 188|0x000000008bc00000, 0x000000008bc00000, 0x000000008bd00000|  0%| F|  |TAMS 0x000000008bc00000, 0x000000008bc00000| Untracked 
| 189|0x000000008bd00000, 0x000000008bd00000, 0x000000008be00000|  0%| F|  |TAMS 0x000000008bd00000, 0x000000008bd00000| Untracked 
| 190|0x000000008be00000, 0x000000008be00000, 0x000000008bf00000|  0%| F|  |TAMS 0x000000008be00000, 0x000000008be00000| Untracked 
| 191|0x000000008bf00000, 0x000000008bf00000, 0x000000008c000000|  0%| F|  |TAMS 0x000000008bf00000, 0x000000008bf00000| Untracked 
| 192|0x000000008c000000, 0x000000008c000000, 0x000000008c100000|  0%| F|  |TAMS 0x000000008c000000, 0x000000008c000000| Untracked 
| 193|0x000000008c100000, 0x000000008c100000, 0x000000008c200000|  0%| F|  |TAMS 0x000000008c100000, 0x000000008c100000| Untracked 
| 194|0x000000008c200000, 0x000000008c200000, 0x000000008c300000|  0%| F|  |TAMS 0x000000008c200000, 0x000000008c200000| Untracked 
| 195|0x000000008c300000, 0x000000008c300000, 0x000000008c400000|  0%| F|  |TAMS 0x000000008c300000, 0x000000008c300000| Untracked 
| 196|0x000000008c400000, 0x000000008c400000, 0x000000008c500000|  0%| F|  |TAMS 0x000000008c400000, 0x000000008c400000| Untracked 
| 197|0x000000008c500000, 0x000000008c500000, 0x000000008c600000|  0%| F|  |TAMS 0x000000008c500000, 0x000000008c500000| Untracked 
| 198|0x000000008c600000, 0x000000008c600000, 0x000000008c700000|  0%| F|  |TAMS 0x000000008c600000, 0x000000008c600000| Untracked 
| 199|0x000000008c700000, 0x000000008c700000, 0x000000008c800000|  0%| F|  |TAMS 0x000000008c700000, 0x000000008c700000| Untracked 
| 200|0x000000008c800000, 0x000000008c800000, 0x000000008c900000|  0%| F|  |TAMS 0x000000008c800000, 0x000000008c800000| Untracked 
| 201|0x000000008c900000, 0x000000008c900000, 0x000000008ca00000|  0%| F|  |TAMS 0x000000008c900000, 0x000000008c900000| Untracked 
| 202|0x000000008ca00000, 0x000000008ca00000, 0x000000008cb00000|  0%| F|  |TAMS 0x000000008ca00000, 0x000000008ca00000| Untracked 
| 203|0x000000008cb00000, 0x000000008cb00000, 0x000000008cc00000|  0%| F|  |TAMS 0x000000008cb00000, 0x000000008cb00000| Untracked 
| 204|0x000000008cc00000, 0x000000008cc00000, 0x000000008cd00000|  0%| F|  |TAMS 0x000000008cc00000, 0x000000008cc00000| Untracked 
| 205|0x000000008cd00000, 0x000000008cd00000, 0x000000008ce00000|  0%| F|  |TAMS 0x000000008cd00000, 0x000000008cd00000| Untracked 
| 206|0x000000008ce00000, 0x000000008ce00000, 0x000000008cf00000|  0%| F|  |TAMS 0x000000008ce00000, 0x000000008ce00000| Untracked 
| 207|0x000000008cf00000, 0x000000008cf00800, 0x000000008d000000|  0%| E|  |TAMS 0x000000008cf00000, 0x000000008cf00000| Complete 
| 208|0x000000008d000000, 0x000000008d100000, 0x000000008d100000|100%| E|CS|TAMS 0x000000008d000000, 0x000000008d000000| Complete 
| 209|0x000000008d100000, 0x000000008d200000, 0x000000008d200000|100%| E|CS|TAMS 0x000000008d100000, 0x000000008d100000| Complete 
| 210|0x000000008d200000, 0x000000008d300000, 0x000000008d300000|100%| E|CS|TAMS 0x000000008d200000, 0x000000008d200000| Complete 
| 211|0x000000008d300000, 0x000000008d400000, 0x000000008d400000|100%| E|CS|TAMS 0x000000008d300000, 0x000000008d300000| Complete 
| 212|0x000000008d400000, 0x000000008d500000, 0x000000008d500000|100%| E|CS|TAMS 0x000000008d400000, 0x000000008d400000| Complete 
| 213|0x000000008d500000, 0x000000008d600000, 0x000000008d600000|100%| E|CS|TAMS 0x000000008d500000, 0x000000008d500000| Complete 
| 214|0x000000008d600000, 0x000000008d700000, 0x000000008d700000|100%| E|CS|TAMS 0x000000008d600000, 0x000000008d600000| Complete 
| 215|0x000000008d700000, 0x000000008d800000, 0x000000008d800000|100%| E|CS|TAMS 0x000000008d700000, 0x000000008d700000| Complete 
| 216|0x000000008d800000, 0x000000008d900000, 0x000000008d900000|100%| E|CS|TAMS 0x000000008d800000, 0x000000008d800000| Complete 
| 217|0x000000008d900000, 0x000000008da00000, 0x000000008da00000|100%| E|CS|TAMS 0x000000008d900000, 0x000000008d900000| Complete 
| 218|0x000000008da00000, 0x000000008db00000, 0x000000008db00000|100%| E|CS|TAMS 0x000000008da00000, 0x000000008da00000| Complete 
| 219|0x000000008db00000, 0x000000008dc00000, 0x000000008dc00000|100%| E|CS|TAMS 0x000000008db00000, 0x000000008db00000| Complete 
| 220|0x000000008dc00000, 0x000000008dd00000, 0x000000008dd00000|100%| E|CS|TAMS 0x000000008dc00000, 0x000000008dc00000| Complete 
| 221|0x000000008dd00000, 0x000000008de00000, 0x000000008de00000|100%| E|CS|TAMS 0x000000008dd00000, 0x000000008dd00000| Complete 
| 222|0x000000008de00000, 0x000000008df00000, 0x000000008df00000|100%| E|CS|TAMS 0x000000008de00000, 0x000000008de00000| Complete 
| 223|0x000000008df00000, 0x000000008e000000, 0x000000008e000000|100%| E|CS|TAMS 0x000000008df00000, 0x000000008df00000| Complete 
| 224|0x000000008e000000, 0x000000008e100000, 0x000000008e100000|100%| E|CS|TAMS 0x000000008e000000, 0x000000008e000000| Complete 
| 225|0x000000008e100000, 0x000000008e200000, 0x000000008e200000|100%| E|CS|TAMS 0x000000008e100000, 0x000000008e100000| Complete 
| 226|0x000000008e200000, 0x000000008e300000, 0x000000008e300000|100%| E|CS|TAMS 0x000000008e200000, 0x000000008e200000| Complete 
| 227|0x000000008e300000, 0x000000008e400000, 0x000000008e400000|100%| E|CS|TAMS 0x000000008e300000, 0x000000008e300000| Complete 
| 228|0x000000008e400000, 0x000000008e500000, 0x000000008e500000|100%| E|CS|TAMS 0x000000008e400000, 0x000000008e400000| Complete 
| 229|0x000000008e500000, 0x000000008e600000, 0x000000008e600000|100%| E|CS|TAMS 0x000000008e500000, 0x000000008e500000| Complete 
| 230|0x000000008e600000, 0x000000008e700000, 0x000000008e700000|100%| E|CS|TAMS 0x000000008e600000, 0x000000008e600000| Complete 
| 231|0x000000008e700000, 0x000000008e800000, 0x000000008e800000|100%| E|CS|TAMS 0x000000008e700000, 0x000000008e700000| Complete 
| 232|0x000000008e800000, 0x000000008e900000, 0x000000008e900000|100%| E|CS|TAMS 0x000000008e800000, 0x000000008e800000| Complete 
| 233|0x000000008e900000, 0x000000008ea00000, 0x000000008ea00000|100%| E|CS|TAMS 0x000000008e900000, 0x000000008e900000| Complete 
| 234|0x000000008ea00000, 0x000000008eb00000, 0x000000008eb00000|100%| E|CS|TAMS 0x000000008ea00000, 0x000000008ea00000| Complete 
| 235|0x000000008eb00000, 0x000000008ec00000, 0x000000008ec00000|100%| E|CS|TAMS 0x000000008eb00000, 0x000000008eb00000| Complete 
| 236|0x000000008ec00000, 0x000000008ed00000, 0x000000008ed00000|100%| E|CS|TAMS 0x000000008ec00000, 0x000000008ec00000| Complete 
| 237|0x000000008ed00000, 0x000000008ee00000, 0x000000008ee00000|100%| E|CS|TAMS 0x000000008ed00000, 0x000000008ed00000| Complete 
| 238|0x000000008ee00000, 0x000000008ef00000, 0x000000008ef00000|100%| E|CS|TAMS 0x000000008ee00000, 0x000000008ee00000| Complete 
| 239|0x000000008ef00000, 0x000000008f000000, 0x000000008f000000|100%| E|CS|TAMS 0x000000008ef00000, 0x000000008ef00000| Complete 
| 240|0x000000008f000000, 0x000000008f100000, 0x000000008f100000|100%| E|CS|TAMS 0x000000008f000000, 0x000000008f000000| Complete 
| 241|0x000000008f100000, 0x000000008f200000, 0x000000008f200000|100%| E|CS|TAMS 0x000000008f100000, 0x000000008f100000| Complete 
| 242|0x000000008f200000, 0x000000008f300000, 0x000000008f300000|100%| E|CS|TAMS 0x000000008f200000, 0x000000008f200000| Complete 
| 243|0x000000008f300000, 0x000000008f400000, 0x000000008f400000|100%| E|CS|TAMS 0x000000008f300000, 0x000000008f300000| Complete 
| 244|0x000000008f400000, 0x000000008f500000, 0x000000008f500000|100%| E|CS|TAMS 0x000000008f400000, 0x000000008f400000| Complete 
| 245|0x000000008f500000, 0x000000008f600000, 0x000000008f600000|100%| E|CS|TAMS 0x000000008f500000, 0x000000008f500000| Complete 
| 246|0x000000008f600000, 0x000000008f700000, 0x000000008f700000|100%| E|CS|TAMS 0x000000008f600000, 0x000000008f600000| Complete 
| 247|0x000000008f700000, 0x000000008f800000, 0x000000008f800000|100%| E|CS|TAMS 0x000000008f700000, 0x000000008f700000| Complete 
| 248|0x000000008f800000, 0x000000008f900000, 0x000000008f900000|100%| E|CS|TAMS 0x000000008f800000, 0x000000008f800000| Complete 
| 249|0x000000008f900000, 0x000000008fa00000, 0x000000008fa00000|100%| E|CS|TAMS 0x000000008f900000, 0x000000008f900000| Complete 
| 250|0x000000008fa00000, 0x000000008fb00000, 0x000000008fb00000|100%| E|CS|TAMS 0x000000008fa00000, 0x000000008fa00000| Complete 
| 251|0x000000008fb00000, 0x000000008fc00000, 0x000000008fc00000|100%| E|CS|TAMS 0x000000008fb00000, 0x000000008fb00000| Complete 
| 252|0x000000008fc00000, 0x000000008fd00000, 0x000000008fd00000|100%| E|CS|TAMS 0x000000008fc00000, 0x000000008fc00000| Complete 
| 253|0x000000008fd00000, 0x000000008fe00000, 0x000000008fe00000|100%| E|CS|TAMS 0x000000008fd00000, 0x000000008fd00000| Complete 
| 254|0x000000008fe00000, 0x000000008ff00000, 0x000000008ff00000|100%| E|CS|TAMS 0x000000008fe00000, 0x000000008fe00000| Complete 
| 255|0x000000008ff00000, 0x0000000090000000, 0x0000000090000000|100%| E|CS|TAMS 0x000000008ff00000, 0x000000008ff00000| Complete 
| 256|0x0000000090000000, 0x0000000090100000, 0x0000000090100000|100%| E|CS|TAMS 0x0000000090000000, 0x0000000090000000| Complete 
| 257|0x0000000090100000, 0x0000000090200000, 0x0000000090200000|100%| E|CS|TAMS 0x0000000090100000, 0x0000000090100000| Complete 
| 258|0x0000000090200000, 0x0000000090300000, 0x0000000090300000|100%| E|CS|TAMS 0x0000000090200000, 0x0000000090200000| Complete 
| 259|0x0000000090300000, 0x0000000090400000, 0x0000000090400000|100%| E|CS|TAMS 0x0000000090300000, 0x0000000090300000| Complete 
| 260|0x0000000090400000, 0x0000000090500000, 0x0000000090500000|100%| E|CS|TAMS 0x0000000090400000, 0x0000000090400000| Complete 
| 261|0x0000000090500000, 0x0000000090600000, 0x0000000090600000|100%| E|CS|TAMS 0x0000000090500000, 0x0000000090500000| Complete 
| 262|0x0000000090600000, 0x0000000090700000, 0x0000000090700000|100%| E|CS|TAMS 0x0000000090600000, 0x0000000090600000| Complete 
| 263|0x0000000090700000, 0x0000000090800000, 0x0000000090800000|100%| E|CS|TAMS 0x0000000090700000, 0x0000000090700000| Complete 
| 264|0x0000000090800000, 0x0000000090900000, 0x0000000090900000|100%| E|CS|TAMS 0x0000000090800000, 0x0000000090800000| Complete 
| 265|0x0000000090900000, 0x0000000090a00000, 0x0000000090a00000|100%| E|CS|TAMS 0x0000000090900000, 0x0000000090900000| Complete 
| 266|0x0000000090a00000, 0x0000000090b00000, 0x0000000090b00000|100%| E|CS|TAMS 0x0000000090a00000, 0x0000000090a00000| Complete 
| 267|0x0000000090b00000, 0x0000000090c00000, 0x0000000090c00000|100%| E|CS|TAMS 0x0000000090b00000, 0x0000000090b00000| Complete 
| 268|0x0000000090c00000, 0x0000000090d00000, 0x0000000090d00000|100%| E|CS|TAMS 0x0000000090c00000, 0x0000000090c00000| Complete 
| 269|0x0000000090d00000, 0x0000000090e00000, 0x0000000090e00000|100%| E|CS|TAMS 0x0000000090d00000, 0x0000000090d00000| Complete 
| 270|0x0000000090e00000, 0x0000000090f00000, 0x0000000090f00000|100%| E|CS|TAMS 0x0000000090e00000, 0x0000000090e00000| Complete 
| 271|0x0000000090f00000, 0x0000000091000000, 0x0000000091000000|100%| E|CS|TAMS 0x0000000090f00000, 0x0000000090f00000| Complete 
| 272|0x0000000091000000, 0x0000000091100000, 0x0000000091100000|100%| E|CS|TAMS 0x0000000091000000, 0x0000000091000000| Complete 
| 273|0x0000000091100000, 0x0000000091200000, 0x0000000091200000|100%| E|CS|TAMS 0x0000000091100000, 0x0000000091100000| Complete 

Card table byte_map: [0x0000020e64210000,0x0000020e64610000] _byte_map_base: 0x0000020e63e10000

Marking Bits (Prev, Next): (CMBitMap*) 0x0000020e4cc01490, (CMBitMap*) 0x0000020e4cc014d0
 Prev Bits: [0x0000020e64a10000, 0x0000020e66a10000)
 Next Bits: [0x0000020e66a10000, 0x0000020e68a10000)

Polling page: 0x0000020e4c340000

Metaspace:

Usage:
  Non-class:     42.56 MB used.
      Class:      5.64 MB used.
       Both:     48.20 MB used.

Virtual space:
  Non-class space:       64.00 MB reserved,      42.88 MB ( 67%) committed,  1 nodes.
      Class space:        1.00 GB reserved,       5.88 MB ( <1%) committed,  1 nodes.
             Both:        1.06 GB reserved,      48.75 MB (  4%) committed. 

Chunk freelists:
   Non-Class:  1.06 MB
       Class:  2.17 MB
        Both:  3.23 MB

MaxMetaspaceSize: unlimited
CompressedClassSpaceSize: 1.00 GB
Initial GC threshold: 21.00 MB
Current GC threshold: 59.31 MB
CDS: on
MetaspaceReclaimPolicy: balanced
 - commit_granule_bytes: 65536.
 - commit_granule_words: 8192.
 - virtual_space_node_default_size: 8388608.
 - enlarge_chunks_in_place: 1.
 - new_chunks_are_fully_committed: 0.
 - uncommit_free_chunks: 1.
 - use_allocation_guard: 0.


Internal statistics:

num_allocs_failed_limit: 6.
num_arena_births: 638.
num_arena_deaths: 0.
num_vsnodes_births: 2.
num_vsnodes_deaths: 0.
num_space_committed: 780.
num_space_uncommitted: 0.
num_chunks_returned_to_freelist: 6.
num_chunks_taken_from_freelist: 2247.
num_chunk_merges: 6.
num_chunk_splits: 1691.
num_chunks_enlarged: 1393.
num_inconsistent_stats: 0.

CodeHeap 'non-profiled nmethods': size=120000Kb used=2306Kb max_used=2306Kb free=117693Kb
 bounds [0x0000020e5c5b0000, 0x0000020e5c820000, 0x0000020e63ae0000]
CodeHeap 'profiled nmethods': size=120000Kb used=7835Kb max_used=7835Kb free=112164Kb
 bounds [0x0000020e54ae0000, 0x0000020e55290000, 0x0000020e5c010000]
CodeHeap 'non-nmethods': size=5760Kb used=1541Kb max_used=1580Kb free=4219Kb
 bounds [0x0000020e5c010000, 0x0000020e5c280000, 0x0000020e5c5b0000]
 total_blobs=5078 nmethods=4279 adapters=709
 compilation: enabled
              stopped_count=0, restarted_count=0
 full_count=0

Compilation events (20 events):
Event: 8.538 Thread 0x0000020e6b486e90 4275       3       scala.collection.Iterator$$anon$6::next (30 bytes)
Event: 8.539 Thread 0x0000020e6b486e90 nmethod 4275 0x0000020e55283710 code [0x0000020e552838e0, 0x0000020e55283bf8]
Event: 8.539 Thread 0x0000020e6b486e90 4276       3       scala.collection.convert.JavaCollectionWrappers$JMapWrapperLike$$anon$5::hasNext (10 bytes)
Event: 8.539 Thread 0x0000020e6b486e90 nmethod 4276 0x0000020e55283d10 code [0x0000020e55283ec0, 0x0000020e552840a8]
Event: 8.539 Thread 0x0000020e7089dcf0 nmethod 4266 0x0000020e5c7ec490 code [0x0000020e5c7ec620, 0x0000020e5c7ec738]
Event: 8.539 Thread 0x0000020e7089dcf0 4274       4       java.util.ArrayList::elementAt (4 bytes)
Event: 8.540 Thread 0x0000020e7089dcf0 nmethod 4274 0x0000020e5c7ec890 code [0x0000020e5c7eca20, 0x0000020e5c7ecab8]
Event: 8.540 Thread 0x0000020e7089dcf0 4272       4       scala.collection.LinearSeqOps::apply (56 bytes)
Event: 8.541 Thread 0x0000020e6b486e90 4278       3       java.nio.ByteBuffer::put (124 bytes)
Event: 8.541 Thread 0x0000020e7089dcf0 nmethod 4272 0x0000020e5c7ecb90 code [0x0000020e5c7ecd20, 0x0000020e5c7eceb8]
Event: 8.541 Thread 0x0000020e7089dcf0 4277       4       java.lang.String$CaseInsensitiveComparator::compare (68 bytes)
Event: 8.541 Thread 0x0000020e6b486e90 nmethod 4278 0x0000020e55284190 code [0x0000020e552843c0, 0x0000020e55284c48]
Event: 8.541 Thread 0x0000020e6b486e90 4279   !   3       java.nio.ByteBuffer::putBuffer (142 bytes)
Event: 8.542 Thread 0x0000020e6b486e90 nmethod 4279 0x0000020e55284f10 code [0x0000020e552851e0, 0x0000020e55286098]
Event: 8.542 Thread 0x0000020e6b486e90 4280       3       java.nio.MappedByteBuffer::rewind (5 bytes)
Event: 8.542 Thread 0x0000020e6b486e90 nmethod 4280 0x0000020e55286890 code [0x0000020e55286a40, 0x0000020e55286c78]
Event: 8.545 Thread 0x0000020e7089dcf0 nmethod 4277 0x0000020e5c7ed110 code [0x0000020e5c7ed2c0, 0x0000020e5c7ed838]
Event: 8.545 Thread 0x0000020e7089dcf0 4281       4       java.lang.ref.Reference::refersTo (6 bytes)
Event: 8.545 Thread 0x0000020e7089dcf0 nmethod 4281 0x0000020e5c7edc90 code [0x0000020e5c7ede20, 0x0000020e5c7edeb8]
Event: 8.546 Thread 0x0000020e6b485f40 nmethod 4255 0x0000020e5c7edf90 code [0x0000020e5c7ee200, 0x0000020e5c7ef650]

GC Heap History (20 events):
Event: 7.357 GC heap before
{Heap before GC invocations=10 (full 0):
 garbage-first heap   total 102400K, used 75924K [0x0000000080000000, 0x0000000100000000)
  region size 1024K, 55 young (56320K), 4 survivors (4096K)
 Metaspace       used 48420K, committed 48896K, reserved 1114112K
  class space    used 5680K, committed 5888K, reserved 1048576K
}
Event: 7.360 GC heap after
{Heap after GC invocations=11 (full 0):
 garbage-first heap   total 233472K, used 23770K [0x0000000080000000, 0x0000000100000000)
  region size 1024K, 4 young (4096K), 4 survivors (4096K)
 Metaspace       used 48420K, committed 48896K, reserved 1114112K
  class space    used 5680K, committed 5888K, reserved 1048576K
}
Event: 7.545 GC heap before
{Heap before GC invocations=11 (full 0):
 garbage-first heap   total 233472K, used 160986K [0x0000000080000000, 0x0000000100000000)
  region size 1024K, 136 young (139264K), 4 survivors (4096K)
 Metaspace       used 48449K, committed 48896K, reserved 1114112K
  class space    used 5680K, committed 5888K, reserved 1048576K
}
Event: 7.547 GC heap after
{Heap after GC invocations=12 (full 0):
 garbage-first heap   total 233472K, used 25903K [0x0000000080000000, 0x0000000100000000)
  region size 1024K, 4 young (4096K), 4 survivors (4096K)
 Metaspace       used 48449K, committed 48896K, reserved 1114112K
  class space    used 5680K, committed 5888K, reserved 1048576K
}
Event: 7.658 GC heap before
{Heap before GC invocations=12 (full 0):
 garbage-first heap   total 233472K, used 161071K [0x0000000080000000, 0x0000000100000000)
  region size 1024K, 136 young (139264K), 4 survivors (4096K)
 Metaspace       used 48449K, committed 48896K, reserved 1114112K
  class space    used 5680K, committed 5888K, reserved 1048576K
}
Event: 7.660 GC heap after
{Heap after GC invocations=13 (full 0):
 garbage-first heap   total 233472K, used 26084K [0x0000000080000000, 0x0000000100000000)
  region size 1024K, 4 young (4096K), 4 survivors (4096K)
 Metaspace       used 48449K, committed 48896K, reserved 1114112K
  class space    used 5680K, committed 5888K, reserved 1048576K
}
Event: 7.748 GC heap before
{Heap before GC invocations=13 (full 0):
 garbage-first heap   total 233472K, used 161252K [0x0000000080000000, 0x0000000100000000)
  region size 1024K, 136 young (139264K), 4 survivors (4096K)
 Metaspace       used 48449K, committed 48896K, reserved 1114112K
  class space    used 5680K, committed 5888K, reserved 1048576K
}
Event: 7.750 GC heap after
{Heap after GC invocations=14 (full 0):
 garbage-first heap   total 233472K, used 26213K [0x0000000080000000, 0x0000000100000000)
  region size 1024K, 4 young (4096K), 4 survivors (4096K)
 Metaspace       used 48449K, committed 48896K, reserved 1114112K
  class space    used 5680K, committed 5888K, reserved 1048576K
}
Event: 7.865 GC heap before
{Heap before GC invocations=14 (full 0):
 garbage-first heap   total 233472K, used 161381K [0x0000000080000000, 0x0000000100000000)
  region size 1024K, 136 young (139264K), 4 survivors (4096K)
 Metaspace       used 48449K, committed 48896K, reserved 1114112K
  class space    used 5680K, committed 5888K, reserved 1048576K
}
Event: 7.867 GC heap after
{Heap after GC invocations=15 (full 0):
 garbage-first heap   total 233472K, used 26262K [0x0000000080000000, 0x0000000100000000)
  region size 1024K, 4 young (4096K), 4 survivors (4096K)
 Metaspace       used 48449K, committed 48896K, reserved 1114112K
  class space    used 5680K, committed 5888K, reserved 1048576K
}
Event: 7.958 GC heap before
{Heap before GC invocations=15 (full 0):
 garbage-first heap   total 233472K, used 161430K [0x0000000080000000, 0x0000000100000000)
  region size 1024K, 136 young (139264K), 4 survivors (4096K)
 Metaspace       used 48449K, committed 48896K, reserved 1114112K
  class space    used 5680K, committed 5888K, reserved 1048576K
}
Event: 7.960 GC heap after
{Heap after GC invocations=16 (full 0):
 garbage-first heap   total 233472K, used 26160K [0x0000000080000000, 0x0000000100000000)
  region size 1024K, 4 young (4096K), 4 survivors (4096K)
 Metaspace       used 48449K, committed 48896K, reserved 1114112K
  class space    used 5680K, committed 5888K, reserved 1048576K
}
Event: 8.066 GC heap before
{Heap before GC invocations=16 (full 0):
 garbage-first heap   total 233472K, used 161328K [0x0000000080000000, 0x0000000100000000)
  region size 1024K, 136 young (139264K), 4 survivors (4096K)
 Metaspace       used 48449K, committed 48896K, reserved 1114112K
  class space    used 5680K, committed 5888K, reserved 1048576K
}
Event: 8.068 GC heap after
{Heap after GC invocations=17 (full 0):
 garbage-first heap   total 233472K, used 26070K [0x0000000080000000, 0x0000000100000000)
  region size 1024K, 4 young (4096K), 4 survivors (4096K)
 Metaspace       used 48449K, committed 48896K, reserved 1114112K
  class space    used 5680K, committed 5888K, reserved 1048576K
}
Event: 8.163 GC heap before
{Heap before GC invocations=17 (full 0):
 garbage-first heap   total 233472K, used 161238K [0x0000000080000000, 0x0000000100000000)
  region size 1024K, 136 young (139264K), 4 survivors (4096K)
 Metaspace       used 48449K, committed 48896K, reserved 1114112K
  class space    used 5680K, committed 5888K, reserved 1048576K
}
Event: 8.165 GC heap after
{Heap after GC invocations=18 (full 0):
 garbage-first heap   total 233472K, used 26151K [0x0000000080000000, 0x0000000100000000)
  region size 1024K, 4 young (4096K), 4 survivors (4096K)
 Metaspace       used 48449K, committed 48896K, reserved 1114112K
  class space    used 5680K, committed 5888K, reserved 1048576K
}
Event: 8.254 GC heap before
{Heap before GC invocations=18 (full 0):
 garbage-first heap   total 233472K, used 161319K [0x0000000080000000, 0x0000000100000000)
  region size 1024K, 136 young (139264K), 4 survivors (4096K)
 Metaspace       used 48449K, committed 48896K, reserved 1114112K
  class space    used 5680K, committed 5888K, reserved 1048576K
}
Event: 8.257 GC heap after
{Heap after GC invocations=19 (full 0):
 garbage-first heap   total 280576K, used 26355K [0x0000000080000000, 0x0000000100000000)
  region size 1024K, 5 young (5120K), 5 survivors (5120K)
 Metaspace       used 48449K, committed 48896K, reserved 1114112K
  class space    used 5680K, committed 5888K, reserved 1048576K
}
Event: 8.380 GC heap before
{Heap before GC invocations=19 (full 0):
 garbage-first heap   total 280576K, used 189171K [0x0000000080000000, 0x0000000100000000)
  region size 1024K, 164 young (167936K), 5 survivors (5120K)
 Metaspace       used 48449K, committed 48896K, reserved 1114112K
  class space    used 5680K, committed 5888K, reserved 1048576K
}
Event: 8.382 GC heap after
{Heap after GC invocations=20 (full 0):
 garbage-first heap   total 280576K, used 26162K [0x0000000080000000, 0x0000000100000000)
  region size 1024K, 4 young (4096K), 4 survivors (4096K)
 Metaspace       used 48449K, committed 48896K, reserved 1114112K
  class space    used 5680K, committed 5888K, reserved 1048576K
}

Dll operation events (10 events):
Event: 0.007 Loaded shared library C:\Program Files\Java\jdk-19\bin\java.dll
Event: 0.016 Loaded shared library C:\Program Files\Java\jdk-19\bin\jsvml.dll
Event: 0.212 Loaded shared library C:\Program Files\Java\jdk-19\bin\net.dll
Event: 0.214 Loaded shared library C:\Program Files\Java\jdk-19\bin\nio.dll
Event: 0.219 Loaded shared library C:\Program Files\Java\jdk-19\bin\zip.dll
Event: 0.602 Loaded shared library C:\Program Files\Java\jdk-19\bin\jimage.dll
Event: 0.684 Loaded shared library C:\Users\DELL\AppData\Local\Temp\csjniutils-0.3.39580153393547777210.dll
Event: 2.384 Loaded shared library C:\Program Files\Java\jdk-19\bin\management.dll
Event: 2.388 Loaded shared library C:\Program Files\Java\jdk-19\bin\management_ext.dll
Event: 2.513 Loaded shared library C:\Program Files\Java\jdk-19\bin\extnet.dll

Deoptimization events (20 events):
Event: 7.413 Thread 0x0000020e6fab5b60 DEOPT PACKING pc=0x0000020e551f9b94 sp=0x000000bb775fe630
Event: 7.413 Thread 0x0000020e6fab5b60 DEOPT UNPACKING pc=0x0000020e5c07b0e3 sp=0x000000bb775fdb70 mode 0
Event: 7.422 Thread 0x0000020e718c36c0 DEOPT PACKING pc=0x0000020e551f9b94 sp=0x000000bb753fe3a0
Event: 7.422 Thread 0x0000020e718c36c0 DEOPT UNPACKING pc=0x0000020e5c07b0e3 sp=0x000000bb753fd8e0 mode 0
Event: 7.430 Thread 0x0000020e6fab5b60 DEOPT PACKING pc=0x0000020e551f9b94 sp=0x000000bb775fe630
Event: 7.430 Thread 0x0000020e6fab5b60 DEOPT UNPACKING pc=0x0000020e5c07b0e3 sp=0x000000bb775fdb70 mode 0
Event: 7.437 Thread 0x0000020e6fab5b60 DEOPT PACKING pc=0x0000020e551f9b94 sp=0x000000bb775fe630
Event: 7.437 Thread 0x0000020e6fab5b60 DEOPT UNPACKING pc=0x0000020e5c07b0e3 sp=0x000000bb775fdb70 mode 0
Event: 7.444 Thread 0x0000020e718c36c0 DEOPT PACKING pc=0x0000020e551f9b94 sp=0x000000bb753fe3a0
Event: 7.444 Thread 0x0000020e718c36c0 DEOPT UNPACKING pc=0x0000020e5c07b0e3 sp=0x000000bb753fd8e0 mode 0
Event: 7.452 Thread 0x0000020e718c36c0 DEOPT PACKING pc=0x0000020e551f9b94 sp=0x000000bb753fe3a0
Event: 7.452 Thread 0x0000020e718c36c0 DEOPT UNPACKING pc=0x0000020e5c07b0e3 sp=0x000000bb753fd8e0 mode 0
Event: 7.460 Thread 0x0000020e718c36c0 DEOPT PACKING pc=0x0000020e551f9b94 sp=0x000000bb753fe3a0
Event: 7.460 Thread 0x0000020e718c36c0 DEOPT UNPACKING pc=0x0000020e5c07b0e3 sp=0x000000bb753fd8e0 mode 0
Event: 7.468 Thread 0x0000020e718c36c0 DEOPT PACKING pc=0x0000020e551f9b94 sp=0x000000bb753fe3a0
Event: 7.469 Thread 0x0000020e718c36c0 DEOPT UNPACKING pc=0x0000020e5c07b0e3 sp=0x000000bb753fd8e0 mode 0
Event: 8.495 Thread 0x0000020e718c36c0 Uncommon trap: trap_request=0xffffff45 fr.pc=0x0000020e5c7d6ff0 relative=0x00000000000001d0
Event: 8.495 Thread 0x0000020e718c36c0 Uncommon trap: reason=unstable_if action=reinterpret pc=0x0000020e5c7d6ff0 method=net.jpountz.xxhash.StreamingXXHash64JavaUnsafe.update([BII)V @ 25 c2
Event: 8.495 Thread 0x0000020e718c36c0 DEOPT PACKING pc=0x0000020e5c7d6ff0 sp=0x000000bb753fe410
Event: 8.495 Thread 0x0000020e718c36c0 DEOPT UNPACKING pc=0x0000020e5c07a5a3 sp=0x000000bb753fe378 mode 2

Classes loaded (20 events):
Event: 7.018 Loading class java/nio/file/Files$3
Event: 7.018 Loading class java/nio/file/Files$3 done
Event: 7.018 Loading class jdk/internal/jrtfs/JrtPath$1
Event: 7.018 Loading class jdk/internal/jrtfs/JrtPath$1 done
Event: 7.019 Loading class java/nio/file/FileVisitResult
Event: 7.019 Loading class java/nio/file/FileVisitResult done
Event: 8.462 Loading class java/lang/foreign/MemorySegment
Event: 8.462 Loading class java/lang/foreign/Addressable
Event: 8.462 Loading class java/lang/foreign/Addressable done
Event: 8.463 Loading class java/lang/foreign/MemorySegment done
Event: 8.465 Loading class java/util/zip/GZIPInputStream
Event: 8.465 Loading class java/util/zip/GZIPInputStream done
Event: 8.477 Loading class java/nio/BufferOverflowException
Event: 8.477 Loading class java/nio/BufferOverflowException done
Event: 8.482 Loading class java/util/zip/Deflater
Event: 8.482 Loading class java/util/zip/Deflater done
Event: 8.483 Loading class java/util/zip/Deflater$DeflaterZStreamRef
Event: 8.483 Loading class java/util/zip/Deflater$DeflaterZStreamRef done
Event: 8.530 Loading class java/lang/Throwable$WrappedPrintStream
Event: 8.530 Loading class java/lang/Throwable$WrappedPrintStream done

Classes unloaded (0 events):
No events

Classes redefined (0 events):
No events

Internal exceptions (20 events):
Event: 7.112 Thread 0x0000020e718c6be0 Exception <a 'sun/nio/fs/WindowsException'{0x0000000085848950}> (0x0000000085848950) 
thrown [s\open\src\hotspot\share\prims\jni.cpp, line 517]
Event: 7.112 Thread 0x0000020e718c6be0 Exception <a 'sun/nio/fs/WindowsException'{0x0000000085849be8}> (0x0000000085849be8) 
thrown [s\open\src\hotspot\share\prims\jni.cpp, line 517]
Event: 7.112 Thread 0x0000020e718c6be0 Exception <a 'sun/nio/fs/WindowsException'{0x0000000085886f18}> (0x0000000085886f18) 
thrown [s\open\src\hotspot\share\prims\jni.cpp, line 517]
Event: 7.112 Thread 0x0000020e718c6be0 Exception <a 'sun/nio/fs/WindowsException'{0x0000000085887638}> (0x0000000085887638) 
thrown [s\open\src\hotspot\share\prims\jni.cpp, line 517]
Event: 7.112 Thread 0x0000020e718c6be0 Exception <a 'sun/nio/fs/WindowsException'{0x0000000085887938}> (0x0000000085887938) 
thrown [s\open\src\hotspot\share\prims\jni.cpp, line 517]
Event: 7.116 Thread 0x0000020e718c6be0 Exception <a 'sun/nio/fs/WindowsException'{0x000000008574a9d0}> (0x000000008574a9d0) 
thrown [s\open\src\hotspot\share\prims\jni.cpp, line 517]
Event: 7.116 Thread 0x0000020e718c6be0 Exception <a 'sun/nio/fs/WindowsException'{0x000000008574ac98}> (0x000000008574ac98) 
thrown [s\open\src\hotspot\share\prims\jni.cpp, line 517]
Event: 7.116 Thread 0x0000020e718c6be0 Exception <a 'sun/nio/fs/WindowsException'{0x000000008574b338}> (0x000000008574b338) 
thrown [s\open\src\hotspot\share\prims\jni.cpp, line 517]
Event: 7.116 Thread 0x0000020e718c6be0 Exception <a 'sun/nio/fs/WindowsException'{0x000000008574b548}> (0x000000008574b548) 
thrown [s\open\src\hotspot\share\prims\jni.cpp, line 517]
Event: 7.116 Thread 0x0000020e718c6be0 Exception <a 'sun/nio/fs/WindowsException'{0x000000008574bbf0}> (0x000000008574bbf0) 
thrown [s\open\src\hotspot\share\prims\jni.cpp, line 517]
Event: 7.116 Thread 0x0000020e718c6be0 Exception <a 'sun/nio/fs/WindowsException'{0x000000008574be00}> (0x000000008574be00) 
thrown [s\open\src\hotspot\share\prims\jni.cpp, line 517]
Event: 7.136 Thread 0x0000020e6fab70a0 Exception <a 'sun/nio/fs/WindowsException'{0x0000000085162bd8}> (0x0000000085162bd8) 
thrown [s\open\src\hotspot\share\prims\jni.cpp, line 517]
Event: 7.285 Thread 0x0000020e718c6be0 Exception <a 'sun/nio/fs/WindowsException'{0x00000000858a0d50}> (0x00000000858a0d50) 
thrown [s\open\src\hotspot\share\prims\jni.cpp, line 517]
Event: 8.447 Thread 0x0000020e6fab5b60 Exception <a 'java/lang/NoSuchMethodError'{0x000000008e2f6478}: 'void java.lang.invoke.DirectMethodHandle$Holder.invokeStatic(java.lang.Object, java.lang.Object, java.lang.Object, java.lang.Object, int, java.lang.Object, java.lang.Object, java.lang.Object)'> (0x000000008e2f6478) 
thrown [s\open\src\hotspot\share\interpreter\linkResolver.cpp, line 774]
Event: 8.447 Thread 0x0000020e718c36c0 Exception <a 'java/lang/NoSuchMethodError'{0x000000008e120d68}: 'java.lang.Object java.lang.invoke.DirectMethodHandle$Holder.newInvokeSpecial(java.lang.Object, java.lang.Object, java.lang.Object, java.lang.Object, int, java.lang.Object, java.lang.Object)'> (0x000000008e120d68) 
thrown [s\open\src\hotspot\share\interpreter\linkResolver.cpp, line 774]
Event: 8.447 Thread 0x0000020e718c36c0 Exception <a 'java/lang/NoSuchMethodError'{0x000000008e129da0}: 'java.lang.Object java.lang.invoke.Invokers$Holder.linkToTargetMethod(java.lang.Object, java.lang.Object, java.lang.Object, int, java.lang.Object, java.lang.Object, java.lang.Object)'> (0x000000008e129da0) 
thrown [s\open\src\hotspot\share\interpreter\linkResolver.cpp, line 774]
Event: 8.447 Thread 0x0000020e6fab5b60 Exception <a 'java/lang/NoSuchMethodError'{0x000000008e2fdc78}: 'java.lang.Object java.lang.invoke.Invokers$Holder.linkToTargetMethod(java.lang.Object, java.lang.Object, java.lang.Object, int, java.lang.Object, java.lang.Object, java.lang.Object)'> (0x000000008e2fdc78) 
thrown [s\open\src\hotspot\share\interpreter\linkResolver.cpp, line 774]
Event: 8.528 Thread 0x0000020e6fab5b60 Exception <a 'java/lang/OutOfMemoryError'{0x000000008d6ada68}> (0x000000008d6ada68) 
thrown [s\open\src\hotspot\share\prims\jni.cpp, line 536]
Event: 8.529 Thread 0x0000020e6fab5b60 Exception <a 'java/lang/NoSuchMethodError'{0x000000008d6b6f68}: 'java.lang.Object java.lang.invoke.DirectMethodHandle$Holder.newInvokeSpecial(java.lang.Object, java.lang.Object, int, int)'> (0x000000008d6b6f68) 
thrown [s\open\src\hotspot\share\interpreter\linkResolver.cpp, line 774]
Event: 8.540 Thread 0x0000020e718c36c0 Exception <a 'java/lang/OutOfMemoryError'{0x000000008d0a0528}> (0x000000008d0a0528) 
thrown [s\open\src\hotspot\share\prims\jni.cpp, line 536]

VM Operations (20 events):
Event: 7.356 Executing VM operation: G1CollectForAllocation
Event: 7.360 Executing VM operation: G1CollectForAllocation done
Event: 7.545 Executing VM operation: G1CollectForAllocation
Event: 7.547 Executing VM operation: G1CollectForAllocation done
Event: 7.658 Executing VM operation: G1CollectForAllocation
Event: 7.660 Executing VM operation: G1CollectForAllocation done
Event: 7.748 Executing VM operation: G1CollectForAllocation
Event: 7.750 Executing VM operation: G1CollectForAllocation done
Event: 7.865 Executing VM operation: G1CollectForAllocation
Event: 7.867 Executing VM operation: G1CollectForAllocation done
Event: 7.958 Executing VM operation: G1CollectForAllocation
Event: 7.960 Executing VM operation: G1CollectForAllocation done
Event: 8.066 Executing VM operation: G1CollectForAllocation
Event: 8.068 Executing VM operation: G1CollectForAllocation done
Event: 8.163 Executing VM operation: G1CollectForAllocation
Event: 8.165 Executing VM operation: G1CollectForAllocation done
Event: 8.254 Executing VM operation: G1CollectForAllocation
Event: 8.257 Executing VM operation: G1CollectForAllocation done
Event: 8.380 Executing VM operation: G1CollectForAllocation
Event: 8.382 Executing VM operation: G1CollectForAllocation done

Events (20 events):
Event: 6.822 Thread 0x0000020e6fab7b40 Thread added: 0x0000020e6fab7b40
Event: 6.827 Thread 0x0000020e6fab1650 Thread added: 0x0000020e6fab1650
Event: 6.830 Thread 0x0000020e6fab50c0 Thread added: 0x0000020e6fab50c0
Event: 6.831 Thread 0x0000020e6fab50c0 Thread exited: 0x0000020e6fab50c0
Event: 6.858 Thread 0x0000020e6fab1ba0 Thread added: 0x0000020e6fab1ba0
Event: 6.956 Thread 0x0000020e6fab4b70 Thread added: 0x0000020e6fab4b70
Event: 6.989 Thread 0x0000020e7089d1d0 Thread added: 0x0000020e7089d1d0
Event: 7.038 Thread 0x0000020e6fab2b90 Thread added: 0x0000020e6fab2b90
Event: 7.040 Thread 0x0000020e6fab5b60 Thread added: 0x0000020e6fab5b60
Event: 7.040 Thread 0x0000020e6fab70a0 Thread added: 0x0000020e6fab70a0
Event: 7.360 Thread 0x0000020e6fab6600 Thread added: 0x0000020e6fab6600
Event: 7.362 Thread 0x0000020e6fab60b0 Thread added: 0x0000020e6fab60b0
Event: 8.073 Thread 0x0000020e7089d1d0 Thread exited: 0x0000020e7089d1d0
Event: 8.073 Thread 0x0000020e7089c120 Thread exited: 0x0000020e7089c120
Event: 8.451 Thread 0x0000020e7089dcf0 Thread added: 0x0000020e7089dcf0
Event: 8.457 Thread 0x0000020e7089c120 Thread added: 0x0000020e7089c120
Event: 8.528 Thread 0x0000020e73e96bc0 Thread added: 0x0000020e73e96bc0
Event: 8.532 Thread 0x0000020e6fab5b60 Thread exited: 0x0000020e6fab5b60
Event: 8.540 Thread 0x0000020e734a4490 Thread added: 0x0000020e734a4490
Event: 8.542 Thread 0x0000020e718c36c0 Thread exited: 0x0000020e718c36c0


Dynamic libraries:
0x00007ff734c00000 - 0x00007ff734c10000 	C:\Program Files\Java\jdk-19\bin\java.exe
0x00007ffd1b850000 - 0x00007ffd1ba48000 	C:\Windows\SYSTEM32\ntdll.dll
0x00007ffd1af70000 - 0x00007ffd1b032000 	C:\Windows\System32\KERNEL32.DLL
0x00007ffd19470000 - 0x00007ffd19766000 	C:\Windows\System32\KERNELBASE.dll
0x00007ffd192f0000 - 0x00007ffd193f0000 	C:\Windows\System32\ucrtbase.dll
0x00007ffd0b690000 - 0x00007ffd0b6a8000 	C:\Program Files\Java\jdk-19\bin\jli.dll
0x00007ffd0b670000 - 0x00007ffd0b68b000 	C:\Program Files\Java\jdk-19\bin\VCRUNTIME140.dll
0x00007ffd1b600000 - 0x00007ffd1b6b1000 	C:\Windows\System32\ADVAPI32.dll
0x00007ffd1acb0000 - 0x00007ffd1ad4e000 	C:\Windows\System32\msvcrt.dll
0x00007ffd19850000 - 0x00007ffd198ef000 	C:\Windows\System32\sechost.dll
0x00007ffd1b6c0000 - 0x00007ffd1b7e0000 	C:\Windows\System32\RPCRT4.dll
0x00007ffd18fa0000 - 0x00007ffd18fc7000 	C:\Windows\System32\bcrypt.dll
0x00007ffd19b10000 - 0x00007ffd19cad000 	C:\Windows\System32\USER32.dll
0x00007ffd19820000 - 0x00007ffd19842000 	C:\Windows\System32\win32u.dll
0x00007ffcfd620000 - 0x00007ffcfd8bb000 	C:\Windows\WinSxS\amd64_microsoft.windows.common-controls_6595b64144ccf1df_6.0.19041.6280_none_60bc30a171f2f3f3\COMCTL32.dll
0x00007ffd198f0000 - 0x00007ffd1991b000 	C:\Windows\System32\GDI32.dll
0x00007ffd191d0000 - 0x00007ffd192e9000 	C:\Windows\System32\gdi32full.dll
0x00007ffd19130000 - 0x00007ffd191cd000 	C:\Windows\System32\msvcp_win.dll
0x00007ffd11550000 - 0x00007ffd1155a000 	C:\Windows\SYSTEM32\VERSION.dll
0x00007ffd1a7b0000 - 0x00007ffd1a7df000 	C:\Windows\System32\IMM32.DLL
0x00007ffd10860000 - 0x00007ffd1086c000 	C:\Program Files\Java\jdk-19\bin\vcruntime140_1.dll
0x00007ffce8bf0000 - 0x00007ffce8c7e000 	C:\Program Files\Java\jdk-19\bin\msvcp140.dll
0x00007ffc822a0000 - 0x00007ffc82f60000 	C:\Program Files\Java\jdk-19\bin\server\jvm.dll
0x00007ffd0b6b0000 - 0x00007ffd0b6d7000 	C:\Windows\SYSTEM32\WINMM.dll
0x00007ffcff030000 - 0x00007ffcff039000 	C:\Windows\SYSTEM32\WSOCK32.dll
0x00007ffd19fc0000 - 0x00007ffd1a02b000 	C:\Windows\System32\WS2_32.dll
0x00007ffd176a0000 - 0x00007ffd176b2000 	C:\Windows\SYSTEM32\kernel.appcore.dll
0x00007ffd106d0000 - 0x00007ffd106da000 	C:\Program Files\Java\jdk-19\bin\jimage.dll
0x00007ffd16410000 - 0x00007ffd16611000 	C:\Windows\SYSTEM32\DBGHELP.DLL
0x00007ffcfcfd0000 - 0x00007ffcfd004000 	C:\Windows\SYSTEM32\dbgcore.DLL
0x00007ffd18f10000 - 0x00007ffd18f92000 	C:\Windows\System32\bcryptPrimitives.dll
0x00007ffcf5ee0000 - 0x00007ffcf5f06000 	C:\Program Files\Java\jdk-19\bin\java.dll
0x00007ffcdfff0000 - 0x00007ffce00c7000 	C:\Program Files\Java\jdk-19\bin\jsvml.dll
0x00007ffd1a030000 - 0x00007ffd1a7a0000 	C:\Windows\System32\SHELL32.dll
0x00007ffd16ee0000 - 0x00007ffd17685000 	C:\Windows\SYSTEM32\windows.storage.dll
0x00007ffd1b040000 - 0x00007ffd1b393000 	C:\Windows\System32\combase.dll
0x00007ffd18740000 - 0x00007ffd1876b000 	C:\Windows\SYSTEM32\Wldp.dll
0x00007ffd1aea0000 - 0x00007ffd1af6d000 	C:\Windows\System32\OLEAUT32.dll
0x00007ffd19cb0000 - 0x00007ffd19d5d000 	C:\Windows\System32\SHCORE.dll
0x00007ffd19a50000 - 0x00007ffd19aab000 	C:\Windows\System32\shlwapi.dll
0x00007ffd18df0000 - 0x00007ffd18e14000 	C:\Windows\SYSTEM32\profapi.dll
0x00007ffd05500000 - 0x00007ffd05513000 	C:\Program Files\Java\jdk-19\bin\net.dll
0x00007ffd147e0000 - 0x00007ffd148ea000 	C:\Windows\SYSTEM32\WINHTTP.dll
0x00007ffd18520000 - 0x00007ffd1858a000 	C:\Windows\system32\mswsock.dll
0x00007ffd04d70000 - 0x00007ffd04d86000 	C:\Program Files\Java\jdk-19\bin\nio.dll
0x00007ffcf5d60000 - 0x00007ffcf5d78000 	C:\Program Files\Java\jdk-19\bin\zip.dll
0x00007ffd18780000 - 0x00007ffd18798000 	C:\Windows\SYSTEM32\CRYPTSP.dll
0x00007ffd17e60000 - 0x00007ffd17e98000 	C:\Windows\system32\rsaenh.dll
0x00007ffd18d70000 - 0x00007ffd18d9e000 	C:\Windows\SYSTEM32\USERENV.dll
0x00007ffd186b0000 - 0x00007ffd186bc000 	C:\Windows\SYSTEM32\CRYPTBASE.dll
0x00007ffd18220000 - 0x00007ffd1825b000 	C:\Windows\SYSTEM32\IPHLPAPI.DLL
0x00007ffd19d60000 - 0x00007ffd19d68000 	C:\Windows\System32\NSI.dll
0x00007ffd10f10000 - 0x00007ffd10f27000 	C:\Windows\SYSTEM32\dhcpcsvc6.DLL
0x00007ffd106b0000 - 0x00007ffd106cd000 	C:\Windows\SYSTEM32\dhcpcsvc.DLL
0x00007ffd18260000 - 0x00007ffd1832a000 	C:\Windows\SYSTEM32\DNSAPI.dll
0x00007ffd10c70000 - 0x00007ffd10c96000 	C:\Users\DELL\AppData\Local\Temp\csjniutils-0.3.39580153393547777210.dll
0x00007ffd19920000 - 0x00007ffd19a4b000 	C:\Windows\System32\ole32.dll
0x00007ffd052a0000 - 0x00007ffd052aa000 	C:\Program Files\Java\jdk-19\bin\management.dll
0x00007ffd05170000 - 0x00007ffd0517b000 	C:\Program Files\Java\jdk-19\bin\management_ext.dll
0x00007ffd1ae90000 - 0x00007ffd1ae98000 	C:\Windows\System32\PSAPI.DLL
0x00007ffd11540000 - 0x00007ffd1154a000 	C:\Windows\System32\rasadhlp.dll
0x00007ffd0e490000 - 0x00007ffd0e510000 	C:\Windows\System32\fwpuclnt.dll
0x00007ffd04a80000 - 0x00007ffd04a88000 	C:\Program Files\Java\jdk-19\bin\extnet.dll

dbghelp: loaded successfully - version: 4.0.5 - missing functions: none
symbol engine: initialized successfully - sym options: 0x614 - pdb path: .;C:\Program Files\Java\jdk-19\bin;C:\Windows\SYSTEM32;C:\Windows\WinSxS\amd64_microsoft.windows.common-controls_6595b64144ccf1df_6.0.19041.6280_none_60bc30a171f2f3f3;C:\Program Files\Java\jdk-19\bin\server;C:\Users\DELL\AppData\Local\Temp

VM Arguments:
jvm_args: -Xss4m -Xms100m -Dmetals.client=vscode -Xmx2G -XX:ZUncommitDelay=30 -XX:ZCollectionInterval=5 -XX:+IgnoreUnrecognizedVMOptions 
java_command: scala.meta.metals.Main
java_class_path (initial): C:\Users\DELL\AppData\Local\Coursier\cache\v1\https\repo1.maven.org\maven2\org\scalameta\metals_2.13\1.6.7\metals_2.13-1.6.7.jar;C:\Users\DELL\AppData\Local\Coursier\cache\v1\https\repo1.maven.org\maven2\org\scala-lang\scala-library\2.13.18\scala-library-2.13.18.jar;C:\Users\DELL\AppData\Local\Coursier\cache\v1\https\repo1.maven.org\maven2\org\scalameta\mtags_2.13.18\1.6.7\mtags_2.13.18-1.6.7.jar;C:\Users\DELL\AppData\Local\Coursier\cache\v1\https\repo1.maven.org\maven2\org\scalameta\mtags-java_2.13\1.6.7\mtags-java_2.13-1.6.7.jar;C:\Users\DELL\AppData\Local\Coursier\cache\v1\https\repo1.maven.org\maven2\org\eclipse\jdt\org.eclipse.jdt.core\3.25.0\org.eclipse.jdt.core-3.25.0.jar;C:\Users\DELL\AppData\Local\Coursier\cache\v1\https\repo1.maven.org\maven2\org\eclipse\platform\org.eclipse.ant.core\3.5.500\org.eclipse.ant.core-3.5.500.jar;C:\Users\DELL\AppData\Local\Coursier\cache\v1\https\repo1.maven.org\maven2\org\eclipse\platform\org.eclipse.compare.core\3.6.600\org.eclipse.compare.core-3.6.600.jar;C:\Users\DELL\AppData\Local\Coursier\cache\v1\https\repo1.maven.org\maven2\org\eclipse\platform\org.eclipse.core.commands\3.9.500\org.eclipse.core.commands-3.9.500.jar;C:\Users\DELL\AppData\Local\Coursier\cache\v1\https\repo1.maven.org\maven2\org\eclipse\platform\org.eclipse.core.contenttype\3.7.500\org.eclipse.core.contenttype-3.7.500.jar;C:\Users\DELL\AppData\Local\Coursier\cache\v1\https\repo1.maven.org\maven2\org\eclipse\platform\org.eclipse.core.expressions\3.6.500\org.eclipse.core.expressions-3.6.500.jar;C:\Users\DELL\AppData\Local\Coursier\cache\v1\https\repo1.maven.org\maven2\org\eclipse\platform\org.eclipse.core.filesystem\1.7.500\org.eclipse.core.filesystem-1.7.500.jar;C:\Users\DELL\AppData\Local\Coursier\cache\v1\https\repo1.maven.org\maven2\org\eclipse\platform\org.eclipse.core.jobs\3.10.500\org.eclipse.core.jobs-3.10.500.jar;C:\Users\DELL\AppData\Local\Coursier\cache\v1\https\repo1.maven.org\maven2\org\eclipse\platform\org.eclipse.core.resources\3.13.500\org.eclipse.core.resources-3.13.500.jar;C:\Users\DELL\AppData\Local\Coursier\cache\v1\https\repo1.maven.org\maven2\org\eclipse\platform\org.eclipse.core.runtime\3.16.0\org.eclipse.core.runtime-3.16.0.jar;C:\Users\DELL\AppData\Local\Coursier\cache\v1\https\repo1.maven.org\maven2\org\eclipse\platform\org.eclipse.core.variables\3.4.600\org.eclipse.core.variables-3.4.600.jar;C:\Users\DELL\AppData\Local\Coursier\cache\v1\https\repo1.maven.org\maven2\org\eclipse\platform\org.eclipse.equinox.app\1.4.300\org.eclipse.equinox.app-1.4.300.jar;C:\Users\DELL\AppData\Local\Coursier\cache\v1\https\repo1.maven.org\maven2\org\eclipse\platform\org.eclipse.equinox.common\3.10.600\org.eclipse.equinox.common-3.10.600.jar;C:\Users\DELL\AppData\Local\Coursier\cache\v1\https\repo1.maven.org\maven2\org\eclipse\platform\org.eclipse.equinox.preferences\3.7.600\org.eclipse.equinox.preferences-3.7.600.jar;C:\Users\DELL\AppData\Local\Coursier\cache\v1\https\repo1.maven.org\maven2\org\eclipse\platform\org.eclipse.equinox.registry\3.8.600\org.eclipse.equinox.registry-3.8.600.jar;C:\Users\DELL\AppData\Local\Coursier\cache\v1\https\repo1.maven.org\maven2\org\eclipse\platform\org.eclipse.osgi\3.15.0\org.eclipse.osgi-3.15.0.jar;C:\Users\DELL\AppData\Local\Coursier\cache\v1\https\repo1.maven.org\maven2\org\eclipse\platform\org.eclipse.team.core\3.8.700\org.eclipse.team.core-3.8.700.jar;C:\Users\DELL\AppData\Local\Coursier\cache\v1\https\repo1.maven.org\maven2\org\eclipse\platform\org.eclipse.text\3.9.0\org.eclipse.text-3.9.0.jar;C:\Users\DELL\AppData\Local\Coursier\cache\v1\https\repo1.maven.org\maven2\com\google\guava\guava\33.5.0-jre\guava-33.5.0-jre.jar;C:\Users\DELL\AppData\Local\Coursier\cache\v1\https\repo1.maven.org\maven2\com\google\code\findbugs\jsr305\3.0.2\jsr305-3.0.2.jar;C:\Users\DELL\AppData\Local\Coursier\cache\v1\https\repo1.maven.org\maven2\org\scalameta\metaconfig-core_2.13\0.18.2\metaconfig-core_2.13-0.18.2.jar;C:\Users\DELL\AppData\Local\Coursier\cache\v1\https\repo1.maven.org\maven2\org\openjdk\jol\jol-core\0.17\jol-core-0.17.jar;C:\Users\DELL\AppData\Local\Coursier\cache\v1\https\repo1.maven.org\maven2\com\swoval\file-tree-views\2.1.12\file-tree-views-2.1.12.jar;C:\Users\DELL\AppData\Local\Coursier\cache\v1\https\repo1.maven.org\maven2\io\undertow\undertow-core\2.3.12.Final\undertow-core-2.3.12.Final.jar;C:\Users\DELL\AppData\Local\Coursier\cache\v1\https\repo1.maven.org\maven2\org\jboss\xnio\xnio-nio\3.8.17.Final\xnio-nio-3.8.17.Final.jar;C:\Users\DELL\AppData\Local\Coursier\cache\v1\https\repo1.maven.org\maven2\org\flywaydb\flyway-core\12.0.3\flyway-core-12.0.3.jar;C:\Users\DELL\AppData\Local\Coursier\cache\v1\https\repo1.maven.org\maven2\com\h2database\h2\2.4.240\h2-2.4.240.jar;C:\Users\DELL\AppData\Local\Coursier\cache\v1\https\repo1.maven.org\maven2\org\scala-sbt\ipcsocket\ipcsocket\1.6.3\ipcsocket-1.6.3.jar;C:\Users\DELL\AppData\Local\Coursier\cache\v1\https\repo1.maven.org\maven2\ch\epfl\scala\bsp4j\2.2.0-M2\bsp4j-2.2.0-M2.jar;C:\Users\DELL\AppData\Local\Coursier\cache\v1\https\repo1.maven.org\maven2\ch\epfl\scala\bloop-rifle_2.13\2.0.19\bloop-rifle_2.13-2.0.19.jar;C:\Users\DELL\AppData\Local\Coursier\cache\v1\https\repo1.maven.org\maven2\org\eclipse\lsp4j\org.eclipse.lsp4j\1.0.0\org.eclipse.lsp4j-1.0.0.jar;C:\Users\DELL\AppData\Local\Coursier\cache\v1\https\repo1.maven.org\maven2\org\eclipse\lsp4j\org.eclipse.lsp4j.debug\1.0.0\org.eclipse.lsp4j.debug-1.0.0.jar;C:\Users\DELL\AppData\Local\Coursier\cache\v1\https\repo1.maven.org\maven2\ch\epfl\scala\scala-debug-adapter_2.13\4.2.8\scala-debug-adapter_2.13-4.2.8.jar;C:\Users\DELL\AppData\Local\Coursier\cache\v1\https\repo1.maven.org\maven2\io\get-coursier\util\directories\0.1.4\directories-0.1.4.jar;C:\Users\DELL\AppData\Local\Coursier\cache\v1\https\repo1.maven.org\maven2\io\get-coursier\util\directories-jni\0.1.4\directories-jni-0.1.4.jar;C:\Users\DELL\AppData\Local\Coursier\cache\v1\https\repo1.maven.org\maven2\org\scalameta\mdoc-interfaces\2.8.2\mdoc-interfaces-2.8.2.jar;C:\Users\DELL\AppData\Local\Coursier\cache\v1\https\repo1.maven.org\maven2\org\scalameta\scalafmt-dynamic_2.13\3.10.7\scalafmt-dynamic_2.13-3.10.7.jar;C:\Users\DELL\AppData\Local\Coursier\cache\v1\https\repo1.maven.org\maven2\ch\epfl\scala\scalafix-interfaces\0.14.6\scalafix-interfaces-0.14.6.jar;C:\Users\DELL\AppData\Local\Coursier\cache\v1\https\repo1.maven.org\maven2\io\get-coursier\interface\1.0.29-M2\interface-1.0.29-M2.jar;C:\Users\DELL\AppData\Local\Coursier\cache\v1\https\repo1.maven.org\maven2\io\get-coursier\coursier_2.13\2.1.25-M23\coursier_2.13-2.1.25-M23.jar;C:\Users\DELL\AppData\Local\Coursier\cache\v1\https\repo1.maven.org\maven2\io\get-coursier\coursier-sbt-maven-repository_2.13\2.1.25-M23\coursier-sbt-maven-repository_2.13-2.1.25-M23.jar;C:\Users\DELL\AppData\Local\Coursier\cache\v1\https\repo1.maven.org\maven2\com\outr\scribe_2.13\3.18.0\scribe_2.13-3.18.0.jar;C:\Users\DELL\AppData\Local\Coursier\cache\v1\https\repo1.maven.org\maven2\com\outr\scribe-file_2.13\3.18.0\scribe-file_2.13-3.18.0.jar;C:\Users\DELL\AppData\Local\Coursier\cache\v1\https\repo1.maven.org\maven2\com\outr\scribe-slf4j2_2.13\3.18.0\scribe-slf4j2_2.13-3.18.0.jar;C:\Users\DELL\AppData\Local\Coursier\cache\v1\https\repo1.maven.org\maven2\com\lihaoyi\ujson_2.13\4.4.3\ujson_2.13-4.4.3.jar;C:\Users\DELL\AppData\Local\Coursier\cache\v1\https\repo1.maven.org\maven2\com\lihaoyi\requests_2.13\0.9.3\requests_2.13-0.9.3.jar;C:\Users\DELL\AppData\Local\Coursier\cache\v1\https\repo1.maven.org\maven2\org\scalameta\scalameta_2.13\4.15.2\scalameta_2.13-4.15.2.jar;C:\Users\DELL\AppData\Local\Coursier\cache\v1\https\repo1.maven.org\maven2\org\scalameta\semanticdb-metap_2.13.18\4.15.2\semanticdb-metap_2.13.18-4.15.2.jar;C:\Users\DELL\AppData\Local\Coursier\cache\v1\https\repo1.maven.org\maven2\org\scalameta\semanticdb-shared_2.13\4.15.2\semanticdb-shared_2.13-4.15.2.jar;C:\Users\DELL\AppData\Local\Coursier\cache\v1\https\repo1.maven.org\maven2\org\scala-lang\modules\scala-xml_2.13\2.4.0\scala-xml_2.13-2.4.0.jar;C:\Users\DELL\AppData\Local\Coursier\cache\v1\https\repo1.maven.org\maven2\org\virtuslab\scala-cli\scala-cli-bsp\1.12.4\scala-cli-bsp-1.12.4.jar;C:\Users\DELL\AppData\Local\Coursier\cache\v1\https\repo1.maven.org\maven2\ch\epfl\scala\bloop-config_2.13\2.3.3\bloop-config_2.13-2.3.3.jar;C:\Users\DELL\AppData\Local\Coursier\cache\v1\https\repo1.maven.org\maven2\io\modelcontextprotocol\sdk\mcp\1.0.0\mcp-1.0.0.jar;C:\Users\DELL\AppData\Local\Coursier\cache\v1\https\repo1.maven.org\maven2\io\modelcontextprotocol\sdk\mcp-json-jackson2\1.0.0\mcp-json-jackson2-1.0.0.jar;C:\Users\DELL\AppData\Local\Coursier\cache\v1\https\repo1.maven.org\maven2\com\fasterxml\jackson\core\jackson-databind\2.21.1\jackson-databind-2.21.1.jar;C:\Users\DELL\AppData\Local\Coursier\cache\v1\https\repo1.maven.org\maven2\io\undertow\undertow-servlet\2.3.12.Final\undertow-servlet-2.3.12.Final.jar;C:\Users\DELL\AppData\Local\Coursier\cache\v1\https\repo1.maven.org\maven2\org\playframework\twirl\twirl-compiler_2.13\2.0.9\twirl-compiler_2.13-2.0.9.jar;C:\Users\DELL\AppData\Local\Coursier\cache\v1\https\repo1.maven.org\maven2\org\scalameta\mtags-shared_2.13.18\1.6.7\mtags-shared_2.13.18-1.6.7.jar;C:\Users\DELL\AppData\Local\Coursier\cache\v1\https\repo1.maven.org\maven2\com\lihaoyi\geny_2.13\1.1.1\geny_2.13-1.1.1.jar;C:\Users\DELL\AppData\Local\Coursier\cache\v1\https\repo1.maven.org\maven2\com\thoughtworks\qdox\qdox\2.2.0\qdox-2.2.0.jar;C:\Users\DELL\AppData\Local\Coursier\cache\v1\https\repo1.maven.org\maven2\org\scala-lang\modules\scala-java8-compat_2.13\1.0.2\scala-java8-compat_2.13-1.0.2.jar;C:\Users\DELL\AppData\Local\Coursier\cache\v1\https\repo1.maven.org\maven2\org\jsoup\jsoup\1.22.1\jsoup-1.22.1.jar;C:\Users\DELL\AppData\Local\Coursier\cache\v1\https\repo1.maven.org\maven2\com\googlecode\java-diff-utils\diffutils\1.3.0\diffutils-1.3.0.jar;C:\Users\DELL\AppData\Local\Coursier\cache\v1\https\repo1.maven.org\maven2\org\scalameta\semanticdb-scalac-core_2.13.18\4.15.2\semanticdb-scalac-core_2.13.18-4.15.2.jar;C:\Users\DELL\AppData\Local\Coursier\cache\v1\https\repo1.maven.org\maven2\org\scalameta\mtags-interfaces\1.6.7\mtags-interfaces-1.6.7.jar;C:\Users\DELL\AppData\Local\Coursier\cache\v1\https\repo1.maven.org\maven2\com\google\guava\failureaccess\1.0.3\failureaccess-1.0.3.jar;C:\Users\DELL\AppData\Local\Coursier\cache\v1\https\repo1.maven.org\maven2\com\google\guava\listenablefuture\9999.0-empty-to-avoid-conflict-with-guava\listenablefuture-9999.0-empty-to-avoid-conflict-with-guava.jar;C:\Users\DELL\AppData\Local\Coursier\cache\v1\https\repo1.maven.org\maven2\org\jspecify\jspecify\1.0.0\jspecify-1.0.0.jar;C:\Users\DELL\AppData\Local\Coursier\cache\v1\https\repo1.maven.org\maven2\com\google\errorprone\error_prone_annotations\2.41.0\error_prone_annotations-2.41.0.jar;C:\Users\DELL\AppData\Local\Coursier\cache\v1\https\repo1.maven.org\maven2\com\google\j2objc\j2objc-annotations\3.1\j2objc-annotations-3.1.jar;C:\Users\DELL\AppData\Local\Coursier\cache\v1\https\repo1.maven.org\maven2\org\scalameta\metaconfig-pprint_2.13\0.18.2\metaconfig-pprint_2.13-0.18.2.jar;C:\Users\DELL\AppData\Local\Coursier\cache\v1\https\repo1.maven.org\maven2\org\typelevel\paiges-core_2.13\0.4.4\paiges-core_2.13-0.4.4.jar;C:\Users\DELL\AppData\Local\Coursier\cache\v1\https\repo1.maven.org\maven2\org\scala-lang\modules\scala-collection-compat_2.13\2.14.0\scala-collection-compat_2.13-2.14.0.jar;C:\Users\DELL\AppData\Local\Coursier\cache\v1\https\repo1.maven.org\maven2\org\scala-lang\scala-reflect\2.13.18\scala-reflect-2.13.18.jar;C:\Users\DELL\AppData\Local\Coursier\cache\v1\https\repo1.maven.org\maven2\org\jboss\logging\jboss-logging\3.4.3.Final\jboss-logging-3.4.3.Final.jar;C:\Users\DELL\AppData\Local\Coursier\cache\v1\https\repo1.maven.org\maven2\org\jboss\xnio\xnio-api\3.8.17.Final\xnio-api-3.8.17.Final.jar;C:\Users\DELL\AppData\Local\Coursier\cache\v1\https\repo1.maven.org\maven2\org\jboss\threads\jboss-threads\3.5.0.Final\jboss-threads-3.5.0.Final.jar;C:\Users\DELL\AppData\Local\Coursier\cache\v1\https\repo1.maven.org\maven2\tools\jackson\core\jackson-databind\3.0.4\jackson-databind-3.0.4.jar;C:\Users\DELL\AppData\Local\Coursier\cache\v1\https\repo1.maven.org\maven2\net\java\dev\jna\jna\5.12.0\jna-5.12.0.jar;C:\Users\DELL\AppData\Local\Coursier\cache\v1\https\repo1.maven.org\maven2\net\java\dev\jna\jna-platform\5.12.0\jna-platform-5.12.0.jar;C:\Users\DELL\AppData\Local\Coursier\cache\v1\https\repo1.maven.org\maven2\org\eclipse\lsp4j\org.eclipse.lsp4j.generator\0.20.1\org.eclipse.lsp4j.generator-0.20.1.jar;C:\Users\DELL\AppData\Local\Coursier\cache\v1\https\repo1.maven.org\maven2\org\eclipse\lsp4j\org.eclipse.lsp4j.jsonrpc\1.0.0\org.eclipse.lsp4j.jsonrpc-1.0.0.jar;C:\Users\DELL\AppData\Local\Coursier\cache\v1\https\repo1.maven.org\maven2\ch\epfl\scala\libdaemon_2.13\0.0.12\libdaemon_2.13-0.0.12.jar;C:\Users\DELL\AppData\Local\Coursier\cache\v1\https\repo1.maven.org\maven2\io\github\alexarchambault\scala-cli\snailgun\snailgun-core_2.13\0.4.1-sc2\snailgun-core_2.13-0.4.1-sc2.jar;C:\Users\DELL\AppData\Local\Coursier\cache\v1\https\repo1.maven.org\maven2\org\eclipse\lsp4j\org.eclipse.lsp4j.jsonrpc.debug\1.0.0\org.eclipse.lsp4j.jsonrpc.debug-1.0.0.jar;C:\Users\DELL\AppData\Local\Coursier\cache\v1\https\repo1.maven.org\maven2\ch\epfl\scala\com-microsoft-java-debug-core\0.34.0%2B39\com-microsoft-java-debug-core-0.34.0%2B39.jar;C:\Users\DELL\AppData\Local\Coursier\cache\v1\https\repo1.maven.org\maven2\org\ow2\asm\asm\9.8\asm-9.8.jar;C:\Users\DELL\AppData\Local\Coursier\cache\v1\https\repo1.maven.org\maven2\org\ow2\asm\asm-util\9.8\asm-util-9.8.jar;C:\Users\DELL\AppData\Local\Coursier\cache\v1\https\repo1.maven.org\maven2\org\scala-sbt\test-agent\1.11.2\test-agent-1.11.2.jar;C:\Users\DELL\AppData\Local\Coursier\cache\v1\https\repo1.maven.org\maven2\org\scalameta\parsers_2.13\4.15.2\parsers_2.13-4.15.2.jar;C:\Users\DELL\AppData\Local\Coursier\cache\v1\https\repo1.maven.org\maven2\org\scala-lang\modules\scala-parallel-collections_2.13\1.2.0\scala-parallel-collections_2.13-1.2.0.jar;C:\Users\DELL\AppData\Local\Coursier\cache\v1\https\repo1.maven.org\maven2\io\get-coursier\jniutils\windows-jni-utils\0.3.3\windows-jni-utils-0.3.3.jar;C:\Users\DELL\AppData\Local\Coursier\cache\v1\https\repo1.maven.org\maven2\org\scalameta\scalafmt-interfaces\3.10.7\scalafmt-interfaces-3.10.7.jar;C:\Users\DELL\AppData\Local\Coursier\cache\v1\https\repo1.maven.org\maven2\org\scalameta\scalafmt-sysops_2.13\3.10.7\scalafmt-sysops_2.13-3.10.7.jar;C:\Users\DELL\AppData\Local\Coursier\cache\v1\https\repo1.maven.org\maven2\com\typesafe\config\1.4.5\config-1.4.5.jar;C:\Users\DELL\AppData\Local\Coursier\cache\v1\https\repo1.maven.org\maven2\org\slf4j\slf4j-api\2.0.17\slf4j-api-2.0.17.jar;C:\Users\DELL\AppData\Local\Coursier\cache\v1\https\repo1.maven.org\maven2\io\get-coursier\dependency_2.13\0.3.2\dependency_2.13-0.3.2.jar;C:\Users\DELL\AppData\Local\Coursier\cache\v1\https\repo1.maven.org\maven2\com\github\plokhotnyuk\jsoniter-scala\jsoniter-scala-core_2.13\2.13.5.2\jsoniter-scala-core_2.13-2.13.5.2.jar;C:\Users\DELL\AppData\Local\Coursier\cache\v1\https\repo1.maven.org\maven2\io\get-coursier\coursier-core_2.13\2.1.25-M23\coursier-core_2.13-2.1.25-M23.jar;C:\Users\DELL\AppData\Local\Coursier\cache\v1\https\repo1.maven.org\maven2\io\get-coursier\coursier-cache_2.13\2.1.25-M23\coursier-cache_2.13-2.1.25-M23.jar;C:\Users\DELL\AppData\Local\Coursier\cache\v1\https\repo1.maven.org\maven2\io\get-coursier\coursier-proxy-setup\2.1.25-M23\coursier-proxy-setup-2.1.25-M23.jar;C:\Users\DELL\AppData\Local\Coursier\cache\v1\https\repo1.maven.org\maven2\com\outr\perfolation_2.13\1.3.0\perfolation_2.13-1.3.0.jar;C:\Users\DELL\AppData\Local\Coursier\cache\v1\https\repo1.maven.org\maven2\com\lihaoyi\sourcecode_2.13\0.4.4\sourcecode_2.13-0.4.4.jar;C:\Users\DELL\AppData\Local\Coursier\cache\v1\https\repo1.maven.org\maven2\com\outr\moduload_2.13\1.1.7\moduload_2.13-1.1.7.jar;C:\Users\DELL\AppData\Local\Coursier\cache\v1\https\repo1.maven.org\maven2\com\lihaoyi\upickle-core_2.13\4.4.3\upickle-core_2.13-4.4.3.jar;C:\Users\DELL\AppData\Local\Coursier\cache\v1\https\repo1.maven.org\maven2\org\scala-lang\scalap\2.13.15\scalap-2.13.15.jar;C:\Users\DELL\AppData\Local\Coursier\cache\v1\https\repo1.maven.org\maven2\com\thesamet\scalapb\scalapb-runtime_2.13\0.11.17\scalapb-runtime_2.13-0.11.17.jar;C:\Users\DELL\AppData\Local\Coursier\cache\v1\https\repo1.maven.org\maven2\com\lihaoyi\unroll-annotation_2.13\0.1.12\unroll-annotation_2.13-0.1.12.jar;C:\Users\DELL\AppData\Local\Coursier\cache\v1\https\repo1.maven.org\maven2\io\modelcontextprotocol\sdk\mcp-json-jackson3\1.0.0\mcp-json-jackson3-1.0.0.jar;C:\Users\DELL\AppData\Local\Coursier\cache\v1\https\repo1.maven.org\maven2\io\modelcontextprotocol\sdk\mcp-core\1.0.0\mcp-core-1.0.0.jar;C:\Users\DELL\AppData\Local\Coursier\cache\v1\https\repo1.maven.org\maven2\com\networknt\json-schema-validator\3.0.0\json-schema-validator-3.0.0.jar;C:\Users\DELL\AppData\Local\Coursier\cache\v1\https\repo1.maven.org\maven2\com\fasterxml\jackson\core\jackson-annotations\2.21\jackson-annotations-2.21.jar;C:\Users\DELL\AppData\Local\Coursier\cache\v1\https\repo1.maven.org\maven2\com\fasterxml\jackson\core\jackson-core\2.21.1\jackson-core-2.21.1.jar;C:\Users\DELL\AppData\Local\Coursier\cache\v1\https\repo1.maven.org\maven2\jakarta\servlet\jakarta.servlet-api\6.0.0\jakarta.servlet-api-6.0.0.jar;C:\Users\DELL\AppData\Local\Coursier\cache\v1\https\repo1.maven.org\maven2\jakarta\annotation\jakarta.annotation-api\2.1.1\jakarta.annotation-api-2.1.1.jar;C:\Users\DELL\AppData\Local\Coursier\cache\v1\https\repo1.maven.org\maven2\org\playframework\twirl\twirl-parser_2.13\2.0.9\twirl-parser_2.13-2.0.9.jar;C:\Users\DELL\AppData\Local\Coursier\cache\v1\https\repo1.maven.org\maven2\org\scala-lang\modules\scala-parser-combinators_2.13\1.1.2\scala-parser-combinators_2.13-1.1.2.jar;C:\Users\DELL\AppData\Local\Coursier\cache\v1\https\repo1.maven.org\maven2\com\google\protobuf\protobuf-java\4.34.0\protobuf-java-4.34.0.jar;C:\Users\DELL\AppData\Local\Coursier\cache\v1\https\repo1.maven.org\maven2\at\yawk\lz4\lz4-java\1.8.1\lz4-java-1.8.1.jar;C:\Users\DELL\AppData\Local\Coursier\cache\v1\https\repo1.maven.org\maven2\org\scala-lang\scala-compiler\2.13.18\scala-compiler-2.13.18.jar;C:\Users\DELL\AppData\Local\Coursier\cache\v1\https\repo1.maven.org\maven2\org\scalameta\io_2.13\4.15.2\io_2.13-4.15.2.jar;C:\Users\DELL\AppData\Local\Coursier\cache\v1\https\repo1.maven.org\maven2\com\lihaoyi\fansi_2.13\0.5.1\fansi_2.13-0.5.1.jar;C:\Users\DELL\AppData\Local\Coursier\cache\v1\https\repo1.maven.org\maven2\org\wildfly\common\wildfly-common\1.5.4.Final\wildfly-common-1.5.4.Final.jar;C:\Users\DELL\AppData\Local\Coursier\cache\v1\https\repo1.maven.org\maven2\org\wildfly\client\wildfly-client-config\1.0.1.Final\wildfly-client-config-1.0.1.Final.jar;C:\Users\DELL\AppData\Local\Coursier\cache\v1\https\repo1.maven.org\maven2\tools\jackson\core\jackson-core\3.0.4\jackson-core-3.0.4.jar;C:\Users\DELL\AppData\Local\Coursier\cache\v1\https\repo1.maven.org\maven2\org\eclipse\xtend\org.eclipse.xtend.lib\2.28.0\org.eclipse.xtend.lib-2.28.0.jar;C:\Users\DELL\AppData\Local\Coursier\cache\v1\https\repo1.maven.org\maven2\com\google\code\gson\gson\2.13.1\gson-2.13.1.jar;C:\Users\DELL\AppData\Local\Coursier\cache\v1\https\repo1.maven.org\maven2\org\apache\commons\commons-lang3\3.17.0\commons-lang3-3.17.0.jar;C:\Users\DELL\AppData\Local\Coursier\cache\v1\https\repo1.maven.org\maven2\io\reactivex\rxjava2\rxjava\2.2.21\rxjava-2.2.21.jar;C:\Users\DELL\AppData\Local\Coursier\cache\v1\https\repo1.maven.org\maven2\org\reactivestreams\reactive-streams\1.0.4\reactive-streams-1.0.4.jar;C:\Users\DELL\AppData\Local\Coursier\cache\v1\https\repo1.maven.org\maven2\commons-io\commons-io\2.19.0\commons-io-2.19.0.jar;C:\Users\DELL\AppData\Local\Coursier\cache\v1\https\repo1.maven.org\maven2\org\ow2\asm\asm-tree\9.8\asm-tree-9.8.jar;C:\Users\DELL\AppData\Local\Coursier\cache\v1\https\repo1.maven.org\maven2\org\ow2\asm\asm-analysis\9.8\asm-analysis-9.8.jar;C:\Users\DELL\AppData\Local\Coursier\cache\v1\https\repo1.maven.org\maven2\org\scala-sbt\test-interface\1.0\test-interface-1.0.jar;C:\Users\DELL\AppData\Local\Coursier\cache\v1\https\repo1.maven.org\maven2\org\scalameta\trees_2.13\4.15.2\trees_2.13-4.15.2.jar;C:\Users\DELL\AppData\Local\Coursier\cache\v1\https\repo1.maven.org\maven2\io\get-coursier\versions_2.13\0.5.1\versions_2.13-0.5.1.jar;C:\Users\DELL\AppData\Local\Coursier\cache\v1\https\repo1.maven.org\maven2\io\github\alexarchambault\concurrent-reference-hash-map\1.1.0\concurrent-reference-hash-map-1.1.0.jar;C:\Users\DELL\AppData\Local\Coursier\cache\v1\https\repo1.maven.org\maven2\io\get-coursier\coursier-util_2.13\2.1.25-M23\coursier-util_2.13-2.1.25-M23.jar;C:\Users\DELL\AppData\Local\Coursier\cache\v1\https\repo1.maven.org\maven2\org\virtuslab\scala-cli\config_3\1.9.1\config_3-1.9.1.jar;C:\Users\DELL\AppData\Local\Coursier\cache\v1\https\repo1.maven.org\maven2\io\github\alexarchambault\windows-ansi\windows-ansi\0.0.6\windows-ansi-0.0.6.jar;C:\Users\DELL\AppData\Local\Coursier\cache\v1\https\repo1.maven.org\maven2\io\get-coursier\cache-util\2.1.25-M23\cache-util-2.1.25-M23.jar;C:\Users\DELL\AppData\Local\Coursier\cache\v1\https\repo1.maven.org\maven2\io\get-coursier\coursier-paths\2.1.25-M23\coursier-paths-2.1.25-M23.jar;C:\Users\DELL\AppData\Local\Coursier\cache\v1\https\repo1.maven.org\maven2\io\github\cquiroz\scala-java-time_2.13\2.6.0\scala-java-time_2.13-2.6.0.jar;C:\Users\DELL\AppData\Local\Coursier\cache\v1\https\repo1.maven.org\maven2\io\github\cquiroz\scala-java-time-tzdb_2.13\2.6.0\scala-java-time-tzdb_2.13-2.6.0.jar;C:\Users\DELL\AppData\Local\Coursier\cache\v1\https\repo1.maven.org\maven2\com\thesamet\scalapb\lenses_2.13\0.11.17\lenses_2.13-0.11.17.jar;C:\Users\DELL\AppData\Local\Coursier\cache\v1\https\repo1.maven.org\maven2\io\projectreactor\reactor-core\3.7.0\reactor-core-3.7.0.jar;C:\Users\DELL\AppData\Local\Coursier\cache\v1\https\repo1.maven.org\maven2\com\ethlo\time\itu\1.14.0\itu-1.14.0.jar;C:\Users\DELL\AppData\Local\Coursier\cache\v1\https\repo1.maven.org\maven2\tools\jackson\dataformat\jackson-dataformat-yaml\3.0.3\jackson-dataformat-yaml-3.0.3.jar;C:\Users\DELL\AppData\Local\Coursier\cache\v1\https\repo1.maven.org\maven2\io\github\java-diff-utils\java-diff-utils\4.16\java-diff-utils-4.16.jar;C:\Users\DELL\AppData\Local\Coursier\cache\v1\https\repo1.maven.org\maven2\org\jline\jline\3.29.0\jline-3.29.0-jdk8.jar;C:\Users\DELL\AppData\Local\Coursier\cache\v1\https\repo1.maven.org\maven2\org\eclipse\xtext\org.eclipse.xtext.xbase.lib\2.28.0\org.eclipse.xtext.xbase.lib-2.28.0.jar;C:\Users\DELL\AppData\Local\Coursier\cache\v1\https\repo1.maven.org\maven2\org\eclipse\xtend\org.eclipse.xtend.lib.macro\2.28.0\org.eclipse.xtend.lib.macro-2.28.0.jar;C:\Users\DELL\AppData\Local\Coursier\cache\v1\https\repo1.maven.org\maven2\org\scalameta\common_2.13\4.15.2\common_2.13-4.15.2.jar;C:\Users\DELL\AppData\Local\Coursier\cache\v1\https\repo1.maven.org\maven2\org\scala-lang\scala3-library_3\3.3.6\scala3-library_3-3.3.6.jar;C:\Users\DELL\AppData\Local\Coursier\cache\v1\https\repo1.maven.org\maven2\org\virtuslab\scala-cli\specification-level_3\1.9.1\specification-level_3-1.9.1.jar;C:\Users\DELL\AppData\Local\Coursier\cache\v1\https\repo1.maven.org\maven2\org\fusesource\jansi\jansi\2.4.1\jansi-2.4.1.jar;C:\Users\DELL\AppData\Local\Coursier\cache\v1\https\repo1.maven.org\maven2\io\github\alexarchambault\is-terminal\0.1.2\is-terminal-0.1.2.jar;C:\Users\DELL\AppData\Local\Coursier\cache\v1\https\repo1.maven.org\maven2\org\portable-scala\portable-scala-reflect_2.13\1.1.3\portable-scala-reflect_2.13-1.1.3.jar;C:\Users\DELL\AppData\Local\Coursier\cache\v1\https\repo1.maven.org\maven2\org\snakeyaml\snakeyaml-engine\2.10\snakeyaml-engine-2.10.jar
Launcher Type: SUN_STANDARD

[Global flags]
     intx CICompilerCount                          = 4                                         {product} {ergonomic}
     uint ConcGCThreads                            = 2                                         {product} {ergonomic}
     uint G1ConcRefinementThreads                  = 8                                         {product} {ergonomic}
   size_t G1HeapRegionSize                         = 1048576                                   {product} {ergonomic}
    uintx GCDrainStackTargetSize                   = 64                                        {product} {ergonomic}
     bool IgnoreUnrecognizedVMOptions              = true                                      {product} {command line}
   size_t InitialHeapSize                          = 104857600                                 {product} {command line}
   size_t MarkStackSize                            = 4194304                                   {product} {ergonomic}
   size_t MaxHeapSize                              = 2147483648                                {product} {command line}
   size_t MaxNewSize                               = 1287651328                                {product} {ergonomic}
   size_t MinHeapDeltaBytes                        = 1048576                                   {product} {ergonomic}
   size_t MinHeapSize                              = 104857600                                 {product} {command line}
    uintx NonNMethodCodeHeapSize                   = 5839372                                {pd product} {ergonomic}
    uintx NonProfiledCodeHeapSize                  = 122909434                              {pd product} {ergonomic}
    uintx ProfiledCodeHeapSize                     = 122909434                              {pd product} {ergonomic}
    uintx ReservedCodeCacheSize                    = 251658240                              {pd product} {ergonomic}
     bool SegmentedCodeCache                       = true                                      {product} {ergonomic}
   size_t SoftMaxHeapSize                          = 2147483648                             {manageable} {ergonomic}
     intx ThreadStackSize                          = 4096                                   {pd product} {command line}
     bool UseCompressedClassPointers               = true                           {product lp64_product} {ergonomic}
     bool UseCompressedOops                        = true                           {product lp64_product} {ergonomic}
     bool UseG1GC                                  = true                                      {product} {ergonomic}
     bool UseLargePagesIndividualAllocation        = false                                  {pd product} {ergonomic}
   double ZCollectionInterval                      = 5.000000                                  {product} {command line}
    uintx ZUncommitDelay                           = 30                                        {product} {command line}

Logging:
Log output configuration:
 #0: stdout all=warning uptime,level,tags foldmultilines=false
 #1: stderr all=off uptime,level,tags foldmultilines=false

Environment Variables:
JAVA_HOME=C:\Program Files\Java\jdk-19
PATH=C:\Users\DELL\AppData\Local\Programs\Microsoft VS Code;C:\Program Files\Common Files\Oracle\Java\javapath;C:\Program Files (x86)\Ghdl\Bin;C:\Users\DELL\AppData\Local\nvm;C:\nvm4w\nodejs;C:\Program Files\Docker\Docker\resources\bin;C:\Program Files\Git\cmd;C:\Program Files (x86)\sbt\bin;C:\Program Files (x86)\Ghdl\Bin;C:\Users\DELL\AppData\Local\nvm;C:\nvm4w\nodejs;C:\Program Files\Docker\Docker\resources\bin;C:\Program Files\Git\cmd;C:\Program Files\MySQL\MySQL Shell 8.0\bin\;C:\Users\DELL\AppData\Local\Programs\Python\Python313\Scripts\;C:\Users\DELL\AppData\Local\Programs\Python\Python313\;C:\Users\DELL\AppData\Local\Programs\Python\Launcher\;C:\Program Files\Eclipse Adoptium\jdk-19\bin;C:\Program Files\Java\jdk-19\bin;y;C:\oraclexe\app\oracle\product\11.2.0\server\bin;C:\Program Files\BellSoft\LibericaJDK-8\bin\;C:\Program Files\Common Files\Oracle\Java\javapath;C:\Program Files (x86)\Common Files\Oracle\Java\javapath;C:\Windows\system32;C:\Windows;C:\Windows\System32\Wbem;C:\Windows\System32\WindowsPowerShell\v1.0\;C:\Windows\System32\OpenSSH\;C:\Program Files\dotnet\;C:\Program Files\swipl\bin;C:\wamp64\bin\php\php.8.2.0;C:\composer;C:\Program Files\MongoDB\Server\5.0\bin;C:\Program Files\Git\cmd;C:\Users\DELL\scoop\shims;C:\Users\DELL\AppData\Local\Microsoft\WindowsApps;C:\Users\DELL\;C:\Users\DELL\opam-bin;C:\Users\DELL\AppData\Local\Programs\Microsoft VS Code\bin;C:\Program Files (x86)\sbt\bin;
USERNAME=DELL
OS=Windows_NT
PROCESSOR_IDENTIFIER=Intel64 Family 6 Model 140 Stepping 1, GenuineIntel
TMP=C:\Users\DELL\AppData\Local\Temp
TEMP=C:\Users\DELL\AppData\Local\Temp



---------------  S Y S T E M  ---------------

OS:
 Windows 10 , 64 bit Build 19041 (10.0.19041.5915)
OS uptime: 19 days 9:04 hours
Hyper-V role detected

CPU: total 8 (initial active 8) (4 cores per cpu, 2 threads per core) family 6 model 140 stepping 1 microcode 0xbe, cx8, cmov, fxsr, ht, mmx, 3dnowpref, sse, sse2, sse3, ssse3, sse4.1, sse4.2, popcnt, lzcnt, tsc, tscinvbit, avx, avx2, aes, erms, clmul, bmi1, bmi2, adx, avx512f, avx512dq, avx512cd, avx512bw, avx512vl, sha, fma, vzeroupper, avx512_vpopcntdq, avx512_vpclmulqdq, avx512_vaes, avx512_vnni, clflush, clflushopt, clwb, avx512_vbmi2, avx512_vbmi, hv, rdtscp, rdpid, fsrm, gfni, avx512_bitalg

Memory: 4k page, system-wide physical 16122M (3304M free)
TotalPageFile size 46648M (AvailPageFile size 4M)
current process WorkingSet (physical memory assigned to process): 424M, peak: 424M
current process commit charge ("private bytes"): 484M, peak: 484M

vm_info: Java HotSpot(TM) 64-Bit Server VM (19.0.1+10-21) for windows-amd64 JRE (19.0.1+10-21), built on 2022-09-14T12:45:06Z by "mach5one" with MS VC++ 17.1 (VS2022)

END.
