#
# There is insufficient memory for the Java Runtime Environment to continue.
# Native memory allocation (malloc) failed to allocate 65552 bytes for Chunk::new
# Possible reasons:
#   The system is out of physical RAM or swap space
#   The process is running with CompressedOops enabled, and the Java Heap may be blocking the growth of the native heap
# Possible solutions:
#   Reduce memory load on the system
#   Increase physical memory or swap space
#   Check if swap backing store is full
#   Decrease Java heap size (-Xmx/-Xms)
#   Decrease number of Java threads
#   Decrease Java thread stack sizes (-Xss)
#   Set larger code cache with -XX:ReservedCodeCacheSize=
#   JVM is running with Unscaled Compressed Oops mode in which the Java heap is
#     placed in the first 4GB address space. The Java Heap base address is the
#     maximum limit for the native heap growth. Please use -XX:HeapBaseMinAddress
#     to set the Java Heap base and to place the Java Heap above 4GB virtual address.
# This output file may be truncated or incomplete.
#
#  Out of Memory Error (arena.cpp:184), pid=26764, tid=28528
#
# JRE version: Java(TM) SE Runtime Environment (19.0.1+10) (build 19.0.1+10-21)
# Java VM: Java HotSpot(TM) 64-Bit Server VM (19.0.1+10-21, mixed mode, sharing, tiered, compressed oops, compressed class ptrs, g1 gc, windows-amd64)
# No core dump will be written. Minidumps are not enabled by default on client versions of Windows
#

---------------  S U M M A R Y ------------

Command Line: -Xss4m -Xms100m -Dmetals.client=vscode -Xmx2G -XX:ZUncommitDelay=30 -XX:ZCollectionInterval=5 -XX:+IgnoreUnrecognizedVMOptions scala.meta.metals.Main

Host: 11th Gen Intel(R) Core(TM) i5-1135G7 @ 2.40GHz, 8 cores, 15G,  Windows 10 , 64 bit Build 19041 (10.0.19041.5915)
Time: Tue Apr  7 22:07:12 2026 Europe de l , 64 bit Build 19041 (10.0.19041.5915) elapsed time: 9.150299 seconds (0d 0h 0m 9s)

---------------  T H R E A D  ---------------

Current thread (0x00000208ff139450):  JavaThread "C2 CompilerThread2" daemon [_thread_in_native, id=28528, stack(0x000000ea7a300000,0x000000ea7a400000)]


Current CompileTask:
C2:   9150 4394       4       scala.meta.internal.metals.CompressedPackageIndex$$$Lambda$1605/0x00000008015c3cf0::accept (32 bytes)

Stack: [0x000000ea7a300000,0x000000ea7a400000]
Native frames: (J=compiled Java code, j=interpreted, Vv=VM code, C=native code)
V  [jvm.dll+0x6ee8fa]
V  [jvm.dll+0x857a1e]
V  [jvm.dll+0x85940e]
V  [jvm.dll+0x859ac3]
V  [jvm.dll+0x28291f]
V  [jvm.dll+0xc9b5f]
V  [jvm.dll+0xc9ee5]
V  [jvm.dll+0xc9c84]
V  [jvm.dll+0x713f8a]
V  [jvm.dll+0x24d707]
V  [jvm.dll+0x24b563]
V  [jvm.dll+0x1d6d61]
V  [jvm.dll+0x25b0fa]
V  [jvm.dll+0x259588]
V  [jvm.dll+0x807928]
V  [jvm.dll+0x8015fa]
V  [jvm.dll+0x6ed5eb]
C  [ucrtbase.dll+0x21bb2]
C  [KERNEL32.DLL+0x17374]
C  [ntdll.dll+0x4cc91]


---------------  P R O C E S S  ---------------

Threads class SMR info:
_java_thread_list=0x0000020893ac0210, length=34, elements={
0x00000208ec69e0e0, 0x00000208fb6e1290, 0x00000208fb6e4080, 0x00000208fb6e5760,
0x00000208fb6e7190, 0x00000208fb6e7bb0, 0x00000208fb6e8710, 0x00000208fb6f0c40,
0x00000208fb6fc6d0, 0x00000208fb700060, 0x00000208fe1ed980, 0x00000208fe1f6890,
0x00000208feb04020, 0x00000208ff919350, 0x00000208935774a0, 0x0000020893573f80,
0x00000208935734e0, 0x0000020893575f60, 0x0000020893576a00, 0x0000020893573a30,
0x0000020893575a10, 0x00000208936d5550, 0x00000208936d4560, 0x00000208936d2580,
0x00000208936d4ab0, 0x00000208936d5000, 0x00000208936ce5c0, 0x00000208936ceb10,
0x00000208936d0af0, 0x00000208936cfb00, 0x00000208939b8490, 0x00000208ff139450,
0x00000208936d2030, 0x00000208936d3570
}

Java Threads: ( => current thread )
  0x00000208ec69e0e0 JavaThread "main" [_thread_blocked, id=11992, stack(0x000000ea72800000,0x000000ea72c00000)]
  0x00000208fb6e1290 JavaThread "Reference Handler" daemon [_thread_blocked, id=3832, stack(0x000000ea73200000,0x000000ea73600000)]
  0x00000208fb6e4080 JavaThread "Finalizer" daemon [_thread_blocked, id=12880, stack(0x000000ea73600000,0x000000ea73a00000)]
  0x00000208fb6e5760 JavaThread "Signal Dispatcher" daemon [_thread_blocked, id=15136, stack(0x000000ea73a00000,0x000000ea73e00000)]
  0x00000208fb6e7190 JavaThread "Attach Listener" daemon [_thread_blocked, id=28816, stack(0x000000ea73e00000,0x000000ea74200000)]
  0x00000208fb6e7bb0 JavaThread "Service Thread" daemon [_thread_blocked, id=29188, stack(0x000000ea74200000,0x000000ea74600000)]
  0x00000208fb6e8710 JavaThread "Monitor Deflation Thread" daemon [_thread_blocked, id=29112, stack(0x000000ea74600000,0x000000ea74a00000)]
  0x00000208fb6f0c40 JavaThread "C2 CompilerThread0" daemon [_thread_in_native, id=10508, stack(0x000000ea74a00000,0x000000ea74b00000)]
  0x00000208fb6fc6d0 JavaThread "C1 CompilerThread0" daemon [_thread_blocked, id=12296, stack(0x000000ea74b00000,0x000000ea74c00000)]
  0x00000208fb700060 JavaThread "Sweeper thread" daemon [_thread_blocked, id=26788, stack(0x000000ea74c00000,0x000000ea75000000)]
  0x00000208fe1ed980 JavaThread "Notification Thread" daemon [_thread_blocked, id=13536, stack(0x000000ea75000000,0x000000ea75400000)]
  0x00000208fe1f6890 JavaThread "Common-Cleaner" daemon [_thread_blocked, id=27520, stack(0x000000ea75500000,0x000000ea75900000)]
  0x00000208feb04020 JavaThread "pool-1-thread-1" [_thread_in_native, id=3132, stack(0x000000ea75c00000,0x000000ea76000000)]
  0x00000208ff919350 JavaThread "scala-execution-context-global-27" daemon [_thread_blocked, id=13772, stack(0x000000ea76200000,0x000000ea76600000)]
  0x00000208935774a0 JavaThread "coursier-pool-1-thread-1" daemon [_thread_blocked, id=13504, stack(0x000000ea76a00000,0x000000ea76e00000)]
  0x0000020893573f80 JavaThread "coursier-pool-1-thread-2" daemon [_thread_blocked, id=7820, stack(0x000000ea76e00000,0x000000ea77200000)]
  0x00000208935734e0 JavaThread "coursier-pool-1-thread-3" daemon [_thread_blocked, id=6976, stack(0x000000ea77200000,0x000000ea77600000)]
  0x0000020893575f60 JavaThread "coursier-pool-1-thread-4" daemon [_thread_blocked, id=27356, stack(0x000000ea77600000,0x000000ea77a00000)]
  0x0000020893576a00 JavaThread "coursier-pool-1-thread-5" daemon [_thread_blocked, id=13236, stack(0x000000ea77a00000,0x000000ea77e00000)]
  0x0000020893573a30 JavaThread "coursier-pool-1-thread-6" daemon [_thread_blocked, id=10148, stack(0x000000ea77e00000,0x000000ea78200000)]
  0x0000020893575a10 JavaThread "pool-1-thread-2" [_thread_blocked, id=29232, stack(0x000000ea78200000,0x000000ea78600000)]
  0x00000208936d5550 JavaThread "ForkJoinPool.commonPool-worker-1" daemon [_thread_blocked, id=29020, stack(0x000000ea78a00000,0x000000ea78e00000)]
  0x00000208936d4560 JavaThread "pool-2-thread-1" [_thread_blocked, id=24368, stack(0x000000ea78e00000,0x000000ea79200000)]
  0x00000208936d2580 JavaThread "H2 File Lock Watchdog C:/Users/DELL/OneDrive/Bureau/sorbonne/M2/S2/TAS/lisa-tutorial/.metals/metals.lock.db" daemon [_thread_blocked, id=12800, stack(0x000000ea79300000,0x000000ea79700000)]
  0x00000208936d4ab0 JavaThread "H2 TCP Server (tcp://localhost:54298)" daemon [_thread_in_native, id=23720, stack(0x000000ea79700000,0x000000ea79b00000)]
  0x00000208936d5000 JavaThread "MVStore background writer C:/Users/DELL/OneDrive/Bureau/sorbonne/M2/S2/TAS/lisa-tutorial/.metals/metals.mv.db" daemon [_thread_blocked, id=27296, stack(0x000000ea79b00000,0x000000ea79f00000)]
  0x00000208936ce5c0 JavaThread "pool-1-thread-4" [_thread_blocked, id=21264, stack(0x000000ea79f00000,0x000000ea7a300000)]
  0x00000208936ceb10 JavaThread "pool-1-thread-6" [_thread_blocked, id=6724, stack(0x000000ea7a800000,0x000000ea7ac00000)]
  0x00000208936d0af0 JavaThread "H2-serialization" daemon [_thread_blocked, id=26000, stack(0x000000ea7ac00000,0x000000ea7b000000)]
  0x00000208936cfb00 JavaThread "H2-save" daemon [_thread_blocked, id=23764, stack(0x000000ea7b000000,0x000000ea7b400000)]
  0x00000208939b8490 JavaThread "C2 CompilerThread1" daemon [_thread_in_native, id=12608, stack(0x000000ea76000000,0x000000ea76100000)]
=>0x00000208ff139450 JavaThread "C2 CompilerThread2" daemon [_thread_in_native, id=28528, stack(0x000000ea7a300000,0x000000ea7a400000)]
  0x00000208936d2030 JavaThread "pool-1-thread-7" [_thread_blocked, id=10248, stack(0x000000ea7b400000,0x000000ea7b800000)]
  0x00000208936d3570 JavaThread "pool-1-thread-8" [_thread_blocked, id=19984, stack(0x000000ea7b800000,0x000000ea7bc00000)]

Other Threads:
  0x00000208fb6c6ab0 VMThread "VM Thread" [stack: 0x000000ea73100000,0x000000ea73200000] [id=29292]
  0x00000208fe1f04a0 WatcherThread "VM Periodic Task Thread" [stack: 0x000000ea75400000,0x000000ea75500000] [id=24756]
  0x00000208ee6ff570 WorkerThread "GC Thread#0" [stack: 0x000000ea72c00000,0x000000ea72d00000] [id=18092]
  0x00000208fe78b200 WorkerThread "GC Thread#1" [stack: 0x000000ea75900000,0x000000ea75a00000] [id=12768]
  0x00000208fe78c010 WorkerThread "GC Thread#2" [stack: 0x000000ea75a00000,0x000000ea75b00000] [id=21092]
  0x00000208fe78a6c0 WorkerThread "GC Thread#3" [stack: 0x000000ea75b00000,0x000000ea75c00000] [id=5680]
  0x00000208fe78c2e0 WorkerThread "GC Thread#4" [stack: 0x000000ea76600000,0x000000ea76700000] [id=23012]
  0x00000208fe78af30 WorkerThread "GC Thread#5" [stack: 0x000000ea76700000,0x000000ea76800000] [id=10976]
  0x00000208ff36b370 WorkerThread "GC Thread#6" [stack: 0x000000ea76800000,0x000000ea76900000] [id=27236]
  0x00000208ff36b0a0 WorkerThread "GC Thread#7" [stack: 0x000000ea76900000,0x000000ea76a00000] [id=8928]
  0x00000208fb552010 ConcurrentGCThread "G1 Main Marker" [stack: 0x000000ea72d00000,0x000000ea72e00000] [id=12472]
  0x00000208fb5531e0 WorkerThread "G1 Conc#0" [stack: 0x000000ea72e00000,0x000000ea72f00000] [id=14092]
  0x00000208ff36ab00 WorkerThread "G1 Conc#1" [stack: 0x000000ea76100000,0x000000ea76200000] [id=18896]
  0x00000208ee73e820 ConcurrentGCThread "G1 Refine#0" [stack: 0x000000ea72f00000,0x000000ea73000000] [id=14508]
  0x00000208fb57f440 ConcurrentGCThread "G1 Service" [stack: 0x000000ea73000000,0x000000ea73100000] [id=28604]

Threads with active compile tasks:
C2 CompilerThread0     9169 4332       4       scala.meta.internal.metals.Fuzzy::bloomFilterSymbolStrings (325 bytes)
C2 CompilerThread1     9169 4371       4       scala.meta.internal.metals.CompressedPackageIndex$::$anonfun$fromPackages$4 (64 bytes)
C2 CompilerThread2     9170 4394       4       scala.meta.internal.metals.CompressedPackageIndex$$$Lambda$1605/0x00000008015c3cf0::accept (32 bytes)

VM state: not at safepoint (normal execution)

VM Mutex/Monitor currently owned by a thread: None

OutOfMemory and StackOverflow Exception counts:
OutOfMemoryError java_heap_errors=2
LinkageErrors=93

Heap address: 0x0000000080000000, size: 2048 MB, Compressed Oops mode: 32-bit

CDS archive(s) mapped at: [0x0000000800000000-0x0000000800c40000-0x0000000800c40000), size 12845056, SharedBaseAddress: 0x0000000800000000, ArchiveRelocationMode: 0.
Compressed class space mapped at: 0x0000000801000000-0x0000000841000000, reserved size: 1073741824
Narrow klass base: 0x0000000800000000, Narrow klass shift: 0, Narrow klass range: 0x100000000

GC Precious Log:
 CardTable entry size: 512
 Card Set container configuration: InlinePtr #cards 5 size 8 Array Of Cards #cards 12 size 40 Howl #buckets 4 coarsen threshold 1843 Howl Bitmap #cards 512 size 80 coarsen threshold 460 Card regions per heap region 1 cards per card region 2048
 CPUs: 8 total, 8 available
 Memory: 16122M
 Large Page Support: Disabled
 NUMA Support: Disabled
 Compressed Oops: Enabled (32-bit)
 Heap Region Size: 1M
 Heap Min Capacity: 100M
 Heap Initial Capacity: 100M
 Heap Max Capacity: 2G
 Pre-touch: Disabled
 Parallel Workers: 8
 Concurrent Workers: 2
 Concurrent Refinement Workers: 8
 Periodic GC: Disabled

Heap:
 garbage-first heap   total 249856K, used 171189K [0x0000000080000000, 0x0000000100000000)
  region size 1024K, 144 young (147456K), 4 survivors (4096K)
 Metaspace       used 49396K, committed 49856K, reserved 1114112K
  class space    used 5770K, committed 5952K, reserved 1048576K

Heap Regions: E=young(eden), S=young(survivor), O=old, HS=humongous(starts), HC=humongous(continues), CS=collection set, F=free, OA=open archive, CA=closed archive, TAMS=top-at-mark-start (previous, next)
|   0|0x0000000080000000, 0x0000000080100000, 0x0000000080100000|100%| O|  |TAMS 0x0000000080100000, 0x0000000080000000| Untracked 
|   1|0x0000000080100000, 0x0000000080200000, 0x0000000080200000|100%| O|  |TAMS 0x0000000080200000, 0x0000000080100000| Untracked 
|   2|0x0000000080200000, 0x0000000080300000, 0x0000000080300000|100%|HS|  |TAMS 0x0000000080300000, 0x0000000080200000| Complete 
|   3|0x0000000080300000, 0x0000000080400000, 0x0000000080400000|100%| O|  |TAMS 0x0000000080400000, 0x0000000080300000| Untracked 
|   4|0x0000000080400000, 0x0000000080500000, 0x0000000080500000|100%| O|  |TAMS 0x0000000080500000, 0x0000000080400000| Untracked 
|   5|0x0000000080500000, 0x0000000080600000, 0x0000000080600000|100%| O|  |TAMS 0x0000000080600000, 0x0000000080500000| Untracked 
|   6|0x0000000080600000, 0x0000000080700000, 0x0000000080700000|100%| O|  |TAMS 0x0000000080600000, 0x0000000080600000| Untracked 
|   7|0x0000000080700000, 0x0000000080800000, 0x0000000080800000|100%| O|  |TAMS 0x0000000080800000, 0x0000000080700000| Untracked 
|   8|0x0000000080800000, 0x0000000080900000, 0x0000000080900000|100%| O|  |TAMS 0x0000000080900000, 0x0000000080800000| Untracked 
|   9|0x0000000080900000, 0x0000000080a00000, 0x0000000080a00000|100%| O|  |TAMS 0x0000000080a00000, 0x0000000080900000| Untracked 
|  10|0x0000000080a00000, 0x0000000080b00000, 0x0000000080b00000|100%| O|  |TAMS 0x0000000080b00000, 0x0000000080a00000| Untracked 
|  11|0x0000000080b00000, 0x0000000080c00000, 0x0000000080c00000|100%| O|  |TAMS 0x0000000080c00000, 0x0000000080b00000| Untracked 
|  12|0x0000000080c00000, 0x0000000080c00000, 0x0000000080d00000|  0%| F|  |TAMS 0x0000000080c00000, 0x0000000080c00000| Untracked 
|  13|0x0000000080d00000, 0x0000000080e00000, 0x0000000080e00000|100%| O|  |TAMS 0x0000000080e00000, 0x0000000080d00000| Untracked 
|  14|0x0000000080e00000, 0x0000000080f00000, 0x0000000080f00000|100%| O|  |TAMS 0x0000000080f00000, 0x0000000080e00000| Untracked 
|  15|0x0000000080f00000, 0x0000000081000000, 0x0000000081000000|100%| O|  |TAMS 0x0000000081000000, 0x0000000080f00000| Untracked 
|  16|0x0000000081000000, 0x0000000081100000, 0x0000000081100000|100%| O|  |TAMS 0x000000008102c600, 0x0000000081000000| Untracked 
|  17|0x0000000081100000, 0x0000000081200000, 0x0000000081200000|100%|HS|  |TAMS 0x0000000081100000, 0x0000000081100000| Complete 
|  18|0x0000000081200000, 0x0000000081300000, 0x0000000081300000|100%|HC|  |TAMS 0x0000000081200000, 0x0000000081200000| Complete 
|  19|0x0000000081300000, 0x0000000081400000, 0x0000000081400000|100%| O|  |TAMS 0x0000000081300000, 0x0000000081300000| Untracked 
|  20|0x0000000081400000, 0x0000000081500000, 0x0000000081500000|100%| O|  |TAMS 0x0000000081400000, 0x0000000081400000| Untracked 
|  21|0x0000000081500000, 0x0000000081600000, 0x0000000081600000|100%| O|  |TAMS 0x0000000081500000, 0x0000000081500000| Untracked 
|  22|0x0000000081600000, 0x0000000081700000, 0x0000000081700000|100%| O|  |TAMS 0x0000000081600000, 0x0000000081600000| Untracked 
|  23|0x0000000081700000, 0x0000000081732c00, 0x0000000081800000| 19%| O|  |TAMS 0x0000000081700000, 0x0000000081700000| Untracked 
|  24|0x0000000081800000, 0x0000000081900000, 0x0000000081900000|100%|HS|  |TAMS 0x0000000081800000, 0x0000000081800000| Complete 
|  25|0x0000000081900000, 0x0000000081a00000, 0x0000000081a00000|100%|HC|  |TAMS 0x0000000081900000, 0x0000000081900000| Complete 
|  26|0x0000000081a00000, 0x0000000081a00000, 0x0000000081b00000|  0%| F|  |TAMS 0x0000000081a00000, 0x0000000081a00000| Untracked 
|  27|0x0000000081b00000, 0x0000000081b00000, 0x0000000081c00000|  0%| F|  |TAMS 0x0000000081b00000, 0x0000000081b00000| Untracked 
|  28|0x0000000081c00000, 0x0000000081c00000, 0x0000000081d00000|  0%| F|  |TAMS 0x0000000081c00000, 0x0000000081c00000| Untracked 
|  29|0x0000000081d00000, 0x0000000081d00000, 0x0000000081e00000|  0%| F|  |TAMS 0x0000000081d00000, 0x0000000081d00000| Untracked 
|  30|0x0000000081e00000, 0x0000000081e00000, 0x0000000081f00000|  0%| F|  |TAMS 0x0000000081e00000, 0x0000000081e00000| Untracked 
|  31|0x0000000081f00000, 0x0000000081f00000, 0x0000000082000000|  0%| F|  |TAMS 0x0000000081f00000, 0x0000000081f00000| Untracked 
|  32|0x0000000082000000, 0x0000000082000000, 0x0000000082100000|  0%| F|  |TAMS 0x0000000082000000, 0x0000000082000000| Untracked 
|  33|0x0000000082100000, 0x0000000082100000, 0x0000000082200000|  0%| F|  |TAMS 0x0000000082100000, 0x0000000082100000| Untracked 
|  34|0x0000000082200000, 0x0000000082200000, 0x0000000082300000|  0%| F|  |TAMS 0x0000000082200000, 0x0000000082200000| Untracked 
|  35|0x0000000082300000, 0x0000000082300000, 0x0000000082400000|  0%| F|  |TAMS 0x0000000082300000, 0x0000000082300000| Untracked 
|  36|0x0000000082400000, 0x0000000082400000, 0x0000000082500000|  0%| F|  |TAMS 0x0000000082400000, 0x0000000082400000| Untracked 
|  37|0x0000000082500000, 0x0000000082500000, 0x0000000082600000|  0%| F|  |TAMS 0x0000000082500000, 0x0000000082500000| Untracked 
|  38|0x0000000082600000, 0x0000000082600000, 0x0000000082700000|  0%| F|  |TAMS 0x0000000082600000, 0x0000000082600000| Untracked 
|  39|0x0000000082700000, 0x0000000082700000, 0x0000000082800000|  0%| F|  |TAMS 0x0000000082700000, 0x0000000082700000| Untracked 
|  40|0x0000000082800000, 0x0000000082800000, 0x0000000082900000|  0%| F|  |TAMS 0x0000000082800000, 0x0000000082800000| Untracked 
|  41|0x0000000082900000, 0x0000000082900000, 0x0000000082a00000|  0%| F|  |TAMS 0x0000000082900000, 0x0000000082900000| Untracked 
|  42|0x0000000082a00000, 0x0000000082a00000, 0x0000000082b00000|  0%| F|  |TAMS 0x0000000082a00000, 0x0000000082a00000| Untracked 
|  43|0x0000000082b00000, 0x0000000082b00000, 0x0000000082c00000|  0%| F|  |TAMS 0x0000000082b00000, 0x0000000082b00000| Untracked 
|  44|0x0000000082c00000, 0x0000000082c00000, 0x0000000082d00000|  0%| F|  |TAMS 0x0000000082c00000, 0x0000000082c00000| Untracked 
|  45|0x0000000082d00000, 0x0000000082d00000, 0x0000000082e00000|  0%| F|  |TAMS 0x0000000082d00000, 0x0000000082d00000| Untracked 
|  46|0x0000000082e00000, 0x0000000082e00000, 0x0000000082f00000|  0%| F|  |TAMS 0x0000000082e00000, 0x0000000082e00000| Untracked 
|  47|0x0000000082f00000, 0x0000000082f00000, 0x0000000083000000|  0%| F|  |TAMS 0x0000000082f00000, 0x0000000082f00000| Untracked 
|  48|0x0000000083000000, 0x0000000083000000, 0x0000000083100000|  0%| F|  |TAMS 0x0000000083000000, 0x0000000083000000| Untracked 
|  49|0x0000000083100000, 0x0000000083100000, 0x0000000083200000|  0%| F|  |TAMS 0x0000000083100000, 0x0000000083100000| Untracked 
|  50|0x0000000083200000, 0x0000000083200000, 0x0000000083300000|  0%| F|  |TAMS 0x0000000083200000, 0x0000000083200000| Untracked 
|  51|0x0000000083300000, 0x0000000083300000, 0x0000000083400000|  0%| F|  |TAMS 0x0000000083300000, 0x0000000083300000| Untracked 
|  52|0x0000000083400000, 0x0000000083400000, 0x0000000083500000|  0%| F|  |TAMS 0x0000000083400000, 0x0000000083400000| Untracked 
|  53|0x0000000083500000, 0x0000000083500000, 0x0000000083600000|  0%| F|  |TAMS 0x0000000083500000, 0x0000000083500000| Untracked 
|  54|0x0000000083600000, 0x0000000083600000, 0x0000000083700000|  0%| F|  |TAMS 0x0000000083600000, 0x0000000083600000| Untracked 
|  55|0x0000000083700000, 0x0000000083700000, 0x0000000083800000|  0%| F|  |TAMS 0x0000000083700000, 0x0000000083700000| Untracked 
|  56|0x0000000083800000, 0x0000000083800000, 0x0000000083900000|  0%| F|  |TAMS 0x0000000083800000, 0x0000000083800000| Untracked 
|  57|0x0000000083900000, 0x0000000083900000, 0x0000000083a00000|  0%| F|  |TAMS 0x0000000083900000, 0x0000000083900000| Untracked 
|  58|0x0000000083a00000, 0x0000000083a00000, 0x0000000083b00000|  0%| F|  |TAMS 0x0000000083a00000, 0x0000000083a00000| Untracked 
|  59|0x0000000083b00000, 0x0000000083b00000, 0x0000000083c00000|  0%| F|  |TAMS 0x0000000083b00000, 0x0000000083b00000| Untracked 
|  60|0x0000000083c00000, 0x0000000083c00000, 0x0000000083d00000|  0%| F|  |TAMS 0x0000000083c00000, 0x0000000083c00000| Untracked 
|  61|0x0000000083d00000, 0x0000000083d00000, 0x0000000083e00000|  0%| F|  |TAMS 0x0000000083d00000, 0x0000000083d00000| Untracked 
|  62|0x0000000083e00000, 0x0000000083e00000, 0x0000000083f00000|  0%| F|  |TAMS 0x0000000083e00000, 0x0000000083e00000| Untracked 
|  63|0x0000000083f00000, 0x0000000083f00000, 0x0000000084000000|  0%| F|  |TAMS 0x0000000083f00000, 0x0000000083f00000| Untracked 
|  64|0x0000000084000000, 0x0000000084000000, 0x0000000084100000|  0%| F|  |TAMS 0x0000000084000000, 0x0000000084000000| Untracked 
|  65|0x0000000084100000, 0x0000000084100000, 0x0000000084200000|  0%| F|  |TAMS 0x0000000084100000, 0x0000000084100000| Untracked 
|  66|0x0000000084200000, 0x0000000084200000, 0x0000000084300000|  0%| F|  |TAMS 0x0000000084200000, 0x0000000084200000| Untracked 
|  67|0x0000000084300000, 0x0000000084300000, 0x0000000084400000|  0%| F|  |TAMS 0x0000000084300000, 0x0000000084300000| Untracked 
|  68|0x0000000084400000, 0x0000000084400000, 0x0000000084500000|  0%| F|  |TAMS 0x0000000084400000, 0x0000000084400000| Untracked 
|  69|0x0000000084500000, 0x0000000084500000, 0x0000000084600000|  0%| F|  |TAMS 0x0000000084500000, 0x0000000084500000| Untracked 
|  70|0x0000000084600000, 0x0000000084600000, 0x0000000084700000|  0%| F|  |TAMS 0x0000000084600000, 0x0000000084600000| Untracked 
|  71|0x0000000084700000, 0x0000000084700000, 0x0000000084800000|  0%| F|  |TAMS 0x0000000084700000, 0x0000000084700000| Untracked 
|  72|0x0000000084800000, 0x0000000084800000, 0x0000000084900000|  0%| F|  |TAMS 0x0000000084800000, 0x0000000084800000| Untracked 
|  73|0x0000000084900000, 0x0000000084900000, 0x0000000084a00000|  0%| F|  |TAMS 0x0000000084900000, 0x0000000084900000| Untracked 
|  74|0x0000000084a00000, 0x0000000084a00000, 0x0000000084b00000|  0%| F|  |TAMS 0x0000000084a00000, 0x0000000084a00000| Untracked 
|  75|0x0000000084b00000, 0x0000000084b00000, 0x0000000084c00000|  0%| F|  |TAMS 0x0000000084b00000, 0x0000000084b00000| Untracked 
|  76|0x0000000084c00000, 0x0000000084c00000, 0x0000000084d00000|  0%| F|  |TAMS 0x0000000084c00000, 0x0000000084c00000| Untracked 
|  77|0x0000000084d00000, 0x0000000084d00000, 0x0000000084e00000|  0%| F|  |TAMS 0x0000000084d00000, 0x0000000084d00000| Untracked 
|  78|0x0000000084e00000, 0x0000000084e00000, 0x0000000084f00000|  0%| F|  |TAMS 0x0000000084e00000, 0x0000000084e00000| Untracked 
|  79|0x0000000084f00000, 0x0000000084f00000, 0x0000000085000000|  0%| F|  |TAMS 0x0000000084f00000, 0x0000000084f00000| Untracked 
|  80|0x0000000085000000, 0x0000000085000000, 0x0000000085100000|  0%| F|  |TAMS 0x0000000085000000, 0x0000000085000000| Untracked 
|  81|0x0000000085100000, 0x0000000085100000, 0x0000000085200000|  0%| F|  |TAMS 0x0000000085100000, 0x0000000085100000| Untracked 
|  82|0x0000000085200000, 0x0000000085200000, 0x0000000085300000|  0%| F|  |TAMS 0x0000000085200000, 0x0000000085200000| Untracked 
|  83|0x0000000085300000, 0x0000000085300000, 0x0000000085400000|  0%| F|  |TAMS 0x0000000085300000, 0x0000000085300000| Untracked 
|  84|0x0000000085400000, 0x0000000085400000, 0x0000000085500000|  0%| F|  |TAMS 0x0000000085400000, 0x0000000085400000| Untracked 
|  85|0x0000000085500000, 0x0000000085500000, 0x0000000085600000|  0%| F|  |TAMS 0x0000000085500000, 0x0000000085500000| Untracked 
|  86|0x0000000085600000, 0x0000000085600000, 0x0000000085700000|  0%| F|  |TAMS 0x0000000085600000, 0x0000000085600000| Untracked 
|  87|0x0000000085700000, 0x0000000085700000, 0x0000000085800000|  0%| F|  |TAMS 0x0000000085700000, 0x0000000085700000| Untracked 
|  88|0x0000000085800000, 0x0000000085800000, 0x0000000085900000|  0%| F|  |TAMS 0x0000000085800000, 0x0000000085800000| Untracked 
|  89|0x0000000085900000, 0x0000000085900000, 0x0000000085a00000|  0%| F|  |TAMS 0x0000000085900000, 0x0000000085900000| Untracked 
|  90|0x0000000085a00000, 0x0000000085a00000, 0x0000000085b00000|  0%| F|  |TAMS 0x0000000085a00000, 0x0000000085a00000| Untracked 
|  91|0x0000000085b00000, 0x0000000085b00000, 0x0000000085c00000|  0%| F|  |TAMS 0x0000000085b00000, 0x0000000085b00000| Untracked 
|  92|0x0000000085c00000, 0x0000000085c00000, 0x0000000085d00000|  0%| F|  |TAMS 0x0000000085c00000, 0x0000000085c00000| Untracked 
|  93|0x0000000085d00000, 0x0000000085d00000, 0x0000000085e00000|  0%| F|  |TAMS 0x0000000085d00000, 0x0000000085d00000| Untracked 
|  94|0x0000000085e00000, 0x0000000085e00000, 0x0000000085f00000|  0%| F|  |TAMS 0x0000000085e00000, 0x0000000085e00000| Untracked 
|  95|0x0000000085f00000, 0x0000000085f00000, 0x0000000086000000|  0%| F|  |TAMS 0x0000000085f00000, 0x0000000085f00000| Untracked 
|  96|0x0000000086000000, 0x0000000086000000, 0x0000000086100000|  0%| F|  |TAMS 0x0000000086000000, 0x0000000086000000| Untracked 
|  97|0x0000000086100000, 0x0000000086100000, 0x0000000086200000|  0%| F|  |TAMS 0x0000000086100000, 0x0000000086100000| Untracked 
|  98|0x0000000086200000, 0x00000000862fa820, 0x0000000086300000| 97%| S|CS|TAMS 0x0000000086200000, 0x0000000086200000| Complete 
|  99|0x0000000086300000, 0x0000000086400000, 0x0000000086400000|100%| S|CS|TAMS 0x0000000086300000, 0x0000000086300000| Complete 
| 100|0x0000000086400000, 0x0000000086500000, 0x0000000086500000|100%| S|CS|TAMS 0x0000000086400000, 0x0000000086400000| Complete 
| 101|0x0000000086500000, 0x0000000086600000, 0x0000000086600000|100%| S|CS|TAMS 0x0000000086500000, 0x0000000086500000| Complete 
| 102|0x0000000086600000, 0x0000000086600000, 0x0000000086700000|  0%| F|  |TAMS 0x0000000086600000, 0x0000000086600000| Untracked 
| 103|0x0000000086700000, 0x0000000086700000, 0x0000000086800000|  0%| F|  |TAMS 0x0000000086700000, 0x0000000086700000| Untracked 
| 104|0x0000000086800000, 0x0000000086880800, 0x0000000086900000| 50%| E|  |TAMS 0x0000000086800000, 0x0000000086800000| Complete 
| 105|0x0000000086900000, 0x0000000086a00000, 0x0000000086a00000|100%| E|CS|TAMS 0x0000000086900000, 0x0000000086900000| Complete 
| 106|0x0000000086a00000, 0x0000000086b00000, 0x0000000086b00000|100%| E|CS|TAMS 0x0000000086a00000, 0x0000000086a00000| Complete 
| 107|0x0000000086b00000, 0x0000000086c00000, 0x0000000086c00000|100%| E|CS|TAMS 0x0000000086b00000, 0x0000000086b00000| Complete 
| 108|0x0000000086c00000, 0x0000000086d00000, 0x0000000086d00000|100%| E|CS|TAMS 0x0000000086c00000, 0x0000000086c00000| Complete 
| 109|0x0000000086d00000, 0x0000000086e00000, 0x0000000086e00000|100%| E|CS|TAMS 0x0000000086d00000, 0x0000000086d00000| Complete 
| 110|0x0000000086e00000, 0x0000000086f00000, 0x0000000086f00000|100%| E|CS|TAMS 0x0000000086e00000, 0x0000000086e00000| Complete 
| 111|0x0000000086f00000, 0x0000000087000000, 0x0000000087000000|100%| E|CS|TAMS 0x0000000086f00000, 0x0000000086f00000| Complete 
| 112|0x0000000087000000, 0x0000000087100000, 0x0000000087100000|100%| E|CS|TAMS 0x0000000087000000, 0x0000000087000000| Complete 
| 113|0x0000000087100000, 0x0000000087200000, 0x0000000087200000|100%| E|CS|TAMS 0x0000000087100000, 0x0000000087100000| Complete 
| 114|0x0000000087200000, 0x0000000087300000, 0x0000000087300000|100%| E|CS|TAMS 0x0000000087200000, 0x0000000087200000| Complete 
| 115|0x0000000087300000, 0x0000000087400000, 0x0000000087400000|100%| E|CS|TAMS 0x0000000087300000, 0x0000000087300000| Complete 
| 116|0x0000000087400000, 0x0000000087500000, 0x0000000087500000|100%| E|CS|TAMS 0x0000000087400000, 0x0000000087400000| Complete 
| 117|0x0000000087500000, 0x0000000087600000, 0x0000000087600000|100%| E|CS|TAMS 0x0000000087500000, 0x0000000087500000| Complete 
| 118|0x0000000087600000, 0x0000000087700000, 0x0000000087700000|100%| E|CS|TAMS 0x0000000087600000, 0x0000000087600000| Complete 
| 119|0x0000000087700000, 0x0000000087800000, 0x0000000087800000|100%| E|CS|TAMS 0x0000000087700000, 0x0000000087700000| Complete 
| 120|0x0000000087800000, 0x0000000087900000, 0x0000000087900000|100%| E|CS|TAMS 0x0000000087800000, 0x0000000087800000| Complete 
| 121|0x0000000087900000, 0x0000000087a00000, 0x0000000087a00000|100%| E|CS|TAMS 0x0000000087900000, 0x0000000087900000| Complete 
| 122|0x0000000087a00000, 0x0000000087b00000, 0x0000000087b00000|100%| E|CS|TAMS 0x0000000087a00000, 0x0000000087a00000| Complete 
| 123|0x0000000087b00000, 0x0000000087c00000, 0x0000000087c00000|100%| E|CS|TAMS 0x0000000087b00000, 0x0000000087b00000| Complete 
| 124|0x0000000087c00000, 0x0000000087d00000, 0x0000000087d00000|100%| E|CS|TAMS 0x0000000087c00000, 0x0000000087c00000| Complete 
| 125|0x0000000087d00000, 0x0000000087e00000, 0x0000000087e00000|100%| E|CS|TAMS 0x0000000087d00000, 0x0000000087d00000| Complete 
| 126|0x0000000087e00000, 0x0000000087f00000, 0x0000000087f00000|100%| E|CS|TAMS 0x0000000087e00000, 0x0000000087e00000| Complete 
| 127|0x0000000087f00000, 0x0000000088000000, 0x0000000088000000|100%| E|CS|TAMS 0x0000000087f00000, 0x0000000087f00000| Complete 
| 128|0x0000000088000000, 0x0000000088100000, 0x0000000088100000|100%| E|CS|TAMS 0x0000000088000000, 0x0000000088000000| Complete 
| 129|0x0000000088100000, 0x0000000088200000, 0x0000000088200000|100%| E|CS|TAMS 0x0000000088100000, 0x0000000088100000| Complete 
| 130|0x0000000088200000, 0x0000000088300000, 0x0000000088300000|100%| E|CS|TAMS 0x0000000088200000, 0x0000000088200000| Complete 
| 131|0x0000000088300000, 0x0000000088400000, 0x0000000088400000|100%| E|CS|TAMS 0x0000000088300000, 0x0000000088300000| Complete 
| 132|0x0000000088400000, 0x0000000088500000, 0x0000000088500000|100%| E|CS|TAMS 0x0000000088400000, 0x0000000088400000| Complete 
| 133|0x0000000088500000, 0x0000000088600000, 0x0000000088600000|100%| E|CS|TAMS 0x0000000088500000, 0x0000000088500000| Complete 
| 134|0x0000000088600000, 0x0000000088700000, 0x0000000088700000|100%| E|CS|TAMS 0x0000000088600000, 0x0000000088600000| Complete 
| 135|0x0000000088700000, 0x0000000088800000, 0x0000000088800000|100%| E|CS|TAMS 0x0000000088700000, 0x0000000088700000| Complete 
| 136|0x0000000088800000, 0x0000000088900000, 0x0000000088900000|100%| E|CS|TAMS 0x0000000088800000, 0x0000000088800000| Complete 
| 137|0x0000000088900000, 0x0000000088a00000, 0x0000000088a00000|100%| E|CS|TAMS 0x0000000088900000, 0x0000000088900000| Complete 
| 138|0x0000000088a00000, 0x0000000088b00000, 0x0000000088b00000|100%| E|CS|TAMS 0x0000000088a00000, 0x0000000088a00000| Complete 
| 139|0x0000000088b00000, 0x0000000088c00000, 0x0000000088c00000|100%| E|CS|TAMS 0x0000000088b00000, 0x0000000088b00000| Complete 
| 140|0x0000000088c00000, 0x0000000088d00000, 0x0000000088d00000|100%| E|CS|TAMS 0x0000000088c00000, 0x0000000088c00000| Complete 
| 141|0x0000000088d00000, 0x0000000088e00000, 0x0000000088e00000|100%| E|CS|TAMS 0x0000000088d00000, 0x0000000088d00000| Complete 
| 142|0x0000000088e00000, 0x0000000088f00000, 0x0000000088f00000|100%| E|CS|TAMS 0x0000000088e00000, 0x0000000088e00000| Complete 
| 143|0x0000000088f00000, 0x0000000089000000, 0x0000000089000000|100%| E|CS|TAMS 0x0000000088f00000, 0x0000000088f00000| Complete 
| 144|0x0000000089000000, 0x0000000089100000, 0x0000000089100000|100%| E|CS|TAMS 0x0000000089000000, 0x0000000089000000| Complete 
| 145|0x0000000089100000, 0x0000000089200000, 0x0000000089200000|100%| E|CS|TAMS 0x0000000089100000, 0x0000000089100000| Complete 
| 146|0x0000000089200000, 0x0000000089300000, 0x0000000089300000|100%| E|CS|TAMS 0x0000000089200000, 0x0000000089200000| Complete 
| 147|0x0000000089300000, 0x0000000089400000, 0x0000000089400000|100%| E|CS|TAMS 0x0000000089300000, 0x0000000089300000| Complete 
| 148|0x0000000089400000, 0x0000000089500000, 0x0000000089500000|100%| E|CS|TAMS 0x0000000089400000, 0x0000000089400000| Complete 
| 149|0x0000000089500000, 0x0000000089600000, 0x0000000089600000|100%| E|CS|TAMS 0x0000000089500000, 0x0000000089500000| Complete 
| 150|0x0000000089600000, 0x0000000089700000, 0x0000000089700000|100%| E|CS|TAMS 0x0000000089600000, 0x0000000089600000| Complete 
| 151|0x0000000089700000, 0x0000000089800000, 0x0000000089800000|100%| E|CS|TAMS 0x0000000089700000, 0x0000000089700000| Complete 
| 152|0x0000000089800000, 0x0000000089900000, 0x0000000089900000|100%| E|CS|TAMS 0x0000000089800000, 0x0000000089800000| Complete 
| 153|0x0000000089900000, 0x0000000089a00000, 0x0000000089a00000|100%| E|CS|TAMS 0x0000000089900000, 0x0000000089900000| Complete 
| 154|0x0000000089a00000, 0x0000000089b00000, 0x0000000089b00000|100%| E|CS|TAMS 0x0000000089a00000, 0x0000000089a00000| Complete 
| 155|0x0000000089b00000, 0x0000000089c00000, 0x0000000089c00000|100%| E|CS|TAMS 0x0000000089b00000, 0x0000000089b00000| Complete 
| 156|0x0000000089c00000, 0x0000000089d00000, 0x0000000089d00000|100%| E|CS|TAMS 0x0000000089c00000, 0x0000000089c00000| Complete 
| 157|0x0000000089d00000, 0x0000000089e00000, 0x0000000089e00000|100%| E|CS|TAMS 0x0000000089d00000, 0x0000000089d00000| Complete 
| 158|0x0000000089e00000, 0x0000000089f00000, 0x0000000089f00000|100%| E|CS|TAMS 0x0000000089e00000, 0x0000000089e00000| Complete 
| 159|0x0000000089f00000, 0x000000008a000000, 0x000000008a000000|100%| E|CS|TAMS 0x0000000089f00000, 0x0000000089f00000| Complete 
| 160|0x000000008a000000, 0x000000008a100000, 0x000000008a100000|100%| E|CS|TAMS 0x000000008a000000, 0x000000008a000000| Complete 
| 161|0x000000008a100000, 0x000000008a200000, 0x000000008a200000|100%| E|CS|TAMS 0x000000008a100000, 0x000000008a100000| Complete 
| 162|0x000000008a200000, 0x000000008a300000, 0x000000008a300000|100%| E|CS|TAMS 0x000000008a200000, 0x000000008a200000| Complete 
| 163|0x000000008a300000, 0x000000008a400000, 0x000000008a400000|100%| E|CS|TAMS 0x000000008a300000, 0x000000008a300000| Complete 
| 164|0x000000008a400000, 0x000000008a500000, 0x000000008a500000|100%| E|CS|TAMS 0x000000008a400000, 0x000000008a400000| Complete 
| 165|0x000000008a500000, 0x000000008a600000, 0x000000008a600000|100%| E|CS|TAMS 0x000000008a500000, 0x000000008a500000| Complete 
| 166|0x000000008a600000, 0x000000008a700000, 0x000000008a700000|100%| E|CS|TAMS 0x000000008a600000, 0x000000008a600000| Complete 
| 167|0x000000008a700000, 0x000000008a800000, 0x000000008a800000|100%| E|CS|TAMS 0x000000008a700000, 0x000000008a700000| Complete 
| 168|0x000000008a800000, 0x000000008a900000, 0x000000008a900000|100%| E|CS|TAMS 0x000000008a800000, 0x000000008a800000| Complete 
| 169|0x000000008a900000, 0x000000008aa00000, 0x000000008aa00000|100%| E|CS|TAMS 0x000000008a900000, 0x000000008a900000| Complete 
| 170|0x000000008aa00000, 0x000000008ab00000, 0x000000008ab00000|100%| E|CS|TAMS 0x000000008aa00000, 0x000000008aa00000| Complete 
| 171|0x000000008ab00000, 0x000000008ac00000, 0x000000008ac00000|100%| E|CS|TAMS 0x000000008ab00000, 0x000000008ab00000| Complete 
| 172|0x000000008ac00000, 0x000000008ad00000, 0x000000008ad00000|100%| E|CS|TAMS 0x000000008ac00000, 0x000000008ac00000| Complete 
| 173|0x000000008ad00000, 0x000000008ae00000, 0x000000008ae00000|100%| E|CS|TAMS 0x000000008ad00000, 0x000000008ad00000| Complete 
| 174|0x000000008ae00000, 0x000000008af00000, 0x000000008af00000|100%| E|CS|TAMS 0x000000008ae00000, 0x000000008ae00000| Complete 
| 175|0x000000008af00000, 0x000000008b000000, 0x000000008b000000|100%| E|CS|TAMS 0x000000008af00000, 0x000000008af00000| Complete 
| 176|0x000000008b000000, 0x000000008b100000, 0x000000008b100000|100%| E|CS|TAMS 0x000000008b000000, 0x000000008b000000| Complete 
| 177|0x000000008b100000, 0x000000008b200000, 0x000000008b200000|100%| E|CS|TAMS 0x000000008b100000, 0x000000008b100000| Complete 
| 178|0x000000008b200000, 0x000000008b300000, 0x000000008b300000|100%| E|CS|TAMS 0x000000008b200000, 0x000000008b200000| Complete 
| 179|0x000000008b300000, 0x000000008b400000, 0x000000008b400000|100%| E|CS|TAMS 0x000000008b300000, 0x000000008b300000| Complete 
| 180|0x000000008b400000, 0x000000008b500000, 0x000000008b500000|100%| E|CS|TAMS 0x000000008b400000, 0x000000008b400000| Complete 
| 181|0x000000008b500000, 0x000000008b600000, 0x000000008b600000|100%| E|CS|TAMS 0x000000008b500000, 0x000000008b500000| Complete 
| 182|0x000000008b600000, 0x000000008b700000, 0x000000008b700000|100%| E|CS|TAMS 0x000000008b600000, 0x000000008b600000| Complete 
| 183|0x000000008b700000, 0x000000008b800000, 0x000000008b800000|100%| E|CS|TAMS 0x000000008b700000, 0x000000008b700000| Complete 
| 184|0x000000008b800000, 0x000000008b900000, 0x000000008b900000|100%| E|CS|TAMS 0x000000008b800000, 0x000000008b800000| Complete 
| 185|0x000000008b900000, 0x000000008ba00000, 0x000000008ba00000|100%| E|CS|TAMS 0x000000008b900000, 0x000000008b900000| Complete 
| 186|0x000000008ba00000, 0x000000008bb00000, 0x000000008bb00000|100%| E|CS|TAMS 0x000000008ba00000, 0x000000008ba00000| Complete 
| 187|0x000000008bb00000, 0x000000008bc00000, 0x000000008bc00000|100%| E|CS|TAMS 0x000000008bb00000, 0x000000008bb00000| Complete 
| 188|0x000000008bc00000, 0x000000008bd00000, 0x000000008bd00000|100%| E|CS|TAMS 0x000000008bc00000, 0x000000008bc00000| Complete 
| 189|0x000000008bd00000, 0x000000008be00000, 0x000000008be00000|100%| E|CS|TAMS 0x000000008bd00000, 0x000000008bd00000| Complete 
| 190|0x000000008be00000, 0x000000008bf00000, 0x000000008bf00000|100%| E|CS|TAMS 0x000000008be00000, 0x000000008be00000| Complete 
| 191|0x000000008bf00000, 0x000000008c000000, 0x000000008c000000|100%| E|CS|TAMS 0x000000008bf00000, 0x000000008bf00000| Complete 
| 192|0x000000008c000000, 0x000000008c100000, 0x000000008c100000|100%| E|CS|TAMS 0x000000008c000000, 0x000000008c000000| Complete 
| 193|0x000000008c100000, 0x000000008c200000, 0x000000008c200000|100%| E|CS|TAMS 0x000000008c100000, 0x000000008c100000| Complete 
| 194|0x000000008c200000, 0x000000008c300000, 0x000000008c300000|100%| E|CS|TAMS 0x000000008c200000, 0x000000008c200000| Complete 
| 195|0x000000008c300000, 0x000000008c400000, 0x000000008c400000|100%| E|CS|TAMS 0x000000008c300000, 0x000000008c300000| Complete 
| 196|0x000000008c400000, 0x000000008c500000, 0x000000008c500000|100%| E|CS|TAMS 0x000000008c400000, 0x000000008c400000| Complete 
| 197|0x000000008c500000, 0x000000008c600000, 0x000000008c600000|100%| E|CS|TAMS 0x000000008c500000, 0x000000008c500000| Complete 
| 198|0x000000008c600000, 0x000000008c700000, 0x000000008c700000|100%| E|CS|TAMS 0x000000008c600000, 0x000000008c600000| Complete 
| 199|0x000000008c700000, 0x000000008c800000, 0x000000008c800000|100%| E|CS|TAMS 0x000000008c700000, 0x000000008c700000| Complete 
| 200|0x000000008c800000, 0x000000008c900000, 0x000000008c900000|100%| E|CS|TAMS 0x000000008c800000, 0x000000008c800000| Complete 
| 201|0x000000008c900000, 0x000000008ca00000, 0x000000008ca00000|100%| E|CS|TAMS 0x000000008c900000, 0x000000008c900000| Complete 
| 202|0x000000008ca00000, 0x000000008cb00000, 0x000000008cb00000|100%| E|CS|TAMS 0x000000008ca00000, 0x000000008ca00000| Complete 
| 203|0x000000008cb00000, 0x000000008cc00000, 0x000000008cc00000|100%| E|CS|TAMS 0x000000008cb00000, 0x000000008cb00000| Complete 
| 204|0x000000008cc00000, 0x000000008cd00000, 0x000000008cd00000|100%| E|CS|TAMS 0x000000008cc00000, 0x000000008cc00000| Complete 
| 205|0x000000008cd00000, 0x000000008ce00000, 0x000000008ce00000|100%| E|CS|TAMS 0x000000008cd00000, 0x000000008cd00000| Complete 
| 206|0x000000008ce00000, 0x000000008cf00000, 0x000000008cf00000|100%| E|CS|TAMS 0x000000008ce00000, 0x000000008ce00000| Complete 
| 207|0x000000008cf00000, 0x000000008d000000, 0x000000008d000000|100%| E|CS|TAMS 0x000000008cf00000, 0x000000008cf00000| Complete 
| 208|0x000000008d000000, 0x000000008d100000, 0x000000008d100000|100%| E|CS|TAMS 0x000000008d000000, 0x000000008d000000| Complete 
| 209|0x000000008d100000, 0x000000008d200000, 0x000000008d200000|100%| E|CS|TAMS 0x000000008d100000, 0x000000008d100000| Complete 
| 210|0x000000008d200000, 0x000000008d300000, 0x000000008d300000|100%| E|CS|TAMS 0x000000008d200000, 0x000000008d200000| Complete 
| 211|0x000000008d300000, 0x000000008d400000, 0x000000008d400000|100%| E|CS|TAMS 0x000000008d300000, 0x000000008d300000| Complete 
| 212|0x000000008d400000, 0x000000008d500000, 0x000000008d500000|100%| E|CS|TAMS 0x000000008d400000, 0x000000008d400000| Complete 
| 213|0x000000008d500000, 0x000000008d600000, 0x000000008d600000|100%| E|CS|TAMS 0x000000008d500000, 0x000000008d500000| Complete 
| 214|0x000000008d600000, 0x000000008d700000, 0x000000008d700000|100%| E|CS|TAMS 0x000000008d600000, 0x000000008d600000| Complete 
| 215|0x000000008d700000, 0x000000008d800000, 0x000000008d800000|100%| E|CS|TAMS 0x000000008d700000, 0x000000008d700000| Complete 
| 216|0x000000008d800000, 0x000000008d900000, 0x000000008d900000|100%| E|CS|TAMS 0x000000008d800000, 0x000000008d800000| Complete 
| 217|0x000000008d900000, 0x000000008da00000, 0x000000008da00000|100%| E|CS|TAMS 0x000000008d900000, 0x000000008d900000| Complete 
| 218|0x000000008da00000, 0x000000008db00000, 0x000000008db00000|100%| E|CS|TAMS 0x000000008da00000, 0x000000008da00000| Complete 
| 219|0x000000008db00000, 0x000000008dc00000, 0x000000008dc00000|100%| E|CS|TAMS 0x000000008db00000, 0x000000008db00000| Complete 
| 220|0x000000008dc00000, 0x000000008dd00000, 0x000000008dd00000|100%| E|CS|TAMS 0x000000008dc00000, 0x000000008dc00000| Complete 
| 221|0x000000008dd00000, 0x000000008de00000, 0x000000008de00000|100%| E|CS|TAMS 0x000000008dd00000, 0x000000008dd00000| Complete 
| 222|0x000000008de00000, 0x000000008df00000, 0x000000008df00000|100%| E|CS|TAMS 0x000000008de00000, 0x000000008de00000| Complete 
| 223|0x000000008df00000, 0x000000008e000000, 0x000000008e000000|100%| E|CS|TAMS 0x000000008df00000, 0x000000008df00000| Complete 
| 224|0x000000008e000000, 0x000000008e100000, 0x000000008e100000|100%| E|CS|TAMS 0x000000008e000000, 0x000000008e000000| Complete 
| 225|0x000000008e100000, 0x000000008e200000, 0x000000008e200000|100%| E|CS|TAMS 0x000000008e100000, 0x000000008e100000| Complete 
| 226|0x000000008e200000, 0x000000008e300000, 0x000000008e300000|100%| E|CS|TAMS 0x000000008e200000, 0x000000008e200000| Complete 
| 227|0x000000008e300000, 0x000000008e400000, 0x000000008e400000|100%| E|CS|TAMS 0x000000008e300000, 0x000000008e300000| Complete 
| 228|0x000000008e400000, 0x000000008e500000, 0x000000008e500000|100%| E|CS|TAMS 0x000000008e400000, 0x000000008e400000| Complete 
| 229|0x000000008e500000, 0x000000008e600000, 0x000000008e600000|100%| E|CS|TAMS 0x000000008e500000, 0x000000008e500000| Complete 
| 230|0x000000008e600000, 0x000000008e700000, 0x000000008e700000|100%| E|CS|TAMS 0x000000008e600000, 0x000000008e600000| Complete 
| 231|0x000000008e700000, 0x000000008e800000, 0x000000008e800000|100%| E|CS|TAMS 0x000000008e700000, 0x000000008e700000| Complete 
| 232|0x000000008e800000, 0x000000008e900000, 0x000000008e900000|100%| E|CS|TAMS 0x000000008e800000, 0x000000008e800000| Complete 
| 233|0x000000008e900000, 0x000000008ea00000, 0x000000008ea00000|100%| E|CS|TAMS 0x000000008e900000, 0x000000008e900000| Complete 
| 234|0x000000008ea00000, 0x000000008eb00000, 0x000000008eb00000|100%| E|CS|TAMS 0x000000008ea00000, 0x000000008ea00000| Complete 
| 235|0x000000008eb00000, 0x000000008ec00000, 0x000000008ec00000|100%| E|CS|TAMS 0x000000008eb00000, 0x000000008eb00000| Complete 
| 236|0x000000008ec00000, 0x000000008ed00000, 0x000000008ed00000|100%| E|CS|TAMS 0x000000008ec00000, 0x000000008ec00000| Complete 
| 237|0x000000008ed00000, 0x000000008ee00000, 0x000000008ee00000|100%| E|CS|TAMS 0x000000008ed00000, 0x000000008ed00000| Complete 
| 238|0x000000008ee00000, 0x000000008ef00000, 0x000000008ef00000|100%| E|CS|TAMS 0x000000008ee00000, 0x000000008ee00000| Complete 
| 239|0x000000008ef00000, 0x000000008f000000, 0x000000008f000000|100%| E|CS|TAMS 0x000000008ef00000, 0x000000008ef00000| Complete 
| 240|0x000000008f000000, 0x000000008f100000, 0x000000008f100000|100%| E|CS|TAMS 0x000000008f000000, 0x000000008f000000| Complete 
| 241|0x000000008f100000, 0x000000008f200000, 0x000000008f200000|100%| E|CS|TAMS 0x000000008f100000, 0x000000008f100000| Complete 
| 242|0x000000008f200000, 0x000000008f300000, 0x000000008f300000|100%| E|CS|TAMS 0x000000008f200000, 0x000000008f200000| Complete 
| 243|0x000000008f300000, 0x000000008f400000, 0x000000008f400000|100%| E|CS|TAMS 0x000000008f300000, 0x000000008f300000| Complete 

Card table byte_map: [0x00000208f6d10000,0x00000208f7110000] _byte_map_base: 0x00000208f6910000

Marking Bits (Prev, Next): (CMBitMap*) 0x00000208ee6ffba0, (CMBitMap*) 0x00000208ee6ffbe0
 Prev Bits: [0x00000208f7510000, 0x00000208f9510000)
 Next Bits: [0x00000208f9510000, 0x00000208fb510000)

Polling page: 0x00000208ede40000

Metaspace:

Usage:
  Non-class:     42.60 MB used.
      Class:      5.64 MB used.
       Both:     48.24 MB used.

Virtual space:
  Non-class space:       64.00 MB reserved,      42.88 MB ( 67%) committed,  1 nodes.
      Class space:        1.00 GB reserved,       5.81 MB ( <1%) committed,  1 nodes.
             Both:        1.06 GB reserved,      48.69 MB (  4%) committed. 

Chunk freelists:
   Non-Class:  940.00 KB
       Class:  2.19 MB
        Both:  3.11 MB

MaxMetaspaceSize: unlimited
CompressedClassSpaceSize: 1.00 GB
Initial GC threshold: 21.00 MB
Current GC threshold: 59.00 MB
CDS: on
MetaspaceReclaimPolicy: balanced
 - commit_granule_bytes: 65536.
 - commit_granule_words: 8192.
 - virtual_space_node_default_size: 8388608.
 - enlarge_chunks_in_place: 1.
 - new_chunks_are_fully_committed: 0.
 - uncommit_free_chunks: 1.
 - use_allocation_guard: 0.


Internal statistics:

num_allocs_failed_limit: 6.
num_arena_births: 636.
num_arena_deaths: 0.
num_vsnodes_births: 2.
num_vsnodes_deaths: 0.
num_space_committed: 779.
num_space_uncommitted: 0.
num_chunks_returned_to_freelist: 6.
num_chunks_taken_from_freelist: 2242.
num_chunk_merges: 3.
num_chunk_splits: 1690.
num_chunks_enlarged: 1397.
num_inconsistent_stats: 0.

CodeHeap 'non-profiled nmethods': size=120000Kb used=2359Kb max_used=2359Kb free=117640Kb
 bounds [0x0000020887ad0000, 0x0000020887d40000, 0x000002088f000000]
CodeHeap 'profiled nmethods': size=120000Kb used=8064Kb max_used=8064Kb free=111935Kb
 bounds [0x0000020880000000, 0x00000208807f0000, 0x0000020887530000]
CodeHeap 'non-nmethods': size=5760Kb used=1550Kb max_used=1588Kb free=4210Kb
 bounds [0x0000020887530000, 0x00000208877a0000, 0x0000020887ad0000]
 total_blobs=5219 nmethods=4419 adapters=709
 compilation: enabled
              stopped_count=0, restarted_count=0
 full_count=0

Compilation events (20 events):
Event: 9.128 Thread 0x00000208fb6fc6d0 4403       3       java.util.TimSort::mergeHi (732 bytes)
Event: 9.129 Thread 0x00000208fb6fc6d0 nmethod 4403 0x00000208807d4590 code [0x00000208807d4920, 0x00000208807d6e98]
Event: 9.129 Thread 0x00000208fb6fc6d0 4404       3       java.util.TimSort::gallopRight (335 bytes)
Event: 9.130 Thread 0x00000208fb6fc6d0 nmethod 4404 0x00000208807d7610 code [0x00000208807d7840, 0x00000208807d8358]
Event: 9.130 Thread 0x00000208fb6fc6d0 4405       3       java.util.TimSort::gallopLeft (335 bytes)
Event: 9.131 Thread 0x00000208fb6fc6d0 nmethod 4405 0x00000208807d8710 code [0x00000208807d8940, 0x00000208807d9438]
Event: 9.134 Thread 0x00000208fb6fc6d0 4406       3       java.io.OutputStream::write (9 bytes)
Event: 9.134 Thread 0x00000208fb6fc6d0 nmethod 4406 0x00000208807d9810 code [0x00000208807d99c0, 0x00000208807d9ba8]
Event: 9.139 Thread 0x00000208fb6fc6d0 4407       3       java.util.TimSort::ensureCapacity (77 bytes)
Event: 9.140 Thread 0x00000208fb6fc6d0 nmethod 4407 0x00000208807d9c90 code [0x00000208807d9e80, 0x00000208807da448]
Event: 9.141 Thread 0x00000208fb6fc6d0 4408       3       java.util.concurrent.atomic.Striped64::<init> (5 bytes)
Event: 9.141 Thread 0x00000208fb6fc6d0 nmethod 4408 0x00000208807da690 code [0x00000208807da840, 0x00000208807da9f8]
Event: 9.142 Thread 0x00000208fb6fc6d0 4409       3       java.util.concurrent.atomic.LongAdder::<init> (5 bytes)
Event: 9.142 Thread 0x00000208fb6fc6d0 nmethod 4409 0x00000208807dab10 code [0x00000208807dacc0, 0x00000208807daed8]
Event: 9.142 Thread 0x00000208fb6fc6d0 4410       3       scala.Predef$::refArrayOps (2 bytes)
Event: 9.142 Thread 0x00000208fb6fc6d0 nmethod 4410 0x00000208807db010 code [0x00000208807db1a0, 0x00000208807db2b8]
Event: 9.145 Thread 0x00000208fb6fc6d0 4411       3       java.io.FilterOutputStream::<init> (21 bytes)
Event: 9.146 Thread 0x00000208fb6fc6d0 nmethod 4411 0x00000208807db390 code [0x00000208807db540, 0x00000208807db878]
Event: 9.146 Thread 0x00000208fb6fc6d0 4412       3       java.util.TimSort::reverseRange (32 bytes)
Event: 9.147 Thread 0x00000208fb6fc6d0 nmethod 4412 0x00000208807db990 code [0x00000208807dbb60, 0x00000208807dc058]

GC Heap History (20 events):
Event: 7.647 GC heap before
{Heap before GC invocations=10 (full 0):
 garbage-first heap   total 102400K, used 74302K [0x0000000080000000, 0x0000000100000000)
  region size 1024K, 51 young (52224K), 1 survivors (1024K)
 Metaspace       used 48319K, committed 48832K, reserved 1114112K
  class space    used 5659K, committed 5888K, reserved 1048576K
}
Event: 7.650 GC heap after
{Heap after GC invocations=11 (full 0):
 garbage-first heap   total 249856K, used 26190K [0x0000000080000000, 0x0000000100000000)
  region size 1024K, 4 young (4096K), 4 survivors (4096K)
 Metaspace       used 48319K, committed 48832K, reserved 1114112K
  class space    used 5659K, committed 5888K, reserved 1048576K
}
Event: 7.885 GC heap before
{Heap before GC invocations=11 (full 0):
 garbage-first heap   total 249856K, used 173646K [0x0000000080000000, 0x0000000100000000)
  region size 1024K, 146 young (149504K), 4 survivors (4096K)
 Metaspace       used 48481K, committed 48960K, reserved 1114112K
  class space    used 5680K, committed 5888K, reserved 1048576K
}
Event: 7.888 GC heap after
{Heap after GC invocations=12 (full 0):
 garbage-first heap   total 249856K, used 28381K [0x0000000080000000, 0x0000000100000000)
  region size 1024K, 4 young (4096K), 4 survivors (4096K)
 Metaspace       used 48481K, committed 48960K, reserved 1114112K
  class space    used 5680K, committed 5888K, reserved 1048576K
}
Event: 8.016 GC heap before
{Heap before GC invocations=12 (full 0):
 garbage-first heap   total 249856K, used 173789K [0x0000000080000000, 0x0000000100000000)
  region size 1024K, 146 young (149504K), 4 survivors (4096K)
 Metaspace       used 48484K, committed 48960K, reserved 1114112K
  class space    used 5680K, committed 5888K, reserved 1048576K
}
Event: 8.018 GC heap after
{Heap after GC invocations=13 (full 0):
 garbage-first heap   total 249856K, used 28559K [0x0000000080000000, 0x0000000100000000)
  region size 1024K, 4 young (4096K), 4 survivors (4096K)
 Metaspace       used 48484K, committed 48960K, reserved 1114112K
  class space    used 5680K, committed 5888K, reserved 1048576K
}
Event: 8.141 GC heap before
{Heap before GC invocations=13 (full 0):
 garbage-first heap   total 249856K, used 173967K [0x0000000080000000, 0x0000000100000000)
  region size 1024K, 146 young (149504K), 4 survivors (4096K)
 Metaspace       used 48484K, committed 48960K, reserved 1114112K
  class space    used 5680K, committed 5888K, reserved 1048576K
}
Event: 8.143 GC heap after
{Heap after GC invocations=14 (full 0):
 garbage-first heap   total 249856K, used 28619K [0x0000000080000000, 0x0000000100000000)
  region size 1024K, 4 young (4096K), 4 survivors (4096K)
 Metaspace       used 48484K, committed 48960K, reserved 1114112K
  class space    used 5680K, committed 5888K, reserved 1048576K
}
Event: 8.254 GC heap before
{Heap before GC invocations=14 (full 0):
 garbage-first heap   total 249856K, used 174027K [0x0000000080000000, 0x0000000100000000)
  region size 1024K, 146 young (149504K), 4 survivors (4096K)
 Metaspace       used 48484K, committed 48960K, reserved 1114112K
  class space    used 5680K, committed 5888K, reserved 1048576K
}
Event: 8.256 GC heap after
{Heap after GC invocations=15 (full 0):
 garbage-first heap   total 249856K, used 28796K [0x0000000080000000, 0x0000000100000000)
  region size 1024K, 4 young (4096K), 4 survivors (4096K)
 Metaspace       used 48484K, committed 48960K, reserved 1114112K
  class space    used 5680K, committed 5888K, reserved 1048576K
}
Event: 8.387 GC heap before
{Heap before GC invocations=15 (full 0):
 garbage-first heap   total 249856K, used 174204K [0x0000000080000000, 0x0000000100000000)
  region size 1024K, 146 young (149504K), 4 survivors (4096K)
 Metaspace       used 48484K, committed 48960K, reserved 1114112K
  class space    used 5680K, committed 5888K, reserved 1048576K
}
Event: 8.389 GC heap after
{Heap after GC invocations=16 (full 0):
 garbage-first heap   total 249856K, used 28730K [0x0000000080000000, 0x0000000100000000)
  region size 1024K, 4 young (4096K), 4 survivors (4096K)
 Metaspace       used 48484K, committed 48960K, reserved 1114112K
  class space    used 5680K, committed 5888K, reserved 1048576K
}
Event: 8.531 GC heap before
{Heap before GC invocations=16 (full 0):
 garbage-first heap   total 249856K, used 174138K [0x0000000080000000, 0x0000000100000000)
  region size 1024K, 146 young (149504K), 4 survivors (4096K)
 Metaspace       used 48485K, committed 48960K, reserved 1114112K
  class space    used 5680K, committed 5888K, reserved 1048576K
}
Event: 8.533 GC heap after
{Heap after GC invocations=17 (full 0):
 garbage-first heap   total 249856K, used 28824K [0x0000000080000000, 0x0000000100000000)
  region size 1024K, 4 young (4096K), 4 survivors (4096K)
 Metaspace       used 48485K, committed 48960K, reserved 1114112K
  class space    used 5680K, committed 5888K, reserved 1048576K
}
Event: 8.667 GC heap before
{Heap before GC invocations=17 (full 0):
 garbage-first heap   total 249856K, used 174232K [0x0000000080000000, 0x0000000100000000)
  region size 1024K, 146 young (149504K), 4 survivors (4096K)
 Metaspace       used 48485K, committed 48960K, reserved 1114112K
  class space    used 5680K, committed 5888K, reserved 1048576K
}
Event: 8.669 GC heap after
{Heap after GC invocations=18 (full 0):
 garbage-first heap   total 249856K, used 28744K [0x0000000080000000, 0x0000000100000000)
  region size 1024K, 4 young (4096K), 4 survivors (4096K)
 Metaspace       used 48485K, committed 48960K, reserved 1114112K
  class space    used 5680K, committed 5888K, reserved 1048576K
}
Event: 8.782 GC heap before
{Heap before GC invocations=18 (full 0):
 garbage-first heap   total 249856K, used 174152K [0x0000000080000000, 0x0000000100000000)
  region size 1024K, 146 young (149504K), 4 survivors (4096K)
 Metaspace       used 48485K, committed 48960K, reserved 1114112K
  class space    used 5680K, committed 5888K, reserved 1048576K
}
Event: 8.784 GC heap after
{Heap after GC invocations=19 (full 0):
 garbage-first heap   total 249856K, used 28838K [0x0000000080000000, 0x0000000100000000)
  region size 1024K, 4 young (4096K), 4 survivors (4096K)
 Metaspace       used 48485K, committed 48960K, reserved 1114112K
  class space    used 5680K, committed 5888K, reserved 1048576K
}
Event: 8.910 GC heap before
{Heap before GC invocations=19 (full 0):
 garbage-first heap   total 249856K, used 174246K [0x0000000080000000, 0x0000000100000000)
  region size 1024K, 146 young (149504K), 4 survivors (4096K)
 Metaspace       used 48485K, committed 48960K, reserved 1114112K
  class space    used 5680K, committed 5888K, reserved 1048576K
}
Event: 8.912 GC heap after
{Heap after GC invocations=20 (full 0):
 garbage-first heap   total 249856K, used 28853K [0x0000000080000000, 0x0000000100000000)
  region size 1024K, 4 young (4096K), 4 survivors (4096K)
 Metaspace       used 48485K, committed 48960K, reserved 1114112K
  class space    used 5680K, committed 5888K, reserved 1048576K
}

Dll operation events (10 events):
Event: 0.007 Loaded shared library C:\Program Files\Java\jdk-19\bin\java.dll
Event: 0.016 Loaded shared library C:\Program Files\Java\jdk-19\bin\jsvml.dll
Event: 0.152 Loaded shared library C:\Program Files\Java\jdk-19\bin\net.dll
Event: 0.155 Loaded shared library C:\Program Files\Java\jdk-19\bin\nio.dll
Event: 0.165 Loaded shared library C:\Program Files\Java\jdk-19\bin\zip.dll
Event: 0.824 Loaded shared library C:\Program Files\Java\jdk-19\bin\jimage.dll
Event: 0.944 Loaded shared library C:\Users\DELL\AppData\Local\Temp\csjniutils-0.3.35956907864047627625.dll
Event: 2.504 Loaded shared library C:\Program Files\Java\jdk-19\bin\management.dll
Event: 2.506 Loaded shared library C:\Program Files\Java\jdk-19\bin\management_ext.dll
Event: 2.619 Loaded shared library C:\Program Files\Java\jdk-19\bin\extnet.dll

Deoptimization events (20 events):
Event: 9.005 Thread 0x00000208936d05a0 Uncommon trap: trap_request=0xffffff45 fr.pc=0x0000020887cfbc70 relative=0x00000000000001d0
Event: 9.005 Thread 0x00000208936d05a0 Uncommon trap: reason=unstable_if action=reinterpret pc=0x0000020887cfbc70 method=net.jpountz.xxhash.StreamingXXHash64JavaUnsafe.update([BII)V @ 25 c2
Event: 9.005 Thread 0x00000208936d05a0 DEOPT PACKING pc=0x0000020887cfbc70 sp=0x000000ea789fe230
Event: 9.005 Thread 0x00000208936d05a0 DEOPT UNPACKING pc=0x000002088759a5a3 sp=0x000000ea789fe198 mode 2
Event: 9.097 Thread 0x00000208936d05a0 Uncommon trap: trap_request=0xffffffbe fr.pc=0x0000020887d187b4 relative=0x00000000000002d4
Event: 9.097 Thread 0x00000208936cf5b0 Uncommon trap: trap_request=0xffffffbe fr.pc=0x0000020887d187b4 relative=0x00000000000002d4
Event: 9.097 Thread 0x00000208936d05a0 Uncommon trap: reason=profile_predicate action=maybe_recompile pc=0x0000020887d187b4 method=scala.meta.internal.metals.Fuzzy.endsWith(Ljava/lang/CharSequence;Ljava/lang/String;)Z @ 39 c2
Event: 9.097 Thread 0x00000208936cf5b0 Uncommon trap: reason=profile_predicate action=maybe_recompile pc=0x0000020887d187b4 method=scala.meta.internal.metals.Fuzzy.endsWith(Ljava/lang/CharSequence;Ljava/lang/String;)Z @ 39 c2
Event: 9.097 Thread 0x00000208936d05a0 DEOPT PACKING pc=0x0000020887d187b4 sp=0x000000ea789fe120
Event: 9.097 Thread 0x00000208936cf5b0 DEOPT PACKING pc=0x0000020887d187b4 sp=0x000000ea7a7feb00
Event: 9.097 Thread 0x00000208936d05a0 DEOPT UNPACKING pc=0x000002088759a5a3 sp=0x000000ea789fe030 mode 2
Event: 9.097 Thread 0x00000208936cf5b0 DEOPT UNPACKING pc=0x000002088759a5a3 sp=0x000000ea7a7fea10 mode 2
Event: 9.097 Thread 0x00000208936cf5b0 Uncommon trap: trap_request=0xffffffbe fr.pc=0x0000020887d187b4 relative=0x00000000000002d4
Event: 9.097 Thread 0x00000208936cf5b0 Uncommon trap: reason=profile_predicate action=maybe_recompile pc=0x0000020887d187b4 method=scala.meta.internal.metals.Fuzzy.endsWith(Ljava/lang/CharSequence;Ljava/lang/String;)Z @ 39 c2
Event: 9.097 Thread 0x00000208936cf5b0 DEOPT PACKING pc=0x0000020887d187b4 sp=0x000000ea7a7feb00
Event: 9.097 Thread 0x00000208936d05a0 Uncommon trap: trap_request=0xffffffbe fr.pc=0x0000020887d187b4 relative=0x00000000000002d4
Event: 9.097 Thread 0x00000208936d05a0 Uncommon trap: reason=profile_predicate action=maybe_recompile pc=0x0000020887d187b4 method=scala.meta.internal.metals.Fuzzy.endsWith(Ljava/lang/CharSequence;Ljava/lang/String;)Z @ 39 c2
Event: 9.097 Thread 0x00000208936d05a0 DEOPT PACKING pc=0x0000020887d187b4 sp=0x000000ea789fe120
Event: 9.097 Thread 0x00000208936cf5b0 DEOPT UNPACKING pc=0x000002088759a5a3 sp=0x000000ea7a7fea10 mode 2
Event: 9.097 Thread 0x00000208936d05a0 DEOPT UNPACKING pc=0x000002088759a5a3 sp=0x000000ea789fe030 mode 2

Classes loaded (20 events):
Event: 7.466 Loading class java/nio/file/FileTreeWalker$EventType
Event: 7.466 Loading class java/nio/file/FileTreeWalker$EventType done
Event: 7.466 Loading class java/nio/file/Files$3
Event: 7.467 Loading class java/nio/file/Files$3 done
Event: 7.467 Loading class jdk/internal/jrtfs/JrtPath$1
Event: 7.467 Loading class jdk/internal/jrtfs/JrtPath$1 done
Event: 7.467 Loading class java/nio/file/FileVisitResult
Event: 7.468 Loading class java/nio/file/FileVisitResult done
Event: 8.968 Loading class java/lang/foreign/MemorySegment
Event: 8.968 Loading class java/lang/foreign/Addressable
Event: 8.968 Loading class java/lang/foreign/Addressable done
Event: 8.968 Loading class java/lang/foreign/MemorySegment done
Event: 8.972 Loading class java/util/zip/GZIPInputStream
Event: 8.972 Loading class java/util/zip/GZIPInputStream done
Event: 8.987 Loading class java/nio/BufferOverflowException
Event: 8.987 Loading class java/nio/BufferOverflowException done
Event: 8.991 Loading class java/util/zip/Deflater
Event: 8.991 Loading class java/util/zip/Deflater done
Event: 8.991 Loading class java/util/zip/Deflater$DeflaterZStreamRef
Event: 8.991 Loading class java/util/zip/Deflater$DeflaterZStreamRef done

Classes unloaded (0 events):
No events

Classes redefined (0 events):
No events

Internal exceptions (20 events):
Event: 7.568 Thread 0x0000020893575a10 Exception <a 'sun/nio/fs/WindowsException'{0x0000000085250a88}> (0x0000000085250a88) 
thrown [s\open\src\hotspot\share\prims\jni.cpp, line 517]
Event: 7.568 Thread 0x0000020893575a10 Exception <a 'sun/nio/fs/WindowsException'{0x00000000852513e8}> (0x00000000852513e8) 
thrown [s\open\src\hotspot\share\prims\jni.cpp, line 517]
Event: 7.569 Thread 0x0000020893575a10 Exception <a 'sun/nio/fs/WindowsException'{0x00000000852c3bc0}> (0x00000000852c3bc0) 
thrown [s\open\src\hotspot\share\prims\jni.cpp, line 517]
Event: 7.570 Thread 0x0000020893575a10 Exception <a 'sun/nio/fs/WindowsException'{0x000000008510fc48}> (0x000000008510fc48) 
thrown [s\open\src\hotspot\share\prims\jni.cpp, line 517]
Event: 7.570 Thread 0x0000020893575a10 Exception <a 'sun/nio/fs/WindowsException'{0x000000008512c928}> (0x000000008512c928) 
thrown [s\open\src\hotspot\share\prims\jni.cpp, line 517]
Event: 7.570 Thread 0x0000020893575a10 Exception <a 'sun/nio/fs/WindowsException'{0x0000000085151d98}> (0x0000000085151d98) 
thrown [s\open\src\hotspot\share\prims\jni.cpp, line 517]
Event: 7.570 Thread 0x0000020893575a10 Exception <a 'sun/nio/fs/WindowsException'{0x00000000851520b8}> (0x00000000851520b8) 
thrown [s\open\src\hotspot\share\prims\jni.cpp, line 517]
Event: 7.570 Thread 0x0000020893575a10 Exception <a 'sun/nio/fs/WindowsException'{0x00000000851527d8}> (0x00000000851527d8) 
thrown [s\open\src\hotspot\share\prims\jni.cpp, line 517]
Event: 7.571 Thread 0x0000020893575a10 Exception <a 'sun/nio/fs/WindowsException'{0x0000000085152ad8}> (0x0000000085152ad8) 
thrown [s\open\src\hotspot\share\prims\jni.cpp, line 517]
Event: 7.575 Thread 0x0000020893575a10 Exception <a 'sun/nio/fs/WindowsException'{0x0000000084f48118}> (0x0000000084f48118) 
thrown [s\open\src\hotspot\share\prims\jni.cpp, line 517]
Event: 7.575 Thread 0x0000020893575a10 Exception <a 'sun/nio/fs/WindowsException'{0x0000000084f483e0}> (0x0000000084f483e0) 
thrown [s\open\src\hotspot\share\prims\jni.cpp, line 517]
Event: 7.575 Thread 0x0000020893575a10 Exception <a 'sun/nio/fs/WindowsException'{0x0000000084f48a80}> (0x0000000084f48a80) 
thrown [s\open\src\hotspot\share\prims\jni.cpp, line 517]
Event: 7.575 Thread 0x0000020893575a10 Exception <a 'sun/nio/fs/WindowsException'{0x0000000084f48c90}> (0x0000000084f48c90) 
thrown [s\open\src\hotspot\share\prims\jni.cpp, line 517]
Event: 7.575 Thread 0x0000020893575a10 Exception <a 'sun/nio/fs/WindowsException'{0x0000000084f49338}> (0x0000000084f49338) 
thrown [s\open\src\hotspot\share\prims\jni.cpp, line 517]
Event: 7.575 Thread 0x0000020893575a10 Exception <a 'sun/nio/fs/WindowsException'{0x0000000084f49548}> (0x0000000084f49548) 
thrown [s\open\src\hotspot\share\prims\jni.cpp, line 517]
Event: 7.583 Thread 0x00000208936ceb10 Exception <a 'sun/nio/fs/WindowsException'{0x0000000084c05f60}> (0x0000000084c05f60) 
thrown [s\open\src\hotspot\share\prims\jni.cpp, line 517]
Event: 7.706 Thread 0x0000020893575a10 Exception <a 'sun/nio/fs/WindowsException'{0x000000008db9d1c8}> (0x000000008db9d1c8) 
thrown [s\open\src\hotspot\share\prims\jni.cpp, line 517]
Event: 8.952 Thread 0x00000208936cf5b0 Exception <a 'java/lang/NoSuchMethodError'{0x000000008cf9c2d0}: 'java.lang.Object java.lang.invoke.DirectMethodHandle$Holder.newInvokeSpecial(java.lang.Object, java.lang.Object, java.lang.Object, java.lang.Object, int, java.lang.Object, java.lang.Object)'> (0x000000008cf9c2d0) 
thrown [s\open\src\hotspot\share\interpreter\linkResolver.cpp, line 774]
Event: 8.952 Thread 0x00000208936cf5b0 Exception <a 'java/lang/NoSuchMethodError'{0x000000008cfa5308}: 'java.lang.Object java.lang.invoke.Invokers$Holder.linkToTargetMethod(java.lang.Object, java.lang.Object, java.lang.Object, int, java.lang.Object, java.lang.Object, java.lang.Object)'> (0x000000008cfa5308) 
thrown [s\open\src\hotspot\share\interpreter\linkResolver.cpp, line 774]
Event: 8.953 Thread 0x00000208936d05a0 Exception <a 'java/lang/NoSuchMethodError'{0x000000008cd4f540}: 'java.lang.Object java.lang.invoke.Invokers$Holder.linkToTargetMethod(java.lang.Object, java.lang.Object, java.lang.Object, int, java.lang.Object, java.lang.Object, java.lang.Object)'> (0x000000008cd4f540) 
thrown [s\open\src\hotspot\share\interpreter\linkResolver.cpp, line 774]

VM Operations (20 events):
Event: 7.647 Executing VM operation: G1CollectForAllocation
Event: 7.650 Executing VM operation: G1CollectForAllocation done
Event: 7.885 Executing VM operation: G1CollectForAllocation
Event: 7.888 Executing VM operation: G1CollectForAllocation done
Event: 8.016 Executing VM operation: G1CollectForAllocation
Event: 8.018 Executing VM operation: G1CollectForAllocation done
Event: 8.141 Executing VM operation: G1CollectForAllocation
Event: 8.143 Executing VM operation: G1CollectForAllocation done
Event: 8.254 Executing VM operation: G1CollectForAllocation
Event: 8.256 Executing VM operation: G1CollectForAllocation done
Event: 8.387 Executing VM operation: G1CollectForAllocation
Event: 8.389 Executing VM operation: G1CollectForAllocation done
Event: 8.531 Executing VM operation: G1CollectForAllocation
Event: 8.533 Executing VM operation: G1CollectForAllocation done
Event: 8.666 Executing VM operation: G1CollectForAllocation
Event: 8.669 Executing VM operation: G1CollectForAllocation done
Event: 8.782 Executing VM operation: G1CollectForAllocation
Event: 8.784 Executing VM operation: G1CollectForAllocation done
Event: 8.910 Executing VM operation: G1CollectForAllocation
Event: 8.912 Executing VM operation: G1CollectForAllocation done

Events (20 events):
Event: 7.106 Thread 0x00000208936ce5c0 Thread added: 0x00000208936ce5c0
Event: 7.107 Thread 0x00000208936ce070 Thread exited: 0x00000208936ce070
Event: 7.107 Thread 0x00000208936d4ab0 Thread exited: 0x00000208936d4ab0
Event: 7.107 Thread 0x00000208936ce5c0 Thread exited: 0x00000208936ce5c0
Event: 7.144 Thread 0x00000208936d5000 Thread exited: 0x00000208936d5000
Event: 7.188 Thread 0x00000208936d2580 Thread added: 0x00000208936d2580
Event: 7.195 Thread 0x00000208936d4ab0 Thread added: 0x00000208936d4ab0
Event: 7.198 Thread 0x00000208936d2ad0 Thread added: 0x00000208936d2ad0
Event: 7.222 Thread 0x00000208936d2ad0 Thread exited: 0x00000208936d2ad0
Event: 7.270 Thread 0x00000208936d5000 Thread added: 0x00000208936d5000
Event: 7.413 Thread 0x00000208936ce5c0 Thread added: 0x00000208936ce5c0
Event: 7.469 Thread 0x0000020893850cd0 Thread added: 0x0000020893850cd0
Event: 7.510 Thread 0x00000208936cf5b0 Thread added: 0x00000208936cf5b0
Event: 7.520 Thread 0x00000208936ceb10 Thread added: 0x00000208936ceb10
Event: 7.772 Thread 0x00000208936d0af0 Thread added: 0x00000208936d0af0
Event: 7.774 Thread 0x00000208936cfb00 Thread added: 0x00000208936cfb00
Event: 8.145 Thread 0x0000020893850cd0 Thread exited: 0x0000020893850cd0
Event: 8.145 Thread 0x0000020893ad1a00 Thread exited: 0x0000020893ad1a00
Event: 8.954 Thread 0x00000208939b8490 Thread added: 0x00000208939b8490
Event: 8.963 Thread 0x00000208ff139450 Thread added: 0x00000208ff139450


Dynamic libraries:
0x00007ff734c00000 - 0x00007ff734c10000 	C:\Program Files\Java\jdk-19\bin\java.exe
0x00007ffd1b850000 - 0x00007ffd1ba48000 	C:\Windows\SYSTEM32\ntdll.dll
0x00007ffd1af70000 - 0x00007ffd1b032000 	C:\Windows\System32\KERNEL32.DLL
0x00007ffd19470000 - 0x00007ffd19766000 	C:\Windows\System32\KERNELBASE.dll
0x00007ffd192f0000 - 0x00007ffd193f0000 	C:\Windows\System32\ucrtbase.dll
0x00007ffd0b690000 - 0x00007ffd0b6a8000 	C:\Program Files\Java\jdk-19\bin\jli.dll
0x00007ffd0b670000 - 0x00007ffd0b68b000 	C:\Program Files\Java\jdk-19\bin\VCRUNTIME140.dll
0x00007ffd1b600000 - 0x00007ffd1b6b1000 	C:\Windows\System32\ADVAPI32.dll
0x00007ffd1acb0000 - 0x00007ffd1ad4e000 	C:\Windows\System32\msvcrt.dll
0x00007ffd19850000 - 0x00007ffd198ef000 	C:\Windows\System32\sechost.dll
0x00007ffd1b6c0000 - 0x00007ffd1b7e0000 	C:\Windows\System32\RPCRT4.dll
0x00007ffd18fa0000 - 0x00007ffd18fc7000 	C:\Windows\System32\bcrypt.dll
0x00007ffd19b10000 - 0x00007ffd19cad000 	C:\Windows\System32\USER32.dll
0x00007ffd19820000 - 0x00007ffd19842000 	C:\Windows\System32\win32u.dll
0x00007ffcfd620000 - 0x00007ffcfd8bb000 	C:\Windows\WinSxS\amd64_microsoft.windows.common-controls_6595b64144ccf1df_6.0.19041.6280_none_60bc30a171f2f3f3\COMCTL32.dll
0x00007ffd198f0000 - 0x00007ffd1991b000 	C:\Windows\System32\GDI32.dll
0x00007ffd191d0000 - 0x00007ffd192e9000 	C:\Windows\System32\gdi32full.dll
0x00007ffd19130000 - 0x00007ffd191cd000 	C:\Windows\System32\msvcp_win.dll
0x00007ffd11550000 - 0x00007ffd1155a000 	C:\Windows\SYSTEM32\VERSION.dll
0x00007ffd1a7b0000 - 0x00007ffd1a7df000 	C:\Windows\System32\IMM32.DLL
0x00007ffd10860000 - 0x00007ffd1086c000 	C:\Program Files\Java\jdk-19\bin\vcruntime140_1.dll
0x00007ffce8bf0000 - 0x00007ffce8c7e000 	C:\Program Files\Java\jdk-19\bin\msvcp140.dll
0x00007ffc822a0000 - 0x00007ffc82f60000 	C:\Program Files\Java\jdk-19\bin\server\jvm.dll
0x00007ffd0b6b0000 - 0x00007ffd0b6d7000 	C:\Windows\SYSTEM32\WINMM.dll
0x00007ffcff030000 - 0x00007ffcff039000 	C:\Windows\SYSTEM32\WSOCK32.dll
0x00007ffd19fc0000 - 0x00007ffd1a02b000 	C:\Windows\System32\WS2_32.dll
0x00007ffd176a0000 - 0x00007ffd176b2000 	C:\Windows\SYSTEM32\kernel.appcore.dll
0x00007ffd106d0000 - 0x00007ffd106da000 	C:\Program Files\Java\jdk-19\bin\jimage.dll
0x00007ffd16410000 - 0x00007ffd16611000 	C:\Windows\SYSTEM32\DBGHELP.DLL
0x00007ffcfcfd0000 - 0x00007ffcfd004000 	C:\Windows\SYSTEM32\dbgcore.DLL
0x00007ffd18f10000 - 0x00007ffd18f92000 	C:\Windows\System32\bcryptPrimitives.dll
0x00007ffcf5ee0000 - 0x00007ffcf5f06000 	C:\Program Files\Java\jdk-19\bin\java.dll
0x00007ffcdfff0000 - 0x00007ffce00c7000 	C:\Program Files\Java\jdk-19\bin\jsvml.dll
0x00007ffd1a030000 - 0x00007ffd1a7a0000 	C:\Windows\System32\SHELL32.dll
0x00007ffd16ee0000 - 0x00007ffd17685000 	C:\Windows\SYSTEM32\windows.storage.dll
0x00007ffd1b040000 - 0x00007ffd1b393000 	C:\Windows\System32\combase.dll
0x00007ffd18740000 - 0x00007ffd1876b000 	C:\Windows\SYSTEM32\Wldp.dll
0x00007ffd1aea0000 - 0x00007ffd1af6d000 	C:\Windows\System32\OLEAUT32.dll
0x00007ffd19cb0000 - 0x00007ffd19d5d000 	C:\Windows\System32\SHCORE.dll
0x00007ffd19a50000 - 0x00007ffd19aab000 	C:\Windows\System32\shlwapi.dll
0x00007ffd18df0000 - 0x00007ffd18e14000 	C:\Windows\SYSTEM32\profapi.dll
0x00007ffd05500000 - 0x00007ffd05513000 	C:\Program Files\Java\jdk-19\bin\net.dll
0x00007ffd147e0000 - 0x00007ffd148ea000 	C:\Windows\SYSTEM32\WINHTTP.dll
0x00007ffd18520000 - 0x00007ffd1858a000 	C:\Windows\system32\mswsock.dll
0x00007ffd04d70000 - 0x00007ffd04d86000 	C:\Program Files\Java\jdk-19\bin\nio.dll
0x00007ffcf5d60000 - 0x00007ffcf5d78000 	C:\Program Files\Java\jdk-19\bin\zip.dll
0x00007ffd18780000 - 0x00007ffd18798000 	C:\Windows\SYSTEM32\CRYPTSP.dll
0x00007ffd17e60000 - 0x00007ffd17e98000 	C:\Windows\system32\rsaenh.dll
0x00007ffd18d70000 - 0x00007ffd18d9e000 	C:\Windows\SYSTEM32\USERENV.dll
0x00007ffd186b0000 - 0x00007ffd186bc000 	C:\Windows\SYSTEM32\CRYPTBASE.dll
0x00007ffd18220000 - 0x00007ffd1825b000 	C:\Windows\SYSTEM32\IPHLPAPI.DLL
0x00007ffd19d60000 - 0x00007ffd19d68000 	C:\Windows\System32\NSI.dll
0x00007ffd10f10000 - 0x00007ffd10f27000 	C:\Windows\SYSTEM32\dhcpcsvc6.DLL
0x00007ffd106b0000 - 0x00007ffd106cd000 	C:\Windows\SYSTEM32\dhcpcsvc.DLL
0x00007ffd18260000 - 0x00007ffd1832a000 	C:\Windows\SYSTEM32\DNSAPI.dll
0x00007ffd10c70000 - 0x00007ffd10c96000 	C:\Users\DELL\AppData\Local\Temp\csjniutils-0.3.35956907864047627625.dll
0x00007ffd19920000 - 0x00007ffd19a4b000 	C:\Windows\System32\ole32.dll
0x00007ffd052a0000 - 0x00007ffd052aa000 	C:\Program Files\Java\jdk-19\bin\management.dll
0x00007ffd05170000 - 0x00007ffd0517b000 	C:\Program Files\Java\jdk-19\bin\management_ext.dll
0x00007ffd1ae90000 - 0x00007ffd1ae98000 	C:\Windows\System32\PSAPI.DLL
0x00007ffd11540000 - 0x00007ffd1154a000 	C:\Windows\System32\rasadhlp.dll
0x00007ffd0e490000 - 0x00007ffd0e510000 	C:\Windows\System32\fwpuclnt.dll
0x00007ffd04a80000 - 0x00007ffd04a88000 	C:\Program Files\Java\jdk-19\bin\extnet.dll

dbghelp: loaded successfully - version: 4.0.5 - missing functions: none
symbol engine: initialized successfully - sym options: 0x614 - pdb path: .;C:\Program Files\Java\jdk-19\bin;C:\Windows\SYSTEM32;C:\Windows\WinSxS\amd64_microsoft.windows.common-controls_6595b64144ccf1df_6.0.19041.6280_none_60bc30a171f2f3f3;C:\Program Files\Java\jdk-19\bin\server;C:\Users\DELL\AppData\Local\Temp

VM Arguments:
jvm_args: -Xss4m -Xms100m -Dmetals.client=vscode -Xmx2G -XX:ZUncommitDelay=30 -XX:ZCollectionInterval=5 -XX:+IgnoreUnrecognizedVMOptions 
java_command: scala.meta.metals.Main
java_class_path (initial): C:\Users\DELL\AppData\Local\Coursier\cache\v1\https\repo1.maven.org\maven2\org\scalameta\metals_2.13\1.6.7\metals_2.13-1.6.7.jar;C:\Users\DELL\AppData\Local\Coursier\cache\v1\https\repo1.maven.org\maven2\org\scala-lang\scala-library\2.13.18\scala-library-2.13.18.jar;C:\Users\DELL\AppData\Local\Coursier\cache\v1\https\repo1.maven.org\maven2\org\scalameta\mtags_2.13.18\1.6.7\mtags_2.13.18-1.6.7.jar;C:\Users\DELL\AppData\Local\Coursier\cache\v1\https\repo1.maven.org\maven2\org\scalameta\mtags-java_2.13\1.6.7\mtags-java_2.13-1.6.7.jar;C:\Users\DELL\AppData\Local\Coursier\cache\v1\https\repo1.maven.org\maven2\org\eclipse\jdt\org.eclipse.jdt.core\3.25.0\org.eclipse.jdt.core-3.25.0.jar;C:\Users\DELL\AppData\Local\Coursier\cache\v1\https\repo1.maven.org\maven2\org\eclipse\platform\org.eclipse.ant.core\3.5.500\org.eclipse.ant.core-3.5.500.jar;C:\Users\DELL\AppData\Local\Coursier\cache\v1\https\repo1.maven.org\maven2\org\eclipse\platform\org.eclipse.compare.core\3.6.600\org.eclipse.compare.core-3.6.600.jar;C:\Users\DELL\AppData\Local\Coursier\cache\v1\https\repo1.maven.org\maven2\org\eclipse\platform\org.eclipse.core.commands\3.9.500\org.eclipse.core.commands-3.9.500.jar;C:\Users\DELL\AppData\Local\Coursier\cache\v1\https\repo1.maven.org\maven2\org\eclipse\platform\org.eclipse.core.contenttype\3.7.500\org.eclipse.core.contenttype-3.7.500.jar;C:\Users\DELL\AppData\Local\Coursier\cache\v1\https\repo1.maven.org\maven2\org\eclipse\platform\org.eclipse.core.expressions\3.6.500\org.eclipse.core.expressions-3.6.500.jar;C:\Users\DELL\AppData\Local\Coursier\cache\v1\https\repo1.maven.org\maven2\org\eclipse\platform\org.eclipse.core.filesystem\1.7.500\org.eclipse.core.filesystem-1.7.500.jar;C:\Users\DELL\AppData\Local\Coursier\cache\v1\https\repo1.maven.org\maven2\org\eclipse\platform\org.eclipse.core.jobs\3.10.500\org.eclipse.core.jobs-3.10.500.jar;C:\Users\DELL\AppData\Local\Coursier\cache\v1\https\repo1.maven.org\maven2\org\eclipse\platform\org.eclipse.core.resources\3.13.500\org.eclipse.core.resources-3.13.500.jar;C:\Users\DELL\AppData\Local\Coursier\cache\v1\https\repo1.maven.org\maven2\org\eclipse\platform\org.eclipse.core.runtime\3.16.0\org.eclipse.core.runtime-3.16.0.jar;C:\Users\DELL\AppData\Local\Coursier\cache\v1\https\repo1.maven.org\maven2\org\eclipse\platform\org.eclipse.core.variables\3.4.600\org.eclipse.core.variables-3.4.600.jar;C:\Users\DELL\AppData\Local\Coursier\cache\v1\https\repo1.maven.org\maven2\org\eclipse\platform\org.eclipse.equinox.app\1.4.300\org.eclipse.equinox.app-1.4.300.jar;C:\Users\DELL\AppData\Local\Coursier\cache\v1\https\repo1.maven.org\maven2\org\eclipse\platform\org.eclipse.equinox.common\3.10.600\org.eclipse.equinox.common-3.10.600.jar;C:\Users\DELL\AppData\Local\Coursier\cache\v1\https\repo1.maven.org\maven2\org\eclipse\platform\org.eclipse.equinox.preferences\3.7.600\org.eclipse.equinox.preferences-3.7.600.jar;C:\Users\DELL\AppData\Local\Coursier\cache\v1\https\repo1.maven.org\maven2\org\eclipse\platform\org.eclipse.equinox.registry\3.8.600\org.eclipse.equinox.registry-3.8.600.jar;C:\Users\DELL\AppData\Local\Coursier\cache\v1\https\repo1.maven.org\maven2\org\eclipse\platform\org.eclipse.osgi\3.15.0\org.eclipse.osgi-3.15.0.jar;C:\Users\DELL\AppData\Local\Coursier\cache\v1\https\repo1.maven.org\maven2\org\eclipse\platform\org.eclipse.team.core\3.8.700\org.eclipse.team.core-3.8.700.jar;C:\Users\DELL\AppData\Local\Coursier\cache\v1\https\repo1.maven.org\maven2\org\eclipse\platform\org.eclipse.text\3.9.0\org.eclipse.text-3.9.0.jar;C:\Users\DELL\AppData\Local\Coursier\cache\v1\https\repo1.maven.org\maven2\com\google\guava\guava\33.5.0-jre\guava-33.5.0-jre.jar;C:\Users\DELL\AppData\Local\Coursier\cache\v1\https\repo1.maven.org\maven2\com\google\code\findbugs\jsr305\3.0.2\jsr305-3.0.2.jar;C:\Users\DELL\AppData\Local\Coursier\cache\v1\https\repo1.maven.org\maven2\org\scalameta\metaconfig-core_2.13\0.18.2\metaconfig-core_2.13-0.18.2.jar;C:\Users\DELL\AppData\Local\Coursier\cache\v1\https\repo1.maven.org\maven2\org\openjdk\jol\jol-core\0.17\jol-core-0.17.jar;C:\Users\DELL\AppData\Local\Coursier\cache\v1\https\repo1.maven.org\maven2\com\swoval\file-tree-views\2.1.12\file-tree-views-2.1.12.jar;C:\Users\DELL\AppData\Local\Coursier\cache\v1\https\repo1.maven.org\maven2\io\undertow\undertow-core\2.3.12.Final\undertow-core-2.3.12.Final.jar;C:\Users\DELL\AppData\Local\Coursier\cache\v1\https\repo1.maven.org\maven2\org\jboss\xnio\xnio-nio\3.8.17.Final\xnio-nio-3.8.17.Final.jar;C:\Users\DELL\AppData\Local\Coursier\cache\v1\https\repo1.maven.org\maven2\org\flywaydb\flyway-core\12.0.3\flyway-core-12.0.3.jar;C:\Users\DELL\AppData\Local\Coursier\cache\v1\https\repo1.maven.org\maven2\com\h2database\h2\2.4.240\h2-2.4.240.jar;C:\Users\DELL\AppData\Local\Coursier\cache\v1\https\repo1.maven.org\maven2\org\scala-sbt\ipcsocket\ipcsocket\1.6.3\ipcsocket-1.6.3.jar;C:\Users\DELL\AppData\Local\Coursier\cache\v1\https\repo1.maven.org\maven2\ch\epfl\scala\bsp4j\2.2.0-M2\bsp4j-2.2.0-M2.jar;C:\Users\DELL\AppData\Local\Coursier\cache\v1\https\repo1.maven.org\maven2\ch\epfl\scala\bloop-rifle_2.13\2.0.19\bloop-rifle_2.13-2.0.19.jar;C:\Users\DELL\AppData\Local\Coursier\cache\v1\https\repo1.maven.org\maven2\org\eclipse\lsp4j\org.eclipse.lsp4j\1.0.0\org.eclipse.lsp4j-1.0.0.jar;C:\Users\DELL\AppData\Local\Coursier\cache\v1\https\repo1.maven.org\maven2\org\eclipse\lsp4j\org.eclipse.lsp4j.debug\1.0.0\org.eclipse.lsp4j.debug-1.0.0.jar;C:\Users\DELL\AppData\Local\Coursier\cache\v1\https\repo1.maven.org\maven2\ch\epfl\scala\scala-debug-adapter_2.13\4.2.8\scala-debug-adapter_2.13-4.2.8.jar;C:\Users\DELL\AppData\Local\Coursier\cache\v1\https\repo1.maven.org\maven2\io\get-coursier\util\directories\0.1.4\directories-0.1.4.jar;C:\Users\DELL\AppData\Local\Coursier\cache\v1\https\repo1.maven.org\maven2\io\get-coursier\util\directories-jni\0.1.4\directories-jni-0.1.4.jar;C:\Users\DELL\AppData\Local\Coursier\cache\v1\https\repo1.maven.org\maven2\org\scalameta\mdoc-interfaces\2.8.2\mdoc-interfaces-2.8.2.jar;C:\Users\DELL\AppData\Local\Coursier\cache\v1\https\repo1.maven.org\maven2\org\scalameta\scalafmt-dynamic_2.13\3.10.7\scalafmt-dynamic_2.13-3.10.7.jar;C:\Users\DELL\AppData\Local\Coursier\cache\v1\https\repo1.maven.org\maven2\ch\epfl\scala\scalafix-interfaces\0.14.6\scalafix-interfaces-0.14.6.jar;C:\Users\DELL\AppData\Local\Coursier\cache\v1\https\repo1.maven.org\maven2\io\get-coursier\interface\1.0.29-M2\interface-1.0.29-M2.jar;C:\Users\DELL\AppData\Local\Coursier\cache\v1\https\repo1.maven.org\maven2\io\get-coursier\coursier_2.13\2.1.25-M23\coursier_2.13-2.1.25-M23.jar;C:\Users\DELL\AppData\Local\Coursier\cache\v1\https\repo1.maven.org\maven2\io\get-coursier\coursier-sbt-maven-repository_2.13\2.1.25-M23\coursier-sbt-maven-repository_2.13-2.1.25-M23.jar;C:\Users\DELL\AppData\Local\Coursier\cache\v1\https\repo1.maven.org\maven2\com\outr\scribe_2.13\3.18.0\scribe_2.13-3.18.0.jar;C:\Users\DELL\AppData\Local\Coursier\cache\v1\https\repo1.maven.org\maven2\com\outr\scribe-file_2.13\3.18.0\scribe-file_2.13-3.18.0.jar;C:\Users\DELL\AppData\Local\Coursier\cache\v1\https\repo1.maven.org\maven2\com\outr\scribe-slf4j2_2.13\3.18.0\scribe-slf4j2_2.13-3.18.0.jar;C:\Users\DELL\AppData\Local\Coursier\cache\v1\https\repo1.maven.org\maven2\com\lihaoyi\ujson_2.13\4.4.3\ujson_2.13-4.4.3.jar;C:\Users\DELL\AppData\Local\Coursier\cache\v1\https\repo1.maven.org\maven2\com\lihaoyi\requests_2.13\0.9.3\requests_2.13-0.9.3.jar;C:\Users\DELL\AppData\Local\Coursier\cache\v1\https\repo1.maven.org\maven2\org\scalameta\scalameta_2.13\4.15.2\scalameta_2.13-4.15.2.jar;C:\Users\DELL\AppData\Local\Coursier\cache\v1\https\repo1.maven.org\maven2\org\scalameta\semanticdb-metap_2.13.18\4.15.2\semanticdb-metap_2.13.18-4.15.2.jar;C:\Users\DELL\AppData\Local\Coursier\cache\v1\https\repo1.maven.org\maven2\org\scalameta\semanticdb-shared_2.13\4.15.2\semanticdb-shared_2.13-4.15.2.jar;C:\Users\DELL\AppData\Local\Coursier\cache\v1\https\repo1.maven.org\maven2\org\scala-lang\modules\scala-xml_2.13\2.4.0\scala-xml_2.13-2.4.0.jar;C:\Users\DELL\AppData\Local\Coursier\cache\v1\https\repo1.maven.org\maven2\org\virtuslab\scala-cli\scala-cli-bsp\1.12.4\scala-cli-bsp-1.12.4.jar;C:\Users\DELL\AppData\Local\Coursier\cache\v1\https\repo1.maven.org\maven2\ch\epfl\scala\bloop-config_2.13\2.3.3\bloop-config_2.13-2.3.3.jar;C:\Users\DELL\AppData\Local\Coursier\cache\v1\https\repo1.maven.org\maven2\io\modelcontextprotocol\sdk\mcp\1.0.0\mcp-1.0.0.jar;C:\Users\DELL\AppData\Local\Coursier\cache\v1\https\repo1.maven.org\maven2\io\modelcontextprotocol\sdk\mcp-json-jackson2\1.0.0\mcp-json-jackson2-1.0.0.jar;C:\Users\DELL\AppData\Local\Coursier\cache\v1\https\repo1.maven.org\maven2\com\fasterxml\jackson\core\jackson-databind\2.21.1\jackson-databind-2.21.1.jar;C:\Users\DELL\AppData\Local\Coursier\cache\v1\https\repo1.maven.org\maven2\io\undertow\undertow-servlet\2.3.12.Final\undertow-servlet-2.3.12.Final.jar;C:\Users\DELL\AppData\Local\Coursier\cache\v1\https\repo1.maven.org\maven2\org\playframework\twirl\twirl-compiler_2.13\2.0.9\twirl-compiler_2.13-2.0.9.jar;C:\Users\DELL\AppData\Local\Coursier\cache\v1\https\repo1.maven.org\maven2\org\scalameta\mtags-shared_2.13.18\1.6.7\mtags-shared_2.13.18-1.6.7.jar;C:\Users\DELL\AppData\Local\Coursier\cache\v1\https\repo1.maven.org\maven2\com\lihaoyi\geny_2.13\1.1.1\geny_2.13-1.1.1.jar;C:\Users\DELL\AppData\Local\Coursier\cache\v1\https\repo1.maven.org\maven2\com\thoughtworks\qdox\qdox\2.2.0\qdox-2.2.0.jar;C:\Users\DELL\AppData\Local\Coursier\cache\v1\https\repo1.maven.org\maven2\org\scala-lang\modules\scala-java8-compat_2.13\1.0.2\scala-java8-compat_2.13-1.0.2.jar;C:\Users\DELL\AppData\Local\Coursier\cache\v1\https\repo1.maven.org\maven2\org\jsoup\jsoup\1.22.1\jsoup-1.22.1.jar;C:\Users\DELL\AppData\Local\Coursier\cache\v1\https\repo1.maven.org\maven2\com\googlecode\java-diff-utils\diffutils\1.3.0\diffutils-1.3.0.jar;C:\Users\DELL\AppData\Local\Coursier\cache\v1\https\repo1.maven.org\maven2\org\scalameta\semanticdb-scalac-core_2.13.18\4.15.2\semanticdb-scalac-core_2.13.18-4.15.2.jar;C:\Users\DELL\AppData\Local\Coursier\cache\v1\https\repo1.maven.org\maven2\org\scalameta\mtags-interfaces\1.6.7\mtags-interfaces-1.6.7.jar;C:\Users\DELL\AppData\Local\Coursier\cache\v1\https\repo1.maven.org\maven2\com\google\guava\failureaccess\1.0.3\failureaccess-1.0.3.jar;C:\Users\DELL\AppData\Local\Coursier\cache\v1\https\repo1.maven.org\maven2\com\google\guava\listenablefuture\9999.0-empty-to-avoid-conflict-with-guava\listenablefuture-9999.0-empty-to-avoid-conflict-with-guava.jar;C:\Users\DELL\AppData\Local\Coursier\cache\v1\https\repo1.maven.org\maven2\org\jspecify\jspecify\1.0.0\jspecify-1.0.0.jar;C:\Users\DELL\AppData\Local\Coursier\cache\v1\https\repo1.maven.org\maven2\com\google\errorprone\error_prone_annotations\2.41.0\error_prone_annotations-2.41.0.jar;C:\Users\DELL\AppData\Local\Coursier\cache\v1\https\repo1.maven.org\maven2\com\google\j2objc\j2objc-annotations\3.1\j2objc-annotations-3.1.jar;C:\Users\DELL\AppData\Local\Coursier\cache\v1\https\repo1.maven.org\maven2\org\scalameta\metaconfig-pprint_2.13\0.18.2\metaconfig-pprint_2.13-0.18.2.jar;C:\Users\DELL\AppData\Local\Coursier\cache\v1\https\repo1.maven.org\maven2\org\typelevel\paiges-core_2.13\0.4.4\paiges-core_2.13-0.4.4.jar;C:\Users\DELL\AppData\Local\Coursier\cache\v1\https\repo1.maven.org\maven2\org\scala-lang\modules\scala-collection-compat_2.13\2.14.0\scala-collection-compat_2.13-2.14.0.jar;C:\Users\DELL\AppData\Local\Coursier\cache\v1\https\repo1.maven.org\maven2\org\scala-lang\scala-reflect\2.13.18\scala-reflect-2.13.18.jar;C:\Users\DELL\AppData\Local\Coursier\cache\v1\https\repo1.maven.org\maven2\org\jboss\logging\jboss-logging\3.4.3.Final\jboss-logging-3.4.3.Final.jar;C:\Users\DELL\AppData\Local\Coursier\cache\v1\https\repo1.maven.org\maven2\org\jboss\xnio\xnio-api\3.8.17.Final\xnio-api-3.8.17.Final.jar;C:\Users\DELL\AppData\Local\Coursier\cache\v1\https\repo1.maven.org\maven2\org\jboss\threads\jboss-threads\3.5.0.Final\jboss-threads-3.5.0.Final.jar;C:\Users\DELL\AppData\Local\Coursier\cache\v1\https\repo1.maven.org\maven2\tools\jackson\core\jackson-databind\3.0.4\jackson-databind-3.0.4.jar;C:\Users\DELL\AppData\Local\Coursier\cache\v1\https\repo1.maven.org\maven2\net\java\dev\jna\jna\5.12.0\jna-5.12.0.jar;C:\Users\DELL\AppData\Local\Coursier\cache\v1\https\repo1.maven.org\maven2\net\java\dev\jna\jna-platform\5.12.0\jna-platform-5.12.0.jar;C:\Users\DELL\AppData\Local\Coursier\cache\v1\https\repo1.maven.org\maven2\org\eclipse\lsp4j\org.eclipse.lsp4j.generator\0.20.1\org.eclipse.lsp4j.generator-0.20.1.jar;C:\Users\DELL\AppData\Local\Coursier\cache\v1\https\repo1.maven.org\maven2\org\eclipse\lsp4j\org.eclipse.lsp4j.jsonrpc\1.0.0\org.eclipse.lsp4j.jsonrpc-1.0.0.jar;C:\Users\DELL\AppData\Local\Coursier\cache\v1\https\repo1.maven.org\maven2\ch\epfl\scala\libdaemon_2.13\0.0.12\libdaemon_2.13-0.0.12.jar;C:\Users\DELL\AppData\Local\Coursier\cache\v1\https\repo1.maven.org\maven2\io\github\alexarchambault\scala-cli\snailgun\snailgun-core_2.13\0.4.1-sc2\snailgun-core_2.13-0.4.1-sc2.jar;C:\Users\DELL\AppData\Local\Coursier\cache\v1\https\repo1.maven.org\maven2\org\eclipse\lsp4j\org.eclipse.lsp4j.jsonrpc.debug\1.0.0\org.eclipse.lsp4j.jsonrpc.debug-1.0.0.jar;C:\Users\DELL\AppData\Local\Coursier\cache\v1\https\repo1.maven.org\maven2\ch\epfl\scala\com-microsoft-java-debug-core\0.34.0%2B39\com-microsoft-java-debug-core-0.34.0%2B39.jar;C:\Users\DELL\AppData\Local\Coursier\cache\v1\https\repo1.maven.org\maven2\org\ow2\asm\asm\9.8\asm-9.8.jar;C:\Users\DELL\AppData\Local\Coursier\cache\v1\https\repo1.maven.org\maven2\org\ow2\asm\asm-util\9.8\asm-util-9.8.jar;C:\Users\DELL\AppData\Local\Coursier\cache\v1\https\repo1.maven.org\maven2\org\scala-sbt\test-agent\1.11.2\test-agent-1.11.2.jar;C:\Users\DELL\AppData\Local\Coursier\cache\v1\https\repo1.maven.org\maven2\org\scalameta\parsers_2.13\4.15.2\parsers_2.13-4.15.2.jar;C:\Users\DELL\AppData\Local\Coursier\cache\v1\https\repo1.maven.org\maven2\org\scala-lang\modules\scala-parallel-collections_2.13\1.2.0\scala-parallel-collections_2.13-1.2.0.jar;C:\Users\DELL\AppData\Local\Coursier\cache\v1\https\repo1.maven.org\maven2\io\get-coursier\jniutils\windows-jni-utils\0.3.3\windows-jni-utils-0.3.3.jar;C:\Users\DELL\AppData\Local\Coursier\cache\v1\https\repo1.maven.org\maven2\org\scalameta\scalafmt-interfaces\3.10.7\scalafmt-interfaces-3.10.7.jar;C:\Users\DELL\AppData\Local\Coursier\cache\v1\https\repo1.maven.org\maven2\org\scalameta\scalafmt-sysops_2.13\3.10.7\scalafmt-sysops_2.13-3.10.7.jar;C:\Users\DELL\AppData\Local\Coursier\cache\v1\https\repo1.maven.org\maven2\com\typesafe\config\1.4.5\config-1.4.5.jar;C:\Users\DELL\AppData\Local\Coursier\cache\v1\https\repo1.maven.org\maven2\org\slf4j\slf4j-api\2.0.17\slf4j-api-2.0.17.jar;C:\Users\DELL\AppData\Local\Coursier\cache\v1\https\repo1.maven.org\maven2\io\get-coursier\dependency_2.13\0.3.2\dependency_2.13-0.3.2.jar;C:\Users\DELL\AppData\Local\Coursier\cache\v1\https\repo1.maven.org\maven2\com\github\plokhotnyuk\jsoniter-scala\jsoniter-scala-core_2.13\2.13.5.2\jsoniter-scala-core_2.13-2.13.5.2.jar;C:\Users\DELL\AppData\Local\Coursier\cache\v1\https\repo1.maven.org\maven2\io\get-coursier\coursier-core_2.13\2.1.25-M23\coursier-core_2.13-2.1.25-M23.jar;C:\Users\DELL\AppData\Local\Coursier\cache\v1\https\repo1.maven.org\maven2\io\get-coursier\coursier-cache_2.13\2.1.25-M23\coursier-cache_2.13-2.1.25-M23.jar;C:\Users\DELL\AppData\Local\Coursier\cache\v1\https\repo1.maven.org\maven2\io\get-coursier\coursier-proxy-setup\2.1.25-M23\coursier-proxy-setup-2.1.25-M23.jar;C:\Users\DELL\AppData\Local\Coursier\cache\v1\https\repo1.maven.org\maven2\com\outr\perfolation_2.13\1.3.0\perfolation_2.13-1.3.0.jar;C:\Users\DELL\AppData\Local\Coursier\cache\v1\https\repo1.maven.org\maven2\com\lihaoyi\sourcecode_2.13\0.4.4\sourcecode_2.13-0.4.4.jar;C:\Users\DELL\AppData\Local\Coursier\cache\v1\https\repo1.maven.org\maven2\com\outr\moduload_2.13\1.1.7\moduload_2.13-1.1.7.jar;C:\Users\DELL\AppData\Local\Coursier\cache\v1\https\repo1.maven.org\maven2\com\lihaoyi\upickle-core_2.13\4.4.3\upickle-core_2.13-4.4.3.jar;C:\Users\DELL\AppData\Local\Coursier\cache\v1\https\repo1.maven.org\maven2\org\scala-lang\scalap\2.13.15\scalap-2.13.15.jar;C:\Users\DELL\AppData\Local\Coursier\cache\v1\https\repo1.maven.org\maven2\com\thesamet\scalapb\scalapb-runtime_2.13\0.11.17\scalapb-runtime_2.13-0.11.17.jar;C:\Users\DELL\AppData\Local\Coursier\cache\v1\https\repo1.maven.org\maven2\com\lihaoyi\unroll-annotation_2.13\0.1.12\unroll-annotation_2.13-0.1.12.jar;C:\Users\DELL\AppData\Local\Coursier\cache\v1\https\repo1.maven.org\maven2\io\modelcontextprotocol\sdk\mcp-json-jackson3\1.0.0\mcp-json-jackson3-1.0.0.jar;C:\Users\DELL\AppData\Local\Coursier\cache\v1\https\repo1.maven.org\maven2\io\modelcontextprotocol\sdk\mcp-core\1.0.0\mcp-core-1.0.0.jar;C:\Users\DELL\AppData\Local\Coursier\cache\v1\https\repo1.maven.org\maven2\com\networknt\json-schema-validator\3.0.0\json-schema-validator-3.0.0.jar;C:\Users\DELL\AppData\Local\Coursier\cache\v1\https\repo1.maven.org\maven2\com\fasterxml\jackson\core\jackson-annotations\2.21\jackson-annotations-2.21.jar;C:\Users\DELL\AppData\Local\Coursier\cache\v1\https\repo1.maven.org\maven2\com\fasterxml\jackson\core\jackson-core\2.21.1\jackson-core-2.21.1.jar;C:\Users\DELL\AppData\Local\Coursier\cache\v1\https\repo1.maven.org\maven2\jakarta\servlet\jakarta.servlet-api\6.0.0\jakarta.servlet-api-6.0.0.jar;C:\Users\DELL\AppData\Local\Coursier\cache\v1\https\repo1.maven.org\maven2\jakarta\annotation\jakarta.annotation-api\2.1.1\jakarta.annotation-api-2.1.1.jar;C:\Users\DELL\AppData\Local\Coursier\cache\v1\https\repo1.maven.org\maven2\org\playframework\twirl\twirl-parser_2.13\2.0.9\twirl-parser_2.13-2.0.9.jar;C:\Users\DELL\AppData\Local\Coursier\cache\v1\https\repo1.maven.org\maven2\org\scala-lang\modules\scala-parser-combinators_2.13\1.1.2\scala-parser-combinators_2.13-1.1.2.jar;C:\Users\DELL\AppData\Local\Coursier\cache\v1\https\repo1.maven.org\maven2\com\google\protobuf\protobuf-java\4.34.0\protobuf-java-4.34.0.jar;C:\Users\DELL\AppData\Local\Coursier\cache\v1\https\repo1.maven.org\maven2\at\yawk\lz4\lz4-java\1.8.1\lz4-java-1.8.1.jar;C:\Users\DELL\AppData\Local\Coursier\cache\v1\https\repo1.maven.org\maven2\org\scala-lang\scala-compiler\2.13.18\scala-compiler-2.13.18.jar;C:\Users\DELL\AppData\Local\Coursier\cache\v1\https\repo1.maven.org\maven2\org\scalameta\io_2.13\4.15.2\io_2.13-4.15.2.jar;C:\Users\DELL\AppData\Local\Coursier\cache\v1\https\repo1.maven.org\maven2\com\lihaoyi\fansi_2.13\0.5.1\fansi_2.13-0.5.1.jar;C:\Users\DELL\AppData\Local\Coursier\cache\v1\https\repo1.maven.org\maven2\org\wildfly\common\wildfly-common\1.5.4.Final\wildfly-common-1.5.4.Final.jar;C:\Users\DELL\AppData\Local\Coursier\cache\v1\https\repo1.maven.org\maven2\org\wildfly\client\wildfly-client-config\1.0.1.Final\wildfly-client-config-1.0.1.Final.jar;C:\Users\DELL\AppData\Local\Coursier\cache\v1\https\repo1.maven.org\maven2\tools\jackson\core\jackson-core\3.0.4\jackson-core-3.0.4.jar;C:\Users\DELL\AppData\Local\Coursier\cache\v1\https\repo1.maven.org\maven2\org\eclipse\xtend\org.eclipse.xtend.lib\2.28.0\org.eclipse.xtend.lib-2.28.0.jar;C:\Users\DELL\AppData\Local\Coursier\cache\v1\https\repo1.maven.org\maven2\com\google\code\gson\gson\2.13.1\gson-2.13.1.jar;C:\Users\DELL\AppData\Local\Coursier\cache\v1\https\repo1.maven.org\maven2\org\apache\commons\commons-lang3\3.17.0\commons-lang3-3.17.0.jar;C:\Users\DELL\AppData\Local\Coursier\cache\v1\https\repo1.maven.org\maven2\io\reactivex\rxjava2\rxjava\2.2.21\rxjava-2.2.21.jar;C:\Users\DELL\AppData\Local\Coursier\cache\v1\https\repo1.maven.org\maven2\org\reactivestreams\reactive-streams\1.0.4\reactive-streams-1.0.4.jar;C:\Users\DELL\AppData\Local\Coursier\cache\v1\https\repo1.maven.org\maven2\commons-io\commons-io\2.19.0\commons-io-2.19.0.jar;C:\Users\DELL\AppData\Local\Coursier\cache\v1\https\repo1.maven.org\maven2\org\ow2\asm\asm-tree\9.8\asm-tree-9.8.jar;C:\Users\DELL\AppData\Local\Coursier\cache\v1\https\repo1.maven.org\maven2\org\ow2\asm\asm-analysis\9.8\asm-analysis-9.8.jar;C:\Users\DELL\AppData\Local\Coursier\cache\v1\https\repo1.maven.org\maven2\org\scala-sbt\test-interface\1.0\test-interface-1.0.jar;C:\Users\DELL\AppData\Local\Coursier\cache\v1\https\repo1.maven.org\maven2\org\scalameta\trees_2.13\4.15.2\trees_2.13-4.15.2.jar;C:\Users\DELL\AppData\Local\Coursier\cache\v1\https\repo1.maven.org\maven2\io\get-coursier\versions_2.13\0.5.1\versions_2.13-0.5.1.jar;C:\Users\DELL\AppData\Local\Coursier\cache\v1\https\repo1.maven.org\maven2\io\github\alexarchambault\concurrent-reference-hash-map\1.1.0\concurrent-reference-hash-map-1.1.0.jar;C:\Users\DELL\AppData\Local\Coursier\cache\v1\https\repo1.maven.org\maven2\io\get-coursier\coursier-util_2.13\2.1.25-M23\coursier-util_2.13-2.1.25-M23.jar;C:\Users\DELL\AppData\Local\Coursier\cache\v1\https\repo1.maven.org\maven2\org\virtuslab\scala-cli\config_3\1.9.1\config_3-1.9.1.jar;C:\Users\DELL\AppData\Local\Coursier\cache\v1\https\repo1.maven.org\maven2\io\github\alexarchambault\windows-ansi\windows-ansi\0.0.6\windows-ansi-0.0.6.jar;C:\Users\DELL\AppData\Local\Coursier\cache\v1\https\repo1.maven.org\maven2\io\get-coursier\cache-util\2.1.25-M23\cache-util-2.1.25-M23.jar;C:\Users\DELL\AppData\Local\Coursier\cache\v1\https\repo1.maven.org\maven2\io\get-coursier\coursier-paths\2.1.25-M23\coursier-paths-2.1.25-M23.jar;C:\Users\DELL\AppData\Local\Coursier\cache\v1\https\repo1.maven.org\maven2\io\github\cquiroz\scala-java-time_2.13\2.6.0\scala-java-time_2.13-2.6.0.jar;C:\Users\DELL\AppData\Local\Coursier\cache\v1\https\repo1.maven.org\maven2\io\github\cquiroz\scala-java-time-tzdb_2.13\2.6.0\scala-java-time-tzdb_2.13-2.6.0.jar;C:\Users\DELL\AppData\Local\Coursier\cache\v1\https\repo1.maven.org\maven2\com\thesamet\scalapb\lenses_2.13\0.11.17\lenses_2.13-0.11.17.jar;C:\Users\DELL\AppData\Local\Coursier\cache\v1\https\repo1.maven.org\maven2\io\projectreactor\reactor-core\3.7.0\reactor-core-3.7.0.jar;C:\Users\DELL\AppData\Local\Coursier\cache\v1\https\repo1.maven.org\maven2\com\ethlo\time\itu\1.14.0\itu-1.14.0.jar;C:\Users\DELL\AppData\Local\Coursier\cache\v1\https\repo1.maven.org\maven2\tools\jackson\dataformat\jackson-dataformat-yaml\3.0.3\jackson-dataformat-yaml-3.0.3.jar;C:\Users\DELL\AppData\Local\Coursier\cache\v1\https\repo1.maven.org\maven2\io\github\java-diff-utils\java-diff-utils\4.16\java-diff-utils-4.16.jar;C:\Users\DELL\AppData\Local\Coursier\cache\v1\https\repo1.maven.org\maven2\org\jline\jline\3.29.0\jline-3.29.0-jdk8.jar;C:\Users\DELL\AppData\Local\Coursier\cache\v1\https\repo1.maven.org\maven2\org\eclipse\xtext\org.eclipse.xtext.xbase.lib\2.28.0\org.eclipse.xtext.xbase.lib-2.28.0.jar;C:\Users\DELL\AppData\Local\Coursier\cache\v1\https\repo1.maven.org\maven2\org\eclipse\xtend\org.eclipse.xtend.lib.macro\2.28.0\org.eclipse.xtend.lib.macro-2.28.0.jar;C:\Users\DELL\AppData\Local\Coursier\cache\v1\https\repo1.maven.org\maven2\org\scalameta\common_2.13\4.15.2\common_2.13-4.15.2.jar;C:\Users\DELL\AppData\Local\Coursier\cache\v1\https\repo1.maven.org\maven2\org\scala-lang\scala3-library_3\3.3.6\scala3-library_3-3.3.6.jar;C:\Users\DELL\AppData\Local\Coursier\cache\v1\https\repo1.maven.org\maven2\org\virtuslab\scala-cli\specification-level_3\1.9.1\specification-level_3-1.9.1.jar;C:\Users\DELL\AppData\Local\Coursier\cache\v1\https\repo1.maven.org\maven2\org\fusesource\jansi\jansi\2.4.1\jansi-2.4.1.jar;C:\Users\DELL\AppData\Local\Coursier\cache\v1\https\repo1.maven.org\maven2\io\github\alexarchambault\is-terminal\0.1.2\is-terminal-0.1.2.jar;C:\Users\DELL\AppData\Local\Coursier\cache\v1\https\repo1.maven.org\maven2\org\portable-scala\portable-scala-reflect_2.13\1.1.3\portable-scala-reflect_2.13-1.1.3.jar;C:\Users\DELL\AppData\Local\Coursier\cache\v1\https\repo1.maven.org\maven2\org\snakeyaml\snakeyaml-engine\2.10\snakeyaml-engine-2.10.jar
Launcher Type: SUN_STANDARD

[Global flags]
     intx CICompilerCount                          = 4                                         {product} {ergonomic}
     uint ConcGCThreads                            = 2                                         {product} {ergonomic}
     uint G1ConcRefinementThreads                  = 8                                         {product} {ergonomic}
   size_t G1HeapRegionSize                         = 1048576                                   {product} {ergonomic}
    uintx GCDrainStackTargetSize                   = 64                                        {product} {ergonomic}
     bool IgnoreUnrecognizedVMOptions              = true                                      {product} {command line}
   size_t InitialHeapSize                          = 104857600                                 {product} {command line}
   size_t MarkStackSize                            = 4194304                                   {product} {ergonomic}
   size_t MaxHeapSize                              = 2147483648                                {product} {command line}
   size_t MaxNewSize                               = 1287651328                                {product} {ergonomic}
   size_t MinHeapDeltaBytes                        = 1048576                                   {product} {ergonomic}
   size_t MinHeapSize                              = 104857600                                 {product} {command line}
    uintx NonNMethodCodeHeapSize                   = 5839372                                {pd product} {ergonomic}
    uintx NonProfiledCodeHeapSize                  = 122909434                              {pd product} {ergonomic}
    uintx ProfiledCodeHeapSize                     = 122909434                              {pd product} {ergonomic}
    uintx ReservedCodeCacheSize                    = 251658240                              {pd product} {ergonomic}
     bool SegmentedCodeCache                       = true                                      {product} {ergonomic}
   size_t SoftMaxHeapSize                          = 2147483648                             {manageable} {ergonomic}
     intx ThreadStackSize                          = 4096                                   {pd product} {command line}
     bool UseCompressedClassPointers               = true                           {product lp64_product} {ergonomic}
     bool UseCompressedOops                        = true                           {product lp64_product} {ergonomic}
     bool UseG1GC                                  = true                                      {product} {ergonomic}
     bool UseLargePagesIndividualAllocation        = false                                  {pd product} {ergonomic}
   double ZCollectionInterval                      = 5.000000                                  {product} {command line}
    uintx ZUncommitDelay                           = 30                                        {product} {command line}

Logging:
Log output configuration:
 #0: stdout all=warning uptime,level,tags foldmultilines=false
 #1: stderr all=off uptime,level,tags foldmultilines=false

Environment Variables:
JAVA_HOME=C:\Program Files\Java\jdk-19
PATH=C:\Users\DELL\AppData\Local\Programs\Microsoft VS Code;C:\Program Files\Common Files\Oracle\Java\javapath;C:\Program Files (x86)\Ghdl\Bin;C:\Users\DELL\AppData\Local\nvm;C:\nvm4w\nodejs;C:\Program Files\Docker\Docker\resources\bin;C:\Program Files\Git\cmd;C:\Program Files (x86)\sbt\bin;C:\Program Files (x86)\Ghdl\Bin;C:\Users\DELL\AppData\Local\nvm;C:\nvm4w\nodejs;C:\Program Files\Docker\Docker\resources\bin;C:\Program Files\Git\cmd;C:\Program Files\MySQL\MySQL Shell 8.0\bin\;C:\Users\DELL\AppData\Local\Programs\Python\Python313\Scripts\;C:\Users\DELL\AppData\Local\Programs\Python\Python313\;C:\Users\DELL\AppData\Local\Programs\Python\Launcher\;C:\Program Files\Eclipse Adoptium\jdk-19\bin;C:\Program Files\Java\jdk-19\bin;y;C:\oraclexe\app\oracle\product\11.2.0\server\bin;C:\Program Files\BellSoft\LibericaJDK-8\bin\;C:\Program Files\Common Files\Oracle\Java\javapath;C:\Program Files (x86)\Common Files\Oracle\Java\javapath;C:\Windows\system32;C:\Windows;C:\Windows\System32\Wbem;C:\Windows\System32\WindowsPowerShell\v1.0\;C:\Windows\System32\OpenSSH\;C:\Program Files\dotnet\;C:\Program Files\swipl\bin;C:\wamp64\bin\php\php.8.2.0;C:\composer;C:\Program Files\MongoDB\Server\5.0\bin;C:\Program Files\Git\cmd;C:\Users\DELL\scoop\shims;C:\Users\DELL\AppData\Local\Microsoft\WindowsApps;C:\Users\DELL\;C:\Users\DELL\opam-bin;C:\Users\DELL\AppData\Local\Programs\Microsoft VS Code\bin;C:\Program Files (x86)\sbt\bin;
USERNAME=DELL
OS=Windows_NT
PROCESSOR_IDENTIFIER=Intel64 Family 6 Model 140 Stepping 1, GenuineIntel
TMP=C:\Users\DELL\AppData\Local\Temp
TEMP=C:\Users\DELL\AppData\Local\Temp



---------------  S Y S T E M  ---------------

OS:
 Windows 10 , 64 bit Build 19041 (10.0.19041.5915)
OS uptime: 19 days 9:04 hours
Hyper-V role detected

CPU: total 8 (initial active 8) (4 cores per cpu, 2 threads per core) family 6 model 140 stepping 1 microcode 0xbe, cx8, cmov, fxsr, ht, mmx, 3dnowpref, sse, sse2, sse3, ssse3, sse4.1, sse4.2, popcnt, lzcnt, tsc, tscinvbit, avx, avx2, aes, erms, clmul, bmi1, bmi2, adx, avx512f, avx512dq, avx512cd, avx512bw, avx512vl, sha, fma, vzeroupper, avx512_vpopcntdq, avx512_vpclmulqdq, avx512_vaes, avx512_vnni, clflush, clflushopt, clwb, avx512_vbmi2, avx512_vbmi, hv, rdtscp, rdpid, fsrm, gfni, avx512_bitalg

Memory: 4k page, system-wide physical 16122M (3326M free)
TotalPageFile size 46648M (AvailPageFile size 3M)
current process WorkingSet (physical memory assigned to process): 427M, peak: 428M
current process commit charge ("private bytes"): 511M, peak: 512M

vm_info: Java HotSpot(TM) 64-Bit Server VM (19.0.1+10-21) for windows-amd64 JRE (19.0.1+10-21), built on 2022-09-14T12:45:06Z by "mach5one" with MS VC++ 17.1 (VS2022)

END.
