version 2
JvmtiExport can_access_local_variables 0
JvmtiExport can_hotswap_or_post_breakpoint 0
JvmtiExport can_post_on_exceptions 0
# 537 ciObject found
instanceKlass scala/meta/internal/metals/Fuzzy
ciInstanceKlass java/lang/Cloneable 1 0 7 100 1 100 1 1 1
instanceKlass  @bci scala/meta/internal/metals/logging/MutipleOutputsStream write ([BII)V 7 <appendix> form vmentry <vmtarget> ; # java/lang/invoke/LambdaForm$DMH+0x00000008015d0400
instanceKlass  @bci scala/meta/internal/metals/logging/MutipleOutputsStream write ([BII)V 7 <appendix> member <vmtarget> ; # scala/meta/internal/metals/logging/MutipleOutputsStream$$Lambda$1615+0x00000008015d4000
instanceKlass  @cpi scala/meta/internal/metals/logging/MutipleOutputsStream 60 form vmentry <vmtarget> ; # java/lang/invoke/LambdaForm$DMH+0x00000008015d0000
instanceKlass java/util/zip/Deflater$DeflaterZStreamRef
instanceKlass java/util/zip/Deflater
instanceKlass com/google/protobuf/CodedInputStream
instanceKlass com/google/protobuf/Internal
instanceKlass com/google/protobuf/Utf8$Processor
instanceKlass com/google/protobuf/Utf8
instanceKlass com/google/protobuf/WireFormat
# instanceKlass scala/meta/internal/metals/Compression$$$Lambda$1614+0x00000008015cf1b0
instanceKlass  @bci scala/meta/internal/metals/Compression$ compress (Lscala/collection/Iterator;)[B 15 <appendix> member <vmtarget> ; # scala/meta/internal/metals/Compression$$$Lambda$1613+0x00000008015cedf8
instanceKlass com/google/protobuf/Android
instanceKlass com/google/protobuf/UnsafeUtil$1
instanceKlass com/google/protobuf/UnsafeUtil$MemoryAccessor
instanceKlass com/google/protobuf/UnsafeUtil
instanceKlass com/google/protobuf/ByteOutput
instanceKlass scala/meta/internal/metals/Compression$
instanceKlass java/lang/foreign/MemorySegment
instanceKlass java/lang/foreign/Addressable
instanceKlass scala/meta/internal/metals/PrefixCharSequence
# instanceKlass java/lang/invoke/LambdaForm$MH+0x00000008015c9400
instanceKlass  @bci scala/meta/internal/metals/CompressedPackageIndex$ $anonfun$fromPackages$3 (Lscala/runtime/ObjectRef;Ljava/util/ArrayList;Lscala/collection/mutable/ArrayBuilder;ILscala/collection/mutable/ArrayBuilder;Lscala/Tuple2;)V 79 <adapter> ; # java/lang/invoke/LambdaForm$MH+0x00000008015c9000
# instanceKlass java/lang/invoke/LambdaForm$DMH+0x00000008015c8c00
# instanceKlass scala/meta/internal/metals/CompressedPackageIndex$$$Lambda$1612+0x00000008015cc000
instanceKlass  @bci scala/meta/internal/metals/CompressedPackageIndex$ $anonfun$fromPackages$3 (Lscala/runtime/ObjectRef;Ljava/util/ArrayList;Lscala/collection/mutable/ArrayBuilder;ILscala/collection/mutable/ArrayBuilder;Lscala/Tuple2;)V 79 <appendix> form vmentry <vmtarget> ; # java/lang/invoke/LambdaForm$DMH+0x00000008015c8800
# instanceKlass java/lang/invoke/LambdaForm$DMH+0x00000008015c8400
instanceKlass  @bci scala/meta/internal/metals/CompressedPackageIndex$ $anonfun$fromPackages$3 (Lscala/runtime/ObjectRef;Ljava/util/ArrayList;Lscala/collection/mutable/ArrayBuilder;ILscala/collection/mutable/ArrayBuilder;Lscala/Tuple2;)V 79 <appendix> member <vmtarget> ; # scala/meta/internal/metals/CompressedPackageIndex$$$Lambda$1611+0x00000008015c1cf0
instanceKlass  @cpi scala/meta/internal/metals/CompressedPackageIndex$ 349 form vmentry <vmtarget> ; # java/lang/invoke/LambdaForm$DMH+0x00000008015c8000
# instanceKlass scala/meta/internal/metals/Fuzzy$$Lambda$1610+0x00000008015c0bb8
instanceKlass  @bci scala/meta/internal/metals/Fuzzy bloomFilterSymbolStrings (Ljava/lang/String;Lscala/meta/internal/metals/StringBloomFilter;)V 310 <appendix> member <vmtarget> ; # scala/meta/internal/metals/Fuzzy$$Lambda$1609+0x00000008015c0800
instanceKlass  @bci scala/collection/IterableOnceOps product (Lscala/math/Numeric;)Ljava/lang/Object; 60 <appendix> member <vmtarget> ; # scala/collection/IterableOnceOps$$Lambda$1608+0x00000008015c1758
instanceKlass scala/math/Numeric$NumericOps
instanceKlass scala/math/Numeric$IntIsIntegral$
instanceKlass scala/math/Numeric$IntIsIntegral
instanceKlass  @bci scala/meta/internal/metals/TrigramSubstrings$ <clinit> ()V 40 <appendix> argL0 ; # scala/meta/internal/metals/TrigramSubstrings$$$Lambda$1607+0x00000008015c72a8
instanceKlass scala/meta/internal/metals/TrigramSubstrings$
instanceKlass scala/meta/internal/metals/ZeroCopySubSequence
instanceKlass com/google/common/primitives/Longs
instanceKlass com/google/common/hash/HashCode
instanceKlass com/google/common/hash/Java8Compatibility
instanceKlass com/google/common/hash/AbstractHasher
instanceKlass com/google/common/hash/Hasher
instanceKlass com/google/common/hash/PrimitiveSink
instanceKlass com/google/common/hash/AbstractHashFunction
instanceKlass com/google/common/hash/HashFunction
instanceKlass com/google/common/hash/Hashing
instanceKlass scala/meta/internal/metals/Fuzzy
instanceKlass scala/meta/internal/metals/ClasspathElementPart
instanceKlass  @bci scala/meta/internal/metals/CompressedPackageIndex$ fromPackages (Lscala/meta/internal/metals/PackageIndex;Lscala/Function1;I)[Lscala/meta/internal/metals/CompressedPackageIndex; 105 <appendix> member <vmtarget> ; # scala/meta/internal/metals/CompressedPackageIndex$$$Lambda$1606+0x00000008015bf8f8
# instanceKlass scala/meta/internal/metals/CompressedPackageIndex$$$Lambda$1605+0x00000008015bf540
# instanceKlass java/lang/invoke/LambdaForm$DMH+0x00000008015c0400
instanceKlass  @cpi scala/meta/internal/metals/CompressedPackageIndex$ 145 form vmentry <vmtarget> ; # java/lang/invoke/LambdaForm$DMH+0x00000008015c0000
# instanceKlass scala/meta/internal/metals/CompressedPackageIndex$$$Lambda$1604+0x00000008015bf188
instanceKlass  @bci scala/meta/internal/metals/CompressedPackageIndex$ fromPackages (Lscala/meta/internal/metals/PackageIndex;Lscala/Function1;I)[Lscala/meta/internal/metals/CompressedPackageIndex; 86 <appendix> member <vmtarget> ; # scala/meta/internal/metals/CompressedPackageIndex$$$Lambda$1603+0x00000008015bedd0
# instanceKlass scala/meta/internal/metals/CompressedPackageIndex$$$Lambda$1602+0x00000008015bea20
instanceKlass  @bci scala/meta/internal/metals/CompressedPackageIndex$ fromPackages (Lscala/meta/internal/metals/PackageIndex;Lscala/Function1;I)[Lscala/meta/internal/metals/CompressedPackageIndex; 75 <appendix> argL0 ; # scala/meta/internal/metals/CompressedPackageIndex$$$Lambda$1601+0x00000008015be670
instanceKlass net/jpountz/xxhash/StreamingXXHash64
instanceKlass net/jpountz/xxhash/StreamingXXHash64JavaUnsafe$Factory
instanceKlass net/jpountz/xxhash/StreamingXXHash64$Factory
instanceKlass net/jpountz/xxhash/XXHash64
instanceKlass net/jpountz/xxhash/StreamingXXHash32
instanceKlass net/jpountz/xxhash/StreamingXXHash32JavaUnsafe$Factory
instanceKlass net/jpountz/xxhash/StreamingXXHash32$Factory
instanceKlass net/jpountz/xxhash/XXHash32
instanceKlass net/jpountz/xxhash/XXHashFactory
instanceKlass com/google/common/primitives/IntsMethodsForWeb
instanceKlass com/google/common/math/LongMath$1
instanceKlass com/google/common/math/LongMath
instanceKlass com/google/common/hash/BloomFilterStrategies$LockFreeBitArray
instanceKlass com/google/common/hash/BloomFilter$Strategy
instanceKlass com/google/common/hash/BloomFilter
instanceKlass com/google/common/hash/Funnel
instanceKlass com/google/common/hash/Funnels
instanceKlass scala/meta/internal/metals/StringBloomFilter
instanceKlass  @bci scala/meta/internal/metals/ClasspathSearch$Indexer$ $anonfun$default$1 (Lscala/collection/Seq;Lscala/meta/internal/metals/ExcludedPackagesHandler;I)Lscala/meta/internal/metals/ClasspathSearch; 19 <appendix> member <vmtarget> ; # scala/meta/internal/metals/ClasspathSearch$Indexer$$$Lambda$1600+0x00000008015b8f60
instanceKlass  @bci scala/meta/internal/metals/PackageIndex$ fromClasspath (Lscala/collection/Seq;Lscala/Function1;)Lscala/meta/internal/metals/PackageIndex; 15 <appendix> member <vmtarget> ; # scala/meta/internal/metals/PackageIndex$$$Lambda$1599+0x00000008015b8ba8
instanceKlass  @bci org/h2/mvstore/MVStore tryCommit ()J 1 <appendix> argL0 ; # org/h2/mvstore/MVStore$$Lambda$1598+0x00000008015b8970
instanceKlass  @bci scala/meta/internal/builds/BloopInstall runIfApproved (Lscala/meta/internal/builds/BloopInstallProvider;Ljava/lang/String;Lscala/Function0;)Lscala/concurrent/Future; 249 <appendix> member <vmtarget> ; # scala/meta/internal/builds/BloopInstall$$Lambda$1597+0x00000008015b85b8
instanceKlass  @bci scala/meta/internal/builds/BloopInstall requestImport (Lscala/meta/internal/builds/BuildTools;Lscala/meta/internal/builds/BloopInstallProvider;Lscala/meta/internal/metals/clients/language/MetalsLanguageClient;Ljava/lang/String;Lscala/concurrent/ExecutionContext;)Lscala/concurrent/Future; 192 <appendix> member <vmtarget> ; # scala/meta/internal/builds/BloopInstall$$Lambda$1596+0x00000008015b8200
instanceKlass scala/meta/internal/metals/Confirmation
instanceKlass  @bci scala/meta/internal/metals/clients/language/ConfiguredLanguageClient showMessageRequest (Lorg/eclipse/lsp4j/ShowMessageRequestParams;Lscala/Function0;)Ljava/util/concurrent/CompletableFuture; 55 <appendix> member <vmtarget> ; # scala/meta/internal/metals/clients/language/ConfiguredLanguageClient$$Lambda$1595+0x00000008015b7ad8
instanceKlass  @bci scala/meta/internal/builds/BloopInstall requestImport (Lscala/meta/internal/builds/BuildTools;Lscala/meta/internal/builds/BloopInstallProvider;Lscala/meta/internal/metals/clients/language/MetalsLanguageClient;Ljava/lang/String;Lscala/concurrent/ExecutionContext;)Lscala/concurrent/Future; 173 <appendix> member <vmtarget> ; # scala/meta/internal/builds/BloopInstall$$Lambda$1594+0x00000008015b7830
instanceKlass scala/meta/internal/metals/Messages$
instanceKlass scala/meta/internal/metals/Messages$ImportBuild$
instanceKlass  @bci scala/meta/internal/builds/Digests setStatus (Ljava/lang/String;Lscala/meta/internal/builds/Digest$Status;)I 23 <appendix> member <vmtarget> ; # scala/meta/internal/builds/Digests$$Lambda$1593+0x00000008015b68d8
instanceKlass  @bci scala/meta/internal/builds/BloopInstall runIfApproved (Lscala/meta/internal/builds/BloopInstallProvider;Ljava/lang/String;Lscala/Function0;)Lscala/concurrent/Future; 174 <appendix> argL0 ; # scala/meta/internal/builds/BloopInstall$$Lambda$1592+0x00000008015b6638
instanceKlass  @bci scala/meta/internal/builds/Digests $anonfun$last$2 (Ljava/sql/ResultSet;)Lscala/meta/internal/builds/Digest; 32 <appendix> member <vmtarget> ; # scala/meta/internal/builds/Digests$$Lambda$1591+0x00000008015b5c50
instanceKlass  @bci scala/meta/internal/builds/Digests $anonfun$last$2 (Ljava/sql/ResultSet;)Lscala/meta/internal/builds/Digest; 23 <appendix> member <vmtarget> ; # scala/meta/internal/builds/Digests$$Lambda$1590+0x00000008015b55c0
instanceKlass scala/meta/internal/builds/Digest$Status$
instanceKlass  @bci scala/meta/internal/builds/Digests last ()Lscala/Option; 25 <appendix> argL0 ; # scala/meta/internal/builds/Digests$$Lambda$1589+0x00000008015b47c0
instanceKlass scala/meta/internal/builds/Digest
instanceKlass  @bci scala/meta/internal/builds/Digests last ()Lscala/Option; 20 <appendix> argL0 ; # scala/meta/internal/builds/Digests$$Lambda$1588+0x00000008015b4138
instanceKlass  @bci scala/meta/internal/metals/DismissedNotifications$Notification isDismissed ()Z 50 <appendix> argL0 ; # scala/meta/internal/metals/DismissedNotifications$Notification$$Lambda$1587+0x00000008015b3d88
instanceKlass  @bci scala/meta/internal/metals/DismissedNotifications$Notification isDismissed ()Z 45 <appendix> member <vmtarget> ; # scala/meta/internal/metals/DismissedNotifications$Notification$$Lambda$1586+0x00000008015b39d0
instanceKlass  @bci scala/meta/internal/metals/ConnectionProvider $anonfun$slowConnectToBuildServer$1 (Lscala/meta/internal/metals/ConnectionProvider;Lscala/Option;ZLscala/Option;)Lscala/concurrent/Future; 132 <appendix> member <vmtarget> ; # scala/meta/internal/metals/ConnectionProvider$$Lambda$1585+0x00000008015b3728
instanceKlass scala/meta/internal/builds/BuildTool$Found
instanceKlass  @bci scala/meta/internal/builds/GradleDigest$ digestSubProjects (Lscala/meta/io/AbsolutePath;Ljava/security/MessageDigest;)Z 134 <appendix> member <vmtarget> ; # scala/meta/internal/builds/GradleDigest$$$Lambda$1584+0x00000008015b30b0
instanceKlass  @bci scala/meta/internal/builds/GradleDigest$ digestSubProjects (Lscala/meta/io/AbsolutePath;Ljava/security/MessageDigest;)Z 116 <appendix> member <vmtarget> ; # scala/meta/internal/builds/GradleDigest$$$Lambda$1583+0x00000008015b2cf8
instanceKlass  @bci scala/meta/internal/builds/GradleDigest$ $anonfun$digestSubProjects$2 (Lscala/meta/io/AbsolutePath;)Z 10 <appendix> argL0 ; # scala/meta/internal/builds/GradleDigest$$$Lambda$1582+0x00000008015b2948
instanceKlass  @bci scala/meta/internal/builds/GradleDigest$ digestSubProjects (Lscala/meta/io/AbsolutePath;Ljava/security/MessageDigest;)Z 29 <appendix> argL0 ; # scala/meta/internal/builds/GradleDigest$$$Lambda$1581+0x00000008015b2598
instanceKlass  @bci scala/collection/mutable/ArrayBuffer view ()Lscala/collection/mutable/ArrayBufferView; 6 <appendix> member <vmtarget> ; # scala/collection/mutable/ArrayBuffer$$Lambda$1580+0x00000008015afb90
instanceKlass  @bci scala/meta/internal/builds/GradleDigest$ digestSubProjects (Lscala/meta/io/AbsolutePath;Ljava/security/MessageDigest;)Z 10 <appendix> argL0 ; # scala/meta/internal/builds/GradleDigest$$$Lambda$1579+0x00000008015ae548
instanceKlass  @bci scala/meta/internal/builds/Digest$ digestGeneralJvm (Lscala/meta/io/AbsolutePath;Ljava/security/MessageDigest;)Z 52 <appendix> member <vmtarget> ; # scala/meta/internal/builds/Digest$$$Lambda$1578+0x00000008015ae190
instanceKlass  @bci scala/meta/internal/builds/Digest$ digestFile (Lscala/meta/io/AbsolutePath;Ljava/security/MessageDigest;)Z 115 <appendix> member <vmtarget> ; # scala/meta/internal/builds/Digest$$$Lambda$1577+0x00000008015addd8
instanceKlass  @bci geny/Generator forall (Lscala/Function1;)Z 2 <appendix> member <vmtarget> ; # geny/Generator$$Lambda$1576+0x00000008015ada20
instanceKlass  @bci scala/meta/internal/builds/Digest$ digestDirectory (Lscala/meta/io/AbsolutePath;Ljava/security/MessageDigest;)Z 20 <appendix> member <vmtarget> ; # scala/meta/internal/builds/Digest$$$Lambda$1575+0x00000008015ad668
instanceKlass upickle/core/Visitor
instanceKlass scala/meta/internal/builds/Digest$
instanceKlass  @bci scala/meta/internal/metals/ProjectMetalsLspService $anonfun$onInitialized$2 (Lscala/meta/internal/metals/ProjectMetalsLspService;Lscala/runtime/BoxedUnit;)Lscala/concurrent/Future; 9 <appendix> argL0 ; # scala/meta/internal/metals/ProjectMetalsLspService$$Lambda$1574+0x00000008015acee0
instanceKlass scala/meta/internal/builds/GradleDigest$
instanceKlass  @bci scala/meta/internal/metals/ConnectionProvider fullConnect ()Lscala/concurrent/Future; 54 <appendix> member <vmtarget> ; # scala/meta/internal/metals/ConnectionProvider$$Lambda$1573+0x00000008015ac730
instanceKlass scala/meta/internal/builds/Digestable
instanceKlass scala/meta/internal/bsp/BuildChange
instanceKlass  @bci scala/meta/internal/metals/BuildToolProvider $anonfun$supportedBuildTool$2 (Lscala/meta/internal/metals/BuildToolProvider;Lscala/Option;)Lscala/Option; 2 <appendix> member <vmtarget> ; # scala/meta/internal/metals/BuildToolProvider$$Lambda$1572+0x00000008015ac0c8
instanceKlass  @bci scala/meta/internal/metals/ConnectionProvider slowConnectToBuildServer (Z)Lscala/concurrent/Future; 26 <appendix> member <vmtarget> ; # scala/meta/internal/metals/ConnectionProvider$$Lambda$1571+0x00000008015abd10
instanceKlass  @bci scala/meta/internal/builds/BuildToolSelector $anonfun$checkForChosenBuildTool$2 (Lscala/collection/immutable/List;Ljava/lang/String;)Lscala/Option; 2 <appendix> member <vmtarget> ; # scala/meta/internal/builds/BuildToolSelector$$Lambda$1570+0x00000008015ab958
instanceKlass  @bci scala/meta/internal/metals/BuildToolProvider supportedBuildTool ()Lscala/concurrent/Future; 73 <appendix> member <vmtarget> ; # scala/meta/internal/metals/BuildToolProvider$$Lambda$1569+0x00000008015ab5a0
instanceKlass  @bci scala/meta/internal/builds/BuildToolSelector checkForChosenBuildTool (Lscala/collection/immutable/List;)Lscala/concurrent/Future; 57 <appendix> member <vmtarget> ; # scala/meta/internal/builds/BuildToolSelector$$Lambda$1568+0x00000008015ab2f8
instanceKlass  @bci scala/meta/internal/builds/BuildToolSelector checkForChosenBuildTool (Lscala/collection/immutable/List;)Lscala/concurrent/Future; 40 <appendix> member <vmtarget> ; # scala/meta/internal/builds/BuildToolSelector$$Lambda$1567+0x00000008015aaf40
instanceKlass  @bci scala/meta/internal/metals/ChosenBuildServers $anonfun$selectedServer$3 (Lscala/meta/internal/metals/ChosenBuildServers;)Lscala/Option; 25 <appendix> argL0 ; # scala/meta/internal/metals/ChosenBuildServers$$Lambda$1566+0x00000008015aab90
instanceKlass  @bci scala/meta/internal/metals/ChosenBuildServers $anonfun$selectedServer$3 (Lscala/meta/internal/metals/ChosenBuildServers;)Lscala/Option; 20 <appendix> argL0 ; # scala/meta/internal/metals/ChosenBuildServers$$Lambda$1565+0x00000008015aa7e0
instanceKlass  @bci scala/meta/internal/metals/ChosenBuildServers selectedServer ()Lscala/Option; 37 <appendix> member <vmtarget> ; # scala/meta/internal/metals/ChosenBuildServers$$Lambda$1564+0x00000008015aa538
instanceKlass  @bci scala/meta/internal/metals/ChosenBuildServers selectedServer ()Lscala/Option; 25 <appendix> argL0 ; # scala/meta/internal/metals/ChosenBuildServers$$Lambda$1563+0x00000008015aa188
instanceKlass  @bci scala/meta/internal/metals/ChosenBuildServers selectedServer ()Lscala/Option; 20 <appendix> argL0 ; # scala/meta/internal/metals/ChosenBuildServers$$Lambda$1562+0x00000008015a9dd8
instanceKlass  @bci scala/meta/internal/metals/BuildToolProvider optProjectRoot ()Lscala/Option; 13 <appendix> member <vmtarget> ; # scala/meta/internal/metals/BuildToolProvider$$Lambda$1561+0x00000008015a9b30
instanceKlass  @bci scala/meta/internal/metals/BuildToolProvider optProjectRoot ()Lscala/Option; 4 <appendix> argL0 ; # scala/meta/internal/metals/BuildToolProvider$$Lambda$1560+0x00000008015a9780
instanceKlass  @bci scala/meta/internal/semver/SemVer$Version compare (Lscala/meta/internal/semver/SemVer$Version;)I 27 <appendix> argL0 ; # scala/meta/internal/semver/SemVer$Version$$Lambda$1559+0x00000008015a94c0
instanceKlass  @bci scala/meta/internal/semver/SemVer$Version toList ()Lscala/collection/immutable/List; 102 <appendix> argL0 ; # scala/meta/internal/semver/SemVer$Version$$Lambda$1558+0x00000008015a8d90
instanceKlass  @bci scala/meta/internal/semver/SemVer$Version toList ()Lscala/collection/immutable/List; 21 <appendix> argL0 ; # scala/meta/internal/semver/SemVer$Version$$Lambda$1557+0x00000008015a8af0
instanceKlass  @bci scala/meta/internal/semver/SemVer$Version $anonfun$toList$2 (Lscala/meta/internal/semver/SemVer$Version;)Lscala/Option; 4 <appendix> argL0 ; # scala/meta/internal/semver/SemVer$Version$$Lambda$1556+0x00000008015a8740
instanceKlass  @bci scala/meta/internal/semver/SemVer$Version toList ()Lscala/collection/immutable/List; 13 <appendix> member <vmtarget> ; # scala/meta/internal/semver/SemVer$Version$$Lambda$1555+0x00000008015a7ca0
instanceKlass  @bci scala/meta/internal/semver/SemVer$Version toList ()Lscala/collection/immutable/List; 4 <appendix> argL0 ; # scala/meta/internal/semver/SemVer$Version$$Lambda$1554+0x00000008015a8390
instanceKlass scala/meta/internal/semver/SemVer$Version
instanceKlass  @bci scala/meta/internal/semver/SemVer$Version$ fromString (Ljava/lang/String;)Lscala/meta/internal/semver/SemVer$Version; 840 <appendix> argL0 ; # scala/meta/internal/semver/SemVer$Version$$$Lambda$1553+0x00000008015a7a00
instanceKlass  @bci scala/meta/internal/semver/SemVer$Version$ fromString (Ljava/lang/String;)Lscala/meta/internal/semver/SemVer$Version; 832 <appendix> argL0 ; # scala/meta/internal/semver/SemVer$Version$$$Lambda$1552+0x00000008015a7650
instanceKlass scala/collection/IterableOps$SizeCompareOps$
instanceKlass  @bci scala/PartialFunction$$anon$1 <init> ()V 5 <appendix> argL0 ; # scala/PartialFunction$$anon$1$$Lambda$1551+0x00000008015a70b0
instanceKlass scala/PartialFunction$$anon$1
instanceKlass  @bci scala/PartialFunction$ <clinit> ()V 18 <appendix> argL0 ; # scala/PartialFunction$$$Lambda$1550+0x00000008015a69b0
instanceKlass  @bci scala/PartialFunction$ <clinit> ()V 10 <appendix> argL0 ; # scala/PartialFunction$$$Lambda$1549+0x00000008015a6600
instanceKlass scala/PartialFunction$
instanceKlass scala/Array$UnapplySeqWrapper
instanceKlass scala/Array$UnapplySeqWrapper$
instanceKlass  @bci scala/meta/internal/semver/SemVer$Version$ $anonfun$fromString$1 (Ljava/lang/String;)Lscala/Option; 4 <appendix> member <vmtarget> ; # scala/meta/internal/semver/SemVer$Version$$$Lambda$1548+0x00000008015a5990
instanceKlass  @bci scala/meta/internal/semver/SemVer$Version$ fromString (Ljava/lang/String;)Lscala/meta/internal/semver/SemVer$Version; 38 <appendix> argL0 ; # scala/meta/internal/semver/SemVer$Version$$$Lambda$1547+0x00000008015a5400
instanceKlass scala/meta/internal/semver/SemVer$Version$
instanceKlass scala/meta/internal/semver/SemVer$
instanceKlass  @bci scala/meta/internal/metals/BuildToolProvider $anonfun$buildTool$1 (Lscala/meta/internal/metals/BuildToolProvider;Ljava/lang/String;)Lscala/Option; 27 <appendix> argL0 ; # scala/meta/internal/metals/BuildToolProvider$$Lambda$1546+0x00000008015a4c28
instanceKlass  @bci scala/meta/internal/metals/BuildToolProvider $anonfun$buildTool$1 (Lscala/meta/internal/metals/BuildToolProvider;Ljava/lang/String;)Lscala/Option; 19 <appendix> member <vmtarget> ; # scala/meta/internal/metals/BuildToolProvider$$Lambda$1545+0x00000008015a4870
instanceKlass  @bci scala/meta/internal/metals/BuildToolProvider $anonfun$buildTool$1 (Lscala/meta/internal/metals/BuildToolProvider;Ljava/lang/String;)Lscala/Option; 8 <appendix> member <vmtarget> ; # scala/meta/internal/metals/BuildToolProvider$$Lambda$1544+0x00000008015a44b8
instanceKlass  @bci scala/meta/internal/metals/BuildToolProvider buildTool ()Lscala/Option; 11 <appendix> member <vmtarget> ; # scala/meta/internal/metals/BuildToolProvider$$Lambda$1543+0x00000008015a4100
instanceKlass  @bci scala/meta/internal/metals/ChosenBuildTool $anonfun$selectedBuildTool$3 (Lscala/meta/internal/metals/ChosenBuildTool;Ljava/lang/String;)Lscala/Option; 5 <appendix> member <vmtarget> ; # scala/meta/internal/metals/ChosenBuildTool$$Lambda$1542+0x00000008015a3eb8
instanceKlass  @bci scala/meta/internal/metals/ChosenBuildTool selectedBuildTool ()Lscala/Option; 79 <appendix> member <vmtarget> ; # scala/meta/internal/metals/ChosenBuildTool$$Lambda$1541+0x00000008015a3b00
instanceKlass  @bci scala/meta/internal/metals/ChosenBuildTool selectedBuildTool ()Lscala/Option; 63 <appendix> argL0 ; # scala/meta/internal/metals/ChosenBuildTool$$Lambda$1540+0x00000008015a3750
instanceKlass  @bci scala/meta/internal/metals/ChosenBuildTool selectedBuildTool ()Lscala/Option; 58 <appendix> argL0 ; # scala/meta/internal/metals/ChosenBuildTool$$Lambda$1539+0x00000008015a33a0
instanceKlass scala/meta/internal/builds/GradleBuildTool$
instanceKlass  @bci scala/meta/internal/builds/BuildTools initialize ()Lscala/collection/immutable/Set; 8 <appendix> argL0 ; # scala/meta/internal/builds/BuildTools$$Lambda$1538+0x00000008015a2ff0
instanceKlass  @bci scala/meta/internal/metals/FormattingProvider scala$meta$internal$metals$FormattingProvider$$scalafmtConf (Lscala/meta/io/AbsolutePath;)Lscala/Option; 88 <appendix> member <vmtarget> ; # scala/meta/internal/metals/FormattingProvider$$Lambda$1537+0x00000008015a2d48
instanceKlass  @bci scala/meta/internal/metals/FormattingProvider scala$meta$internal$metals$FormattingProvider$$scalafmtConf (Lscala/meta/io/AbsolutePath;)Lscala/Option; 77 <appendix> argL0 ; # scala/meta/internal/metals/FormattingProvider$$Lambda$1536+0x00000008015a2998
instanceKlass  @bci scala/meta/internal/metals/MetalsLspService $anonfun$initialized$1 (Lscala/meta/internal/metals/MetalsLspService;Lscala/runtime/BoxedUnit;)Lscala/concurrent/Future; 78 <appendix> argL0 ; # scala/meta/internal/metals/MetalsLspService$$Lambda$1535+0x00000008015a25e8
instanceKlass  @bci scala/meta/internal/metals/MetalsLspService $anonfun$initialized$1 (Lscala/meta/internal/metals/MetalsLspService;Lscala/runtime/BoxedUnit;)Lscala/concurrent/Future; 41 <appendix> member <vmtarget> ; # scala/meta/internal/metals/MetalsLspService$$Lambda$1534+0x00000008015a2320
instanceKlass  @bci scala/meta/internal/metals/MetalsLspService $anonfun$initialized$1 (Lscala/meta/internal/metals/MetalsLspService;Lscala/runtime/BoxedUnit;)Lscala/concurrent/Future; 21 <appendix> member <vmtarget> ; # scala/meta/internal/metals/MetalsLspService$$Lambda$1533+0x00000008015a2058
instanceKlass  @bci scala/concurrent/impl/Promise$DefaultPromise zipWith (Lscala/concurrent/Future;Lscala/Function2;Lscala/concurrent/ExecutionContext;)Lscala/concurrent/Future; 101 <appendix> member <vmtarget> ; # scala/concurrent/impl/Promise$DefaultPromise$$Lambda$1532+0x00000008015a1ca0
instanceKlass  @bci scala/concurrent/impl/Promise$DefaultPromise zipWith (Lscala/concurrent/Future;Lscala/Function2;Lscala/concurrent/ExecutionContext;)Lscala/concurrent/Future; 89 <appendix> member <vmtarget> ; # scala/concurrent/impl/Promise$DefaultPromise$$Lambda$1531+0x00000008015a18e8
instanceKlass  @bci scala/meta/internal/metals/ConnectionProvider withWillGenerateBspConfig (Lscala/Function0;)Lscala/concurrent/Future; 29 <appendix> member <vmtarget> ; # scala/meta/internal/metals/ConnectionProvider$$Lambda$1530+0x00000008015a1530
instanceKlass  @bci scala/meta/internal/metals/ProjectMetalsLspService $anonfun$onInitialized$1 (Lscala/meta/internal/metals/ProjectMetalsLspService;)Lscala/concurrent/Future; 5 <appendix> member <vmtarget> ; # scala/meta/internal/metals/ProjectMetalsLspService$$Lambda$1529+0x00000008015a1178
instanceKlass  @bci scala/meta/internal/builds/BuildTools customBsps ()Lscala/collection/immutable/List; 69 <appendix> member <vmtarget> ; # scala/meta/internal/builds/BuildTools$$Lambda$1528+0x00000008015a0dc0
instanceKlass  @bci scala/meta/internal/builds/BuildTools customBsps ()Lscala/collection/immutable/List; 59 <appendix> argL0 ; # scala/meta/internal/builds/BuildTools$$Lambda$1527+0x00000008015a0a10
instanceKlass  @bci scala/meta/internal/builds/BuildTools customBsps ()Lscala/collection/immutable/List; 46 <appendix> member <vmtarget> ; # scala/meta/internal/builds/BuildTools$$Lambda$1526+0x00000008015a0768
instanceKlass  @bci scala/meta/internal/builds/BuildTools customBsps ()Lscala/collection/immutable/List; 22 <appendix> argL0 ; # scala/meta/internal/builds/BuildTools$$Lambda$1525+0x00000008015a03b8
instanceKlass  @bci scala/meta/internal/builds/BuildTools loadSupported ()Lscala/collection/immutable/List; 86 <appendix> member <vmtarget> ; # scala/meta/internal/builds/BuildTools$$Lambda$1524+0x00000008015a0000
instanceKlass  @bci scala/meta/internal/builds/BazelBuildTool$ workspaceSupportsBsp (Lscala/meta/io/AbsolutePath;)Z 49 <appendix> member <vmtarget> ; # scala/meta/internal/builds/BazelBuildTool$$$Lambda$1523+0x000000080159fa10
instanceKlass scala/meta/internal/builds/BazelBuildTool$
instanceKlass  @bci scala/meta/internal/builds/BuildTools bazelProject ()Lscala/Option; 1 <appendix> argL0 ; # scala/meta/internal/builds/BuildTools$$Lambda$1522+0x000000080159f470
instanceKlass  @bci scala/meta/internal/builds/BuildTools loadSupported ()Lscala/collection/immutable/List; 72 <appendix> member <vmtarget> ; # scala/meta/internal/builds/BuildTools$$Lambda$1521+0x000000080159f0b8
instanceKlass  @bci scala/meta/internal/bsp/ScalaCliBspScope$ $anonfun$scalaCliBspRoot$1 (Lscala/meta/io/AbsolutePath;Lscala/meta/io/AbsolutePath;)Lscala/collection/immutable/List; 22 <appendix> member <vmtarget> ; # scala/meta/internal/bsp/ScalaCliBspScope$$$Lambda$1520+0x000000080159ed00
instanceKlass  @bci scala/meta/internal/bsp/ScalaCliBspScope$ $anonfun$scalaCliBspRoot$1 (Lscala/meta/io/AbsolutePath;Lscala/meta/io/AbsolutePath;)Lscala/collection/immutable/List; 13 <appendix> argL0 ; # scala/meta/internal/bsp/ScalaCliBspScope$$$Lambda$1519+0x000000080159e950
instanceKlass  @bci scala/meta/internal/bsp/ScalaCliBspScope$ scalaCliBspRoot (Lscala/meta/io/AbsolutePath;)Lscala/collection/immutable/List; 8 <appendix> member <vmtarget> ; # scala/meta/internal/bsp/ScalaCliBspScope$$$Lambda$1518+0x000000080159e598
instanceKlass  @bci scala/meta/internal/builds/ScalaCliBuildTool$ pathsToScalaCliBsp (Lscala/meta/io/AbsolutePath;)Lscala/collection/immutable/List; 12 <appendix> member <vmtarget> ; # scala/meta/internal/builds/ScalaCliBuildTool$$$Lambda$1517+0x000000080159e1e0
instanceKlass scala/meta/internal/metals/scalacli/ScalaCli$
instanceKlass scala/meta/internal/builds/ScalaCliBuildTool$
instanceKlass scala/reflect/NameTransformer$OpCodes
instanceKlass scala/reflect/NameTransformer$
instanceKlass scala/meta/internal/bsp/ScalaCliBspScope$
instanceKlass  @bci scala/meta/internal/builds/BuildTools scalaCliProject ()Lscala/Option; 10 <appendix> member <vmtarget> ; # scala/meta/internal/builds/BuildTools$$Lambda$1516+0x000000080159c030
instanceKlass  @bci scala/meta/internal/metals/ExcludedPackagesHandler isExcludedPackage (Ljava/lang/String;)Z 5 <appendix> member <vmtarget> ; # scala/meta/internal/metals/ExcludedPackagesHandler$$Lambda$1515+0x000000080159bc78
instanceKlass jdk/internal/jrtfs/JrtPath$1
instanceKlass java/nio/file/Files$3
instanceKlass java/nio/file/FileTreeWalker$Event
instanceKlass java/nio/file/FileTreeWalker$DirectoryNode
instanceKlass java/nio/file/FileTreeWalker
instanceKlass  @bci scala/meta/internal/builds/BuildTools scalaCliProject ()Lscala/Option; 1 <appendix> argL0 ; # scala/meta/internal/builds/BuildTools$$Lambda$1514+0x000000080159b8c8
instanceKlass  @bci scala/meta/internal/builds/BuildTools loadSupported ()Lscala/collection/immutable/List; 58 <appendix> member <vmtarget> ; # scala/meta/internal/builds/BuildTools$$Lambda$1513+0x000000080159b510
instanceKlass java/nio/file/SimpleFileVisitor
instanceKlass jdk/internal/jrtfs/JrtFileAttributes
instanceKlass  @bci scala/meta/internal/metals/PackageIndex $anonfun$expandJrtClasspath$1 (Lscala/meta/internal/metals/PackageIndex;Lscala/Function1;Ljava/nio/file/Path;)V 23 <appendix> member <vmtarget> ; # scala/meta/internal/metals/PackageIndex$$Lambda$1512+0x000000080159af10
instanceKlass  @bci java/util/stream/StreamSpliterators$WrappingSpliterator initPartialTraversalState ()V 37 <appendix> member <vmtarget> ; # java/util/stream/StreamSpliterators$WrappingSpliterator$$Lambda$1511+0x00000008013fcc08
instanceKlass java/util/function/BooleanSupplier
instanceKlass  @bci java/util/stream/StreamSpliterators$WrappingSpliterator initPartialTraversalState ()V 24 <appendix> member <vmtarget> ; # java/util/stream/StreamSpliterators$WrappingSpliterator$$Lambda$1510+0x00000008013fc788
instanceKlass java/util/stream/StreamSpliterators
instanceKlass  @bci scala/meta/internal/metals/PackageIndex expandJrtClasspath (Lscala/Function1;)V 45 <appendix> member <vmtarget> ; # scala/meta/internal/metals/PackageIndex$$Lambda$1509+0x000000080159ab58
instanceKlass jdk/internal/jrtfs/JrtDirectoryStream$1
instanceKlass java/util/stream/StreamSpliterators$AbstractWrappingSpliterator
instanceKlass  @bci java/util/stream/AbstractPipeline spliterator ()Ljava/util/Spliterator; 103 <appendix> member <vmtarget> ; # java/util/stream/AbstractPipeline$$Lambda$1508+0x00000008013fbc38
instanceKlass  @bci scala/meta/internal/builds/BuildTools millProject ()Lscala/Option; 1 <appendix> argL0 ; # scala/meta/internal/builds/BuildTools$$Lambda$1507+0x000000080159a7a8
instanceKlass  @bci jdk/internal/jrtfs/JrtFileSystem iteratorOf (Ljdk/internal/jrtfs/JrtPath;Ljava/nio/file/DirectoryStream$Filter;)Ljava/util/Iterator; 82 <appendix> member <vmtarget> ; # jdk/internal/jrtfs/JrtFileSystem$$Lambda$1506+0x00000008013fb9f8
instanceKlass  @bci scala/meta/internal/builds/BuildTools loadSupported ()Lscala/collection/immutable/List; 44 <appendix> member <vmtarget> ; # scala/meta/internal/builds/BuildTools$$Lambda$1504+0x000000080159a3f0
instanceKlass  @bci jdk/internal/jrtfs/JrtFileSystem iteratorOf (Ljdk/internal/jrtfs/JrtPath;Ljava/nio/file/DirectoryStream$Filter;)Ljava/util/Iterator; 71 <appendix> member <vmtarget> ; # jdk/internal/jrtfs/JrtFileSystem$$Lambda$1505+0x00000008013fb7c8
instanceKlass  @bci scala/meta/internal/builds/BuildTools mavenProject ()Lscala/Option; 1 <appendix> argL0 ; # scala/meta/internal/builds/BuildTools$$Lambda$1503+0x000000080159a040
instanceKlass scala/meta/internal/builds/GradleBuildTool
instanceKlass scala/meta/internal/builds/VersionRecommendation
instanceKlass scala/meta/internal/builds/BloopInstallProvider
instanceKlass  @bci scala/meta/internal/builds/BuildTools loadSupported ()Lscala/collection/immutable/List; 30 <appendix> member <vmtarget> ; # scala/meta/internal/builds/BuildTools$$Lambda$1502+0x0000000801599648
instanceKlass  @bci scala/meta/internal/builds/BuildTools $anonfun$gradleProject$1 (Lscala/collection/immutable/List;Lscala/meta/io/AbsolutePath;)Z 2 <appendix> member <vmtarget> ; # scala/meta/internal/builds/BuildTools$$Lambda$1501+0x0000000801599290
instanceKlass  @bci scala/meta/internal/builds/BuildTools gradleProject ()Lscala/Option; 46 <appendix> member <vmtarget> ; # scala/meta/internal/builds/BuildTools$$Lambda$1500+0x0000000801598ed8
instanceKlass  @bci scala/meta/internal/builds/BuildTools loadSupported ()Lscala/collection/immutable/List; 16 <appendix> member <vmtarget> ; # scala/meta/internal/builds/BuildTools$$Lambda$1499+0x0000000801598b20
instanceKlass  @bci scala/meta/internal/builds/BuildTools sbtProject ()Lscala/Option; 1 <appendix> argL0 ; # scala/meta/internal/builds/BuildTools$$Lambda$1498+0x0000000801598770
instanceKlass  @bci scala/meta/internal/builds/BuildTools isBsp ()Z 41 <appendix> member <vmtarget> ; # scala/meta/internal/builds/BuildTools$$Lambda$1497+0x00000008015983b8
instanceKlass  @bci scala/meta/internal/builds/BuildTools isBsp ()Z 25 <appendix> member <vmtarget> ; # scala/meta/internal/builds/BuildTools$$Lambda$1496+0x0000000801598000
instanceKlass  @bci scala/meta/internal/mtags/ScalametaCommonEnrichments$XtensionStream $anonfun$asScala$1 (Lscala/meta/internal/mtags/ScalametaCommonEnrichments$XtensionStream;)Lscala/Tuple2; 26 <appendix> member <vmtarget> ; # scala/meta/internal/mtags/ScalametaCommonEnrichments$XtensionStream$$Lambda$1495+0x00000008015979d8
instanceKlass  @bci geny/Generator$Filtered generate (Lscala/Function1;)Lgeny/Generator$Action; 6 <appendix> member <vmtarget> ; # geny/Generator$Filtered$$Lambda$1494+0x0000000801597620
instanceKlass  @bci geny/Generator$Mapped generate (Lscala/Function1;)Lgeny/Generator$Action; 6 <appendix> member <vmtarget> ; # geny/Generator$Mapped$$Lambda$1493+0x0000000801597268
instanceKlass  @bci geny/Generator$Sliced generate (Lscala/Function1;)Lgeny/Generator$Action; 12 <appendix> member <vmtarget> ; # geny/Generator$Sliced$$Lambda$1492+0x0000000801596eb0
instanceKlass scala/runtime/IntRef
instanceKlass  @bci geny/Generator foreach (Lscala/Function1;)V 2 <appendix> member <vmtarget> ; # geny/Generator$$Lambda$1491+0x0000000801596908
instanceKlass  @bci geny/Generator toBuffer ()Lscala/collection/mutable/Buffer; 12 <appendix> member <vmtarget> ; # geny/Generator$$Lambda$1490+0x0000000801596550
instanceKlass geny/Generator$Sliced
instanceKlass geny/Generator$Filtered
instanceKlass  @bci geny/Generator collectFirst (Lscala/PartialFunction;)Lscala/Option; 2 <appendix> member <vmtarget> ; # geny/Generator$$Lambda$1489+0x0000000801595438
instanceKlass geny/Generator$Mapped
instanceKlass  @bci scala/meta/internal/mtags/ScalametaCommonEnrichments$XtensionAbsolutePath list ()Lgeny/Generator; 32 <appendix> argL0 ; # scala/meta/internal/mtags/ScalametaCommonEnrichments$XtensionAbsolutePath$$Lambda$1488+0x0000000801594728
instanceKlass geny/Generator$SelfClosing
instanceKlass  @bci scala/meta/internal/mtags/ScalametaCommonEnrichments$XtensionStream asScala ()Lgeny/Generator; 4 <appendix> member <vmtarget> ; # scala/meta/internal/mtags/ScalametaCommonEnrichments$XtensionStream$$Lambda$1487+0x0000000801593f98
instanceKlass scala/meta/internal/mtags/ScalametaCommonEnrichments$XtensionStream
instanceKlass scala/collection/IterableOnceExtensionMethods$
instanceKlass geny/Generator$Continue$
instanceKlass  @bci geny/Generator find (Lscala/Function1;)Lscala/Option; 10 <appendix> member <vmtarget> ; # geny/Generator$$Lambda$1486+0x00000008015935f8
instanceKlass  @bci geny/Generator exists (Lscala/Function1;)Z 2 <appendix> member <vmtarget> ; # geny/Generator$$Lambda$1485+0x0000000801593240
instanceKlass  @bci scala/meta/internal/builds/BuildTools hasJsonFile (Lscala/meta/io/AbsolutePath;)Z 10 <appendix> argL0 ; # scala/meta/internal/builds/BuildTools$$Lambda$1484+0x0000000801592e90
instanceKlass geny/Generator$Action
instanceKlass geny/Generator$$anon$1
instanceKlass  @bci jdk/internal/jimage/ImageReader$SharedImageReader handleModulesSubTree (Ljava/lang/String;Ljdk/internal/jimage/ImageLocation;)Ljdk/internal/jimage/ImageReader$Node; 37 <appendix> member <vmtarget> ; # jdk/internal/jimage/ImageReader$SharedImageReader$$Lambda$1483+0x00000008013fb108
instanceKlass geny/Generator
instanceKlass  @bci jdk/internal/jimage/ImageReader$SharedImageReader handlePackages (Ljava/lang/String;Ljdk/internal/jimage/ImageLocation;)Ljdk/internal/jimage/ImageReader$Node; 20 <appendix> member <vmtarget> ; # jdk/internal/jimage/ImageReader$SharedImageReader$$Lambda$1482+0x00000008013fab90
instanceKlass jdk/internal/jimage/ImageReader$SharedImageReader$LocationVisitor
instanceKlass jdk/internal/jrtfs/JrtDirectoryStream
instanceKlass jdk/internal/jimage/ImageReader$Node
instanceKlass geny/Generator$
instanceKlass  @bci scala/meta/internal/metals/UserConfiguration getCustomProjectRoot (Lscala/meta/io/AbsolutePath;)Lscala/Option; 13 <appendix> argL0 ; # scala/meta/internal/metals/UserConfiguration$$Lambda$1481+0x00000008015921a8
instanceKlass jdk/internal/jrtfs/SystemImage$2
instanceKlass  @bci scala/meta/internal/metals/UserConfiguration getCustomProjectRoot (Lscala/meta/io/AbsolutePath;)Lscala/Option; 5 <appendix> member <vmtarget> ; # scala/meta/internal/metals/UserConfiguration$$Lambda$1480+0x0000000801591df0
instanceKlass  @bci scala/meta/internal/builds/BuildTools bloopProject ()Lscala/Option; 2 <appendix> member <vmtarget> ; # scala/meta/internal/builds/BuildTools$$Lambda$1479+0x0000000801591a38
instanceKlass  @bci jdk/internal/jrtfs/SystemImage <clinit> ()V 0 <appendix> argL0 ; # jdk/internal/jrtfs/SystemImage$$Lambda$1478+0x00000008013f9a10
instanceKlass  @bci scala/meta/internal/builds/BuildTools isAutoConnectable (Lscala/Option;)Z 11 <appendix> member <vmtarget> ; # scala/meta/internal/builds/BuildTools$$Lambda$1477+0x0000000801591770
instanceKlass jdk/internal/jrtfs/SystemImage
instanceKlass  @bci scala/meta/internal/builds/BuildTools isAutoConnectable (Lscala/Option;)Z 2 <appendix> member <vmtarget> ; # scala/meta/internal/builds/BuildTools$$Lambda$1476+0x00000008015913b8
instanceKlass jdk/internal/jrtfs/JrtPath
instanceKlass  @bci scala/meta/internal/metals/ConnectionProvider withWillGenerateBspConfig (Lscala/Function0;)Lscala/concurrent/Future; 9 <appendix> member <vmtarget> ; # scala/meta/internal/metals/ConnectionProvider$$Lambda$1475+0x0000000801591170
instanceKlass java/util/UUID$Holder
instanceKlass  @bci scala/meta/internal/metals/ProjectMetalsLspService onInitialized ()Lscala/concurrent/Future; 29 <appendix> member <vmtarget> ; # scala/meta/internal/metals/ProjectMetalsLspService$$Lambda$1474+0x0000000801590ec8
instanceKlass  @bci scala/meta/internal/metals/MutableMd5Fingerprints addAll (Lscala/collection/immutable/Map;)V 2 <appendix> member <vmtarget> ; # scala/meta/internal/metals/MutableMd5Fingerprints$$Lambda$1473+0x0000000801590b10
instanceKlass java/util/AbstractMap$SimpleEntry
instanceKlass jdk/internal/jimage/ImageBufferCache$2
instanceKlass  @bci scala/meta/internal/metals/Fingerprints load ()Lscala/collection/immutable/Map; 41 <appendix> argL0 ; # scala/meta/internal/metals/Fingerprints$$Lambda$1472+0x0000000801590760
instanceKlass jdk/internal/jimage/ImageBufferCache
instanceKlass  @bci scala/meta/internal/metals/Fingerprints load ()Lscala/collection/immutable/Map; 33 <appendix> argL0 ; # scala/meta/internal/metals/Fingerprints$$Lambda$1471+0x00000008015903b0
instanceKlass  @bci sun/net/www/protocol/jrt/JavaRuntimeURLConnection <clinit> ()V 0 <appendix> argL0 ; # sun/net/www/protocol/jrt/JavaRuntimeURLConnection$$Lambda$1470+0x00000008013f8258
instanceKlass com/google/gson/JsonParser
instanceKlass  @bci scala/meta/internal/metals/Fingerprints load ()Lscala/collection/immutable/Map; 25 <appendix> argL0 ; # scala/meta/internal/metals/Fingerprints$$Lambda$1469+0x0000000801590000
instanceKlass  @bci scala/meta/internal/metals/WorkspaceLspService $anonfun$initialized$3 (Lscala/meta/internal/metals/WorkspaceLspService;Lscala/runtime/BoxedUnit;)Lscala/concurrent/Future; 30 <appendix> argL0 ; # scala/meta/internal/metals/WorkspaceLspService$$Lambda$1468+0x000000080158f950
instanceKlass  @bci scala/meta/internal/metals/Fingerprints load ()Lscala/collection/immutable/Map; 20 <appendix> argL0 ; # scala/meta/internal/metals/Fingerprints$$Lambda$1467+0x000000080158f5a0
instanceKlass  @bci scala/meta/internal/metals/MetalsLspService initialized ()Lscala/concurrent/Future; 21 <appendix> member <vmtarget> ; # scala/meta/internal/metals/MetalsLspService$$Lambda$1466+0x000000080158f1e8
instanceKlass  @bci scala/meta/internal/metals/MetalsLspService loadFingerPrints ()Lscala/concurrent/Future; 4 <appendix> member <vmtarget> ; # scala/meta/internal/metals/MetalsLspService$$Lambda$1465+0x000000080158ef20
instanceKlass java/nio/channels/AsynchronousFileChannel
instanceKlass java/nio/channels/AsynchronousChannel
instanceKlass java/nio/file/spi/FileSystemProvider$1
instanceKlass org/eclipse/lsp4j/FileSystemWatcher
instanceKlass scala/meta/internal/metals/PackageIndex$$anon$1
instanceKlass org/eclipse/lsp4j/DidChangeWatchedFilesRegistrationOptions
instanceKlass scala/meta/internal/metals/PackageIndex
instanceKlass  @bci scala/meta/internal/metals/ClientConfiguration globSyntax ()Lscala/meta/internal/metals/Configs$GlobSyntaxConfig; 16 <appendix> member <vmtarget> ; # scala/meta/internal/metals/ClientConfiguration$$Lambda$1464+0x000000080158e220
instanceKlass  @bci scala/meta/internal/metals/ClientConfiguration globSyntax ()Lscala/meta/internal/metals/Configs$GlobSyntaxConfig; 7 <appendix> argL0 ; # scala/meta/internal/metals/ClientConfiguration$$Lambda$1463+0x000000080158de70
instanceKlass org/eclipse/lsp4j/Registration
instanceKlass  @bci scala/meta/internal/metals/ClasspathSearch$Indexer$ $anonfun$default$1 (Lscala/collection/Seq;Lscala/meta/internal/metals/ExcludedPackagesHandler;I)Lscala/meta/internal/metals/ClasspathSearch; 5 <appendix> member <vmtarget> ; # scala/meta/internal/metals/ClasspathSearch$Indexer$$$Lambda$1462+0x000000080158d890
instanceKlass  @bci scala/meta/internal/metals/MetalsLspService $anonfun$registerNiceToHaveFilePatterns$3 (Lscala/meta/internal/metals/MetalsLspService;Lorg/eclipse/lsp4j/WorkspaceClientCapabilities;)Lscala/Option; 19 <appendix> member <vmtarget> ; # scala/meta/internal/metals/MetalsLspService$$Lambda$1461+0x000000080158d4d8
instanceKlass  @bci scala/meta/internal/metals/MetalsLspService $anonfun$registerNiceToHaveFilePatterns$3 (Lscala/meta/internal/metals/MetalsLspService;Lorg/eclipse/lsp4j/WorkspaceClientCapabilities;)Lscala/Option; 10 <appendix> argL0 ; # scala/meta/internal/metals/MetalsLspService$$Lambda$1459+0x000000080158cd78
instanceKlass  @bci scala/meta/internal/metals/TargetData allWorkspaceJars ()Lscala/collection/Iterator; 48 <appendix> argL0 ; # scala/meta/internal/metals/TargetData$$Lambda$1460+0x000000080158d128
instanceKlass  @bci scala/meta/internal/metals/PackageIndex$ bootClasspath ()Lscala/collection/immutable/List; 19 <appendix> argL0 ; # scala/meta/internal/metals/PackageIndex$$$Lambda$1457+0x000000080158c610
instanceKlass  @bci scala/meta/internal/metals/MetalsLspService $anonfun$registerNiceToHaveFilePatterns$2 (Lscala/meta/internal/metals/MetalsLspService;Lorg/eclipse/lsp4j/ClientCapabilities;)Lscala/Option; 11 <appendix> member <vmtarget> ; # scala/meta/internal/metals/MetalsLspService$$Lambda$1458+0x000000080158c9c0
instanceKlass  @bci scala/meta/internal/metals/MetalsLspService $anonfun$registerNiceToHaveFilePatterns$1 (Lscala/meta/internal/metals/MetalsLspService;Lorg/eclipse/lsp4j/InitializeParams;)Lscala/Option; 11 <appendix> member <vmtarget> ; # scala/meta/internal/metals/MetalsLspService$$Lambda$1456+0x000000080158c258
instanceKlass  @bci scala/meta/internal/metals/MetalsLspService registerNiceToHaveFilePatterns ()V 11 <appendix> member <vmtarget> ; # scala/meta/internal/metals/MetalsLspService$$Lambda$1455+0x000000080158ba30
instanceKlass scala/meta/internal/metals/PackageIndex$
instanceKlass  @bci scala/meta/internal/metals/WorkspaceLspService $anonfun$initialized$3 (Lscala/meta/internal/metals/WorkspaceLspService;Lscala/runtime/BoxedUnit;)Lscala/concurrent/Future; 9 <appendix> argL0 ; # scala/meta/internal/metals/WorkspaceLspService$$Lambda$1454+0x000000080158b680
instanceKlass  @bci scala/meta/internal/metals/TargetData allWorkspaceJars ()Lscala/collection/Iterator; 29 <appendix> member <vmtarget> ; # scala/meta/internal/metals/TargetData$$Lambda$1453+0x000000080158b2c8
instanceKlass  @bci scala/meta/internal/metals/WorkspaceLspService $anonfun$initialized$1 (Lscala/meta/internal/metals/WorkspaceLspService;Lscala/runtime/BoxedUnit;)Lscala/concurrent/Future; 19 <appendix> member <vmtarget> ; # scala/meta/internal/metals/WorkspaceLspService$$Lambda$1452+0x000000080158af10
instanceKlass  @bci scala/meta/internal/metals/WorkspaceLspService $anonfun$initialized$1 (Lscala/meta/internal/metals/WorkspaceLspService;Lscala/runtime/BoxedUnit;)Lscala/concurrent/Future; 6 <appendix> member <vmtarget> ; # scala/meta/internal/metals/WorkspaceLspService$$Lambda$1451+0x000000080158a2a0
instanceKlass  @bci scala/meta/internal/metals/UserConfigurationSync $anonfun$optSyncUserConfiguration$3 (Lscala/meta/internal/metals/UserConfigurationSync;Lscala/collection/immutable/List;Lscala/Function1;Ljava/util/List;)Lscala/concurrent/Future; 61 <appendix> argL0 ; # scala/meta/internal/metals/UserConfigurationSync$$Lambda$1450+0x0000000801589058
instanceKlass  @bci scala/meta/internal/metals/WorkspaceSymbolProvider indexClasspathUnsafe ()V 14 <appendix> argL0 ; # scala/meta/internal/metals/WorkspaceSymbolProvider$$Lambda$1449+0x0000000801588ca8
instanceKlass  @bci scala/meta/internal/metals/BuildTargets allWorkspaceJars ()Lscala/collection/Iterator; 21 <appendix> member <vmtarget> ; # scala/meta/internal/metals/BuildTargets$$Lambda$1448+0x00000008015888f0
instanceKlass  @bci scala/meta/internal/metals/UserConfigurationSync $anonfun$optSyncUserConfiguration$4 (Lscala/meta/internal/metals/UserConfigurationSync;Lscala/Function1;Lscala/Tuple2;)Lscala/concurrent/Future; 84 <appendix> argL0 ; # scala/meta/internal/metals/UserConfigurationSync$$Lambda$1447+0x0000000801588650
instanceKlass  @bci scala/meta/internal/metals/BuildTargets allWorkspaceJars ()Lscala/collection/Iterator; 12 <appendix> argL0 ; # scala/meta/internal/metals/BuildTargets$$Lambda$1446+0x00000008015882a0
# instanceKlass scala/meta/internal/metals/MetalsLspService$$Lambda$1445+0x0000000801588000
instanceKlass  @bci scala/meta/internal/metals/MetalsLspService setUserConfig (Lscala/meta/internal/metals/UserConfiguration;)Lscala/meta/internal/metals/UserConfiguration; 21 <appendix> argL0 ; # scala/meta/internal/metals/MetalsLspService$$Lambda$1444+0x0000000801587b00
instanceKlass  @bci scala/meta/internal/metals/UserConfigurationSync $anonfun$initSyncUserConfiguration$1 (Lscala/meta/internal/metals/MetalsLspService;)Lscala/Function1; 1 <appendix> member <vmtarget> ; # scala/meta/internal/metals/UserConfigurationSync$$Lambda$1443+0x0000000801587748
instanceKlass  @bci scala/meta/internal/metals/UserConfigurationSync $anonfun$onDidChangeConfiguration$1 (Lscala/meta/internal/metals/MetalsLspService;)Lscala/Function1; 1 <appendix> member <vmtarget> ; # scala/meta/internal/metals/UserConfigurationSync$$Lambda$1442+0x0000000801587390
# instanceKlass scala/meta/internal/metals/UserConfigurationSync$$Lambda$1441+0x00000008015870e8
instanceKlass  @bci scala/meta/internal/metals/UserConfigurationSync userConfigFrom (Lcom/google/gson/JsonObject;)Lscala/Option; 86 <appendix> member <vmtarget> ; # scala/meta/internal/metals/UserConfigurationSync$$Lambda$1440+0x0000000801586e40
# instanceKlass scala/meta/internal/metals/UserConfiguration$$$Lambda$1439+0x0000000801586b80
instanceKlass  @bci scala/meta/internal/metals/UserConfiguration$ fromJson (Lcom/google/gson/JsonObject;Lscala/meta/internal/metals/ClientConfiguration;Ljava/util/Properties;)Lscala/util/Either; 908 <appendix> argL0 ; # scala/meta/internal/metals/UserConfiguration$$$Lambda$1438+0x00000008015868c0
# instanceKlass scala/meta/internal/metals/UserConfiguration$$$Lambda$1437+0x0000000801586600
instanceKlass  @bci scala/meta/internal/metals/UserConfiguration$ fromJson (Lcom/google/gson/JsonObject;Lscala/meta/internal/metals/ClientConfiguration;Ljava/util/Properties;)Lscala/util/Either; 885 <appendix> argL0 ; # scala/meta/internal/metals/UserConfiguration$$$Lambda$1436+0x0000000801586340
instanceKlass  @bci scala/meta/internal/metals/UserConfiguration$ fromJson (Lcom/google/gson/JsonObject;Lscala/meta/internal/metals/ClientConfiguration;Ljava/util/Properties;)Lscala/util/Either; 862 <appendix> argL0 ; # scala/meta/internal/metals/UserConfiguration$$$Lambda$1435+0x0000000801586080
# instanceKlass scala/meta/internal/metals/UserConfiguration$$$Lambda$1434+0x0000000801585dc0
instanceKlass  @bci scala/meta/internal/metals/UserConfiguration$ fromJson (Lcom/google/gson/JsonObject;Lscala/meta/internal/metals/ClientConfiguration;Ljava/util/Properties;)Lscala/util/Either; 830 <appendix> member <vmtarget> ; # scala/meta/internal/metals/UserConfiguration$$$Lambda$1433+0x0000000801585a08
# instanceKlass scala/meta/internal/metals/UserConfiguration$$$Lambda$1432+0x0000000801585650
# instanceKlass scala/meta/internal/metals/UserConfiguration$$$Lambda$1431+0x00000008015852a0
instanceKlass  @bci scala/meta/internal/metals/UserConfiguration$ fromJson (Lcom/google/gson/JsonObject;Lscala/meta/internal/metals/ClientConfiguration;Ljava/util/Properties;)Lscala/util/Either; 711 <appendix> argL0 ; # scala/meta/internal/metals/UserConfiguration$$$Lambda$1430+0x0000000801584ef0
# instanceKlass scala/meta/internal/metals/UserConfiguration$$$Lambda$1428+0x0000000801584c30
instanceKlass  @bci scala/meta/internal/metals/UserConfiguration$ fromJson (Lcom/google/gson/JsonObject;Lscala/meta/internal/metals/ClientConfiguration;Ljava/util/Properties;)Lscala/util/Either; 682 <appendix> argL0 ; # scala/meta/internal/metals/UserConfiguration$$$Lambda$1429+0x0000000801584970
instanceKlass  @bci scala/meta/internal/metals/UserConfiguration$ fromJson (Lcom/google/gson/JsonObject;Lscala/meta/internal/metals/ClientConfiguration;Ljava/util/Properties;)Lscala/util/Either; 647 <appendix> argL0 ; # scala/meta/internal/metals/UserConfiguration$$$Lambda$1427+0x00000008015846d0
# instanceKlass scala/meta/internal/metals/UserConfiguration$$$Lambda$1426+0x0000000801584430
# instanceKlass scala/meta/internal/metals/UserConfiguration$$$Lambda$1425+0x0000000801584078
instanceKlass  @bci scala/meta/internal/metals/UserConfiguration$ $anonfun$fromJson$56 (Lscala/collection/mutable/ListBuffer;Ljava/util/Properties;Lcom/google/gson/JsonObject;)Lscala/Option; 12 <appendix> member <vmtarget> ; # scala/meta/internal/metals/UserConfiguration$$$Lambda$1424+0x0000000801583cc0
instanceKlass scala/meta/internal/metals/JavaFormatConfig
# instanceKlass scala/meta/internal/metals/UserConfiguration$$$Lambda$1423+0x0000000801583648
instanceKlass  @bci scala/meta/internal/metals/UserConfiguration$ fromJson (Lcom/google/gson/JsonObject;Lscala/meta/internal/metals/ClientConfiguration;Ljava/util/Properties;)Lscala/util/Either; 627 <appendix> member <vmtarget> ; # scala/meta/internal/metals/UserConfiguration$$$Lambda$1422+0x0000000801583290
# instanceKlass scala/meta/internal/metals/UserConfiguration$$$Lambda$1421+0x0000000801582ee0
instanceKlass  @bci scala/meta/internal/metals/UserConfiguration$ $anonfun$fromJson$9 (Lscala/collection/mutable/ListBuffer;Ljava/lang/String;Lcom/google/gson/JsonElement;)Lscala/Option; 20 <appendix> argL0 ; # scala/meta/internal/metals/UserConfiguration$$$Lambda$1420+0x0000000801582b30
# instanceKlass scala/meta/internal/metals/UserConfiguration$$$Lambda$1419+0x0000000801582778
instanceKlass  @bci scala/meta/internal/metals/UserConfiguration$ $anonfun$fromJson$9 (Lscala/collection/mutable/ListBuffer;Ljava/lang/String;Lcom/google/gson/JsonElement;)Lscala/Option; 15 <appendix> member <vmtarget> ; # scala/meta/internal/metals/UserConfiguration$$$Lambda$1418+0x00000008015823c0
# instanceKlass scala/meta/internal/metals/UserConfiguration$$$Lambda$1416+0x0000000801582118
instanceKlass  @bci scala/meta/internal/metals/UserConfiguration$ $anonfun$fromJson$9 (Lscala/collection/mutable/ListBuffer;Ljava/lang/String;Lcom/google/gson/JsonElement;)Lscala/Option; 4 <appendix> member <vmtarget> ; # scala/meta/internal/metals/UserConfiguration$$$Lambda$1417+0x0000000801581e70
# instanceKlass scala/meta/internal/metals/UserConfiguration$$$Lambda$1415+0x0000000801581ab8
instanceKlass  @bci scala/meta/internal/metals/UserConfiguration$ getSubKey$1 (Ljava/lang/String;Lcom/google/gson/JsonObject;Lscala/collection/mutable/ListBuffer;Ljava/util/Properties;)Lscala/Option; 4 <appendix> member <vmtarget> ; # scala/meta/internal/metals/UserConfiguration$$$Lambda$1414+0x0000000801581700
instanceKlass scala/meta/internal/metals/TestUserInterfaceKind$TestExplorer$
# instanceKlass scala/meta/internal/metals/UserConfiguration$$$Lambda$1413+0x0000000801581350
instanceKlass  @bci scala/meta/internal/metals/UserConfiguration$ fromJson (Lcom/google/gson/JsonObject;Lscala/meta/internal/metals/ClientConfiguration;Ljava/util/Properties;)Lscala/util/Either; 543 <appendix> argL0 ; # scala/meta/internal/metals/UserConfiguration$$$Lambda$1412+0x0000000801580fa0
# instanceKlass scala/meta/internal/metals/ClientConfiguration$$Lambda$1411+0x0000000801580ce0
instanceKlass  @bci scala/meta/internal/metals/ClientConfiguration isTestExplorerProvider ()Z 7 <appendix> argL0 ; # scala/meta/internal/metals/ClientConfiguration$$Lambda$1410+0x0000000801580a20
# instanceKlass scala/meta/internal/metals/UserConfiguration$$$Lambda$1409+0x00000008015802c0
instanceKlass  @bci scala/meta/internal/metals/UserConfiguration$ fromJson (Lcom/google/gson/JsonObject;Lscala/meta/internal/metals/ClientConfiguration;Ljava/util/Properties;)Lscala/util/Either; 517 <appendix> argL0 ; # scala/meta/internal/metals/UserConfiguration$$$Lambda$1408+0x0000000801580670
# instanceKlass scala/meta/internal/metals/UserConfiguration$$$Lambda$1407+0x0000000801580000
instanceKlass  @bci scala/meta/internal/metals/UserConfiguration$ fromJson (Lcom/google/gson/JsonObject;Lscala/meta/internal/metals/ClientConfiguration;Ljava/util/Properties;)Lscala/util/Either; 482 <appendix> argL0 ; # scala/meta/internal/metals/UserConfiguration$$$Lambda$1406+0x000000080157fb20
instanceKlass  @bci scala/meta/internal/metals/UserConfiguration$ fromJson (Lcom/google/gson/JsonObject;Lscala/meta/internal/metals/ClientConfiguration;Ljava/util/Properties;)Lscala/util/Either; 459 <appendix> argL0 ; # scala/meta/internal/metals/UserConfiguration$$$Lambda$1405+0x000000080157f860
# instanceKlass scala/meta/internal/metals/UserConfiguration$$$Lambda$1404+0x000000080157f5a0
# instanceKlass scala/meta/internal/metals/UserConfiguration$$$Lambda$1403+0x000000080157f2e0
instanceKlass  @bci scala/meta/internal/metals/UserConfiguration$ fromJson (Lcom/google/gson/JsonObject;Lscala/meta/internal/metals/ClientConfiguration;Ljava/util/Properties;)Lscala/util/Either; 436 <appendix> argL0 ; # scala/meta/internal/metals/UserConfiguration$$$Lambda$1402+0x000000080157f020
instanceKlass scala/meta/internal/metals/InlayHintsOption$ByNameParameters$
instanceKlass scala/meta/internal/metals/InlayHintsOption$ClosingLabels$
instanceKlass scala/meta/internal/metals/InlayHintsOption$ImplicitConversions$
instanceKlass scala/meta/internal/metals/InlayHintsOption$NamedParameters$
instanceKlass scala/meta/internal/metals/InlayHintsOption$HintsXRayMode$
instanceKlass scala/meta/internal/metals/InlayHintsOption$HintsInPatternMatch$
instanceKlass scala/meta/internal/metals/InlayHintsOption$ImplicitArguments$
instanceKlass scala/meta/internal/metals/InlayHintsOption$TypeParameters$
instanceKlass scala/meta/internal/metals/InlayHintsOption$InferredType$
instanceKlass scala/meta/internal/metals/InlayHintsOption
instanceKlass scala/meta/internal/metals/InlayHintsOption$
# instanceKlass scala/meta/internal/metals/UserConfiguration$$$Lambda$1401+0x000000080157cd18
instanceKlass  @bci scala/meta/internal/metals/UserConfiguration$ $anonfun$fromJson$34 (Lscala/collection/mutable/ListBuffer;Lcom/google/gson/JsonElement;)Lscala/Option; 30 <appendix> argL0 ; # scala/meta/internal/metals/UserConfiguration$$$Lambda$1400+0x000000080157c968
# instanceKlass scala/meta/internal/metals/UserConfiguration$$$Lambda$1399+0x000000080157c5b0
instanceKlass  @bci scala/meta/internal/metals/UserConfiguration$ $anonfun$fromJson$36 (Ljava/util/Map$Entry;)Lscala/Option; 25 <appendix> member <vmtarget> ; # scala/meta/internal/metals/UserConfiguration$$$Lambda$1398+0x000000080157c1f8
# instanceKlass scala/meta/internal/metals/UserConfiguration$$$Lambda$1397+0x000000080157be48
instanceKlass  @bci scala/meta/internal/metals/UserConfiguration$ $anonfun$fromJson$34 (Lscala/collection/mutable/ListBuffer;Lcom/google/gson/JsonElement;)Lscala/Option; 19 <appendix> argL0 ; # scala/meta/internal/metals/UserConfiguration$$$Lambda$1396+0x000000080157ba98
# instanceKlass scala/meta/internal/metals/UserConfiguration$$$Lambda$1395+0x000000080157b6e0
instanceKlass  @bci scala/meta/internal/metals/UserConfiguration$ $anonfun$fromJson$34 (Lscala/collection/mutable/ListBuffer;Lcom/google/gson/JsonElement;)Lscala/Option; 14 <appendix> member <vmtarget> ; # scala/meta/internal/metals/UserConfiguration$$$Lambda$1394+0x000000080157b328
# instanceKlass scala/meta/internal/metals/UserConfiguration$$$Lambda$1393+0x000000080157af78
instanceKlass  @bci scala/meta/internal/metals/UserConfiguration$ $anonfun$fromJson$35 (Lcom/google/gson/JsonElement;)Lscala/collection/Iterator; 21 <appendix> argL0 ; # scala/meta/internal/metals/UserConfiguration$$$Lambda$1392+0x000000080157abc8
# instanceKlass scala/meta/internal/metals/UserConfiguration$$$Lambda$1391+0x000000080157a920
instanceKlass  @bci scala/meta/internal/metals/UserConfiguration$ $anonfun$fromJson$34 (Lscala/collection/mutable/ListBuffer;Lcom/google/gson/JsonElement;)Lscala/Option; 4 <appendix> member <vmtarget> ; # scala/meta/internal/metals/UserConfiguration$$$Lambda$1390+0x000000080157a678
# instanceKlass scala/meta/internal/metals/UserConfiguration$$$Lambda$1389+0x000000080157a2c0
instanceKlass  @bci scala/meta/internal/metals/UserConfiguration$ getInlayHints$1 (Lcom/google/gson/JsonObject;Lscala/collection/mutable/ListBuffer;Ljava/util/Properties;)Lscala/Option; 5 <appendix> member <vmtarget> ; # scala/meta/internal/metals/UserConfiguration$$$Lambda$1388+0x0000000801579f08
# instanceKlass scala/meta/internal/metals/UserConfiguration$$$Lambda$1387+0x0000000801579c48
instanceKlass  @bci scala/meta/internal/metals/UserConfiguration$ fromJson (Lcom/google/gson/JsonObject;Lscala/meta/internal/metals/ClientConfiguration;Ljava/util/Properties;)Lscala/util/Either; 344 <appendix> argL0 ; # scala/meta/internal/metals/UserConfiguration$$$Lambda$1386+0x0000000801579988
instanceKlass scala/meta/internal/metals/BloopJvmProperties$WithProperties
# instanceKlass scala/meta/internal/metals/UserConfiguration$$$Lambda$1385+0x0000000801579300
instanceKlass  @bci scala/meta/internal/metals/UserConfiguration$ $anonfun$fromJson$24 (Lscala/collection/mutable/ListBuffer;Ljava/lang/String;Lcom/google/gson/JsonElement;)Lscala/Option; 22 <appendix> member <vmtarget> ; # scala/meta/internal/metals/UserConfiguration$$$Lambda$1384+0x0000000801578f48
instanceKlass scala/collection/convert/AsScalaExtensions$IterableHasAsScala
# instanceKlass scala/meta/internal/metals/UserConfiguration$$$Lambda$1383+0x0000000801577a28
instanceKlass  @bci scala/meta/internal/metals/UserConfiguration$ getStringListKey$1 (Ljava/lang/String;Lcom/google/gson/JsonObject;Lscala/collection/mutable/ListBuffer;Ljava/util/Properties;)Lscala/Option; 4 <appendix> member <vmtarget> ; # scala/meta/internal/metals/UserConfiguration$$$Lambda$1382+0x0000000801577670
# instanceKlass scala/meta/internal/metals/UserConfiguration$$$Lambda$1381+0x00000008015773b0
instanceKlass  @bci scala/meta/internal/metals/UserConfiguration$ fromJson (Lcom/google/gson/JsonObject;Lscala/meta/internal/metals/ClientConfiguration;Ljava/util/Properties;)Lscala/util/Either; 213 <appendix> argL0 ; # scala/meta/internal/metals/UserConfiguration$$$Lambda$1380+0x00000008015770f0
# instanceKlass scala/meta/internal/metals/UserConfiguration$$$Lambda$1379+0x0000000801576d40
instanceKlass  @bci scala/meta/internal/metals/UserConfiguration$ $anonfun$fromJson$18 (Lscala/collection/mutable/ListBuffer;Ljava/lang/String;Lcom/google/gson/JsonElement;)Lscala/Option; 20 <appendix> argL0 ; # scala/meta/internal/metals/UserConfiguration$$$Lambda$1378+0x0000000801576990
# instanceKlass scala/meta/internal/metals/UserConfiguration$$$Lambda$1377+0x00000008015765d8
instanceKlass  @bci scala/meta/internal/metals/UserConfiguration$ $anonfun$fromJson$18 (Lscala/collection/mutable/ListBuffer;Ljava/lang/String;Lcom/google/gson/JsonElement;)Lscala/Option; 15 <appendix> member <vmtarget> ; # scala/meta/internal/metals/UserConfiguration$$$Lambda$1376+0x0000000801576220
# instanceKlass scala/meta/internal/metals/UserConfiguration$$$Lambda$1375+0x0000000801575f58
instanceKlass  @bci scala/meta/internal/metals/UserConfiguration$ $anonfun$fromJson$18 (Lscala/collection/mutable/ListBuffer;Ljava/lang/String;Lcom/google/gson/JsonElement;)Lscala/Option; 4 <appendix> member <vmtarget> ; # scala/meta/internal/metals/UserConfiguration$$$Lambda$1374+0x0000000801575c90
# instanceKlass scala/meta/internal/metals/UserConfiguration$$$Lambda$1372+0x00000008015758d8
instanceKlass  @bci scala/meta/internal/metals/UserConfiguration$ getBooleanKey$1 (Ljava/lang/String;Lcom/google/gson/JsonObject;Lscala/collection/mutable/ListBuffer;Ljava/util/Properties;)Lscala/Option; 4 <appendix> member <vmtarget> ; # scala/meta/internal/metals/UserConfiguration$$$Lambda$1373+0x0000000801575520
# instanceKlass scala/meta/internal/metals/UserConfiguration$$$Lambda$1370+0x0000000801574fa0
instanceKlass  @bci scala/meta/internal/metals/UserConfiguration$ fromJson (Lcom/google/gson/JsonObject;Lscala/meta/internal/metals/ClientConfiguration;Ljava/util/Properties;)Lscala/util/Either; 190 <appendix> argL0 ; # scala/meta/internal/metals/UserConfiguration$$$Lambda$1371+0x0000000801575260
# instanceKlass scala/meta/internal/metals/UserConfiguration$$$Lambda$1369+0x0000000801574ce0
instanceKlass  @bci scala/meta/internal/metals/UserConfiguration$ fromJson (Lcom/google/gson/JsonObject;Lscala/meta/internal/metals/ClientConfiguration;Ljava/util/Properties;)Lscala/util/Either; 167 <appendix> argL0 ; # scala/meta/internal/metals/UserConfiguration$$$Lambda$1368+0x0000000801574a20
instanceKlass  @bci scala/meta/internal/metals/UserConfiguration$ getIntKey$1 (Ljava/lang/String;Lscala/collection/mutable/ListBuffer;Lcom/google/gson/JsonObject;Ljava/util/Properties;)Lscala/Option; 8 <appendix> member <vmtarget> ; # scala/meta/internal/metals/UserConfiguration$$$Lambda$1367+0x0000000801574668
# instanceKlass scala/meta/internal/metals/UserConfiguration$$$Lambda$1366+0x00000008015742b0
instanceKlass scala/meta/internal/semanticdb/Scala$Descriptor$None$
instanceKlass scala/meta/internal/semanticdb/Scala$Names$Name
instanceKlass scala/meta/internal/semanticdb/Scala$Descriptor$Package
instanceKlass scala/meta/internal/semanticdb/Scala$DescriptorParser
instanceKlass scala/meta/internal/semanticdb/Scala$DescriptorParser$
instanceKlass scala/meta/internal/semanticdb/Scala$
instanceKlass scala/meta/internal/semanticdb/Scala$ScalaSymbolOps$
instanceKlass scala/meta/internal/semanticdb/Scala$Symbols$
instanceKlass scala/meta/internal/mtags/Symbol
instanceKlass scala/meta/internal/mtags/KeywordWrapper
instanceKlass scala/meta/internal/mtags/Symbol$
instanceKlass  @bci scala/meta/internal/metals/UserConfiguration$ fromJson (Lcom/google/gson/JsonObject;Lscala/meta/internal/metals/ClientConfiguration;Ljava/util/Properties;)Lscala/util/Either; 140 <appendix> argL0 ; # scala/meta/internal/metals/UserConfiguration$$$Lambda$1365+0x0000000801571410
# instanceKlass scala/meta/internal/metals/UserConfiguration$$$Lambda$1364+0x0000000801571060
# instanceKlass scala/meta/internal/metals/UserConfiguration$$$Lambda$1363+0x0000000801570dc0
instanceKlass  @bci scala/meta/internal/metals/UserConfiguration$ fromJson (Lcom/google/gson/JsonObject;Lscala/meta/internal/metals/ClientConfiguration;Ljava/util/Properties;)Lscala/util/Either; 118 <appendix> argL0 ; # scala/meta/internal/metals/UserConfiguration$$$Lambda$1362+0x0000000801570b20
# instanceKlass scala/meta/internal/metals/UserConfiguration$$$Lambda$1361+0x0000000801570768
instanceKlass  @bci scala/meta/internal/metals/UserConfiguration$ getStringMap$1 (Ljava/lang/String;Lcom/google/gson/JsonObject;Lscala/collection/mutable/ListBuffer;Ljava/util/Properties;)Lscala/Option; 4 <appendix> member <vmtarget> ; # scala/meta/internal/metals/UserConfiguration$$$Lambda$1360+0x00000008015703b0
# instanceKlass scala/meta/internal/metals/UserConfiguration$$$Lambda$1359+0x0000000801570000
instanceKlass  @bci scala/meta/internal/metals/UserConfiguration$ fromJson (Lcom/google/gson/JsonObject;Lscala/meta/internal/metals/ClientConfiguration;Ljava/util/Properties;)Lscala/util/Either; 50 <appendix> argL0 ; # scala/meta/internal/metals/UserConfiguration$$$Lambda$1358+0x000000080156fb28
# instanceKlass scala/meta/internal/metals/UserConfiguration$$$Lambda$1356+0x000000080156f3c8
instanceKlass  @bci scala/meta/internal/metals/UserConfiguration$ fromJson (Lcom/google/gson/JsonObject;Lscala/meta/internal/metals/ClientConfiguration;Ljava/util/Properties;)Lscala/util/Either; 30 <appendix> argL0 ; # scala/meta/internal/metals/UserConfiguration$$$Lambda$1357+0x000000080156f778
# instanceKlass scala/meta/internal/metals/UserConfiguration$$$Lambda$1355+0x000000080156f018
instanceKlass  @bci scala/meta/internal/metals/UserConfiguration$ $anonfun$fromJson$7 (Lscala/Function1;Lcom/google/gson/JsonElement;)Lscala/Option; 10 <appendix> argL0 ; # scala/meta/internal/metals/UserConfiguration$$$Lambda$1354+0x000000080156ec68
# instanceKlass scala/meta/internal/metals/UserConfiguration$$$Lambda$1353+0x000000080156e8b8
instanceKlass  @bci scala/meta/internal/metals/UserConfiguration$ $anonfun$fromJson$13 (Lscala/collection/mutable/ListBuffer;Ljava/lang/String;Lcom/google/gson/JsonElement;)Lscala/Option; 31 <appendix> argL0 ; # scala/meta/internal/metals/UserConfiguration$$$Lambda$1352+0x000000080156e508
# instanceKlass scala/meta/internal/metals/UserConfiguration$$$Lambda$1350+0x000000080156dda8
instanceKlass  @bci scala/meta/internal/metals/UserConfiguration$ $anonfun$fromJson$13 (Lscala/collection/mutable/ListBuffer;Ljava/lang/String;Lcom/google/gson/JsonElement;)Lscala/Option; 20 <appendix> argL0 ; # scala/meta/internal/metals/UserConfiguration$$$Lambda$1351+0x000000080156e158
instanceKlass  @bci scala/meta/internal/metals/UserConfiguration$ $anonfun$fromJson$13 (Lscala/collection/mutable/ListBuffer;Ljava/lang/String;Lcom/google/gson/JsonElement;)Lscala/Option; 15 <appendix> member <vmtarget> ; # scala/meta/internal/metals/UserConfiguration$$$Lambda$1348+0x000000080156d9f0
# instanceKlass scala/meta/internal/metals/UserConfiguration$$$Lambda$1349+0x000000080156d638
# instanceKlass scala/meta/internal/metals/UserConfiguration$$$Lambda$1347+0x000000080156d390
instanceKlass  @bci scala/meta/internal/metals/UserConfiguration$ $anonfun$fromJson$13 (Lscala/collection/mutable/ListBuffer;Ljava/lang/String;Lcom/google/gson/JsonElement;)Lscala/Option; 4 <appendix> member <vmtarget> ; # scala/meta/internal/metals/UserConfiguration$$$Lambda$1346+0x000000080156d0e8
# instanceKlass scala/meta/internal/metals/UserConfiguration$$$Lambda$1345+0x000000080156cd30
instanceKlass  @bci scala/meta/internal/metals/UserConfiguration$ getKey$1 (Ljava/lang/String;Lcom/google/gson/JsonObject;Lscala/Function1;Ljava/util/Properties;)Lscala/Option; 37 <appendix> member <vmtarget> ; # scala/meta/internal/metals/UserConfiguration$$$Lambda$1344+0x000000080156c978
# instanceKlass scala/meta/internal/metals/UserConfiguration$$$Lambda$1343+0x000000080156c5c0
instanceKlass  @bci scala/meta/internal/metals/UserConfiguration$ $anonfun$fromJson$5 (Lcom/google/gson/JsonObject;Ljava/lang/String;)Lscala/Option; 1 <appendix> member <vmtarget> ; # scala/meta/internal/metals/UserConfiguration$$$Lambda$1342+0x000000080156c208
# instanceKlass scala/meta/internal/metals/UserConfiguration$$$Lambda$1340+0x000000080156bf60
instanceKlass  @bci scala/meta/internal/metals/UserConfiguration$ getKey$1 (Ljava/lang/String;Lcom/google/gson/JsonObject;Lscala/Function1;Ljava/util/Properties;)Lscala/Option; 28 <appendix> member <vmtarget> ; # scala/meta/internal/metals/UserConfiguration$$$Lambda$1341+0x000000080156bcb8
# instanceKlass scala/meta/internal/metals/UserConfiguration$$$Lambda$1339+0x000000080156b908
instanceKlass  @bci scala/meta/internal/metals/UserConfiguration$ getKey$1 (Ljava/lang/String;Lcom/google/gson/JsonObject;Lscala/Function1;Ljava/util/Properties;)Lscala/Option; 18 <appendix> argL0 ; # scala/meta/internal/metals/UserConfiguration$$$Lambda$1338+0x000000080156b558
# instanceKlass scala/meta/internal/metals/UserConfiguration$$$Lambda$1337+0x000000080156b1a8
instanceKlass  @bci scala/meta/internal/metals/UserConfiguration$ getKey$1 (Ljava/lang/String;Lcom/google/gson/JsonObject;Lscala/Function1;Ljava/util/Properties;)Lscala/Option; 10 <appendix> argL0 ; # scala/meta/internal/metals/UserConfiguration$$$Lambda$1336+0x000000080156adf8
instanceKlass scala/meta/internal/metals/StringCase$
# instanceKlass scala/meta/internal/metals/UserConfiguration$$$Lambda$1335+0x000000080156a960
instanceKlass  @bci scala/meta/internal/metals/UserConfiguration$ option$1 (Lscala/Function1;Ljava/lang/String;)Lscala/Option; 15 <appendix> member <vmtarget> ; # scala/meta/internal/metals/UserConfiguration$$$Lambda$1334+0x000000080156a6b8
# instanceKlass scala/meta/internal/metals/UserConfiguration$$$Lambda$1333+0x000000080156a300
instanceKlass  @bci scala/meta/internal/metals/UserConfiguration$ getKey$1 (Ljava/lang/String;Lcom/google/gson/JsonObject;Lscala/Function1;Ljava/util/Properties;)Lscala/Option; 1 <appendix> member <vmtarget> ; # scala/meta/internal/metals/UserConfiguration$$$Lambda$1332+0x0000000801569f48
instanceKlass  @bci scala/meta/internal/metals/UserConfiguration$ getStringKeyOnObj$1 (Ljava/lang/String;Lcom/google/gson/JsonObject;Lscala/collection/mutable/ListBuffer;Ljava/util/Properties;)Lscala/Option; 4 <appendix> member <vmtarget> ; # scala/meta/internal/metals/UserConfiguration$$$Lambda$1331+0x0000000801569b90
instanceKlass  @bci scala/meta/internal/metals/UserConfigurationSync $anonfun$optSyncUserConfiguration$3 (Lscala/meta/internal/metals/UserConfigurationSync;Lscala/collection/immutable/List;Lscala/Function1;Ljava/util/List;)Lscala/concurrent/Future; 30 <appendix> member <vmtarget> ; # scala/meta/internal/metals/UserConfigurationSync$$Lambda$1330+0x00000008015697d8
instanceKlass  @bci scala/meta/internal/metals/UserConfigurationSync onDidChangeConfiguration (Lorg/eclipse/lsp4j/DidChangeConfigurationParams;Lscala/collection/immutable/List;)Lscala/concurrent/Future; 21 <appendix> argL0 ; # scala/meta/internal/metals/UserConfigurationSync$$Lambda$1329+0x0000000801569538
instanceKlass  @bci scala/meta/internal/metals/UserConfigurationSync onDidChangeConfiguration (Lorg/eclipse/lsp4j/DidChangeConfigurationParams;Lscala/collection/immutable/List;)Lscala/concurrent/Future; 13 <appendix> member <vmtarget> ; # scala/meta/internal/metals/UserConfigurationSync$$Lambda$1328+0x0000000801569290
instanceKlass  @bci scala/meta/internal/metals/UserConfigurationSync onDidChangeConfiguration (Lorg/eclipse/lsp4j/DidChangeConfigurationParams;Lscala/collection/immutable/List;)Lscala/concurrent/Future; 2 <appendix> argL0 ; # scala/meta/internal/metals/UserConfigurationSync$$Lambda$1327+0x0000000801568ee0
instanceKlass  @bci scala/meta/internal/metals/MetalsLspService didOpen (Lorg/eclipse/lsp4j/DidOpenTextDocumentParams;)Ljava/util/concurrent/CompletableFuture; 265 <appendix> member <vmtarget> ; # scala/meta/internal/metals/MetalsLspService$$Lambda$1326+0x0000000801568b28
instanceKlass  @bci scala/meta/internal/metals/BatchedFunction runRelease (Lscala/concurrent/Promise;)V 175 <appendix> member <vmtarget> ; # scala/meta/internal/metals/BatchedFunction$$Lambda$1325+0x0000000801568770
instanceKlass  @bci scala/meta/internal/metals/BatchedFunction runRelease (Lscala/concurrent/Promise;)V 151 <appendix> member <vmtarget> ; # scala/meta/internal/metals/BatchedFunction$$Lambda$1324+0x00000008015683b8
instanceKlass  @bci scala/meta/internal/metals/BatchedFunction runRelease (Lscala/concurrent/Promise;)V 132 <appendix> member <vmtarget> ; # scala/meta/internal/metals/BatchedFunction$$Lambda$1323+0x0000000801568000
instanceKlass  @bci scala/meta/internal/metals/MetalsEnrichments$XtensionScalaFuture ignoreValue (Lscala/concurrent/ExecutionContext;)Lscala/concurrent/Future; 4 <appendix> argL0 ; # scala/meta/internal/metals/MetalsEnrichments$XtensionScalaFuture$$Lambda$1322+0x0000000801554400
instanceKlass  @bci scala/meta/internal/metals/MetalsLspService $anonfun$parseTrees$1 (Lscala/meta/internal/metals/MetalsLspService;Lscala/collection/immutable/Seq;)Lscala/meta/internal/metals/CancelableFuture; 18 <appendix> member <vmtarget> ; # scala/meta/internal/metals/MetalsLspService$$Lambda$1321+0x0000000801554aa8
instanceKlass  @bci scala/meta/internal/metals/BatchedFunction runRelease (Lscala/concurrent/Promise;)V 44 <appendix> member <vmtarget> ; # scala/meta/internal/metals/BatchedFunction$$Lambda$1320+0x0000000801554800
instanceKlass  @bci scala/meta/internal/metals/BatchedFunction runRelease (Lscala/concurrent/Promise;)V 30 <appendix> argL0 ; # scala/meta/internal/metals/BatchedFunction$$Lambda$1319+0x0000000801555c30
instanceKlass  @bci scala/meta/internal/metals/BatchedFunction runRelease (Lscala/concurrent/Promise;)V 19 <appendix> argL0 ; # scala/meta/internal/metals/BatchedFunction$$Lambda$1318+0x0000000801555880
instanceKlass scala/meta/internal/async/ConcurrentQueue$
instanceKlass  @bci scala/meta/internal/metals/BatchedFunction promise$lzycompute$1 (Lscala/runtime/LazyRef;)Lscala/concurrent/Promise; 38 <appendix> member <vmtarget> ; # scala/meta/internal/metals/BatchedFunction$$Lambda$1317+0x00000008015552d8
instanceKlass scala/meta/internal/metals/BatchedFunction$Request
instanceKlass  @bci scala/meta/internal/metals/BatchedFunction apply (Ljava/lang/Object;)Lscala/concurrent/Future; 27 <appendix> argL0 ; # scala/meta/internal/metals/BatchedFunction$$Lambda$1316+0x0000000801567c28
instanceKlass  @bci scala/meta/internal/metals/MetalsLspService didOpen (Lorg/eclipse/lsp4j/DidOpenTextDocumentParams;)Ljava/util/concurrent/CompletableFuture; 192 <appendix> member <vmtarget> ; # scala/meta/internal/metals/MetalsLspService$$Lambda$1315+0x0000000801567870
instanceKlass  @bci scala/meta/internal/metals/MetalsLspService didOpen (Lorg/eclipse/lsp4j/DidOpenTextDocumentParams;)Ljava/util/concurrent/CompletableFuture; 173 <appendix> member <vmtarget> ; # scala/meta/internal/metals/MetalsLspService$$Lambda$1314+0x00000008015674b8
instanceKlass  @bci scala/meta/internal/metals/MetalsLspService didOpen (Lorg/eclipse/lsp4j/DidOpenTextDocumentParams;)Ljava/util/concurrent/CompletableFuture; 164 <appendix> argL0 ; # scala/meta/internal/metals/MetalsLspService$$Lambda$1313+0x0000000801567108
instanceKlass  @bci scala/meta/internal/metals/PackageProvider workspaceEdit (Lscala/meta/io/AbsolutePath;Ljava/lang/String;Lscala/Option;)Lscala/Option; 9 <appendix> member <vmtarget> ; # scala/meta/internal/metals/PackageProvider$$Lambda$1312+0x0000000801566d50
instanceKlass scala/meta/internal/metals/newScalaFile/NewFileTemplate
instanceKlass  @bci scala/meta/internal/metals/PackageProvider packageStatement (Lscala/meta/io/AbsolutePath;Ljava/lang/String;)Lscala/Option; 108 <appendix> member <vmtarget> ; # scala/meta/internal/metals/PackageProvider$$Lambda$1311+0x0000000801566738
instanceKlass  @bci scala/meta/internal/metals/PackageProvider packageStatement (Lscala/meta/io/AbsolutePath;Ljava/lang/String;)Lscala/Option; 98 <appendix> argL0 ; # scala/meta/internal/metals/PackageProvider$$Lambda$1310+0x0000000801566388
instanceKlass  @bci scala/meta/internal/metals/PackageProvider packageStatement (Lscala/meta/io/AbsolutePath;Ljava/lang/String;)Lscala/Option; 81 <appendix> member <vmtarget> ; # scala/meta/internal/metals/PackageProvider$$Lambda$1309+0x00000008015660e0
instanceKlass scala/meta/internal/mtags/ScalametaCommonEnrichments$XtensionPathMetals
instanceKlass  @bci scala/meta/internal/metals/MetalsLspService didOpen (Lorg/eclipse/lsp4j/DidOpenTextDocumentParams;)Ljava/util/concurrent/CompletableFuture; 139 <appendix> member <vmtarget> ; # scala/meta/internal/metals/MetalsLspService$$Lambda$1308+0x0000000801565c00
instanceKlass  @bci scala/meta/internal/metals/MetalsEnrichments$XtensionClientCapabilities supportsVersionedWorkspaceEdits ()Z 21 <appendix> argL0 ; # scala/meta/internal/metals/MetalsEnrichments$XtensionClientCapabilities$$Lambda$1307+0x0000000801565940
instanceKlass  @bci scala/meta/internal/metals/MetalsEnrichments$XtensionClientCapabilities $anonfun$supportsVersionedWorkspaceEdits$3 (Lorg/eclipse/lsp4j/WorkspaceEditCapabilities;)Lscala/Option; 10 <appendix> argL0 ; # scala/meta/internal/metals/MetalsEnrichments$XtensionClientCapabilities$$Lambda$1306+0x0000000801565590
instanceKlass  @bci scala/meta/internal/metals/MetalsEnrichments$XtensionClientCapabilities $anonfun$supportsVersionedWorkspaceEdits$2 (Lorg/eclipse/lsp4j/WorkspaceClientCapabilities;)Lscala/Option; 10 <appendix> argL0 ; # scala/meta/internal/metals/MetalsEnrichments$XtensionClientCapabilities$$Lambda$1305+0x00000008015651e0
instanceKlass  @bci scala/meta/internal/metals/MetalsEnrichments$XtensionClientCapabilities $anonfun$supportsVersionedWorkspaceEdits$1 (Lorg/eclipse/lsp4j/ClientCapabilities;)Lscala/Option; 10 <appendix> argL0 ; # scala/meta/internal/metals/MetalsEnrichments$XtensionClientCapabilities$$Lambda$1304+0x0000000801564e30
instanceKlass  @bci scala/meta/internal/metals/MetalsEnrichments$XtensionClientCapabilities supportsVersionedWorkspaceEdits ()Z 13 <appendix> argL0 ; # scala/meta/internal/metals/MetalsEnrichments$XtensionClientCapabilities$$Lambda$1303+0x0000000801564a80
instanceKlass scala/util/hashing/package$
instanceKlass  @bci scala/meta/internal/metals/MutableMd5Fingerprints add (Lscala/meta/io/AbsolutePath;Lscala/meta/internal/metals/Fingerprint;)V 5 <appendix> argL0 ; # scala/meta/internal/metals/MutableMd5Fingerprints$$Lambda$1302+0x0000000801564668
instanceKlass sun/security/provider/ByteArrayAccess$LE
instanceKlass scala/meta/internal/mtags/MD5$
instanceKlass  @bci scala/meta/internal/metals/MutableMd5Fingerprints add (Lscala/meta/io/AbsolutePath;Ljava/lang/String;Lscala/Option;)Lscala/meta/internal/metals/Fingerprint; 7 <appendix> member <vmtarget> ; # scala/meta/internal/metals/MutableMd5Fingerprints$$Lambda$1301+0x00000008015641d0
instanceKlass scala/meta/internal/metals/Fingerprint
instanceKlass  @bci scala/meta/internal/metals/MetalsLspService didOpen (Lorg/eclipse/lsp4j/DidOpenTextDocumentParams;)Ljava/util/concurrent/CompletableFuture; 66 <appendix> member <vmtarget> ; # scala/meta/internal/metals/MetalsLspService$$Lambda$1300+0x0000000801563b50
instanceKlass  @bci scala/meta/internal/metals/MetalsLspService didOpen (Lorg/eclipse/lsp4j/DidOpenTextDocumentParams;)Ljava/util/concurrent/CompletableFuture; 57 <appendix> member <vmtarget> ; # scala/meta/internal/metals/MetalsLspService$$Lambda$1299+0x0000000801563798
instanceKlass  @bci scala/meta/internal/metals/MetalsLspService didOpen (Lorg/eclipse/lsp4j/DidOpenTextDocumentParams;)Ljava/util/concurrent/CompletableFuture; 37 <appendix> argL0 ; # scala/meta/internal/metals/MetalsLspService$$Lambda$1298+0x00000008015634f8
instanceKlass  @bci scala/meta/internal/metals/ActiveFiles add (Lscala/meta/io/AbsolutePath;)V 4 <appendix> argL0 ; # scala/meta/internal/metals/ActiveFiles$$Lambda$1297+0x00000008015632c0
instanceKlass scala/meta/internal/metals/ActiveFiles$Event
instanceKlass  @bci scala/meta/internal/metals/WorkspaceLspService didOpen (Lorg/eclipse/lsp4j/DidOpenTextDocumentParams;)Ljava/util/concurrent/CompletableFuture; 95 <appendix> member <vmtarget> ; # scala/meta/internal/metals/WorkspaceLspService$$Lambda$1296+0x0000000801562d40
instanceKlass  @bci scala/meta/internal/metals/WorkspaceLspService didOpen (Lorg/eclipse/lsp4j/DidOpenTextDocumentParams;)Ljava/util/concurrent/CompletableFuture; 86 <appendix> member <vmtarget> ; # scala/meta/internal/metals/WorkspaceLspService$$Lambda$1295+0x0000000801562a98
instanceKlass  @bci scala/meta/internal/metals/clients/language/MetalsStatusParams logMessage (Lscala/meta/internal/metals/Icons;)Ljava/lang/String; 59 <appendix> argL0 ; # scala/meta/internal/metals/clients/language/MetalsStatusParams$$Lambda$1294+0x0000000801562508
instanceKlass  @bci scala/meta/internal/metals/clients/language/MetalsStatusParams getStatusType ()Lscala/Enumeration$Value; 15 <appendix> argL0 ; # scala/meta/internal/metals/clients/language/MetalsStatusParams$$Lambda$1293+0x0000000801562268
instanceKlass  @bci scala/Enumeration withName (Ljava/lang/String;)Lscala/Enumeration$Value; 9 <appendix> member <vmtarget> ; # scala/Enumeration$$Lambda$1292+0x0000000801561fc0
instanceKlass  @bci scala/Enumeration$ValueSet scala$Enumeration$$byName$lzycompute ()Lscala/collection/immutable/Map; 14 <appendix> argL0 ; # scala/Enumeration$ValueSet$$Lambda$1291+0x0000000801561c10
instanceKlass  @bci scala/Enumeration$ValueSet iterator ()Lscala/collection/Iterator; 8 <appendix> member <vmtarget> ; # scala/Enumeration$ValueSet$$Lambda$1290+0x0000000801557af0
instanceKlass scala/collection/mutable/SortedSet
instanceKlass scala/collection/mutable/SortedSetOps
instanceKlass scala/Enumeration$ValueSet$$anon$1
instanceKlass scala/collection/BitSet
instanceKlass scala/collection/BitSetOps
instanceKlass scala/collection/immutable/StrictOptimizedSortedSetOps
instanceKlass scala/collection/StrictOptimizedSortedSetOps
instanceKlass scala/collection/immutable/BitSet$
instanceKlass scala/collection/SortedIterableFactory
instanceKlass  @bci scala/meta/internal/metals/clients/language/MetalsStatusParams getStatusType ()Lscala/Enumeration$Value; 4 <appendix> member <vmtarget> ; # scala/meta/internal/metals/clients/language/MetalsStatusParams$$Lambda$1289+0x00000008015563b8
instanceKlass scala/meta/internal/bsp/ConnectionBspStatus$
instanceKlass  @bci scala/meta/internal/metals/WorkspaceLspService setFocusedDocument (Lscala/Option;)V 74 <appendix> member <vmtarget> ; # scala/meta/internal/metals/WorkspaceLspService$$Lambda$1288+0x0000000801556000
instanceKlass  @bci scala/meta/internal/metals/WorkspaceLspService setFocusedDocument (Lscala/Option;)V 65 <appendix> member <vmtarget> ; # scala/meta/internal/metals/WorkspaceLspService$$Lambda$1287+0x00000008015538f0
instanceKlass com/google/gson/internal/GsonTypes$GenericArrayTypeImpl
instanceKlass scala/meta/internal/tvp/MetalsCommand
instanceKlass scala/collection/mutable/ArrayBuilder$
instanceKlass scala/collection/immutable/SortedSet
instanceKlass scala/collection/immutable/SortedSetOps
instanceKlass scala/collection/SortedSet
instanceKlass scala/collection/SortedSetFactoryDefaults
instanceKlass scala/collection/SortedSetOps
instanceKlass scala/collection/SortedOps
instanceKlass scala/Enumeration$ValueSet$
instanceKlass scala/collection/SpecificIterableFactory
instanceKlass scala/Enumeration$ValueOrdering$
instanceKlass  @bci scala/Enumeration scala$Enumeration$$nameOf (I)Ljava/lang/String; 10 <appendix> member <vmtarget> ; # scala/Enumeration$$Lambda$1286+0x0000000801550568
instanceKlass  @cpi scala/Enumeration 432 form vmentry <vmtarget> ; # java/lang/invoke/LambdaForm$DMH+0x0000000801554000
instanceKlass scala/Enumeration$Value
instanceKlass scala/Enumeration
instanceKlass scala/runtime/AbstractFunction9
instanceKlass scala/Function9
instanceKlass scala/meta/internal/metals/ModuleStatus$
instanceKlass  @bci scala/meta/internal/metals/ModuleStatus refresh ()V 103 <appendix> member <vmtarget> ; # scala/meta/internal/metals/ModuleStatus$$Lambda$1285+0x000000080154f000
instanceKlass  @bci scala/meta/internal/metals/BuildTargets inferBuildTargets (Lscala/meta/io/AbsolutePath;)Lscala/collection/immutable/List; 281 <appendix> member <vmtarget> ; # scala/meta/internal/metals/BuildTargets$$Lambda$1284+0x000000080154bc30
instanceKlass  @bci scala/meta/internal/metals/BuildTargets inferBuildTargets (Lscala/meta/io/AbsolutePath;)Lscala/collection/immutable/List; 268 <appendix> member <vmtarget> ; # scala/meta/internal/metals/BuildTargets$$Lambda$1283+0x000000080154b878
instanceKlass  @bci scala/meta/internal/metals/BuildTargets jarPath (Lscala/meta/io/AbsolutePath;)Lscala/Option; 11 <appendix> member <vmtarget> ; # scala/meta/internal/metals/BuildTargets$$Lambda$1282+0x000000080154b4c0
instanceKlass  @bci scala/meta/internal/metals/BuildTargets inverseSources (Lscala/meta/io/AbsolutePath;)Lscala/Option; 50 <appendix> member <vmtarget> ; # scala/meta/internal/metals/BuildTargets$$Lambda$1281+0x000000080154b218
instanceKlass org/h2/mvstore/db/MVSecondaryIndex$MVStoreCursor
instanceKlass  @bci scala/meta/internal/metals/DependencySources getBuildTarget (Lscala/meta/io/AbsolutePath;)Lscala/Option; 26 <appendix> argL0 ; # scala/meta/internal/metals/DependencySources$$Lambda$1280+0x000000080154ac40
instanceKlass  @bci scala/meta/internal/metals/DependencySources getBuildTarget (Lscala/meta/io/AbsolutePath;)Lscala/Option; 21 <appendix> member <vmtarget> ; # scala/meta/internal/metals/DependencySources$$Lambda$1279+0x000000080154a888
instanceKlass scala/meta/internal/metals/JdbcEnrichments$XtensionConnection
instanceKlass scala/meta/internal/metals/Tables$ConnectionState$Connected
instanceKlass  @bci org/flywaydb/core/FlywayExecutor showMemoryUsage ()V 48 <appendix> form vmentry <vmtarget> ; # java/lang/invoke/LambdaForm$MH+0x000000080154e800
instanceKlass  @bci org/flywaydb/core/FlywayExecutor showMemoryUsage ()V 48 <appendix> argL3 form vmentry <vmtarget> ; # java/lang/invoke/LambdaForm$MH+0x000000080154e400
# instanceKlass java/lang/invoke/LambdaForm$MH+0x000000080154e000
# instanceKlass java/lang/invoke/LambdaForm$MH+0x000000080154dc00
# instanceKlass java/lang/invoke/LambdaForm$MH+0x000000080154d800
# instanceKlass java/lang/invoke/LambdaForm$MH+0x000000080154d400
instanceKlass  @bci org/flywaydb/core/FlywayExecutor showMemoryUsage ()V 48 <appendix> argL1 form vmentry <vmtarget> ; # java/lang/invoke/LambdaForm$MH+0x000000080154d000
# instanceKlass java/lang/invoke/LambdaForm$MH+0x000000080154cc00
instanceKlass  @bci org/flywaydb/core/FlywayExecutor showMemoryUsage ()V 48 <appendix> argL1 argL0 form vmentry <vmtarget> ; # java/lang/invoke/LambdaForm$MH+0x000000080154c800
# instanceKlass java/lang/invoke/LambdaForm$MH+0x000000080154c400
# instanceKlass java/lang/invoke/LambdaForm$MH+0x000000080154c000
instanceKlass org/h2/mvstore/Chunk$PositionComparator
instanceKlass  @bci org/h2/mvstore/RandomAccessStore findChunksToMove (JJ)Ljava/lang/Iterable; 34 <appendix> argL0 ; # org/h2/mvstore/RandomAccessStore$$Lambda$1278+0x0000000801549b10
instanceKlass  @bci org/flywaydb/core/internal/database/base/Connection restoreOriginalSchema ()V 12 <appendix> member <vmtarget> ; # org/flywaydb/core/internal/database/base/Connection$$Lambda$1277+0x0000000801549900
instanceKlass  @bci org/flywaydb/core/internal/command/MigrateTelemetryModel setFromMigrateResult (Lorg/flywaydb/core/api/output/MigrateResult;)V 44 <appendix> argL0 ; # org/flywaydb/core/internal/command/MigrateTelemetryModel$$Lambda$1276+0x00000008015496d8
instanceKlass  @bci org/flywaydb/core/internal/command/MigrateTelemetryModel setFromMigrateResult (Lorg/flywaydb/core/api/output/MigrateResult;)V 10 <appendix> argL0 ; # org/flywaydb/core/internal/command/MigrateTelemetryModel$$Lambda$1275+0x00000008015494b0
instanceKlass java/util/stream/ReduceOps$8ReducingSink
instanceKlass java/util/stream/Sink$OfLong
instanceKlass  @bci java/util/stream/LongPipeline sum ()J 2 <appendix> argL0 ; # java/util/stream/LongPipeline$$Lambda$1274+0x00000008013f64b0
instanceKlass java/util/function/LongBinaryOperator
instanceKlass  @bci org/flywaydb/core/api/output/MigrateResult getTotalMigrationTime ()J 28 <appendix> argL0 ; # org/flywaydb/core/api/output/MigrateResult$$Lambda$1273+0x00000008015492a8
instanceKlass  @bci org/flywaydb/core/api/output/MigrateResult getTotalMigrationTime ()J 18 <appendix> argL0 ; # org/flywaydb/core/api/output/MigrateResult$$Lambda$1272+0x0000000801549070
instanceKlass org/flywaydb/core/api/output/MigrateOutput
instanceKlass  @bci org/flywaydb/core/internal/command/DbMigrate migrateGroup (Z)Ljava/lang/Integer; 524 <appendix> member <vmtarget> ; # org/flywaydb/core/internal/command/DbMigrate$$Lambda$1271+0x0000000801548c58
instanceKlass  @bci org/flywaydb/core/internal/info/MigrationInfoServiceImpl pending ()[Lorg/flywaydb/core/internal/info/MigrationInfoImpl; 59 <appendix> argL0 ; # org/flywaydb/core/internal/info/MigrationInfoServiceImpl$$Lambda$1270+0x0000000801548a50
instanceKlass  @bci org/flywaydb/core/internal/info/MigrationInfoServiceImpl failed ()[Lorg/flywaydb/core/internal/info/MigrationInfoImpl; 59 <appendix> argL0 ; # org/flywaydb/core/internal/info/MigrationInfoServiceImpl$$Lambda$1269+0x0000000801548848
instanceKlass  @bci org/flywaydb/core/internal/info/MigrationInfoServiceImpl future ()[Lorg/flywaydb/core/api/MigrationInfo; 82 <appendix> argL0 ; # org/flywaydb/core/internal/info/MigrationInfoServiceImpl$$Lambda$1268+0x0000000801548460
instanceKlass org/h2/command/query/ForUpdate
instanceKlass org/flywaydb/core/internal/jdbc/TableLockingExecutionTemplate$1
instanceKlass org/flywaydb/core/internal/jdbc/TableLockingExecutionTemplate
instanceKlass  @bci org/flywaydb/core/internal/command/DbMigrate migrateAll ()I 93 <appendix> member <vmtarget> ; # org/flywaydb/core/internal/command/DbMigrate$$Lambda$1267+0x0000000801543a40
instanceKlass  @bci org/flywaydb/core/internal/callback/DefaultCallbackExecutor onMigrateOrUndoEvent (Lorg/flywaydb/core/api/callback/CallbackEvent;)V 29 <appendix> member <vmtarget> ; # org/flywaydb/core/internal/callback/DefaultCallbackExecutor$$Lambda$1266+0x0000000801543800
instanceKlass org/flywaydb/core/api/executor/Context
instanceKlass org/flywaydb/core/internal/command/DbMigrate
instanceKlass  @bci org/flywaydb/core/internal/command/DbSchemas create (Z)V 44 <appendix> member <vmtarget> ; # org/flywaydb/core/internal/command/DbSchemas$$Lambda$1265+0x00000008015476a8
instanceKlass org/flywaydb/core/internal/command/DbSchemas
instanceKlass org/flywaydb/core/api/output/OperationResultBase
instanceKlass org/flywaydb/core/internal/license/VersionPrinter
instanceKlass org/flywaydb/core/api/output/CommandResultFactory
instanceKlass org/flywaydb/core/internal/util/TimeFormat
instanceKlass org/flywaydb/core/internal/util/AbbreviationUtils
instanceKlass  @bci org/flywaydb/core/internal/util/ValidatePatternUtils isPendingIgnored ([Lorg/flywaydb/core/api/pattern/ValidatePattern;)Z 4 <appendix> argL0 ; # org/flywaydb/core/internal/util/ValidatePatternUtils$$Lambda$1264+0x00000008015466a0
instanceKlass  @bci org/flywaydb/core/internal/util/ValidatePatternUtils isIgnoredIgnored ([Lorg/flywaydb/core/api/pattern/ValidatePattern;)Z 21 <appendix> argL0 ; # org/flywaydb/core/internal/util/ValidatePatternUtils$$Lambda$1263+0x0000000801546468
instanceKlass  @bci org/flywaydb/core/internal/util/ValidatePatternUtils isIgnoredIgnored ([Lorg/flywaydb/core/api/pattern/ValidatePattern;)Z 4 <appendix> argL0 ; # org/flywaydb/core/internal/util/ValidatePatternUtils$$Lambda$1262+0x0000000801546230
instanceKlass org/flywaydb/core/internal/util/ValidatePatternUtils
instanceKlass  @bci org/flywaydb/core/internal/info/MigrationInfoImpl validate ()Lorg/flywaydb/core/api/ErrorDetails; 53 <appendix> member <vmtarget> ; # org/flywaydb/core/internal/info/MigrationInfoImpl$$Lambda$1261+0x0000000801545e00
instanceKlass  @bci org/flywaydb/core/internal/info/MigrationInfoServiceImpl all ()[Lorg/flywaydb/core/api/MigrationInfo; 4 <appendix> argL0 ; # org/flywaydb/core/internal/info/MigrationInfoServiceImpl$$Lambda$1260+0x0000000801545bf8
instanceKlass org/flywaydb/core/internal/info/MigrationInfoImpl
instanceKlass org/flywaydb/core/internal/info/AppliedMigrationAttributes
instanceKlass java/util/LinkedList$ListItr
instanceKlass  @bci org/flywaydb/core/internal/info/MigrationInfoServiceImpl getResolvedVersionedMigrations (Ljava/util/Collection;Lorg/flywaydb/core/internal/info/MigrationInfoContext;)Ljava/util/Map; 4 <appendix> argL0 ; # org/flywaydb/core/internal/info/MigrationInfoServiceImpl$$Lambda$1259+0x00000008015451a0
instanceKlass org/flywaydb/core/internal/info/MigrationInfoContext
instanceKlass  @bci org/flywaydb/core/internal/schemahistory/BaseAppliedMigration handlesType (Ljava/lang/String;)Z 17 <appendix> member <vmtarget> ; # org/flywaydb/core/internal/schemahistory/BaseAppliedMigration$$Lambda$1258+0x0000000801544d48
instanceKlass  @bci org/flywaydb/core/internal/schemahistory/BaseAppliedMigration handlesType (Ljava/lang/String;)Z 6 <appendix> argL0 ; # org/flywaydb/core/internal/schemahistory/BaseAppliedMigration$$Lambda$1257+0x0000000801544b20
instanceKlass  @bci org/flywaydb/core/internal/schemahistory/JdbcTableSchemaHistory lambda$refreshCache$2 (Ljava/sql/ResultSet;)Lorg/flywaydb/core/extensibility/AppliedMigration; 332 <appendix> member <vmtarget> ; # org/flywaydb/core/internal/schemahistory/JdbcTableSchemaHistory$$Lambda$1256+0x00000008015448e0
instanceKlass org/h2/util/LegacyDateTimeUtils
instanceKlass org/h2/index/IndexSort
instanceKlass org/h2/command/query/QueryOrderBy
instanceKlass  @bci org/flywaydb/core/internal/schemahistory/JdbcTableSchemaHistory refreshCache ()V 52 <appendix> member <vmtarget> ; # org/flywaydb/core/internal/schemahistory/JdbcTableSchemaHistory$$Lambda$1255+0x000000080153fb00
instanceKlass org/flywaydb/core/internal/jdbc/RowMapper
instanceKlass  @bci org/flywaydb/core/internal/database/h2/H2Database getSelectStatement (Lorg/flywaydb/core/internal/database/base/Table;)Ljava/lang/String; 173 <adapter> ; # java/lang/invoke/LambdaForm$MH+0x0000000801543000
# instanceKlass java/lang/invoke/LambdaForm$DMH+0x0000000801542c00
instanceKlass  @bci org/flywaydb/core/internal/database/h2/H2Database getSelectStatement (Lorg/flywaydb/core/internal/database/base/Table;)Ljava/lang/String; 173 <appendix> form vmentry <vmtarget> ; # java/lang/invoke/LambdaForm$MH+0x0000000801542800
# instanceKlass java/lang/invoke/LambdaForm$MH+0x0000000801542400
# instanceKlass java/lang/invoke/LambdaForm$MH+0x0000000801542000
# instanceKlass java/lang/invoke/LambdaForm$MH+0x0000000801541c00
# instanceKlass java/lang/invoke/LambdaForm$MH+0x0000000801541800
# instanceKlass java/lang/invoke/LambdaForm$MH+0x0000000801541400
# instanceKlass java/lang/invoke/LambdaForm$MH+0x0000000801541000
# instanceKlass java/lang/invoke/LambdaForm$MH+0x0000000801540c00
# instanceKlass java/lang/invoke/LambdaForm$MH+0x0000000801540800
# instanceKlass java/lang/invoke/LambdaForm$MH+0x0000000801540400
# instanceKlass java/lang/invoke/LambdaForm$MH+0x0000000801540000
instanceKlass org/h2/result/SimpleResult$Column
instanceKlass org/h2/result/SimpleResult
instanceKlass org/flywaydb/core/internal/resolver/ResolvedMigrationComparator
instanceKlass org/flywaydb/core/internal/resolver/sql/SqlMigrationExecutor
instanceKlass java/net/URLEncoder
instanceKlass java/net/URLDecoder
instanceKlass org/flywaydb/core/internal/util/UrlUtils
instanceKlass org/flywaydb/core/internal/resolver/ResolvedMigrationImpl
instanceKlass org/flywaydb/core/api/resolver/ResolvedMigration
instanceKlass org/flywaydb/core/api/resolver/ChecksumMatcher
instanceKlass org/flywaydb/core/internal/util/IOUtils
instanceKlass org/flywaydb/core/internal/util/BomFilter
instanceKlass org/flywaydb/core/internal/resolver/ChecksumCalculator
instanceKlass  @bci org/flywaydb/core/internal/resolver/sql/SqlMigrationResolver getChecksumForLoadableResource (ZLjava/util/List;Lorg/flywaydb/core/internal/resource/ResourceName;Z)Ljava/lang/Integer; 34 <appendix> argL0 ; # org/flywaydb/core/internal/resolver/sql/SqlMigrationResolver$$Lambda$1254+0x000000080153cf60
instanceKlass org/flywaydb/core/internal/sqlscript/SqlScriptMetadata
instanceKlass org/flywaydb/core/internal/sqlscript/SqlStatement
instanceKlass org/flywaydb/core/internal/sqlscript/SqlStatementIterator
instanceKlass org/flywaydb/core/internal/util/CloseableIterator
instanceKlass org/flywaydb/core/internal/sqlscript/ParserSqlScript
instanceKlass  @bci org/flywaydb/core/internal/resolver/CompositeMigrationResolver collectMigrations (Ljava/util/Collection;Lorg/flywaydb/core/api/resolver/MigrationResolver$Context;)Ljava/util/Collection; 7 <appendix> member <vmtarget> ; # org/flywaydb/core/internal/resolver/CompositeMigrationResolver$$Lambda$1253+0x000000080153b1b8
instanceKlass org/flywaydb/core/api/resolver/MigrationResolver$Context
instanceKlass org/flywaydb/core/internal/proprietaryInterfaces/CherryPickConfiguration
instanceKlass org/flywaydb/core/api/MigrationInfo
instanceKlass org/flywaydb/core/internal/info/MigrationInfoServiceImpl
instanceKlass org/flywaydb/core/api/MigrationInfoService
instanceKlass org/flywaydb/core/api/InfoOutputProvider
instanceKlass  @bci org/flywaydb/core/internal/command/DbValidate validate ()Lorg/flywaydb/core/api/output/ValidateResult; 156 <appendix> member <vmtarget> ; # org/flywaydb/core/internal/command/DbValidate$$Lambda$1252+0x000000080153a330
instanceKlass org/flywaydb/core/internal/jdbc/TransactionalExecutionTemplate
instanceKlass org/flywaydb/core/internal/jdbc/ExecutionTemplateFactory
instanceKlass org/flywaydb/core/internal/util/StopWatch
instanceKlass  @bci org/h2/command/query/Select setGroupData (Lorg/h2/command/query/SelectGroups;)V 10 <appendix> member <vmtarget> ; # org/h2/command/query/Select$$Lambda$1251+0x0000000801539730
instanceKlass org/h2/command/query/SelectGroups
instanceKlass org/h2/expression/aggregate/Aggregate$1
instanceKlass org/flywaydb/core/internal/command/DbValidate
instanceKlass  @bci org/flywaydb/core/Flyway lambda$migrate$3 (Lorg/flywaydb/core/internal/command/MigrateTelemetryModel;Lorg/flywaydb/core/internal/resolver/CompositeMigrationResolver;Lorg/flywaydb/core/internal/schemahistory/SchemaHistory;Lorg/flywaydb/core/internal/database/base/Database;Lorg/flywaydb/core/internal/database/base/Schema;[Lorg/flywaydb/core/internal/database/base/Schema;Lorg/flywaydb/core/internal/callback/CallbackExecutor;Lorg/flywaydb/core/internal/jdbc/StatementInterceptor;)Lorg/flywaydb/core/api/output/MigrateResult; 56 <appendix> argL0 ; # org/flywaydb/core/Flyway$$Lambda$1250+0x0000000801538a48
instanceKlass  @bci org/flywaydb/core/api/configuration/ClassicConfiguration getIgnoreMigrationPatterns ()[Lorg/flywaydb/core/api/pattern/ValidatePattern; 77 <appendix> argL0 ; # org/flywaydb/core/api/configuration/ClassicConfiguration$$Lambda$1249+0x0000000801538428
instanceKlass  @bci org/flywaydb/core/api/configuration/ClassicConfiguration getIgnoreMigrationPatterns ()[Lorg/flywaydb/core/api/pattern/ValidatePattern; 67 <appendix> argL0 ; # org/flywaydb/core/api/configuration/ClassicConfiguration$$Lambda$1248+0x0000000801538200
instanceKlass org/flywaydb/core/api/pattern/ValidatePattern
instanceKlass  @bci org/flywaydb/core/api/configuration/ClassicConfiguration getIgnoreMigrationPatterns ()[Lorg/flywaydb/core/api/pattern/ValidatePattern; 27 <appendix> argL0 ; # org/flywaydb/core/api/configuration/ClassicConfiguration$$Lambda$1247+0x0000000801535400
instanceKlass  @bci org/flywaydb/core/FlywayExecutor execute (Lorg/flywaydb/core/FlywayExecutor$Command;ZLorg/flywaydb/core/FlywayTelemetryManager;Lorg/flywaydb/core/internal/jdbc/JdbcConnectionFactory;)Ljava/lang/Object; 511 <appendix> argL0 ; # org/flywaydb/core/FlywayExecutor$$Lambda$1246+0x0000000801535dd0
instanceKlass org/flywaydb/core/internal/resolver/java/FixedJavaMigrationResolver
instanceKlass org/flywaydb/core/internal/resolver/java/ScanningJavaMigrationResolver
instanceKlass org/flywaydb/core/internal/resolver/sql/SqlMigrationResolver
instanceKlass  @bci org/flywaydb/core/internal/callback/DefaultCallbackExecutor execute (Lorg/flywaydb/core/api/callback/CallbackEvent;Lorg/flywaydb/core/internal/database/base/Connection;)Ljava/util/Collection; 66 <appendix> argL0 ; # org/flywaydb/core/internal/callback/DefaultCallbackExecutor$$Lambda$1245+0x00000008015379a0
instanceKlass  @bci org/flywaydb/core/internal/callback/DefaultCallbackExecutor execute (Lorg/flywaydb/core/api/callback/CallbackEvent;Lorg/flywaydb/core/internal/database/base/Connection;)Ljava/util/Collection; 49 <appendix> member <vmtarget> ; # org/flywaydb/core/internal/callback/DefaultCallbackExecutor$$Lambda$1244+0x0000000801537780
instanceKlass  @bci org/flywaydb/core/internal/callback/DefaultCallbackExecutor execute (Lorg/flywaydb/core/api/callback/CallbackEvent;Lorg/flywaydb/core/internal/database/base/Connection;)Ljava/util/Collection; 26 <appendix> member <vmtarget> ; # org/flywaydb/core/internal/callback/DefaultCallbackExecutor$$Lambda$1243+0x0000000801537540
instanceKlass org/flywaydb/core/api/callback/Statement
instanceKlass org/flywaydb/core/internal/callback/SimpleContext
instanceKlass  @bci org/flywaydb/core/internal/callback/DefaultCallbackExecutor <init> (Lorg/flywaydb/core/api/configuration/Configuration;Lorg/flywaydb/core/internal/database/base/Database;Lorg/flywaydb/core/internal/database/base/Schema;Lorg/flywaydb/core/FlywayTelemetryManager;Ljava/util/Collection;)V 42 <appendix> argL0 ; # org/flywaydb/core/internal/callback/DefaultCallbackExecutor$$Lambda$1242+0x0000000801536ed8
instanceKlass  @bci org/flywaydb/core/FlywayExecutor prepareCallbacks (Lorg/flywaydb/core/internal/database/base/Database;Lorg/flywaydb/core/api/ResourceProvider;Lorg/flywaydb/core/internal/jdbc/JdbcConnectionFactory;Lorg/flywaydb/core/internal/sqlscript/SqlScriptFactory;Lorg/flywaydb/core/internal/jdbc/StatementInterceptor;Lorg/flywaydb/core/internal/database/base/Schema;Lorg/flywaydb/core/internal/parser/ParsingContext;Lorg/flywaydb/core/FlywayTelemetryManager;)Ljava/util/List; 317 <appendix> argL0 ; # org/flywaydb/core/FlywayExecutor$$Lambda$1241+0x0000000801536cb0
instanceKlass  @bci org/flywaydb/core/FlywayExecutor prepareCallbacks (Lorg/flywaydb/core/internal/database/base/Database;Lorg/flywaydb/core/api/ResourceProvider;Lorg/flywaydb/core/internal/jdbc/JdbcConnectionFactory;Lorg/flywaydb/core/internal/sqlscript/SqlScriptFactory;Lorg/flywaydb/core/internal/jdbc/StatementInterceptor;Lorg/flywaydb/core/internal/database/base/Schema;Lorg/flywaydb/core/internal/parser/ParsingContext;Lorg/flywaydb/core/FlywayTelemetryManager;)Ljava/util/List; 307 <appendix> argL0 ; # org/flywaydb/core/FlywayExecutor$$Lambda$1240+0x0000000801536a78
instanceKlass org/flywaydb/core/internal/callback/InternalCallback
instanceKlass  @bci org/flywaydb/core/FlywayExecutor prepareCallbacks (Lorg/flywaydb/core/internal/database/base/Database;Lorg/flywaydb/core/api/ResourceProvider;Lorg/flywaydb/core/internal/jdbc/JdbcConnectionFactory;Lorg/flywaydb/core/internal/sqlscript/SqlScriptFactory;Lorg/flywaydb/core/internal/jdbc/StatementInterceptor;Lorg/flywaydb/core/internal/database/base/Schema;Lorg/flywaydb/core/internal/parser/ParsingContext;Lorg/flywaydb/core/FlywayTelemetryManager;)Ljava/util/List; 268 <appendix> argL0 ; # org/flywaydb/core/FlywayExecutor$$Lambda$1239+0x0000000801536658
instanceKlass  @bci org/flywaydb/core/FlywayExecutor prepareCallbacks (Lorg/flywaydb/core/internal/database/base/Database;Lorg/flywaydb/core/api/ResourceProvider;Lorg/flywaydb/core/internal/jdbc/JdbcConnectionFactory;Lorg/flywaydb/core/internal/sqlscript/SqlScriptFactory;Lorg/flywaydb/core/internal/jdbc/StatementInterceptor;Lorg/flywaydb/core/internal/database/base/Schema;Lorg/flywaydb/core/internal/parser/ParsingContext;Lorg/flywaydb/core/FlywayTelemetryManager;)Ljava/util/List; 216 <appendix> argL0 ; # org/flywaydb/core/FlywayExecutor$$Lambda$1238+0x0000000801536000
instanceKlass org/flywaydb/core/internal/callback/SqlScriptCallbackFactory$ParseCallbackEvent
instanceKlass org/flywaydb/core/internal/callback/SqlScriptCallbackFactory
instanceKlass  @bci org/flywaydb/core/FlywayExecutor prepareCallbacks (Lorg/flywaydb/core/internal/database/base/Database;Lorg/flywaydb/core/api/ResourceProvider;Lorg/flywaydb/core/internal/jdbc/JdbcConnectionFactory;Lorg/flywaydb/core/internal/sqlscript/SqlScriptFactory;Lorg/flywaydb/core/internal/jdbc/StatementInterceptor;Lorg/flywaydb/core/internal/database/base/Schema;Lorg/flywaydb/core/internal/parser/ParsingContext;Lorg/flywaydb/core/FlywayTelemetryManager;)Ljava/util/List; 152 <appendix> argL0 ; # org/flywaydb/core/FlywayExecutor$$Lambda$1237+0x00000008015338d8
instanceKlass org/flywaydb/core/internal/resolver/script/ScriptMigrationResolver$ParseCallbackEvent
instanceKlass  @bci org/flywaydb/core/internal/resolver/script/ScriptMigrationResolver <init> (Lorg/flywaydb/core/api/ResourceProvider;Lorg/flywaydb/core/api/configuration/Configuration;Lorg/flywaydb/core/internal/parser/ParsingContext;Lorg/flywaydb/core/internal/jdbc/StatementInterceptor;)V 61 <appendix> argL0 ; # org/flywaydb/core/internal/resolver/script/ScriptMigrationResolver$$Lambda$1236+0x00000008015334e8
instanceKlass  @bci org/flywaydb/core/internal/resolver/script/ScriptMigrationResolver <init> (Lorg/flywaydb/core/api/ResourceProvider;Lorg/flywaydb/core/api/configuration/Configuration;Lorg/flywaydb/core/internal/parser/ParsingContext;Lorg/flywaydb/core/internal/jdbc/StatementInterceptor;)V 51 <appendix> argL0 ; # org/flywaydb/core/internal/resolver/script/ScriptMigrationResolver$$Lambda$1235+0x00000008015332c0
instanceKlass org/flywaydb/core/internal/resolver/script/ScriptMigrationResolver
instanceKlass  @bci org/flywaydb/core/api/configuration/ClassicConfiguration getErrorOverrides ()[Ljava/lang/String; 38 <appendix> argL0 ; # org/flywaydb/core/api/configuration/ClassicConfiguration$$Lambda$1234+0x0000000801532dc8
instanceKlass org/flywaydb/core/api/callback/Context
instanceKlass org/flywaydb/core/internal/callback/DefaultCallbackExecutor
instanceKlass  @bci org/flywaydb/core/api/configuration/ClassicConfiguration getCallbackLocations ()[Lorg/flywaydb/core/api/Location; 60 <appendix> argL0 ; # org/flywaydb/core/api/configuration/ClassicConfiguration$$Lambda$1233+0x0000000801532298
instanceKlass  @bci org/flywaydb/core/api/configuration/ClassicConfiguration getCallbackLocations ()[Lorg/flywaydb/core/api/Location; 41 <appendix> argL0 ; # org/flywaydb/core/api/configuration/ClassicConfiguration$$Lambda$1232+0x0000000801532090
instanceKlass  @bci org/flywaydb/core/internal/resource/ResourceName getFilenameWithoutSuffix ()Ljava/lang/String; 66 <appendix> form vmentry <vmtarget> ; # java/lang/invoke/LambdaForm$MH+0x0000000801535000
# instanceKlass java/lang/invoke/LambdaForm$MH+0x0000000801534c00
# instanceKlass java/lang/invoke/LambdaForm$MH+0x0000000801534800
# instanceKlass java/lang/invoke/LambdaForm$MH+0x0000000801534400
# instanceKlass java/lang/invoke/LambdaForm$MH+0x0000000801534000
instanceKlass java/text/DontCareFieldPosition$1
instanceKlass java/text/Format$FieldDelegate
instanceKlass org/h2/index/DualCursor
instanceKlass org/flywaydb/core/internal/database/base/SchemaObject
instanceKlass  @bci org/flywaydb/core/api/configuration/ClassicConfiguration getSchemas ()[Ljava/lang/String; 7 <appendix> argL0 ; # org/flywaydb/core/api/configuration/ClassicConfiguration$$Lambda$1231+0x0000000801530eb0
instanceKlass org/flywaydb/core/internal/schemahistory/SchemaHistoryFactory
instanceKlass org/flywaydb/core/internal/database/base/CommunityDatabaseType
instanceKlass org/h2/index/MetaCursor
instanceKlass jdk/internal/math/FormattedFloatingDecimal$2
instanceKlass jdk/internal/math/FormattedFloatingDecimal
instanceKlass  @bci org/h2/engine/SettingsBase getSortedSettings ()[Ljava/util/Map$Entry; 21 <appendix> argL0 ; # org/h2/engine/SettingsBase$$Lambda$1230+0x0000000801530000
instanceKlass  @bci org/h2/table/InformationSchemaTable settings (Lorg/h2/engine/SessionLocal;Ljava/util/ArrayList;)V 539 <appendix> member <vmtarget> ; # org/h2/table/InformationSchemaTable$$Lambda$1229+0x000000080152ec20
instanceKlass org/h2/command/query/Query$OffsetFetch
instanceKlass  @bci org/h2/table/Plan <init> ([Lorg/h2/table/TableFilter;ILorg/h2/expression/Expression;)V 84 <appendix> member <vmtarget> ; # org/h2/table/Plan$$Lambda$1228+0x000000080152fc28
instanceKlass org/h2/table/Plan
instanceKlass org/h2/command/query/Optimizer
instanceKlass  @bci org/h2/command/query/Select prepareExpressions ()V 59 <appendix> member <vmtarget> ; # org/h2/command/query/Select$$Lambda$1227+0x000000080152f5b0
instanceKlass org/h2/result/FetchedResult
instanceKlass org/h2/result/LocalResult
instanceKlass  @bci org/flywaydb/core/internal/database/base/Database determineVersion ()Lorg/flywaydb/core/api/MigrationVersion; 18 <appendix> form vmentry <vmtarget> ; # java/lang/invoke/LambdaForm$MH+0x000000080152e400
instanceKlass  @bci org/flywaydb/core/internal/database/base/Database determineVersion ()Lorg/flywaydb/core/api/MigrationVersion; 18 <appendix> argL3 form vmentry <vmtarget> ; # java/lang/invoke/LambdaForm$MH+0x000000080152e000
# instanceKlass java/lang/invoke/LambdaForm$MH+0x000000080152dc00
# instanceKlass java/lang/invoke/LambdaForm$MH+0x000000080152d800
# instanceKlass java/lang/invoke/LambdaForm$MH+0x000000080152d400
# instanceKlass java/lang/invoke/LambdaForm$MH+0x000000080152d000
instanceKlass  @bci org/flywaydb/core/internal/database/base/Database determineVersion ()Lorg/flywaydb/core/api/MigrationVersion; 18 <appendix> argL1 form vmentry <vmtarget> ; # java/lang/invoke/LambdaForm$MH+0x000000080152cc00
# instanceKlass java/lang/invoke/LambdaForm$MH+0x000000080152c800
# instanceKlass java/lang/invoke/LambdaForm$MH+0x000000080152c400
# instanceKlass java/lang/invoke/LambdaForm$MH+0x000000080152c000
instanceKlass org/flywaydb/core/api/callback/Warning
instanceKlass org/flywaydb/core/internal/jdbc/JdbcTemplate
instanceKlass org/flywaydb/core/internal/database/base/Connection
instanceKlass  @bci org/flywaydb/core/FlywayExecutor execute (Lorg/flywaydb/core/FlywayExecutor$Command;ZLorg/flywaydb/core/FlywayTelemetryManager;Lorg/flywaydb/core/internal/jdbc/JdbcConnectionFactory;)Ljava/lang/Object; 153 <appendix> member <vmtarget> ; # org/flywaydb/core/FlywayExecutor$$Lambda$1226+0x0000000801525c10
instanceKlass  @cpi org/flywaydb/core/FlywayExecutor 723 form vmentry <vmtarget> ; # java/lang/invoke/LambdaForm$DMH+0x0000000801524800
instanceKlass org/flywaydb/core/internal/jdbc/JdbcConnectionFactory$ConnectionInitializer
instanceKlass  @bci org/flywaydb/core/internal/database/base/BaseDatabaseType createSqlScriptExecutorFactory (Lorg/flywaydb/core/internal/jdbc/JdbcConnectionFactory;Lorg/flywaydb/core/internal/callback/CallbackExecutor;Lorg/flywaydb/core/internal/jdbc/StatementInterceptor;)Lorg/flywaydb/core/internal/sqlscript/SqlScriptExecutorFactory; 8 <appendix> member <vmtarget> ; # org/flywaydb/core/internal/database/base/BaseDatabaseType$$Lambda$1225+0x0000000801525818
instanceKlass  @cpi org/flywaydb/core/internal/database/base/BaseDatabaseType 281 form vmentry <vmtarget> ; # java/lang/invoke/LambdaForm$DMH+0x0000000801524400
instanceKlass org/flywaydb/core/internal/sqlscript/SqlScriptExecutorFactory
instanceKlass org/flywaydb/core/internal/strategy/RetryStrategy
instanceKlass org/flywaydb/core/internal/resource/ResourceName
instanceKlass  @bci org/flywaydb/core/api/configuration/ClassicConfiguration getSqlMigrationSuffixes ()[Ljava/lang/String; 40 <appendix> argL0 ; # org/flywaydb/core/api/configuration/ClassicConfiguration$$Lambda$1224+0x0000000801527900
instanceKlass  @bci org/flywaydb/core/internal/resource/ResourceNameParser populatePrefixes (Lorg/flywaydb/core/api/configuration/Configuration;)Ljava/util/List; 31 <appendix> argL0 ; # org/flywaydb/core/internal/resource/ResourceNameParser$$Lambda$1223+0x0000000801527680
instanceKlass  @bci org/flywaydb/core/internal/plugin/PluginRegister getExact (Ljava/lang/Class;)Lorg/flywaydb/core/extensibility/Plugin; 10 <appendix> member <vmtarget> ; # org/flywaydb/core/internal/plugin/PluginRegister$$Lambda$1222+0x0000000801527018
instanceKlass org/flywaydb/core/extensibility/ResourceType
instanceKlass  @bci org/flywaydb/core/internal/resource/ResourceNameParser populatePrefixes (Lorg/flywaydb/core/api/configuration/Configuration;)Ljava/util/List; 21 <appendix> member <vmtarget> ; # org/flywaydb/core/internal/resource/ResourceNameParser$$Lambda$1221+0x0000000801526000
instanceKlass org/flywaydb/core/internal/resource/ResourceNameParser
instanceKlass  @bci org/flywaydb/core/internal/database/base/BaseDatabaseType createSqlScriptFactory (Lorg/flywaydb/core/api/configuration/Configuration;Lorg/flywaydb/core/internal/parser/ParsingContext;)Lorg/flywaydb/core/internal/sqlscript/SqlScriptFactory; 3 <appendix> member <vmtarget> ; # org/flywaydb/core/internal/database/base/BaseDatabaseType$$Lambda$1220+0x0000000801523b18
instanceKlass org/flywaydb/core/internal/sqlscript/SqlScriptFactory
instanceKlass org/flywaydb/core/internal/parser/ParsingContext
instanceKlass  @bci org/flywaydb/core/internal/scanner/Scanner lambda$new$5 (Ljava/util/Collection;Ljava/lang/Class;Lorg/flywaydb/core/api/configuration/Configuration;Lorg/flywaydb/core/api/Location;)V 28 <appendix> member <vmtarget> ; # org/flywaydb/core/internal/scanner/Scanner$$Lambda$1219+0x00000008015234e8
instanceKlass  @bci org/flywaydb/core/internal/scanner/Scanner lambda$new$5 (Ljava/util/Collection;Ljava/lang/Class;Lorg/flywaydb/core/api/configuration/Configuration;Lorg/flywaydb/core/api/Location;)V 8 <appendix> member <vmtarget> ; # org/flywaydb/core/internal/scanner/Scanner$$Lambda$1218+0x00000008015232a8
instanceKlass  @bci org/flywaydb/core/internal/scanner/Scanner <init> (Ljava/lang/Class;Lorg/flywaydb/core/api/configuration/Configuration;[Lorg/flywaydb/core/api/Location;)V 147 <appendix> member <vmtarget> ; # org/flywaydb/core/internal/scanner/Scanner$$Lambda$1217+0x0000000801523088
instanceKlass  @bci org/flywaydb/core/internal/scanner/classpath/ClassPathScanner matchesAnyWildcardRestrictions (Lorg/flywaydb/core/api/Location;Ljava/lang/String;)Ljava/lang/Boolean; 8 <appendix> member <vmtarget> ; # org/flywaydb/core/internal/scanner/classpath/ClassPathScanner$$Lambda$1216+0x0000000801522988
instanceKlass java/util/zip/ZipFile$ZipEntryIterator
instanceKlass org/flywaydb/core/internal/scanner/classpath/JarFileClassPathLocationScanner
instanceKlass org/flywaydb/core/internal/scanner/classpath/DefaultUrlResolver
instanceKlass  @bci org/flywaydb/core/internal/scanner/Scanner lambda$new$2 (Ljava/util/Collection;Lorg/flywaydb/core/api/configuration/Configuration;Lorg/flywaydb/core/api/Location;)V 25 <appendix> member <vmtarget> ; # org/flywaydb/core/internal/scanner/Scanner$$Lambda$1215+0x0000000801522340
instanceKlass  @bci org/flywaydb/core/internal/scanner/Scanner lambda$new$2 (Ljava/util/Collection;Lorg/flywaydb/core/api/configuration/Configuration;Lorg/flywaydb/core/api/Location;)V 7 <appendix> member <vmtarget> ; # org/flywaydb/core/internal/scanner/Scanner$$Lambda$1214+0x0000000801522100
instanceKlass  @bci org/flywaydb/core/internal/scanner/Scanner <init> (Ljava/lang/Class;Lorg/flywaydb/core/api/configuration/Configuration;[Lorg/flywaydb/core/api/Location;)V 58 <appendix> member <vmtarget> ; # org/flywaydb/core/internal/scanner/Scanner$$Lambda$1213+0x0000000801521ee0
instanceKlass org/flywaydb/core/internal/scanner/Scanner
instanceKlass  @bci org/flywaydb/core/api/configuration/ClassicConfiguration getLocations ()[Lorg/flywaydb/core/api/Location; 52 <appendix> argL0 ; # org/flywaydb/core/api/configuration/ClassicConfiguration$$Lambda$1212+0x0000000801521a90
instanceKlass  @bci org/flywaydb/core/internal/util/Locations getParentLocationIfExists (Ljava/util/Collection;Lorg/flywaydb/core/api/Location;Ljava/util/Collection;)Lorg/flywaydb/core/api/Location; 9 <appendix> member <vmtarget> ; # org/flywaydb/core/internal/util/Locations$$Lambda$1211+0x0000000801521670
instanceKlass  @cpi org/flywaydb/core/internal/util/Locations 252 form vmentry <vmtarget> ; # java/lang/invoke/LambdaForm$DMH+0x0000000801524000
instanceKlass  @bci org/flywaydb/core/internal/util/Locations <init> ([Ljava/lang/String;)V 20 <appendix> argL0 ; # org/flywaydb/core/internal/util/Locations$$Lambda$1210+0x0000000801521448
instanceKlass  @bci org/flywaydb/core/api/configuration/ClassicConfiguration getLocations ()[Lorg/flywaydb/core/api/Location; 31 <appendix> argL0 ; # org/flywaydb/core/api/configuration/ClassicConfiguration$$Lambda$1209+0x0000000801521240
instanceKlass org/flywaydb/core/internal/util/Locations
instanceKlass  @bci org/flywaydb/core/FlywayExecutor execute (Lorg/flywaydb/core/FlywayExecutor$Command;ZLorg/flywaydb/core/FlywayTelemetryManager;Lorg/flywaydb/core/internal/jdbc/JdbcConnectionFactory;)Ljava/lang/Object; 20 <appendix> member <vmtarget> ; # org/flywaydb/core/FlywayExecutor$$Lambda$1208+0x0000000801520e00
instanceKlass  @bci scribe/slf4j/SLF4JHelper$ log (Ljava/lang/String;Lscribe/Level;Ljava/lang/String;Lscala/Option;)V 91 <appendix> member <vmtarget> ; # scribe/slf4j/SLF4JHelper$$$Lambda$1207+0x0000000801520b58
instanceKlass  @bci scribe/message/LoggableMessage$ throwableList2Messages (Lscala/collection/immutable/List;)Lscala/collection/immutable/List; 1 <appendix> argL0 ; # scribe/message/LoggableMessage$$$Lambda$1206+0x00000008015207a8
instanceKlass scribe/throwable/TraceLoggableMessage
instanceKlass  @bci scribe/slf4j/SLF4JHelper$ log (Ljava/lang/String;Lscribe/Level;Ljava/lang/String;Lscala/Option;)V 13 <appendix> member <vmtarget> ; # scribe/slf4j/SLF4JHelper$$$Lambda$1205+0x00000008015201f0
instanceKlass scribe/slf4j/SLF4JHelper$
instanceKlass scribe/slf4j/SLF4JHelper
instanceKlass  @bci org/flywaydb/core/internal/database/DatabaseTypeRegister getDatabaseTypeForConnection (Ljava/sql/Connection;Lorg/flywaydb/core/api/configuration/Configuration;)Lorg/flywaydb/core/internal/database/DatabaseType; 55 <appendix> member <vmtarget> ; # org/flywaydb/core/internal/database/DatabaseTypeRegister$$Lambda$1204+0x000000080151b7d0
instanceKlass  @bci org/flywaydb/core/internal/database/DatabaseTypeRegister getDatabaseTypeForConnection (Ljava/sql/Connection;Lorg/flywaydb/core/api/configuration/Configuration;)Lorg/flywaydb/core/internal/database/DatabaseType; 39 <appendix> member <vmtarget> ; # org/flywaydb/core/internal/database/DatabaseTypeRegister$$Lambda$1203+0x000000080151b590
instanceKlass  @cpi org/flywaydb/core/internal/database/DatabaseTypeRegister 374 form vmentry <vmtarget> ; # java/lang/invoke/LambdaForm$DMH+0x000000080151fc00
instanceKlass  @bci org/flywaydb/core/internal/database/DatabaseTypeRegister getDatabaseTypeForConnection (Ljava/sql/Connection;Lorg/flywaydb/core/api/configuration/Configuration;)Lorg/flywaydb/core/internal/database/DatabaseType; 25 <appendix> member <vmtarget> ; # org/flywaydb/core/internal/database/DatabaseTypeRegister$$Lambda$1202+0x000000080151b350
instanceKlass org/h2/engine/Constants
instanceKlass  @bci org/flywaydb/core/internal/jdbc/JdbcUtils getDatabaseProductName (Ljava/sql/DatabaseMetaData;)Ljava/lang/String; 34 <adapter> ; # java/lang/invoke/LambdaForm$MH+0x000000080151f800
# instanceKlass java/lang/invoke/LambdaForm$DMH+0x000000080151f400
instanceKlass  @bci org/flywaydb/core/internal/jdbc/JdbcUtils getDatabaseProductName (Ljava/sql/DatabaseMetaData;)Ljava/lang/String; 34 <appendix> form vmentry <vmtarget> ; # java/lang/invoke/LambdaForm$MH+0x000000080151f000
# instanceKlass java/lang/invoke/LambdaForm$MH+0x000000080151ec00
instanceKlass  @bci org/flywaydb/core/internal/jdbc/JdbcUtils getDatabaseProductName (Ljava/sql/DatabaseMetaData;)Ljava/lang/String; 34 <appendix> form names 7 function resolvedHandle form vmentry <vmtarget> ; # java/lang/invoke/LambdaForm$DMH+0x000000080151e800
instanceKlass  @bci org/flywaydb/core/internal/jdbc/JdbcUtils getDatabaseProductName (Ljava/sql/DatabaseMetaData;)Ljava/lang/String; 34 <appendix> argL3 form vmentry <vmtarget> ; # java/lang/invoke/LambdaForm$MH+0x000000080151e400
# instanceKlass java/lang/invoke/LambdaForm$MH+0x000000080151e000
# instanceKlass java/lang/invoke/LambdaForm$MH+0x000000080151dc00
# instanceKlass java/lang/invoke/LambdaForm$MH+0x000000080151d800
# instanceKlass java/lang/invoke/LambdaForm$MH+0x000000080151d400
instanceKlass  @bci org/flywaydb/core/internal/jdbc/JdbcUtils getDatabaseProductName (Ljava/sql/DatabaseMetaData;)Ljava/lang/String; 34 <appendix> form names 11 function resolvedHandle form vmentry <vmtarget> ; # java/lang/invoke/LambdaForm$DMH+0x000000080151d000
instanceKlass  @bci org/flywaydb/core/internal/jdbc/JdbcUtils getDatabaseProductName (Ljava/sql/DatabaseMetaData;)Ljava/lang/String; 34 <appendix> argL1 form vmentry <vmtarget> ; # java/lang/invoke/LambdaForm$MH+0x000000080151cc00
# instanceKlass java/lang/invoke/LambdaForm$MH+0x000000080151c800
# instanceKlass java/lang/invoke/LambdaForm$MH+0x000000080151c400
# instanceKlass java/lang/invoke/LambdaForm$MH+0x000000080151c000
instanceKlass java/util/Collections$ReverseComparator2
instanceKlass java/util/Collections$ReverseComparator
instanceKlass org/flywaydb/core/internal/strategy/BackoffStrategy
instanceKlass org/flywaydb/core/internal/jdbc/JdbcUtils
instanceKlass org/flywaydb/core/internal/jdbc/JdbcConnectionFactory
instanceKlass  @bci org/flywaydb/core/FlywayExecutor init ()Lorg/flywaydb/core/internal/jdbc/JdbcConnectionFactory; 31 <appendix> member <vmtarget> ; # org/flywaydb/core/FlywayExecutor$$Lambda$1201+0x0000000801519bd8
instanceKlass  @bci org/flywaydb/core/Flyway migrate ()Lorg/flywaydb/core/api/output/MigrateResult; 125 <appendix> member <vmtarget> ; # org/flywaydb/core/Flyway$$Lambda$1200+0x00000008015199c8
instanceKlass org/flywaydb/core/api/output/HtmlResult
instanceKlass org/flywaydb/core/internal/jdbc/StatementInterceptor
instanceKlass org/flywaydb/core/internal/database/base/Schema
instanceKlass org/flywaydb/core/internal/schemahistory/SchemaHistory
instanceKlass org/flywaydb/core/internal/resolver/CompositeMigrationResolver
instanceKlass org/flywaydb/core/FlywayExecutor$Command
instanceKlass org/flywaydb/core/extensibility/EventTelemetryModel
instanceKlass org/flywaydb/core/internal/util/FlywayDbWebsiteLinks
instanceKlass org/flywaydb/core/internal/util/FileUtils
instanceKlass org/flywaydb/core/internal/license/FlywayPermit
instanceKlass org/flywaydb/core/internal/logging/multi/MultiLogger
instanceKlass  @bci scribe/slf4j/ScribeLoggerFactory$ getLogger (Ljava/lang/String;)Lorg/slf4j/Logger; 89 <appendix> member <vmtarget> ; # scribe/slf4j/ScribeLoggerFactory$$$Lambda$1199+0x0000000801517688
instanceKlass org/slf4j/spi/LoggingEventBuilder
instanceKlass org/slf4j/helpers/NamedLoggerBase
instanceKlass scribe/slf4j/ScribeLoggerFactory$
instanceKlass org/slf4j/helpers/Reporter
instanceKlass org/slf4j/MDC
instanceKlass scribe/slf4j/ScribeMDCAdapter$
instanceKlass org/slf4j/helpers/Util
instanceKlass org/slf4j/helpers/NOPMDCAdapter
instanceKlass org/slf4j/helpers/NOPLoggerFactory
instanceKlass org/slf4j/helpers/NOP_FallbackServiceProvider
instanceKlass org/slf4j/helpers/ThreadLocalMapOfStacks
instanceKlass org/slf4j/helpers/BasicMDCAdapter
instanceKlass org/slf4j/Marker
instanceKlass org/slf4j/helpers/BasicMarkerFactory
instanceKlass org/slf4j/helpers/SubstituteLoggerFactory
instanceKlass org/slf4j/helpers/SubstituteServiceProvider
instanceKlass org/slf4j/event/LoggingEvent
instanceKlass org/slf4j/LoggerFactory
instanceKlass org/flywaydb/core/internal/logging/slf4j/Slf4jLog
instanceKlass org/flywaydb/core/internal/logging/slf4j/Slf4jLogCreator
instanceKlass org/slf4j/spi/MDCAdapter
instanceKlass org/slf4j/IMarkerFactory
instanceKlass org/slf4j/ILoggerFactory
instanceKlass scribe/slf4j/ScribeServiceProvider
instanceKlass org/slf4j/spi/SLF4JServiceProvider
instanceKlass org/slf4j/Logger
instanceKlass org/flywaydb/core/internal/util/FeatureDetector
instanceKlass  @bci org/flywaydb/core/api/logging/LogFactory getLogCreator (Ljava/lang/ClassLoader;Lorg/flywaydb/core/api/logging/LogCreator;)Lorg/flywaydb/core/api/logging/LogCreator; 39 <appendix> member <vmtarget> ; # org/flywaydb/core/api/logging/LogFactory$$Lambda$1198+0x0000000801511fc0
instanceKlass  @bci org/flywaydb/core/api/configuration/ClassicConfiguration getLoggers ()[Ljava/lang/String; 40 <appendix> argL0 ; # org/flywaydb/core/api/configuration/ClassicConfiguration$$Lambda$1197+0x0000000801511db8
instanceKlass org/flywaydb/core/internal/logging/multi/MultiLogCreator
instanceKlass org/flywaydb/core/extensibility/LicenseGuard
instanceKlass org/flywaydb/core/internal/resource/ResourceNameValidator
instanceKlass org/flywaydb/core/internal/configuration/ConfigurationValidator
instanceKlass org/flywaydb/core/api/ClassProvider
instanceKlass org/flywaydb/core/api/ResourceProvider
instanceKlass org/flywaydb/core/FlywayExecutor
instanceKlass  @bci org/flywaydb/core/internal/scanner/classpath/ClassPathScanner scanForResources ()Ljava/util/Collection; 16 <appendix> member <vmtarget> ; # org/flywaydb/core/internal/scanner/classpath/ClassPathScanner$$Lambda$1196+0x0000000801510288
instanceKlass org/flywaydb/core/api/resource/LoadableResource
instanceKlass org/flywaydb/core/api/resource/Resource
instanceKlass org/flywaydb/core/internal/logging/buffered/BufferedLog$BufferedLogMessage
instanceKlass org/flywaydb/core/api/Location
instanceKlass  @bci org/flywaydb/core/api/locations/LocationParser parseLocation (Ljava/lang/String;Ljava/lang/String;[Lorg/flywaydb/core/internal/scanner/ReadOnlyLocationHandler;)Lorg/flywaydb/core/api/Location; 89 <appendix> member <vmtarget> ; # org/flywaydb/core/api/locations/LocationParser$$Lambda$1195+0x000000080150f7d0
instanceKlass  @bci org/flywaydb/core/api/locations/LocationParser parseLocation (Ljava/lang/String;Ljava/lang/String;[Lorg/flywaydb/core/internal/scanner/ReadOnlyLocationHandler;)Lorg/flywaydb/core/api/Location; 71 <appendix> member <vmtarget> ; # org/flywaydb/core/api/locations/LocationParser$$Lambda$1194+0x000000080150f590
instanceKlass java/util/stream/Streams$2
instanceKlass java/util/stream/Streams$ConcatSpliterator
instanceKlass org/flywaydb/core/internal/util/Pair
instanceKlass org/flywaydb/core/api/locations/LocationParser
instanceKlass org/flywaydb/core/internal/scanner/classpath/ClassPathLocationScanner
instanceKlass org/flywaydb/core/internal/scanner/classpath/UrlResolver
instanceKlass org/flywaydb/core/internal/scanner/classpath/ClassPathScanner
instanceKlass  @bci java/util/stream/MatchOps makeRef (Ljava/util/function/Predicate;Ljava/util/stream/MatchOps$MatchKind;)Ljava/util/stream/TerminalOp; 20 <appendix> member <vmtarget> ; # java/util/stream/MatchOps$$Lambda$1193+0x00000008013f25c0
instanceKlass java/util/stream/MatchOps$BooleanTerminalSink
instanceKlass java/util/stream/MatchOps$MatchOp
instanceKlass java/util/stream/MatchOps
instanceKlass  @bci org/flywaydb/core/api/configuration/ClassicConfiguration configure (Ljava/util/Map;)V 1975 <appendix> argL0 ; # org/flywaydb/core/api/configuration/ClassicConfiguration$$Lambda$1192+0x000000080150e758
instanceKlass  @bci org/flywaydb/core/internal/configuration/resolvers/PropertyResolverContextImpl resolveValue (Ljava/lang/String;Lorg/flywaydb/core/ProgressLogger;)Ljava/lang/String; 62 <appendix> member <vmtarget> ; # org/flywaydb/core/internal/configuration/resolvers/PropertyResolverContextImpl$$Lambda$1191+0x000000080150e528
instanceKlass org/flywaydb/core/internal/configuration/models/ResolvedEnvironment
instanceKlass  @bci org/flywaydb/core/internal/configuration/resolvers/PropertyResolverContextImpl <init> (Ljava/lang/String;Lorg/flywaydb/core/api/configuration/Configuration;Ljava/util/Map;Ljava/util/Map;)V 29 <appendix> argL0 ; # org/flywaydb/core/internal/configuration/resolvers/PropertyResolverContextImpl$$Lambda$1190+0x000000080150e000
instanceKlass org/flywaydb/core/internal/configuration/resolvers/ProvisionerConfiguration
instanceKlass  @bci org/flywaydb/core/internal/configuration/resolvers/PropertyResolverContextImpl createConfigurationCopy (Lorg/flywaydb/core/api/configuration/Configuration;Ljava/lang/String;)Lorg/flywaydb/core/api/configuration/Configuration; 30 <appendix> member <vmtarget> ; # org/flywaydb/core/internal/configuration/resolvers/PropertyResolverContextImpl$$Lambda$1189+0x000000080150bac8
instanceKlass  @bci org/flywaydb/core/internal/configuration/resolvers/PropertyResolverContextImpl createConfigurationCopy (Lorg/flywaydb/core/api/configuration/Configuration;Ljava/lang/String;)Lorg/flywaydb/core/api/configuration/Configuration; 21 <appendix> member <vmtarget> ; # org/flywaydb/core/internal/configuration/resolvers/PropertyResolverContextImpl$$Lambda$1188+0x000000080150b898
instanceKlass  @bci org/flywaydb/core/internal/configuration/resolvers/PropertyResolverContextImpl createConfigurationCopy (Lorg/flywaydb/core/api/configuration/Configuration;Ljava/lang/String;)Lorg/flywaydb/core/api/configuration/Configuration; 12 <appendix> argL0 ; # org/flywaydb/core/internal/configuration/resolvers/PropertyResolverContextImpl$$Lambda$1187+0x000000080150b670
instanceKlass  @bci org/flywaydb/core/internal/configuration/resolvers/PropertyResolverContextImpl createConfigurationCopy (Lorg/flywaydb/core/api/configuration/Configuration;Ljava/lang/String;)Lorg/flywaydb/core/api/configuration/Configuration; 4 <appendix> argL0 ; # org/flywaydb/core/internal/configuration/resolvers/PropertyResolverContextImpl$$Lambda$1186+0x000000080150b448
instanceKlass org/flywaydb/core/internal/configuration/resolvers/PropertyResolverContextImpl
instanceKlass org/flywaydb/core/ProgressLoggerEmpty
instanceKlass  @bci java/util/stream/Collectors uniqKeysMapMerger ()Ljava/util/function/BinaryOperator; 0 <appendix> argL0 ; # java/util/stream/Collectors$$Lambda$1185+0x00000008013f1678
instanceKlass  @bci java/util/stream/Collectors uniqKeysMapAccumulator (Ljava/util/function/Function;Ljava/util/function/Function;)Ljava/util/function/BiConsumer; 2 <appendix> member <vmtarget> ; # java/util/stream/Collectors$$Lambda$1184+0x00000008013f1458
instanceKlass  @bci java/util/stream/Collectors toMap (Ljava/util/function/Function;Ljava/util/function/Function;)Ljava/util/stream/Collector; 4 <appendix> argL0 ; # java/util/stream/Collectors$$Lambda$1183+0x00000008013f1250
instanceKlass  @bci org/flywaydb/core/api/configuration/ClassicConfiguration getResolvedEnvironment (Ljava/lang/String;Lorg/flywaydb/core/internal/configuration/resolvers/ProvisionerMode;Lorg/flywaydb/core/ProgressLogger;)Lorg/flywaydb/core/internal/configuration/models/ResolvedEnvironment; 46 <appendix> argL0 ; # org/flywaydb/core/api/configuration/ClassicConfiguration$$Lambda$1182+0x000000080150ad48
instanceKlass  @bci org/flywaydb/core/api/configuration/ClassicConfiguration getResolvedEnvironment (Ljava/lang/String;Lorg/flywaydb/core/internal/configuration/resolvers/ProvisionerMode;Lorg/flywaydb/core/ProgressLogger;)Lorg/flywaydb/core/internal/configuration/models/ResolvedEnvironment; 41 <appendix> argL0 ; # org/flywaydb/core/api/configuration/ClassicConfiguration$$Lambda$1181+0x000000080150ab20
instanceKlass org/flywaydb/core/internal/configuration/resolvers/PropertyResolverContext
instanceKlass org/flywaydb/core/internal/configuration/resolvers/EnvironmentResolver
instanceKlass  @bci org/flywaydb/core/internal/configuration/resolvers/ProvisionerMode fromString (Ljava/lang/String;)Lorg/flywaydb/core/internal/configuration/resolvers/ProvisionerMode; 23 <appendix> member <vmtarget> ; # org/flywaydb/core/internal/configuration/resolvers/ProvisionerMode$$Lambda$1180+0x000000080150a520
instanceKlass  @bci org/flywaydb/core/internal/configuration/resolvers/ProvisionerMode fromString (Ljava/lang/String;)Lorg/flywaydb/core/internal/configuration/resolvers/ProvisionerMode; 7 <appendix> member <vmtarget> ; # org/flywaydb/core/internal/configuration/resolvers/ProvisionerMode$$Lambda$1179+0x000000080150a2e0
instanceKlass org/flywaydb/core/internal/configuration/ConfigUtils
instanceKlass  @bci org/flywaydb/core/api/configuration/ClassicConfiguration configure (Ljava/util/Map;)V 356 <appendix> member <vmtarget> ; # org/flywaydb/core/api/configuration/ClassicConfiguration$$Lambda$1178+0x0000000801509ac0
instanceKlass  @cpi org/flywaydb/core/api/configuration/ClassicConfiguration 2260 form vmentry <vmtarget> ; # java/lang/invoke/LambdaForm$DMH+0x000000080150d400
instanceKlass  @bci org/flywaydb/core/api/configuration/ClassicConfiguration parsePropertiesFromConfigExtension (Ljava/util/Map;Ljava/util/Collection;Ljava/util/Map$Entry;Ljava/lang/String;Lorg/flywaydb/core/extensibility/ConfigurationExtension;)V 13 <appendix> argL0 ; # org/flywaydb/core/api/configuration/ClassicConfiguration$$Lambda$1177+0x0000000801509898
instanceKlass  @bci org/flywaydb/core/api/configuration/ClassicConfiguration configure (Ljava/util/Map;)V 337 <appendix> member <vmtarget> ; # org/flywaydb/core/api/configuration/ClassicConfiguration$$Lambda$1176+0x0000000801509678
instanceKlass  @bci org/flywaydb/core/api/configuration/ClassicConfiguration configure (Ljava/util/Map;)V 313 <appendix> member <vmtarget> ; # org/flywaydb/core/api/configuration/ClassicConfiguration$$Lambda$1175+0x0000000801509438
instanceKlass  @bci org/flywaydb/core/api/configuration/ClassicConfiguration configure (Ljava/util/Map;)V 195 <appendix> member <vmtarget> ; # org/flywaydb/core/api/configuration/ClassicConfiguration$$Lambda$1174+0x00000008015091f8
instanceKlass  @bci org/flywaydb/core/api/configuration/ClassicConfiguration configure (Ljava/util/Map;)V 153 <appendix> argL0 ; # org/flywaydb/core/api/configuration/ClassicConfiguration$$Lambda$1173+0x0000000801508fc0
instanceKlass  @bci org/flywaydb/core/api/configuration/ClassicConfiguration configure (Ljava/util/Map;)V 98 <appendix> member <vmtarget> ; # org/flywaydb/core/api/configuration/ClassicConfiguration$$Lambda$1172+0x0000000801508d90
instanceKlass org/flywaydb/core/extensibility/ConfigurationProvider
# instanceKlass java/lang/invoke/LambdaForm$MH+0x000000080150d000
# instanceKlass java/lang/invoke/LambdaForm$MH+0x000000080150cc00
# instanceKlass java/lang/invoke/LambdaForm$DMH+0x000000080150c800
# instanceKlass java/lang/invoke/LambdaForm$DMH+0x000000080150c400
instanceKlass sun/invoke/util/ValueConversions$1
# instanceKlass java/lang/invoke/LambdaForm$DMH+0x000000080150c000
instanceKlass tools/jackson/databind/deser/jdk/NumberDeserializers
instanceKlass tools/jackson/databind/annotation/JacksonStdImpl
instanceKlass tools/jackson/databind/util/LinkedNode
instanceKlass tools/jackson/databind/deser/BasicDeserializerFactory$ContainerDefaultMappings
instanceKlass tools/jackson/databind/type/TypeBindings$AsKey
instanceKlass tools/jackson/databind/type/TypeBindings$TypeParamStash
instanceKlass sun/reflect/generics/tree/VoidDescriptor
instanceKlass org/flywaydb/core/internal/command/clean/SchemaModel
instanceKlass tools/jackson/databind/deser/bean/BeanPropertyMap
instanceKlass com/fasterxml/jackson/annotation/JsonAlias
instanceKlass tools/jackson/databind/deser/ReadableObjectId$Referring
instanceKlass tools/jackson/databind/util/ViewMatcher
instanceKlass tools/jackson/databind/deser/impl/NullsConstantProvider
instanceKlass tools/jackson/databind/util/IgnorePropertiesUtil
instanceKlass tools/jackson/databind/deser/BeanDeserializerBuilder
instanceKlass tools/jackson/databind/deser/bean/CreatorCollector
instanceKlass tools/jackson/core/TokenStreamLocation
instanceKlass tools/jackson/databind/deser/ValueInstantiator
instanceKlass tools/jackson/databind/deser/jdk/JDKValueInstantiators
instanceKlass tools/jackson/databind/annotation/JsonValueInstantiator
instanceKlass tools/jackson/databind/jsontype/impl/SubTypeValidator
instanceKlass tools/jackson/databind/deser/jdk/JDKMiscDeserializers
instanceKlass  @bci tools/jackson/databind/util/internal/UnreflectHandleSupplier initialize ()Ljava/lang/invoke/MethodHandle; 27 <appendix> member <vmtarget> ; # tools/jackson/databind/util/internal/UnreflectHandleSupplier$$Lambda$1171+0x00000008014f58b8
instanceKlass com/fasterxml/jackson/annotation/JsonFilter
instanceKlass com/fasterxml/jackson/annotation/JsonIncludeProperties$Value
instanceKlass com/fasterxml/jackson/annotation/JsonIncludeProperties
instanceKlass com/fasterxml/jackson/annotation/JsonIgnoreProperties$Value
instanceKlass com/fasterxml/jackson/annotation/JsonIgnoreProperties
instanceKlass tools/jackson/databind/annotation/JsonAppend
instanceKlass tools/jackson/databind/ser/impl/PropertySerializerMap
instanceKlass tools/jackson/databind/ser/PropertyBuilder$1
instanceKlass tools/jackson/databind/annotation/JsonTypeResolver
instanceKlass tools/jackson/databind/BeanProperty$Std
instanceKlass com/fasterxml/jackson/annotation/JsonTypeId
instanceKlass com/fasterxml/jackson/annotation/JsonInclude
instanceKlass tools/jackson/databind/ser/PropertyBuilder
instanceKlass com/fasterxml/jackson/annotation/JsonIgnoreType
instanceKlass tools/jackson/databind/ser/BeanSerializerBuilder
instanceKlass tools/jackson/databind/ObjectWriter
instanceKlass tools/jackson/databind/ObjectReader
instanceKlass tools/jackson/databind/util/BeanUtil
instanceKlass tools/jackson/databind/PropertyMetadata
instanceKlass com/fasterxml/jackson/annotation/JsonPropertyDescription
instanceKlass com/fasterxml/jackson/annotation/JsonPropertyOrder
instanceKlass tools/jackson/databind/annotation/JsonNaming
instanceKlass com/fasterxml/jackson/annotation/JacksonInject
instanceKlass tools/jackson/databind/introspect/POJOPropertyBuilder$2
instanceKlass tools/jackson/databind/introspect/POJOPropertyBuilder$1
instanceKlass tools/jackson/databind/cfg/ConstructorDetector
instanceKlass tools/jackson/databind/introspect/PotentialCreator
instanceKlass com/fasterxml/jackson/annotation/JsonCreator
instanceKlass  @bci tools/jackson/databind/introspect/AnnotatedCreatorCollector collect (Ljava/lang/Class;)Ltools/jackson/databind/introspect/AnnotatedClass$Creators; 72 <appendix> member <vmtarget> ; # tools/jackson/databind/introspect/AnnotatedCreatorCollector$$Lambda$1170+0x00000008014ee508
instanceKlass  @bci tools/jackson/databind/introspect/AnnotatedCreatorCollector collect (Ljava/lang/Class;)Ltools/jackson/databind/introspect/AnnotatedClass$Creators; 59 <appendix> member <vmtarget> ; # tools/jackson/databind/introspect/AnnotatedCreatorCollector$$Lambda$1169+0x00000008014ee2c8
instanceKlass com/fasterxml/jackson/annotation/JsonSetter
instanceKlass  @bci tools/jackson/databind/util/internal/UnreflectHandleSupplier <init> (Ljava/lang/invoke/MethodType;)V 6 <appendix> member <vmtarget> ; # tools/jackson/databind/util/internal/UnreflectHandleSupplier$$Lambda$1168+0x00000008014eda98
instanceKlass tools/jackson/databind/util/internal/UnreflectHandleSupplier
instanceKlass com/fasterxml/jackson/annotation/JacksonAnnotation
instanceKlass tools/jackson/databind/introspect/AnnotatedMethodCollector$MethodBuilder
instanceKlass tools/jackson/databind/introspect/MemberKey
instanceKlass tools/jackson/databind/introspect/POJOPropertyBuilder$Linked
instanceKlass tools/jackson/databind/AnnotationIntrospector$ReferenceProperty
instanceKlass tools/jackson/databind/introspect/POJOPropertyBuilder$WithMember
instanceKlass com/fasterxml/jackson/annotation/JsonIgnore
instanceKlass com/fasterxml/jackson/annotation/JsonAutoDetect$1
instanceKlass com/fasterxml/jackson/annotation/JsonProperty
instanceKlass com/fasterxml/jackson/annotation/JsonGetter
instanceKlass tools/jackson/databind/PropertyName
instanceKlass com/fasterxml/jackson/annotation/JsonAnySetter
instanceKlass com/fasterxml/jackson/annotation/JsonAnyGetter
instanceKlass com/fasterxml/jackson/annotation/JsonValue
instanceKlass com/fasterxml/jackson/annotation/JsonKey
instanceKlass  @bci sun/reflect/annotation/AnnotationParser parseEnumArray (ILjava/lang/Class;Ljava/nio/ByteBuffer;Ljdk/internal/reflect/ConstantPool;Ljava/lang/Class;)Ljava/lang/Object; 16 <appendix> member <vmtarget> ; # sun/reflect/annotation/AnnotationParser$$Lambda$1167+0x00000008013f0168
instanceKlass com/fasterxml/jackson/annotation/JacksonAnnotationsInside
instanceKlass tools/jackson/databind/introspect/AnnotatedFieldCollector$FieldBuilder
instanceKlass org/flywaydb/core/internal/command/clean/CleanModel
instanceKlass tools/jackson/databind/introspect/TypeResolutionContext$Basic
instanceKlass tools/jackson/databind/introspect/AnnotationMap
instanceKlass tools/jackson/databind/introspect/CollectorBase
instanceKlass tools/jackson/databind/introspect/PotentialCreators
instanceKlass com/fasterxml/jackson/annotation/JsonIdentityInfo
instanceKlass com/fasterxml/jackson/annotation/JsonAutoDetect
instanceKlass tools/jackson/databind/introspect/POJOPropertiesCollector
instanceKlass tools/jackson/databind/ext/sql/JavaSqlTypeHandlerFactory
instanceKlass org/w3c/dom/Document
instanceKlass org/w3c/dom/Node
instanceKlass tools/jackson/databind/ext/OptionalHandlerFactory
instanceKlass java/util/stream/DoubleStream
instanceKlass java/util/stream/LongStream
instanceKlass tools/jackson/databind/ser/jdk/JDKMiscSerializers
instanceKlass tools/jackson/databind/ser/jdk/NumberSerializers
instanceKlass tools/jackson/databind/ser/jdk/JDKCoreSerializers
instanceKlass tools/jackson/databind/util/ArrayIterator
instanceKlass tools/jackson/databind/introspect/AnnotatedClassResolver
instanceKlass tools/jackson/databind/BeanDescription$SupplierBase
instanceKlass tools/jackson/databind/util/internal/PrivateMaxEntriesMap$AddTask
instanceKlass tools/jackson/databind/util/internal/PrivateMaxEntriesMap$WeightedValue
instanceKlass java/util/OptionalDouble
instanceKlass java/util/OptionalLong
instanceKlass tools/jackson/databind/type/ClassStack
instanceKlass tools/jackson/core/io/CharTypes$AltQuoteEscapes
instanceKlass tools/jackson/core/util/JacksonFeatureSet
instanceKlass tools/jackson/core/TokenStreamContext
instanceKlass tools/jackson/core/io/IOContext
instanceKlass tools/jackson/core/io/ContentReference
instanceKlass tools/jackson/databind/util/internal/PrivateMaxEntriesMap$EntryIterator
instanceKlass  @bci tools/jackson/databind/ser/impl/ReadOnlyClassToSerializerMap <init> (Ltools/jackson/databind/ser/SerializerCache;Ltools/jackson/databind/util/LookupCache;)V 43 <appendix> member <vmtarget> ; # tools/jackson/databind/ser/impl/ReadOnlyClassToSerializerMap$$Lambda$1166+0x00000008014dc638
instanceKlass  @cpi org/flywaydb/core/internal/scanner/Scanner 283 form vmentry <vmtarget> ; # java/lang/invoke/LambdaForm$DMH+0x00000008014e0000
instanceKlass tools/jackson/databind/util/TypeKey
instanceKlass tools/jackson/databind/ser/impl/ReadOnlyClassToSerializerMap$Bucket
instanceKlass tools/jackson/databind/ser/impl/ReadOnlyClassToSerializerMap
instanceKlass tools/jackson/databind/BeanDescription$Supplier
instanceKlass tools/jackson/databind/cfg/GeneratorSettings
instanceKlass tools/jackson/core/util/TextBuffer
instanceKlass tools/jackson/core/util/BufferRecycler
instanceKlass tools/jackson/databind/deser/DeserializerCache
instanceKlass tools/jackson/databind/ser/SerializerCache
instanceKlass tools/jackson/databind/cfg/ContextAttributes
instanceKlass tools/jackson/databind/cfg/ConfigOverride
instanceKlass com/fasterxml/jackson/annotation/JsonFormat$Features
instanceKlass com/fasterxml/jackson/annotation/JsonFormat$Value
instanceKlass tools/jackson/databind/util/RootNameLookup
instanceKlass tools/jackson/databind/introspect/MixInHandler
instanceKlass tools/jackson/databind/introspect/AnnotatedMethodMap
instanceKlass tools/jackson/databind/introspect/AnnotationCollector$NoAnnotations
instanceKlass tools/jackson/databind/util/Annotations
instanceKlass tools/jackson/databind/introspect/AnnotationCollector
instanceKlass tools/jackson/databind/introspect/AnnotatedClass$Creators
instanceKlass tools/jackson/databind/BeanDescription
instanceKlass tools/jackson/databind/type/TypeFactory
instanceKlass  @bci tools/jackson/databind/ObjectMapper <init> (Ltools/jackson/databind/cfg/MapperBuilder;)V 81 <appendix> member <vmtarget> ; # tools/jackson/databind/ObjectMapper$$Lambda$1165+0x00000008014d4da8
instanceKlass  @bci tools/jackson/databind/ObjectMapper <init> (Ltools/jackson/databind/cfg/MapperBuilder;)V 46 <appendix> member <vmtarget> ; # tools/jackson/databind/ObjectMapper$$Lambda$1164+0x00000008014d4b88
instanceKlass tools/jackson/databind/deser/ValueInstantiators$Base
instanceKlass tools/jackson/databind/module/SimpleKeyDeserializers
instanceKlass tools/jackson/databind/ser/ValueSerializerModifier
instanceKlass tools/jackson/databind/cfg/SerializerFactoryConfig
instanceKlass  @bci tools/jackson/databind/ext/javatime/ser/ZonedDateTimeSerializer <init> (Ljava/time/format/DateTimeFormatter;)V 13 <appendix> argL0 ; # tools/jackson/databind/ext/javatime/ser/ZonedDateTimeSerializer$$Lambda$1163+0x00000008014cd040
instanceKlass  @bci tools/jackson/databind/ext/javatime/ser/ZonedDateTimeSerializer <init> (Ljava/time/format/DateTimeFormatter;)V 8 <appendix> argL0 ; # tools/jackson/databind/ext/javatime/ser/ZonedDateTimeSerializer$$Lambda$1162+0x00000008014cce38
instanceKlass  @cpi tools/jackson/databind/ext/javatime/ser/ZonedDateTimeSerializer 210 form vmentry <vmtarget> ; # java/lang/invoke/LambdaForm$DMH+0x00000008014c8c00
instanceKlass  @bci tools/jackson/databind/ext/javatime/ser/ZonedDateTimeSerializer <init> (Ljava/time/format/DateTimeFormatter;)V 3 <appendix> argL0 ; # tools/jackson/databind/ext/javatime/ser/ZonedDateTimeSerializer$$Lambda$1161+0x00000008014ccc30
instanceKlass  @bci tools/jackson/databind/ext/javatime/ser/OffsetDateTimeSerializer <init> ()V 13 <appendix> argL0 ; # tools/jackson/databind/ext/javatime/ser/OffsetDateTimeSerializer$$Lambda$1160+0x00000008014cca28
instanceKlass  @bci tools/jackson/databind/ext/javatime/ser/OffsetDateTimeSerializer <init> ()V 8 <appendix> argL0 ; # tools/jackson/databind/ext/javatime/ser/OffsetDateTimeSerializer$$Lambda$1159+0x00000008014cc820
instanceKlass  @bci tools/jackson/databind/ext/javatime/ser/OffsetDateTimeSerializer <init> ()V 3 <appendix> argL0 ; # tools/jackson/databind/ext/javatime/ser/OffsetDateTimeSerializer$$Lambda$1158+0x00000008014cc618
instanceKlass  @cpi tools/jackson/databind/ext/javatime/ser/ZonedDateTimeSerializer 206 form vmentry <vmtarget> ; # java/lang/invoke/LambdaForm$DMH+0x00000008014c8800
instanceKlass  @cpi org/flywaydb/core/api/output/MigrateResult 254 form vmentry <vmtarget> ; # java/lang/invoke/LambdaForm$DMH+0x00000008014c8400
instanceKlass  @bci tools/jackson/databind/ext/javatime/ser/InstantSerializer <init> ()V 13 <appendix> argL0 ; # tools/jackson/databind/ext/javatime/ser/InstantSerializer$$Lambda$1157+0x00000008014cc410
instanceKlass java/util/function/ToIntFunction
instanceKlass  @bci tools/jackson/databind/ext/javatime/ser/InstantSerializer <init> ()V 8 <appendix> argL0 ; # tools/jackson/databind/ext/javatime/ser/InstantSerializer$$Lambda$1156+0x00000008014cc208
instanceKlass  @bci tools/jackson/databind/ext/javatime/ser/InstantSerializer <init> ()V 3 <appendix> argL0 ; # tools/jackson/databind/ext/javatime/ser/InstantSerializer$$Lambda$1155+0x00000008014cc000
instanceKlass  @cpi tools/jackson/databind/ext/javatime/ser/OffsetDateTimeSerializer 107 form vmentry <vmtarget> ; # java/lang/invoke/LambdaForm$DMH+0x00000008014c8000
instanceKlass java/util/function/ToLongFunction
instanceKlass tools/jackson/databind/ser/Serializers$Base
instanceKlass tools/jackson/databind/util/ClassUtil$Ctor
instanceKlass tools/jackson/databind/util/ClassUtil
instanceKlass tools/jackson/databind/util/ArrayBuilders
instanceKlass tools/jackson/databind/deser/jdk/JDKKeyDeserializers
instanceKlass tools/jackson/databind/deser/ValueDeserializerModifier
instanceKlass tools/jackson/databind/cfg/DeserializerFactoryConfig
instanceKlass com/fasterxml/jackson/annotation/ObjectIdGenerator
instanceKlass java/time/YearMonth
instanceKlass java/time/Year
instanceKlass java/time/OffsetTime
instanceKlass java/time/MonthDay
instanceKlass  @bci tools/jackson/databind/ext/javatime/deser/MonthDeserializer <init> (Ljava/time/format/DateTimeFormatter;)V 14 <appendix> argL0 ; # tools/jackson/databind/ext/javatime/deser/MonthDeserializer$$Lambda$1154+0x00000008014ba318
instanceKlass tools/jackson/databind/type/ClassKey
instanceKlass  @bci tools/jackson/databind/ext/javatime/deser/InstantDeserializer <clinit> ()V 132 <appendix> argL0 ; # tools/jackson/databind/ext/javatime/deser/InstantDeserializer$$Lambda$1153+0x00000008014b9c08
instanceKlass  @bci tools/jackson/databind/ext/javatime/deser/InstantDeserializer <clinit> ()V 127 <appendix> argL0 ; # tools/jackson/databind/ext/javatime/deser/InstantDeserializer$$Lambda$1152+0x00000008014b99e0
instanceKlass  @bci tools/jackson/databind/ext/javatime/deser/InstantDeserializer <clinit> ()V 122 <appendix> argL0 ; # tools/jackson/databind/ext/javatime/deser/InstantDeserializer$$Lambda$1151+0x00000008014b97b8
instanceKlass  @bci tools/jackson/databind/ext/javatime/deser/InstantDeserializer <clinit> ()V 117 <appendix> argL0 ; # tools/jackson/databind/ext/javatime/deser/InstantDeserializer$$Lambda$1150+0x00000008014b9590
instanceKlass  @bci tools/jackson/databind/ext/javatime/deser/InstantDeserializer <clinit> ()V 89 <appendix> argL0 ; # tools/jackson/databind/ext/javatime/deser/InstantDeserializer$$Lambda$1149+0x00000008014b9378
instanceKlass  @bci tools/jackson/databind/ext/javatime/deser/InstantDeserializer <clinit> ()V 84 <appendix> argL0 ; # tools/jackson/databind/ext/javatime/deser/InstantDeserializer$$Lambda$1148+0x00000008014b9150
instanceKlass  @bci tools/jackson/databind/ext/javatime/deser/InstantDeserializer <clinit> ()V 79 <appendix> argL0 ; # tools/jackson/databind/ext/javatime/deser/InstantDeserializer$$Lambda$1147+0x00000008014b8f28
instanceKlass  @bci tools/jackson/databind/ext/javatime/deser/InstantDeserializer <clinit> ()V 74 <appendix> argL0 ; # tools/jackson/databind/ext/javatime/deser/InstantDeserializer$$Lambda$1146+0x00000008014b8d00
instanceKlass java/time/OffsetDateTime
instanceKlass  @bci tools/jackson/databind/ext/javatime/deser/InstantDeserializer <init> (Ljava/lang/Class;Ljava/time/format/DateTimeFormatter;Ljava/util/function/Function;Ljava/util/function/Function;Ljava/util/function/Function;Ljava/util/function/BiFunction;ZZZ)V 29 <appendix> argL0 ; # tools/jackson/databind/ext/javatime/deser/InstantDeserializer$$Lambda$1145+0x00000008014b8ae8
instanceKlass  @bci tools/jackson/databind/ext/javatime/deser/InstantDeserializer <clinit> ()V 46 <appendix> argL0 ; # tools/jackson/databind/ext/javatime/deser/InstantDeserializer$$Lambda$1144+0x00000008014b88c0
instanceKlass tools/jackson/databind/ext/javatime/deser/InstantDeserializer$FromDecimalArguments
instanceKlass  @bci tools/jackson/databind/ext/javatime/deser/InstantDeserializer <clinit> ()V 41 <appendix> argL0 ; # tools/jackson/databind/ext/javatime/deser/InstantDeserializer$$Lambda$1143+0x00000008014b84a0
instanceKlass tools/jackson/databind/ext/javatime/deser/InstantDeserializer$FromIntegerArguments
instanceKlass  @bci tools/jackson/databind/ext/javatime/deser/InstantDeserializer <clinit> ()V 36 <appendix> argL0 ; # tools/jackson/databind/ext/javatime/deser/InstantDeserializer$$Lambda$1142+0x00000008014b7b70
instanceKlass tools/jackson/databind/deser/Deserializers$Base
instanceKlass tools/jackson/databind/deser/ValueInstantiators
instanceKlass tools/jackson/databind/deser/KeyDeserializers
instanceKlass tools/jackson/databind/KeyDeserializer
instanceKlass tools/jackson/databind/ser/Serializers
instanceKlass tools/jackson/databind/ValueSerializer
instanceKlass tools/jackson/databind/jsonFormatVisitors/JsonFormatVisitable
instanceKlass tools/jackson/databind/deser/Deserializers
instanceKlass tools/jackson/databind/deser/ValueInstantiator$Gettable
instanceKlass tools/jackson/databind/ValueDeserializer
instanceKlass tools/jackson/databind/deser/NullValueProvider
instanceKlass tools/jackson/databind/ext/javatime/JavaTimeInitializer
instanceKlass tools/jackson/databind/cfg/ModuleContextBase
instanceKlass tools/jackson/databind/cfg/DatatypeFeatures$DefaultHolder
instanceKlass tools/jackson/databind/cfg/DatatypeFeatures
instanceKlass tools/jackson/databind/cfg/CoercionConfig
instanceKlass tools/jackson/databind/cfg/CoercionConfigs
instanceKlass com/fasterxml/jackson/annotation/JsonSetter$Value
instanceKlass tools/jackson/databind/introspect/VisibilityChecker
instanceKlass com/fasterxml/jackson/annotation/JsonInclude$Value
instanceKlass com/fasterxml/jackson/annotation/JacksonAnnotationValue
instanceKlass tools/jackson/databind/cfg/ConfigOverrides
instanceKlass tools/jackson/core/sym/CharsToNameCanonicalizer$Bucket
instanceKlass tools/jackson/core/sym/CharsToNameCanonicalizer$TableInfo
instanceKlass tools/jackson/core/sym/CharsToNameCanonicalizer
instanceKlass tools/jackson/core/sym/ByteQuadsCanonicalizer$TableInfo
instanceKlass tools/jackson/core/sym/ByteQuadsCanonicalizer
instanceKlass tools/jackson/core/util/RecyclerPool$WithPool
instanceKlass tools/jackson/core/util/RecyclerPool$StatefulImplBase
instanceKlass tools/jackson/core/util/RecyclerPool
instanceKlass tools/jackson/core/util/JsonRecyclerPools
instanceKlass tools/jackson/core/ErrorReportConfiguration
instanceKlass tools/jackson/core/StreamWriteConstraints
instanceKlass tools/jackson/core/StreamReadConstraints
instanceKlass tools/jackson/core/FormatFeature
instanceKlass tools/jackson/core/ObjectWriteContext$Base
instanceKlass tools/jackson/core/async/ByteArrayFeeder
instanceKlass tools/jackson/core/async/ByteBufferFeeder
instanceKlass tools/jackson/core/async/NonBlockingInputFeeder
instanceKlass tools/jackson/core/TSFBuilder
instanceKlass tools/jackson/core/sym/PropertyNameMatcher
instanceKlass tools/jackson/databind/AbstractTypeResolver
instanceKlass tools/jackson/databind/jsontype/TypeDeserializer
instanceKlass tools/jackson/databind/jsontype/TypeSerializer
instanceKlass tools/jackson/databind/jsontype/TypeIdResolver
instanceKlass tools/jackson/databind/jsontype/impl/StdTypeResolverBuilder
instanceKlass tools/jackson/databind/cfg/MapperConfig
instanceKlass tools/jackson/databind/introspect/MixInResolver
instanceKlass tools/jackson/databind/jsontype/TypeResolverProvider
instanceKlass tools/jackson/databind/node/JsonNodeFactory
instanceKlass tools/jackson/databind/node/JsonNodeCreator
instanceKlass tools/jackson/databind/cfg/DefaultCacheProvider
instanceKlass tools/jackson/databind/cfg/CacheProvider
instanceKlass tools/jackson/core/Base64Variant
instanceKlass tools/jackson/core/Base64Variants
instanceKlass tools/jackson/databind/cfg/BaseSettings
instanceKlass tools/jackson/databind/introspect/DefaultAccessorNamingStrategy$FirstCharBasedValidator
instanceKlass tools/jackson/databind/introspect/DefaultAccessorNamingStrategy$BaseNameValidator
instanceKlass tools/jackson/databind/introspect/AccessorNamingStrategy
instanceKlass tools/jackson/databind/util/internal/Linked
instanceKlass tools/jackson/databind/util/internal/PrivateMaxEntriesMap$Builder
instanceKlass tools/jackson/databind/util/SimpleLookupCache
instanceKlass java/beans/ConstructorProperties
instanceKlass java/beans/Transient
instanceKlass tools/jackson/databind/ext/beans/JavaBeansAnnotations
instanceKlass com/fasterxml/jackson/annotation/JsonMerge
instanceKlass tools/jackson/databind/annotation/JsonDeserialize
instanceKlass com/fasterxml/jackson/annotation/JsonManagedReference
instanceKlass com/fasterxml/jackson/annotation/JsonBackReference
instanceKlass com/fasterxml/jackson/annotation/JsonUnwrapped
instanceKlass com/fasterxml/jackson/annotation/JsonRawValue
instanceKlass com/fasterxml/jackson/annotation/JsonTypeInfo
instanceKlass com/fasterxml/jackson/annotation/JsonFormat
instanceKlass com/fasterxml/jackson/annotation/JsonView
instanceKlass tools/jackson/databind/annotation/JsonSerialize
instanceKlass tools/jackson/databind/introspect/ConcreteBeanPropertyBase
instanceKlass tools/jackson/databind/BeanProperty
instanceKlass tools/jackson/databind/introspect/BeanPropertyDefinition
instanceKlass tools/jackson/databind/util/FullyNamed
instanceKlass tools/jackson/core/util/Named
instanceKlass tools/jackson/databind/introspect/TypeResolutionContext
instanceKlass tools/jackson/databind/introspect/Annotated
instanceKlass tools/jackson/databind/util/LookupCache
instanceKlass  @bci tools/jackson/core/util/Separators$Spacing apply (C)Ljava/lang/String; 9 <appendix> form vmentry <vmtarget> ; # java/lang/invoke/LambdaForm$MH+0x0000000801487000
# instanceKlass java/lang/invoke/LambdaForm$MH+0x0000000801486c00
instanceKlass  @bci tools/jackson/core/util/Separators$Spacing apply (C)Ljava/lang/String; 9 <appendix> form names 8 function resolvedHandle form vmentry <vmtarget> ; # java/lang/invoke/LambdaForm$DMH+0x0000000801486800
instanceKlass  @bci tools/jackson/core/util/Separators$Spacing apply (C)Ljava/lang/String; 9 <appendix> argL3 form vmentry <vmtarget> ; # java/lang/invoke/LambdaForm$MH+0x0000000801486400
# instanceKlass java/lang/invoke/LambdaForm$MH+0x0000000801486000
# instanceKlass java/lang/invoke/LambdaForm$MH+0x0000000801485c00
# instanceKlass java/lang/invoke/LambdaForm$MH+0x0000000801485800
# instanceKlass java/lang/invoke/LambdaForm$MH+0x0000000801485400
instanceKlass  @bci tools/jackson/core/util/Separators$Spacing apply (C)Ljava/lang/String; 9 <appendix> form names 12 function resolvedHandle form vmentry <vmtarget> ; # java/lang/invoke/LambdaForm$DMH+0x0000000801485000
instanceKlass  @bci tools/jackson/core/util/Separators$Spacing apply (C)Ljava/lang/String; 9 <appendix> argL1 form vmentry <vmtarget> ; # java/lang/invoke/LambdaForm$MH+0x0000000801484c00
# instanceKlass java/lang/invoke/LambdaForm$MH+0x0000000801484800
# instanceKlass java/lang/invoke/LambdaForm$MH+0x0000000801484400
# instanceKlass java/lang/invoke/LambdaForm$MH+0x0000000801484000
instanceKlass tools/jackson/core/util/DefaultPrettyPrinter$NopIndenter
instanceKlass tools/jackson/core/io/CharTypes
instanceKlass tools/jackson/core/io/JsonStringEncoder
instanceKlass tools/jackson/core/io/SerializedString
instanceKlass tools/jackson/core/util/Separators
instanceKlass tools/jackson/core/SerializableString
instanceKlass tools/jackson/core/util/DefaultPrettyPrinter$Indenter
instanceKlass tools/jackson/core/util/DefaultPrettyPrinter
instanceKlass tools/jackson/core/util/Instantiatable
instanceKlass tools/jackson/databind/cfg/ConfigFeature
instanceKlass tools/jackson/databind/cfg/MapperBuilderState
instanceKlass tools/jackson/databind/cfg/DatatypeFeature
instanceKlass tools/jackson/core/util/JacksonFeature
instanceKlass tools/jackson/databind/jsontype/TypeResolverBuilder
instanceKlass tools/jackson/databind/deser/DeserializerFactory
instanceKlass tools/jackson/databind/ser/SerializerFactory
instanceKlass tools/jackson/databind/jsontype/SubtypeResolver
instanceKlass tools/jackson/databind/cfg/DeserializationContexts
instanceKlass tools/jackson/databind/cfg/SerializationContexts
instanceKlass tools/jackson/databind/introspect/ClassIntrospector
instanceKlass tools/jackson/databind/JacksonModule$SetupContext
instanceKlass tools/jackson/databind/introspect/AccessorNamingStrategy$Provider
instanceKlass tools/jackson/databind/jsontype/PolymorphicTypeValidator
instanceKlass tools/jackson/databind/AnnotationIntrospector
instanceKlass tools/jackson/core/PrettyPrinter
instanceKlass tools/jackson/databind/type/TypeBindings
instanceKlass tools/jackson/core/tree/ArrayTreeNode
instanceKlass tools/jackson/core/tree/ObjectTreeNode
instanceKlass tools/jackson/core/JsonParser
instanceKlass tools/jackson/databind/DatabindContext
instanceKlass tools/jackson/databind/JacksonSerializable$Base
instanceKlass tools/jackson/core/TreeNode
instanceKlass tools/jackson/core/util/BufferRecycler$Gettable
instanceKlass tools/jackson/core/JsonGenerator
instanceKlass tools/jackson/core/ObjectWriteContext
instanceKlass tools/jackson/core/ObjectReadContext
instanceKlass tools/jackson/databind/JacksonSerializable
instanceKlass tools/jackson/core/type/ResolvedType
instanceKlass tools/jackson/core/TokenStreamFactory
instanceKlass tools/jackson/databind/cfg/MapperBuilder
instanceKlass tools/jackson/core/util/Snapshottable
instanceKlass tools/jackson/databind/ObjectMapper
instanceKlass tools/jackson/core/Versioned
instanceKlass tools/jackson/core/TreeCodec
instanceKlass  @bci org/flywaydb/core/internal/plugin/PluginRegister getCopy ()Lorg/flywaydb/core/internal/plugin/PluginRegister; 30 <appendix> argL0 ; # org/flywaydb/core/internal/plugin/PluginRegister$$Lambda$1141+0x000000080146d678
instanceKlass  @bci org/flywaydb/core/api/configuration/ClassicConfiguration getResolvers ()[Lorg/flywaydb/core/api/resolver/MigrationResolver; 89 <appendix> argL0 ; # org/flywaydb/core/api/configuration/ClassicConfiguration$$Lambda$1140+0x000000080146d470
instanceKlass  @bci org/flywaydb/core/api/configuration/ClassicConfiguration getResolvers ()[Lorg/flywaydb/core/api/resolver/MigrationResolver; 66 <appendix> member <vmtarget> ; # org/flywaydb/core/api/configuration/ClassicConfiguration$$Lambda$1139+0x000000080146d240
instanceKlass  @bci org/flywaydb/core/api/configuration/ClassicConfiguration getResolvers ()[Lorg/flywaydb/core/api/resolver/MigrationResolver; 55 <appendix> member <vmtarget> ; # org/flywaydb/core/api/configuration/ClassicConfiguration$$Lambda$1138+0x000000080146d000
instanceKlass  @bci org/flywaydb/core/api/configuration/ClassicConfiguration getCallbacks ()[Lorg/flywaydb/core/api/callback/Callback; 8 <appendix> argL0 ; # org/flywaydb/core/api/configuration/ClassicConfiguration$$Lambda$1137+0x000000080146fcb8
instanceKlass  @bci org/flywaydb/core/internal/configuration/models/ConfigurationModel merge (Lorg/flywaydb/core/internal/configuration/models/ConfigurationModel;)Lorg/flywaydb/core/internal/configuration/models/ConfigurationModel; 84 <appendix> argL0 ; # org/flywaydb/core/internal/configuration/models/ConfigurationModel$$Lambda$1136+0x000000080146f6e0
instanceKlass  @bci org/flywaydb/core/internal/configuration/models/EnvironmentModel merge (Lorg/flywaydb/core/internal/configuration/models/EnvironmentModel;)Lorg/flywaydb/core/internal/configuration/models/EnvironmentModel; 234 <appendix> argL0 ; # org/flywaydb/core/internal/configuration/models/EnvironmentModel$$Lambda$1135+0x000000080146f4c8
instanceKlass  @bci org/flywaydb/core/internal/configuration/models/FlywayEnvironmentModel merge (Lorg/flywaydb/core/internal/configuration/models/FlywayEnvironmentModel;)Lorg/flywaydb/core/internal/configuration/models/FlywayEnvironmentModel; 975 <appendix> argL0 ; # org/flywaydb/core/internal/configuration/models/FlywayEnvironmentModel$$Lambda$1134+0x000000080146f2b0
instanceKlass  @bci org/flywaydb/core/internal/configuration/models/FlywayEnvironmentModel merge (Lorg/flywaydb/core/internal/configuration/models/FlywayEnvironmentModel;)Lorg/flywaydb/core/internal/configuration/models/FlywayEnvironmentModel; 955 <appendix> argL0 ; # org/flywaydb/core/internal/configuration/models/FlywayEnvironmentModel$$Lambda$1133+0x000000080146f098
instanceKlass  @bci org/flywaydb/core/internal/configuration/models/FlywayEnvironmentModel merge (Lorg/flywaydb/core/internal/configuration/models/FlywayEnvironmentModel;)Lorg/flywaydb/core/internal/configuration/models/FlywayEnvironmentModel; 917 <appendix> argL0 ; # org/flywaydb/core/internal/configuration/models/FlywayEnvironmentModel$$Lambda$1132+0x000000080146ee80
instanceKlass  @bci org/flywaydb/core/internal/configuration/models/EnvironmentModel merge (Lorg/flywaydb/core/internal/configuration/models/EnvironmentModel;)Lorg/flywaydb/core/internal/configuration/models/EnvironmentModel; 181 <appendix> argL0 ; # org/flywaydb/core/internal/configuration/models/EnvironmentModel$$Lambda$1131+0x000000080146ec68
instanceKlass  @bci org/flywaydb/core/internal/configuration/models/EnvironmentModel merge (Lorg/flywaydb/core/internal/configuration/models/EnvironmentModel;)Lorg/flywaydb/core/internal/configuration/models/EnvironmentModel; 161 <appendix> argL0 ; # org/flywaydb/core/internal/configuration/models/EnvironmentModel$$Lambda$1130+0x000000080146ea50
instanceKlass  @bci org/flywaydb/core/internal/configuration/models/ConfigurationModel merge (Lorg/flywaydb/core/internal/configuration/models/ConfigurationModel;)Lorg/flywaydb/core/internal/configuration/models/ConfigurationModel; 64 <appendix> argL0 ; # org/flywaydb/core/internal/configuration/models/ConfigurationModel$$Lambda$1129+0x000000080146e838
instanceKlass  @cpi org/flywaydb/core/internal/configuration/models/ConfigurationModel 109 form vmentry <vmtarget> ; # java/lang/invoke/LambdaForm$DMH+0x000000080146c400
instanceKlass  @bci org/flywaydb/core/internal/configuration/models/FlywayModel merge (Lorg/flywaydb/core/internal/configuration/models/FlywayModel;)Lorg/flywaydb/core/internal/configuration/models/FlywayModel; 1083 <appendix> argL0 ; # org/flywaydb/core/internal/configuration/models/FlywayModel$$Lambda$1128+0x000000080146e620
instanceKlass  @bci org/flywaydb/core/internal/configuration/models/FlywayModel merge (Lorg/flywaydb/core/internal/configuration/models/FlywayModel;)Lorg/flywaydb/core/internal/configuration/models/FlywayModel; 1063 <appendix> argL0 ; # org/flywaydb/core/internal/configuration/models/FlywayModel$$Lambda$1127+0x000000080146e408
instanceKlass org/flywaydb/core/internal/configuration/models/PropertyResolver
instanceKlass  @bci org/flywaydb/core/internal/configuration/models/FlywayModel merge (Lorg/flywaydb/core/internal/configuration/models/FlywayModel;)Lorg/flywaydb/core/internal/configuration/models/FlywayModel; 1043 <appendix> argL0 ; # org/flywaydb/core/internal/configuration/models/FlywayModel$$Lambda$1126+0x000000080146e000
instanceKlass org/flywaydb/core/internal/util/MergeUtils
instanceKlass org/flywaydb/core/internal/util/ClassUtils
instanceKlass java/util/stream/AbstractSpinedBuffer
instanceKlass  @bci org/flywaydb/core/internal/database/DatabaseTypeRegister getDatabaseTypesForUrl (Ljava/lang/String;Lorg/flywaydb/core/api/configuration/Configuration;)Ljava/util/List; 20 <appendix> member <vmtarget> ; # org/flywaydb/core/internal/database/DatabaseTypeRegister$$Lambda$1125+0x000000080146b938
instanceKlass  @bci org/flywaydb/core/internal/database/DatabaseTypeRegister getDatabaseTypesForUrl (Ljava/lang/String;Lorg/flywaydb/core/api/configuration/Configuration;)Ljava/util/List; 9 <appendix> member <vmtarget> ; # org/flywaydb/core/internal/database/DatabaseTypeRegister$$Lambda$1124+0x000000080146b6f8
instanceKlass java/util/AbstractList$RandomAccessSpliterator
instanceKlass  @bci java/util/stream/ReferencePipeline toArray ()[Ljava/lang/Object; 1 <appendix> argL0 ; # java/util/stream/ReferencePipeline$$Lambda$1123+0x00000008013ec5c8
instanceKlass java/util/ImmutableCollections$Access$1
instanceKlass jdk/internal/access/JavaUtilCollectionAccess
instanceKlass java/util/ImmutableCollections$Access
instanceKlass  @bci java/util/stream/SortedOps$RefSortingSink end ()V 48 <appendix> member <vmtarget> ; # java/util/stream/SortedOps$RefSortingSink$$Lambda$1122+0x00000008013ebdb0
instanceKlass  @cpi java/util/stream/SortedOps$RefSortingSink 135 form vmentry <vmtarget> ; # java/lang/invoke/LambdaForm$DMH+0x000000080146c000
instanceKlass  @bci org/flywaydb/core/internal/plugin/PluginRegister getInstancesOf (Ljava/lang/Class;)Ljava/util/List; 15 <appendix> member <vmtarget> ; # org/flywaydb/core/internal/plugin/PluginRegister$$Lambda$1121+0x000000080146b4b8
instanceKlass org/flywaydb/core/internal/database/DatabaseTypeRegister
instanceKlass org/flywaydb/core/internal/jdbc/DriverDataSource
instanceKlass org/flywaydb/core/internal/configuration/models/DataSourceModel
instanceKlass java/util/stream/SortedOps
instanceKlass  @bci org/flywaydb/core/internal/plugin/PluginRegister getInstanceOf (Ljava/lang/Class;)Lorg/flywaydb/core/extensibility/Plugin; 15 <appendix> member <vmtarget> ; # org/flywaydb/core/internal/plugin/PluginRegister$$Lambda$1120+0x000000080146ab08
instanceKlass org/flywaydb/core/api/callback/Callback
instanceKlass org/flywaydb/core/api/callback/GenericCallback
instanceKlass org/flywaydb/core/internal/callback/CallbackExecutor
instanceKlass org/flywaydb/core/internal/jdbc/ErrorOverrideInitializerStub
instanceKlass org/flywaydb/core/internal/jdbc/ErrorOverrideInitializer
instanceKlass org/flywaydb/core/internal/NullFlywayTelemetryManager
instanceKlass org/flywaydb/core/FlywayTelemetryManager
instanceKlass org/flywaydb/core/internal/scanner/filesystem/FilesystemLocationHandler
instanceKlass org/flywaydb/core/internal/scanner/ReadWriteLocationHandler
instanceKlass org/flywaydb/core/internal/scanner/classpath/ClasspathLocationHandlerImpl
instanceKlass org/flywaydb/core/internal/scanner/ClasspathLocationHandler
instanceKlass org/flywaydb/core/internal/scanner/ReadOnlyLocationHandler
instanceKlass org/flywaydb/core/internal/publishing/PublishingConfigurationExtension
instanceKlass org/flywaydb/core/internal/proprietaryStubs/OfflinePermitConfigurationExtensionStub
instanceKlass org/flywaydb/core/internal/proprietaryStubs/PATTokenConfigurationExtensionStub
instanceKlass org/flywaydb/core/internal/proprietaryStubs/PrepareCommandExtensionStub
instanceKlass org/flywaydb/core/internal/proprietaryStubs/GenerateCommandExtensionStub
instanceKlass org/flywaydb/core/internal/proprietaryStubs/DiffTextCommandExtensionStub
instanceKlass org/flywaydb/core/internal/proprietaryStubs/ModelCommandExtensionStub
instanceKlass org/flywaydb/core/internal/proprietaryStubs/DiffCommandExtensionStub
instanceKlass org/flywaydb/core/internal/proprietaryStubs/DeployCommandExtensionStub
instanceKlass org/flywaydb/core/internal/proprietaryStubs/AuthCommandExtensionStub
instanceKlass org/flywaydb/core/internal/proprietaryStubs/LicensingConfigurationExtensionStub
instanceKlass org/flywaydb/core/api/migration/baseline/BaselineResourceTypeProvider
instanceKlass org/flywaydb/core/api/executor/MigrationExecutor
instanceKlass org/flywaydb/core/api/migration/baseline/BaselineMigrationResolver
instanceKlass org/flywaydb/core/api/migration/baseline/BaselineMigrationConfigurationExtension
instanceKlass org/flywaydb/core/internal/proprietaryStubs/UndoCommandExtensionStub
instanceKlass org/flywaydb/core/internal/proprietaryStubs/CheckCommandExtensionStub
instanceKlass org/flywaydb/core/extensibility/CommandExtension
instanceKlass org/flywaydb/core/extensibility/PluginMetadata
instanceKlass org/flywaydb/core/internal/configuration/resolvers/PlaceholderPropertyResolver
instanceKlass org/flywaydb/core/internal/configuration/resolvers/EnvironmentProvisionerNone
instanceKlass org/flywaydb/core/internal/configuration/resolvers/EnvironmentProvisioner
instanceKlass org/flywaydb/core/internal/configuration/resolvers/EnvironmentVariableResolver
instanceKlass org/flywaydb/core/internal/configuration/resolvers/PropertyResolver
instanceKlass org/flywaydb/core/internal/command/clean/CleanModeConfigurationExtension
instanceKlass org/flywaydb/core/extensibility/ConfigurationExtension
instanceKlass org/flywaydb/core/internal/resource/CoreResourceTypeProvider
instanceKlass org/flywaydb/core/extensibility/ResourceTypeProvider
instanceKlass org/flywaydb/core/extensibility/MigrationType
instanceKlass org/flywaydb/core/api/MigrationVersion
instanceKlass org/flywaydb/core/internal/schemahistory/BaseAppliedMigration
instanceKlass org/flywaydb/core/extensibility/AppliedMigration
instanceKlass org/flywaydb/core/internal/parser/Parser
instanceKlass org/flywaydb/core/internal/database/base/Database
instanceKlass org/flywaydb/core/internal/database/DatabaseExecutionStrategy
instanceKlass org/flywaydb/core/internal/sqlscript/SqlScript
instanceKlass org/flywaydb/core/internal/sqlscript/SqlScriptExecutor
instanceKlass org/flywaydb/core/internal/jdbc/ExecutionTemplate
instanceKlass org/flywaydb/core/internal/database/base/BaseDatabaseType
instanceKlass org/flywaydb/core/internal/database/DatabaseType
instanceKlass org/flywaydb/core/internal/nc/NativeConnectorsSupport
instanceKlass org/flywaydb/core/internal/nc/NativeConnectorsModeUtils
instanceKlass org/flywaydb/core/internal/scanner/LocationScannerCache
instanceKlass org/flywaydb/core/internal/scanner/ResourceNameCache
instanceKlass org/flywaydb/core/internal/scanner/classpath/ResourceAndClassScanner
instanceKlass org/flywaydb/core/internal/scanner/ClasspathClassScanner
instanceKlass org/flywaydb/core/internal/plugin/PluginRegister
instanceKlass org/flywaydb/core/api/resolver/MigrationResolver
instanceKlass org/flywaydb/core/extensibility/Plugin
instanceKlass org/flywaydb/core/api/migration/JavaMigration
instanceKlass org/flywaydb/core/internal/configuration/models/EnvironmentModel
instanceKlass org/flywaydb/core/internal/util/StringUtils
instanceKlass org/flywaydb/core/internal/configuration/models/ConfigurationModel
instanceKlass org/flywaydb/core/internal/configuration/models/FlywayEnvironmentModel
instanceKlass org/flywaydb/core/ProgressLogger
instanceKlass javax/sql/DataSource
instanceKlass javax/sql/CommonDataSource
instanceKlass org/flywaydb/core/api/configuration/ClassicConfiguration
instanceKlass org/flywaydb/core/api/configuration/FluentConfiguration
instanceKlass org/flywaydb/core/internal/logging/EvolvingLog
instanceKlass org/flywaydb/core/internal/logging/buffered/BufferedLog
instanceKlass org/flywaydb/core/internal/logging/buffered/BufferedLogCreator
instanceKlass org/flywaydb/core/api/logging/LogCreator
instanceKlass org/flywaydb/core/api/logging/Log
instanceKlass org/flywaydb/core/api/logging/LogFactory
instanceKlass org/flywaydb/core/api/ErrorCode
instanceKlass org/flywaydb/core/api/callback/CallbackEvent
instanceKlass org/flywaydb/core/api/output/OperationResult
instanceKlass org/flywaydb/core/api/configuration/Configuration
instanceKlass org/flywaydb/core/Flyway
instanceKlass  @bci org/h2/mvstore/RandomAccessStore compactMoveChunks (IJLorg/h2/mvstore/MVStore;)V 12 <adapter> ; # java/lang/invoke/LambdaForm$MH+0x0000000801456800
# instanceKlass java/lang/invoke/LambdaForm$DMH+0x0000000801456400
instanceKlass  @bci org/h2/mvstore/RandomAccessStore compactMoveChunks (IJLorg/h2/mvstore/MVStore;)V 12 <appendix> form vmentry <vmtarget> ; # java/lang/invoke/LambdaForm$DMH+0x0000000801456000
instanceKlass  @bci org/h2/mvstore/RandomAccessStore compactMoveChunks (IJLorg/h2/mvstore/MVStore;)V 12 <appendix> member <vmtarget> ; # org/h2/mvstore/RandomAccessStore$$Lambda$1119+0x0000000801452f08
instanceKlass  @bci java/util/stream/StreamSpliterators$WrappingSpliterator initPartialTraversalState ()V 24 <bsm> form vmentry <vmtarget> ; # java/lang/invoke/LambdaForm$DMH+0x0000000801455c00
instanceKlass  @cpi org/h2/mvstore/RandomAccessStore 439 form vmentry <vmtarget> ; # java/lang/invoke/LambdaForm$DMH+0x0000000801455800
instanceKlass java/util/PriorityQueue$Itr
instanceKlass  @bci org/h2/mvstore/FileStore findOldChunks (II)Ljava/lang/Iterable; 41 <appendix> argL0 ; # org/h2/mvstore/FileStore$$Lambda$1118+0x0000000801452c88
instanceKlass  @bci org/h2/mvstore/FileStore compact (II)Z 25 <appendix> member <vmtarget> ; # org/h2/mvstore/FileStore$$Lambda$1117+0x0000000801452a78
instanceKlass  @bci org/h2/mvstore/FileStore serializeAndStore (ZLjava/util/ArrayList;JJ)V 157 <appendix> member <vmtarget> ; # org/h2/mvstore/FileStore$$Lambda$1116+0x0000000801452868
instanceKlass org/h2/mvstore/FileStore$PageSerializationManager
instanceKlass org/h2/mvstore/WriteBuffer
instanceKlass  @bci org/h2/mvstore/FileStore storeIt (Ljava/util/ArrayList;JZ)V 18 <adapter> ; # java/lang/invoke/LambdaForm$MH+0x0000000801455400
# instanceKlass java/lang/invoke/LambdaForm$DMH+0x0000000801455000
instanceKlass  @bci org/h2/mvstore/FileStore storeIt (Ljava/util/ArrayList;JZ)V 18 <appendix> form vmentry <vmtarget> ; # java/lang/invoke/LambdaForm$DMH+0x0000000801454c00
instanceKlass  @bci org/h2/mvstore/FileStore storeIt (Ljava/util/ArrayList;JZ)V 18 <appendix> member <vmtarget> ; # org/h2/mvstore/FileStore$$Lambda$1115+0x00000008014521b0
instanceKlass  @cpi org/h2/mvstore/FileStore 1135 form vmentry <vmtarget> ; # java/lang/invoke/LambdaForm$DMH+0x0000000801454800
instanceKlass  @bci org/h2/mvstore/MVStore commit ()J 1 <appendix> argL0 ; # org/h2/mvstore/MVStore$$Lambda$1114+0x0000000801451f78
instanceKlass  @bci org/h2/mvstore/db/LobStorageMap <init> (Lorg/h2/engine/Database;)V 81 <appendix> member <vmtarget> ; # org/h2/mvstore/db/LobStorageMap$$Lambda$1113+0x0000000801451750
instanceKlass  @cpi org/h2/mvstore/db/LobStorageMap 289 form vmentry <vmtarget> ; # java/lang/invoke/LambdaForm$DMH+0x0000000801454400
instanceKlass java/util/function/LongConsumer
instanceKlass  @bci org/h2/util/Utils createSingleThreadExecutor (Ljava/lang/String;Ljava/util/concurrent/BlockingQueue;)Ljava/util/concurrent/ThreadPoolExecutor; 12 <appendix> member <vmtarget> ; # org/h2/util/Utils$$Lambda$1112+0x0000000801451540
instanceKlass org/h2/engine/NullsDistinct$1
instanceKlass  @bci org/h2/mvstore/db/MVTable sortRows (Ljava/util/ArrayList;Lorg/h2/index/Index;)V 7 <appendix> member <vmtarget> ; # org/h2/mvstore/db/MVTable$$Lambda$1111+0x00000008014510c8
instanceKlass  @cpi org/flywaydb/core/internal/info/MigrationInfoImpl 413 form vmentry <vmtarget> ; # java/lang/invoke/LambdaForm$DMH+0x0000000801454000
instanceKlass org/h2/command/ddl/SequenceOptions
instanceKlass org/h2/mvstore/FileStore$RemovedPageInfo
instanceKlass  @bci org/h2/mvstore/MVStore openMetaMap ()Lorg/h2/mvstore/MVMap; 12 <appendix> member <vmtarget> ; # org/h2/mvstore/MVStore$$Lambda$1110+0x000000080144dc10
instanceKlass java/util/function/IntSupplier
instanceKlass org/h2/mvstore/FileStore$1
instanceKlass  @bci org/h2/mvstore/FileStore getChunksFromLayoutMap (Lorg/h2/mvstore/MVMap;)Ljava/lang/Iterable; 2 <appendix> member <vmtarget> ; # org/h2/mvstore/FileStore$$Lambda$1109+0x000000080144d790
instanceKlass org/h2/util/MemoryEstimator
instanceKlass  @bci org/h2/mvstore/RandomAccessStore readStoreHeader (Z)V 263 <appendix> argL0 ; # org/h2/mvstore/RandomAccessStore$$Lambda$1108+0x000000080144fcc8
instanceKlass sun/nio/ch/FileKey
instanceKlass sun/nio/ch/FileLockTable
instanceKlass java/nio/channels/FileLock
instanceKlass org/h2/mvstore/FreeSpaceBitSet
instanceKlass org/h2/mvstore/cache/CacheLongKeyLIRS$Entry
instanceKlass org/h2/mvstore/cache/CacheLongKeyLIRS$Segment
instanceKlass org/h2/mvstore/cache/CacheLongKeyLIRS
instanceKlass org/h2/mvstore/cache/CacheLongKeyLIRS$Config
instanceKlass java/util/concurrent/ConcurrentLinkedDeque$Node
instanceKlass  @bci org/h2/mvstore/db/Store <init> (Lorg/h2/engine/Database;[B)V 192 <appendix> member <vmtarget> ; # org/h2/mvstore/db/Store$$Lambda$1107+0x000000080144e4d0
instanceKlass org/h2/mvstore/Chunk
instanceKlass org/h2/mvstore/MVStoreTool
instanceKlass java/util/IdentityHashMap$IdentityHashMapIterator
instanceKlass java/lang/StackTraceElement$HashedModules
instanceKlass java/lang/Throwable$PrintStreamOrWriter
instanceKlass  @bci org/h2/store/fs/disk/FilePathDisk newDirectoryStream ()Ljava/util/List; 30 <appendix> argL0 ; # org/h2/store/fs/disk/FilePathDisk$$Lambda$1106+0x00000008014477f0
instanceKlass org/h2/api/ErrorCode
instanceKlass  @cpi org/h2/store/fs/disk/FilePathDisk 339 form vmentry <vmtarget> ; # java/lang/invoke/LambdaForm$DMH+0x000000080144cc00
instanceKlass  @bci org/h2/store/fs/disk/FilePathDisk newDirectoryStream ()Ljava/util/List; 25 <appendix> member <vmtarget> ; # org/h2/store/fs/disk/FilePathDisk$$Lambda$1105+0x00000008014473e0
instanceKlass  @bci org/h2/store/fs/disk/FilePathDisk newDirectoryStream ()Ljava/util/List; 19 <appendix> argL0 ; # org/h2/store/fs/disk/FilePathDisk$$Lambda$1104+0x00000008014471d8
instanceKlass  @bci java/nio/file/Files asUncheckedRunnable (Ljava/io/Closeable;)Ljava/lang/Runnable; 1 <appendix> member <vmtarget> ; # java/nio/file/Files$$Lambda$1103+0x00000008013e5940
instanceKlass java/nio/file/Files$2
instanceKlass  @bci org/flywaydb/core/internal/database/h2/H2Database determineVersion ()Lorg/flywaydb/core/api/MigrationVersion; 42 <appendix> form vmentry <vmtarget> ; # java/lang/invoke/LambdaForm$MH+0x000000080144c800
# instanceKlass java/lang/invoke/LambdaForm$MH+0x000000080144c400
instanceKlass org/h2/value/Transfer
instanceKlass  @bci org/flywaydb/core/internal/database/h2/H2Database determineVersion ()Lorg/flywaydb/core/api/MigrationVersion; 42 <appendix> argL3 form vmentry <vmtarget> ; # java/lang/invoke/LambdaForm$MH+0x000000080144c000
# instanceKlass java/lang/invoke/LambdaForm$MH+0x000000080144bc00
# instanceKlass java/lang/invoke/LambdaForm$MH+0x000000080144b800
# instanceKlass java/lang/invoke/LambdaForm$MH+0x000000080144b400
instanceKlass org/h2/util/SmallMap
# instanceKlass java/lang/invoke/LambdaForm$MH+0x000000080144b000
instanceKlass  @bci org/flywaydb/core/internal/jdbc/JdbcUtils getDatabaseProductName (Ljava/sql/DatabaseMetaData;)Ljava/lang/String; 34 <appendix> argL1 argL0 form vmentry <vmtarget> ; # java/lang/invoke/LambdaForm$MH+0x000000080144ac00
# instanceKlass java/lang/invoke/LambdaForm$MH+0x000000080144a800
# instanceKlass java/lang/invoke/LambdaForm$MH+0x000000080144a400
instanceKlass org/h2/server/TcpServerThread
# instanceKlass java/lang/invoke/LambdaForm$MH+0x000000080144a000
instanceKlass sun/nio/ch/ExtendedSocketOption$1
instanceKlass sun/nio/ch/ExtendedSocketOption
instanceKlass sun/nio/ch/OptionKey
instanceKlass sun/nio/ch/SocketOptionRegistry$LazyInitialization
instanceKlass sun/nio/ch/SocketOptionRegistry$RegistryKey
instanceKlass org/h2/util/Utils10
instanceKlass sun/nio/ch/SocketOptionRegistry
instanceKlass java/net/StandardSocketOptions$StdSocketOption
instanceKlass java/net/StandardSocketOptions
instanceKlass  @bci org/h2/server/TcpServer getURL ()Ljava/lang/String; 21 <appendix> form vmentry <vmtarget> ; # java/lang/invoke/LambdaForm$MH+0x0000000801449c00
# instanceKlass java/lang/invoke/LambdaForm$MH+0x0000000801449800
instanceKlass  @bci org/h2/server/TcpServer getURL ()Ljava/lang/String; 21 <appendix> form names 8 function resolvedHandle form vmentry <vmtarget> ; # java/lang/invoke/LambdaForm$DMH+0x0000000801449400
instanceKlass  @bci org/h2/server/TcpServer getURL ()Ljava/lang/String; 21 <appendix> argL3 form vmentry <vmtarget> ; # java/lang/invoke/LambdaForm$MH+0x0000000801449000
# instanceKlass java/lang/invoke/LambdaForm$MH+0x0000000801448c00
# instanceKlass java/lang/invoke/LambdaForm$MH+0x0000000801448800
# instanceKlass java/lang/invoke/LambdaForm$MH+0x0000000801448400
# instanceKlass java/lang/invoke/LambdaForm$MH+0x0000000801448000
instanceKlass  @bci org/h2/server/TcpServer getURL ()Ljava/lang/String; 21 <appendix> form names 12 function resolvedHandle form vmentry <vmtarget> ; # java/lang/invoke/LambdaForm$DMH+0x0000000801445c00
instanceKlass  @bci org/h2/server/TcpServer getURL ()Ljava/lang/String; 21 <appendix> argL1 form vmentry <vmtarget> ; # java/lang/invoke/LambdaForm$MH+0x0000000801445800
# instanceKlass java/lang/invoke/LambdaForm$MH+0x0000000801445400
# instanceKlass java/lang/invoke/LambdaForm$MH+0x0000000801445000
# instanceKlass java/lang/invoke/LambdaForm$MH+0x0000000801444c00
instanceKlass org/h2/table/PlanItem
instanceKlass org/h2/command/query/AllColumnsForPlan
instanceKlass org/h2/index/IndexCondition
instanceKlass org/h2/index/IndexCursor
instanceKlass  @bci org/h2/table/TableFilter <clinit> ()V 27 <appendix> argL0 ; # org/h2/table/TableFilter$$Lambda$1102+0x0000000801443290
instanceKlass  @cpi org/h2/table/TableFilter 680 form vmentry <vmtarget> ; # java/lang/invoke/LambdaForm$DMH+0x0000000801444800
instanceKlass  @bci java/util/Comparator comparing (Ljava/util/function/Function;)Ljava/util/Comparator; 6 <appendix> member <vmtarget> ; # java/util/Comparator$$Lambda$1101+0x00000008013e33b8
instanceKlass  @cpi org/flywaydb/core/internal/callback/DefaultCallbackExecutor 363 form vmentry <vmtarget> ; # java/lang/invoke/LambdaForm$DMH+0x0000000801444400
instanceKlass  @bci org/h2/table/TableFilter <clinit> ()V 16 <appendix> argL0 ; # org/h2/table/TableFilter$$Lambda$1100+0x0000000801443068
instanceKlass  @cpi org/h2/table/TableFilter 674 form vmentry <vmtarget> ; # java/lang/invoke/LambdaForm$DMH+0x0000000801444000
instanceKlass org/h2/table/TableFilter$TableFilterVisitor
instanceKlass org/h2/table/TableFilter
instanceKlass java/sql/ParameterMetaData
instanceKlass java/sql/ResultSetMetaData
instanceKlass org/h2/expression/ExpressionVisitor
instanceKlass org/h2/result/SortOrder
instanceKlass org/h2/command/Parser$1
instanceKlass java/util/ComparableTimSort
instanceKlass org/h2/schema/FunctionAlias$JavaMethod
instanceKlass java/io/ObjectStreamConstants
instanceKlass java/io/ObjectInput
instanceKlass org/h2/util/JdbcUtils
instanceKlass org/h2/engine/SessionLocal$1
instanceKlass org/h2/engine/SessionLocal$Savepoint
instanceKlass org/h2/result/ResultWithGeneratedKeys
instanceKlass org/h2/expression/function/BuiltinFunctions
instanceKlass org/h2/expression/aggregate/AggregateData
instanceKlass org/h2/command/Token
instanceKlass org/h2/command/Tokenizer
instanceKlass org/h2/expression/function/table/TableFunction
instanceKlass org/h2/command/Command
instanceKlass org/h2/expression/ExpressionWithFlags
instanceKlass org/h2/expression/ParameterInterface
instanceKlass org/h2/expression/ExpressionWithVariableParameters
instanceKlass org/h2/command/dml/MergeUsing$When
instanceKlass org/h2/result/ResultTarget
instanceKlass org/h2/expression/function/NamedExpression
instanceKlass org/h2/command/ParserBase
instanceKlass java/sql/ResultSet
instanceKlass org/h2/result/ResultInterface
instanceKlass org/h2/util/ParserUtil
instanceKlass org/h2/mvstore/StreamStore
instanceKlass org/h2/mvstore/db/LobStorageMap$BlobReference
instanceKlass org/h2/mvstore/db/NullValueDataType
instanceKlass org/h2/mvstore/db/LobStorageMap$BlobMeta
instanceKlass org/h2/mvstore/db/LobStorageMap
instanceKlass org/h2/index/SingleRowCursor
instanceKlass  @bci org/h2/engine/MetaRecord <clinit> ()V 0 <appendix> argL0 ; # org/h2/engine/MetaRecord$$Lambda$1099+0x0000000801409648
instanceKlass  @cpi org/h2/engine/MetaRecord 135 form vmentry <vmtarget> ; # java/lang/invoke/LambdaForm$DMH+0x000000080140c000
instanceKlass org/h2/command/Prepared
instanceKlass org/h2/engine/MetaRecord
instanceKlass  @bci org/h2/mvstore/tx/TransactionMap createSnapshot ()Lorg/h2/mvstore/tx/Snapshot; 1 <appendix> argL0 ; # org/h2/mvstore/tx/TransactionMap$$Lambda$1098+0x00000008014081f8
instanceKlass org/h2/mvstore/tx/Snapshot
instanceKlass org/h2/mvstore/tx/TransactionMap$2
instanceKlass org/h2/mvstore/db/MVPrimaryIndex$MVStoreCursor
instanceKlass  @bci org/h2/mvstore/tx/TransactionMap <init> (Lorg/h2/mvstore/tx/Transaction;Lorg/h2/mvstore/MVMap;)V 41 <appendix> member <vmtarget> ; # org/h2/mvstore/tx/TransactionMap$$Lambda$1097+0x0000000801407488
instanceKlass org/h2/mvstore/tx/TransactionMap$TMIterator
instanceKlass org/h2/mvstore/tx/VersionedValueType$Factory
instanceKlass org/h2/mvstore/tx/Record
instanceKlass org/h2/mvstore/tx/Transaction
instanceKlass org/h2/index/IndexType
instanceKlass org/h2/table/IndexColumn
instanceKlass org/h2/index/Cursor
instanceKlass org/h2/index/SpatialIndex
instanceKlass org/h2/expression/Expression
instanceKlass org/h2/table/ColumnResolver
instanceKlass org/h2/value/ExtTypeInfo
instanceKlass org/h2/table/Column
instanceKlass org/h2/command/ddl/CreateTableData
instanceKlass  @bci org/h2/engine/Database <init> (Lorg/h2/engine/ConnectionInfo;Ljava/lang/String;)V 1332 <appendix> argL0 ; # org/h2/engine/Database$$Lambda$1096+0x00000008013dea78
instanceKlass org/h2/mvstore/Cursor
instanceKlass java/time/zone/ZoneOffsetTransitionRule$1
instanceKlass java/time/LocalDate$1
instanceKlass  @bci java/time/temporal/TemporalAdjusters nextOrSame (Ljava/time/DayOfWeek;)Ljava/time/temporal/TemporalAdjuster; 6 <appendix> member <vmtarget> ; # java/time/temporal/TemporalAdjusters$$Lambda$1095+0x00000008013e27a0
instanceKlass java/time/temporal/TemporalAdjusters
instanceKlass org/h2/util/TimeZoneProvider
instanceKlass org/h2/util/DateTimeUtils
instanceKlass org/h2/table/ColumnTemplate
instanceKlass org/h2/mvstore/MVMap$4
instanceKlass org/h2/mvstore/CursorPos
instanceKlass org/h2/mvstore/MVMap$IntValueHolder
instanceKlass org/h2/mvstore/MVMap$BasicBuilder
instanceKlass  @bci org/h2/mvstore/tx/TransactionStore <clinit> ()V 16 <appendix> argL0 ; # org/h2/mvstore/tx/TransactionStore$$Lambda$1094+0x00000008013d7458
instanceKlass  @cpi org/h2/mvstore/tx/TransactionStore 521 form vmentry <vmtarget> ; # java/lang/invoke/LambdaForm$DMH+0x00000008013d1400
instanceKlass org/h2/mvstore/tx/TransactionStore
instanceKlass java/util/LinkedList$Node
instanceKlass org/h2/mvstore/RootReference
instanceKlass org/h2/mvstore/Page$PageReference
instanceKlass java/util/concurrent/atomic/AtomicLongFieldUpdater$CASUpdater$1
instanceKlass java/util/concurrent/atomic/AtomicLongFieldUpdater
instanceKlass org/h2/mvstore/Page
instanceKlass org/h2/mvstore/MVMap$DecisionMaker
instanceKlass org/h2/mvstore/DataUtils
instanceKlass org/h2/mvstore/MVStore$TxCounter
instanceKlass org/h2/mvstore/MVMap$MapBuilder
instanceKlass org/h2/mvstore/FileStore
instanceKlass org/h2/mvstore/MVStore
instanceKlass org/h2/mvstore/MVStore$Builder
instanceKlass org/h2/mvstore/db/Store
instanceKlass  @bci org/flywaydb/core/FlywayExecutor execute (Lorg/flywaydb/core/FlywayExecutor$Command;ZLorg/flywaydb/core/FlywayTelemetryManager;Lorg/flywaydb/core/internal/jdbc/JdbcConnectionFactory;)Ljava/lang/Object; 282 <appendix> form vmentry <vmtarget> ; # java/lang/invoke/LambdaForm$MH+0x00000008013d1000
instanceKlass  @bci org/flywaydb/core/FlywayExecutor execute (Lorg/flywaydb/core/FlywayExecutor$Command;ZLorg/flywaydb/core/FlywayTelemetryManager;Lorg/flywaydb/core/internal/jdbc/JdbcConnectionFactory;)Ljava/lang/Object; 282 <appendix> argL3 form vmentry <vmtarget> ; # java/lang/invoke/LambdaForm$MH+0x00000008013d0c00
# instanceKlass java/lang/invoke/LambdaForm$MH+0x00000008013d0800
# instanceKlass java/lang/invoke/LambdaForm$MH+0x00000008013d0400
# instanceKlass java/lang/invoke/LambdaForm$MH+0x00000008013d0000
instanceKlass java/net/ServerSocket
instanceKlass org/h2/server/TcpServer
instanceKlass org/h2/server/Service
instanceKlass org/h2/util/Tool
instanceKlass org/h2/server/ShutdownHandler
instanceKlass  @bci java/util/Map$Entry comparingByKey ()Ljava/util/Comparator; 0 <appendix> argL0 ; # java/util/Map$Entry$$Lambda$1093+0x00000008013e0000
instanceKlass sun/util/cldr/CLDRBaseLocaleDataMetaInfo$TZCanonicalIDMapHolder
instanceKlass sun/util/resources/provider/NonBaseLocaleDataMetaInfo
instanceKlass  @bci sun/util/locale/provider/JRELocaleProviderAdapter createSupportedLocaleString (Ljava/lang/String;)Ljava/lang/String; 6 <appendix> member <vmtarget> ; # sun/util/locale/provider/JRELocaleProviderAdapter$$Lambda$1092+0x00000008011fed90
instanceKlass sun/util/locale/provider/BaseLocaleDataMetaInfo
instanceKlass  @bci sun/util/locale/provider/JRELocaleProviderAdapter getTimeZoneNameProvider ()Ljava/util/spi/TimeZoneNameProvider; 8 <appendix> member <vmtarget> ; # sun/util/locale/provider/JRELocaleProviderAdapter$$Lambda$1091+0x00000008011fe940
instanceKlass  @bci sun/util/cldr/CLDRLocaleProviderAdapter getTimeZoneNameProvider ()Ljava/util/spi/TimeZoneNameProvider; 8 <appendix> member <vmtarget> ; # sun/util/cldr/CLDRLocaleProviderAdapter$$Lambda$1090+0x00000008011fe2e0
instanceKlass sun/util/locale/provider/TimeZoneNameUtility$TimeZoneNameGetter
instanceKlass sun/util/locale/provider/TimeZoneNameUtility
instanceKlass sun/nio/cs/Surrogate
instanceKlass sun/nio/cs/Surrogate$Parser
instanceKlass java/util/RegularEnumSet$EnumSetIterator
instanceKlass  @bci org/h2/util/MathUtils getSecureRandom ()Ljava/security/SecureRandom; 18 <appendix> argL0 ; # org/h2/util/MathUtils$$Lambda$1089+0x00000008013ce978
instanceKlass  @bci java/util/stream/Collectors joining (Ljava/lang/CharSequence;Ljava/lang/CharSequence;Ljava/lang/CharSequence;)Ljava/util/stream/Collector; 22 <appendix> argL0 ; # java/util/stream/Collectors$$Lambda$28+0x800000043
instanceKlass  @bci java/util/stream/Collectors joining (Ljava/lang/CharSequence;Ljava/lang/CharSequence;Ljava/lang/CharSequence;)Ljava/util/stream/Collector; 17 <appendix> argL0 ; # java/util/stream/Collectors$$Lambda$26+0x800000041
instanceKlass  @bci java/util/stream/Collectors joining (Ljava/lang/CharSequence;Ljava/lang/CharSequence;Ljava/lang/CharSequence;)Ljava/util/stream/Collector; 12 <appendix> argL0 ; # java/util/stream/Collectors$$Lambda$23+0x80000003e
instanceKlass  @bci java/util/stream/Collectors joining (Ljava/lang/CharSequence;Ljava/lang/CharSequence;Ljava/lang/CharSequence;)Ljava/util/stream/Collector; 7 <appendix> member <vmtarget> ; # java/util/stream/Collectors$$Lambda$31+0x800000046
instanceKlass  @bci java/lang/Class methodToString (Ljava/lang/String;[Ljava/lang/Class;)Ljava/lang/String; 42 <appendix> argL0 ; # java/lang/Class$$Lambda$1084+0x00000008011fd3f0
instanceKlass org/h2/store/FileLock$1
instanceKlass sun/net/util/SocketExceptions
instanceKlass sun/net/NetHooks
instanceKlass sun/net/spi/DefaultProxySelector$3
instanceKlass sun/net/spi/DefaultProxySelector$NonProxyInfo
instanceKlass sun/net/NetProperties$1
instanceKlass sun/net/NetProperties
instanceKlass sun/net/spi/DefaultProxySelector$1
instanceKlass java/net/Proxy
instanceKlass java/net/ProxySelector
instanceKlass java/net/SocksSocketImpl$3
instanceKlass java/net/InetSocketAddress$InetSocketAddressHolder
instanceKlass  @bci sun/nio/ch/NioSocketImpl closerFor (Ljava/io/FileDescriptor;Z)Ljava/lang/Runnable; 5 <appendix> member <vmtarget> ; # sun/nio/ch/NioSocketImpl$$Lambda$1083+0x00000008011faaa8
instanceKlass jdk/net/ExtendedSocketOptions$PlatformSocketOptions$1
instanceKlass jdk/net/ExtendedSocketOptions$PlatformSocketOptions
instanceKlass jdk/net/ExtendedSocketOptions$ExtSocketOption
instanceKlass java/net/SocketOption
instanceKlass jdk/net/ExtendedSocketOptions
instanceKlass sun/net/ext/ExtendedSocketOptions
instanceKlass sun/nio/ch/Net$1
instanceKlass java/net/ProtocolFamily
instanceKlass sun/nio/ch/Net
instanceKlass java/net/SocksConsts
instanceKlass sun/net/PlatformSocketImpl
instanceKlass java/net/SocketImpl
instanceKlass java/net/SocketOptions
instanceKlass java/net/Socket
instanceKlass java/net/InetAddress$CachedAddresses
instanceKlass sun/net/InetAddressCachePolicy$2
instanceKlass sun/net/InetAddressCachePolicy$1
instanceKlass sun/net/InetAddressCachePolicy
instanceKlass  @bci java/net/InetAddress getAddressesFromNameService (Ljava/lang/String;)[Ljava/net/InetAddress; 94 <appendix> argL0 ; # java/net/InetAddress$$Lambda$1082+0x00000008011f6978
instanceKlass  @bci java/net/InetAddress loadResolver ()Ljava/net/spi/InetAddressResolver; 8 <appendix> argL0 ; # java/net/InetAddress$$Lambda$1081+0x00000008011f6750
instanceKlass java/net/spi/InetAddressResolverProvider
instanceKlass java/net/InetAddress$NameServiceAddresses
instanceKlass java/net/InetAddress$Addresses
instanceKlass java/util/concurrent/ConcurrentSkipListMap$Iter
instanceKlass org/h2/util/NetUtils
instanceKlass org/h2/store/FileLock
instanceKlass org/h2/message/Trace
instanceKlass org/h2/message/TraceSystem
instanceKlass org/h2/message/TraceWriter
instanceKlass org/h2/mvstore/db/ValueDataType$Factory
instanceKlass org/h2/value/lob/LobData
instanceKlass org/h2/mvstore/db/RowDataType$Factory
instanceKlass org/h2/mvstore/type/StatefulDataType$Factory
instanceKlass org/h2/mvstore/type/BasicDataType
instanceKlass org/h2/mvstore/type/DataType
instanceKlass org/h2/mvstore/type/StatefulDataType
instanceKlass org/h2/result/RowFactory$Holder
instanceKlass org/h2/result/RowFactory
instanceKlass org/h2/util/TempFileDeleter
instanceKlass org/h2/api/IntervalQualifier$1
instanceKlass org/h2/value/DataType
instanceKlass org/h2/engine/Mode
instanceKlass org/h2/engine/DbObject
instanceKlass org/h2/engine/Database
instanceKlass java/nio/file/FileStore
instanceKlass sun/nio/fs/WindowsSecurity
instanceKlass sun/nio/fs/AbstractAclFileAttributeView
instanceKlass java/nio/file/attribute/AclFileAttributeView
instanceKlass java/nio/file/attribute/FileOwnerAttributeView
instanceKlass sun/nio/fs/WindowsFileSystemProvider$1
instanceKlass  @bci org/h2/engine/Engine openSession (Lorg/h2/engine/ConnectionInfo;ZZLjava/lang/String;)Lorg/h2/engine/SessionLocal; 48 <appendix> argL0 ; # org/h2/engine/Engine$$Lambda$1080+0x00000008013bdfe8
instanceKlass org/h2/engine/Engine$DatabaseHolder
instanceKlass org/h2/compress/CompressLZF
instanceKlass org/h2/compress/Compressor
instanceKlass org/h2/store/fs/mem/FileMemData
instanceKlass org/h2/store/fs/FilePath
instanceKlass org/h2/store/fs/FileUtils
instanceKlass org/h2/engine/Engine
instanceKlass java/text/Collator
instanceKlass org/h2/value/CompareMode
instanceKlass org/h2/jdbc/meta/DatabaseMeta
instanceKlass org/h2/store/LobStorageInterface
instanceKlass org/h2/command/CommandInterface
instanceKlass org/h2/mvstore/tx/TransactionStore$RollbackListener
instanceKlass org/h2/engine/Session
instanceKlass org/h2/store/DataHandler
instanceKlass org/h2/security/SHA256
instanceKlass org/h2/engine/SettingsBase
instanceKlass org/h2/util/MathUtils
instanceKlass org/h2/engine/SysProperties
instanceKlass org/h2/command/dml/SetTypes
instanceKlass org/h2/engine/ConnectionInfo
instanceKlass org/h2/util/StringUtils
instanceKlass org/h2/util/IOUtils
instanceKlass org/h2/util/Utils
instanceKlass java/sql/CallableStatement
instanceKlass java/sql/PreparedStatement
instanceKlass java/sql/Statement
instanceKlass java/sql/NClob
instanceKlass java/sql/Clob
instanceKlass java/sql/Blob
instanceKlass java/sql/Array
instanceKlass java/sql/DatabaseMetaData
instanceKlass java/sql/Savepoint
instanceKlass java/sql/SQLXML
instanceKlass org/h2/value/VersionedValue
instanceKlass org/h2/value/Typed
instanceKlass org/h2/util/HasSQL
instanceKlass org/h2/message/TraceObject
instanceKlass org/h2/engine/CastDataProvider
instanceKlass java/sql/DriverInfo
instanceKlass org/h2/Driver
instanceKlass jdk/internal/foreign/MemorySessionImpl
instanceKlass java/lang/foreign/MemorySession
instanceKlass java/lang/foreign/SegmentAllocator
instanceKlass java/sql/Driver
instanceKlass java/sql/DriverManager$2
instanceKlass java/sql/DriverManager$1
instanceKlass java/sql/DriverManager
instanceKlass scala/meta/internal/metals/Tables$ConnectionState$InProgress$
instanceKlass scala/meta/internal/metals/JdbcEnrichments$
instanceKlass  @bci scala/meta/internal/metals/BuildTargets inverseSources (Lscala/meta/io/AbsolutePath;)Lscala/Option; 40 <appendix> member <vmtarget> ; # scala/meta/internal/metals/BuildTargets$$Lambda$1079+0x00000008013aa878
instanceKlass  @bci scala/meta/internal/metals/BuildTargets sbtBuildScalaTarget (Lscala/meta/io/AbsolutePath;)Lscala/Option; 67 <appendix> argL0 ; # scala/meta/internal/metals/BuildTargets$$Lambda$1078+0x00000008013aa4c8
instanceKlass  @bci scala/meta/internal/metals/BuildTargets sbtBuildScalaTarget (Lscala/meta/io/AbsolutePath;)Lscala/Option; 57 <appendix> member <vmtarget> ; # scala/meta/internal/metals/BuildTargets$$Lambda$1077+0x00000008013a9768
instanceKlass  @bci scala/meta/internal/metals/BuildTargets sbtBuildScalaTarget (Lscala/meta/io/AbsolutePath;)Lscala/Option; 47 <appendix> argL0 ; # scala/meta/internal/metals/BuildTargets$$Lambda$1076+0x00000008013a93b8
instanceKlass scala/meta/internal/mtags/CommonMtagsEnrichments$XtensionNIOPath
instanceKlass  @bci scala/meta/internal/metals/BuildTargets inverseSources (Lscala/meta/io/AbsolutePath;)Lscala/Option; 9 <appendix> member <vmtarget> ; # scala/meta/internal/metals/BuildTargets$$Lambda$1075+0x00000008013a8ed8
instanceKlass  @bci scala/meta/internal/metals/TargetData sourceBuildTargets (Lscala/meta/io/AbsolutePath;)Lscala/Option; 47 <appendix> argL0 ; # scala/meta/internal/metals/TargetData$$Lambda$1074+0x00000008013a8b28
instanceKlass  @bci scala/collection/IterableOnceOps maxByOption (Lscala/Function1;Lscala/math/Ordering;)Lscala/Option; 51 <appendix> argL0 ; # scala/collection/IterableOnceOps$$Lambda$1073+0x00000008013a8598
instanceKlass  @bci scala/collection/IterableOnceOps maxByOption (Lscala/Function1;Lscala/math/Ordering;)Lscala/Option; 43 <appendix> member <vmtarget> ; # scala/collection/IterableOnceOps$$Lambda$1072+0x00000008013a8000
instanceKlass  @bci scala/meta/internal/metals/TargetData sourceBuildTargets (Lscala/meta/io/AbsolutePath;)Lscala/Option; 34 <appendix> argL0 ; # scala/meta/internal/metals/TargetData$$Lambda$1071+0x00000008013a1bb8
instanceKlass scala/collection/concurrent/TrieMapIterator$
instanceKlass scala/collection/concurrent/RDCSS_Descriptor
instanceKlass  @bci scala/meta/internal/metals/BuildTargets$DataSeq fromOptions (Lscala/Function1;)Lscala/Option; 10 <appendix> argL0 ; # scala/meta/internal/metals/BuildTargets$DataSeq$$Lambda$1070+0x00000008013a2770
instanceKlass  @bci scala/meta/internal/metals/BuildTargets$DataSeq fromOptions (Lscala/Function1;)Lscala/Option; 2 <appendix> member <vmtarget> ; # scala/meta/internal/metals/BuildTargets$DataSeq$$Lambda$1069+0x00000008013a23b8
instanceKlass  @bci scala/meta/internal/metals/BuildTargets sourceBuildTargets (Lscala/meta/io/AbsolutePath;)Lscala/Option; 5 <appendix> member <vmtarget> ; # scala/meta/internal/metals/BuildTargets$$Lambda$1068+0x00000008013a2000
instanceKlass  @bci scala/meta/internal/metals/WorkspaceLspService getServiceFor (Lscala/meta/io/AbsolutePath;)Lscala/meta/internal/metals/MetalsLspService; 6 <appendix> member <vmtarget> ; # scala/meta/internal/metals/WorkspaceLspService$$Lambda$1067+0x00000008013a7d48
instanceKlass  @bci scala/meta/internal/metals/WorkspaceLspService getServiceForOpt (Lscala/meta/io/AbsolutePath;)Lscala/Option; 11 <appendix> member <vmtarget> ; # scala/meta/internal/metals/WorkspaceLspService$$Lambda$1066+0x00000008013a7aa0
instanceKlass  @bci scala/meta/internal/metals/WorkspaceLspService getFolderForOpt (Lscala/meta/io/AbsolutePath;Lscala/collection/immutable/List;)Lscala/Option; 29 <appendix> argL0 ; # scala/meta/internal/metals/WorkspaceLspService$$Lambda$1065+0x00000008013a76f0
instanceKlass  @bci scala/meta/internal/metals/WorkspaceLspService getFolderForOpt (Lscala/meta/io/AbsolutePath;Lscala/collection/immutable/List;)Lscala/Option; 10 <appendix> argL0 ; # scala/meta/internal/metals/WorkspaceLspService$$Lambda$1064+0x00000008013a7340
instanceKlass  @bci scala/meta/internal/metals/WorkspaceLspService getFolderForOpt (Lscala/meta/io/AbsolutePath;Lscala/collection/immutable/List;)Lscala/Option; 2 <appendix> member <vmtarget> ; # scala/meta/internal/metals/WorkspaceLspService$$Lambda$1063+0x00000008013a6f88
instanceKlass  @bci scala/meta/internal/metals/WorkspaceLspService setFocusedDocument (Lscala/Option;)V 11 <appendix> member <vmtarget> ; # scala/meta/internal/metals/WorkspaceLspService$$Lambda$1062+0x00000008013a6bd0
instanceKlass  @bci scala/meta/internal/metals/WorkspaceLspService didOpen (Lorg/eclipse/lsp4j/DidOpenTextDocumentParams;)Ljava/util/concurrent/CompletableFuture; 11 <appendix> member <vmtarget> ; # scala/meta/internal/metals/WorkspaceLspService$$Lambda$1061+0x00000008013a6818
instanceKlass org/eclipse/lsp4j/TextDocumentItem
instanceKlass  @bci scala/meta/internal/metals/WorkspaceLspService initialized ()Lscala/concurrent/Future; 44 <appendix> member <vmtarget> ; # scala/meta/internal/metals/WorkspaceLspService$$Lambda$1060+0x00000008013a5db8
instanceKlass  @bci scala/meta/internal/metals/UserConfigurationSync initSyncUserConfiguration (Lscala/collection/immutable/List;)Lscala/concurrent/Future; 10 <appendix> argL0 ; # scala/meta/internal/metals/UserConfigurationSync$$Lambda$1059+0x00000008013a5b18
instanceKlass  @bci scala/meta/internal/metals/UserConfigurationSync $anonfun$optSyncUserConfiguration$1 (Lscala/meta/internal/metals/UserConfigurationSync;Lscala/collection/immutable/List;Lscala/Function1;)Lscala/concurrent/Future; 53 <appendix> member <vmtarget> ; # scala/meta/internal/metals/UserConfigurationSync$$Lambda$1058+0x00000008013a5760
instanceKlass scala/meta/internal/metals/MetalsEnrichments$XtensionJavaFuture
instanceKlass org/eclipse/lsp4j/jsonrpc/RemoteEndpoint$PendingRequestInfo
instanceKlass  @bci org/eclipse/lsp4j/jsonrpc/RemoteEndpoint request (Ljava/lang/String;Ljava/lang/Object;)Lorg/eclipse/lsp4j/jsonrpc/JsonRpcRequestFuture; 13 <appendix> member <vmtarget> ; # org/eclipse/lsp4j/jsonrpc/RemoteEndpoint$$Lambda$1057+0x00000008013a5158
instanceKlass  @bci scala/meta/internal/metals/UserConfigurationSync $anonfun$optSyncUserConfiguration$1 (Lscala/meta/internal/metals/UserConfigurationSync;Lscala/collection/immutable/List;Lscala/Function1;)Lscala/concurrent/Future; 2 <appendix> member <vmtarget> ; # scala/meta/internal/metals/UserConfigurationSync$$Lambda$1056+0x00000008013a4da0
instanceKlass org/eclipse/lsp4j/ConfigurationItem
instanceKlass  @bci scala/meta/internal/metals/WorkDoneProgress updateTimers ()V 17 <appendix> member <vmtarget> ; # scala/meta/internal/metals/WorkDoneProgress$$Lambda$1055+0x00000008013a47d0
instanceKlass  @bci scala/meta/internal/metals/StatusBar garbageCollect ()V 4 <appendix> argL0 ; # scala/meta/internal/metals/StatusBar$$Lambda$1054+0x00000008013a4598
instanceKlass  @bci scala/meta/internal/metals/UserConfigurationSync optSyncUserConfiguration (Lscala/collection/immutable/List;Lscala/Function1;)Lscala/Option; 10 <appendix> member <vmtarget> ; # scala/meta/internal/metals/UserConfigurationSync$$Lambda$1053+0x00000008013a42f0
instanceKlass scala/meta/internal/metals/StatusBar$Message
instanceKlass  @bci scala/meta/internal/metals/UserConfigurationSync initSyncUserConfiguration (Lscala/collection/immutable/List;)Lscala/concurrent/Future; 2 <appendix> argL0 ; # scala/meta/internal/metals/UserConfigurationSync$$Lambda$1052+0x000000080139fb60
instanceKlass  @bci scala/meta/internal/metals/WorkDoneProgress start (Ljava/util/concurrent/ScheduledExecutorService;JJLjava/util/concurrent/TimeUnit;)V 7 <appendix> member <vmtarget> ; # scala/meta/internal/metals/WorkDoneProgress$$Lambda$1051+0x000000080139f950
instanceKlass  @bci scala/meta/internal/metals/StatusBar start (Ljava/util/concurrent/ScheduledExecutorService;JJLjava/util/concurrent/TimeUnit;)V 7 <appendix> member <vmtarget> ; # scala/meta/internal/metals/StatusBar$$Lambda$1050+0x000000080139f740
instanceKlass java/util/concurrent/TimeUnit$1
instanceKlass  @bci scala/meta/internal/metals/MemoryMonitor start ()V 42 <appendix> argL0 ; # scala/meta/internal/metals/MemoryMonitor$$Lambda$1049+0x000000080139f4a0
instanceKlass  @bci scala/meta/internal/metals/MemoryMonitor start ()V 5 <appendix> member <vmtarget> ; # scala/meta/internal/metals/MemoryMonitor$$Lambda$1048+0x000000080139f290
instanceKlass  @bci java/util/stream/Collectors toList ()Ljava/util/stream/Collector; 14 <appendix> argL0 ; # java/util/stream/Collectors$$Lambda$1047+0x00000008011f0cc0
instanceKlass  @bci java/util/stream/Collectors toList ()Ljava/util/stream/Collector; 9 <appendix> argL0 ; # java/util/stream/Collectors$$Lambda$1046+0x00000008011f0aa8
instanceKlass  @bci java/util/stream/Collectors toList ()Ljava/util/stream/Collector; 4 <appendix> argL0 ; # java/util/stream/Collectors$$Lambda$1045+0x00000008011f08a0
instanceKlass  @bci sun/management/spi/PlatformMBeanProvider$PlatformComponent getMBeans (Ljava/lang/Class;)Ljava/util/List; 63 <appendix> member <vmtarget> ; # sun/management/spi/PlatformMBeanProvider$PlatformComponent$$Lambda$1044+0x00000008011f0670
instanceKlass  @bci sun/management/spi/PlatformMBeanProvider$PlatformComponent getMBeans (Ljava/lang/Class;)Ljava/util/List; 47 <appendix> member <vmtarget> ; # sun/management/spi/PlatformMBeanProvider$PlatformComponent$$Lambda$1043+0x00000008011f0430
instanceKlass java/util/Collections$2
instanceKlass java/util/stream/ReduceOps$2ReducingSink
instanceKlass  @bci java/lang/management/ManagementFactory$PlatformMBeanFinder findSingleton (Ljava/lang/Class;)Lsun/management/spi/PlatformMBeanProvider$PlatformComponent; 30 <appendix> member <vmtarget> ; # java/lang/management/ManagementFactory$PlatformMBeanFinder$$Lambda$1042+0x00000008011ef700
instanceKlass  @bci java/lang/management/ManagementFactory$PlatformMBeanFinder findSingleton (Ljava/lang/Class;)Lsun/management/spi/PlatformMBeanProvider$PlatformComponent; 19 <appendix> member <vmtarget> ; # java/lang/management/ManagementFactory$PlatformMBeanFinder$$Lambda$1041+0x00000008011ef4c0
instanceKlass java/util/HashMap$HashMapSpliterator
instanceKlass jdk/management/jfr/internal/FlightRecorderMXBeanProvider$SingleMBeanComponent
instanceKlass jdk/management/jfr/FlightRecorderMXBean
instanceKlass java/lang/management/DefaultPlatformMBeanProvider$11
instanceKlass java/lang/management/DefaultPlatformMBeanProvider$10
instanceKlass java/lang/management/DefaultPlatformMBeanProvider$9
instanceKlass sun/management/ManagementFactoryHelper$LoggingMXBeanAccess$1
instanceKlass sun/management/ManagementFactoryHelper$LoggingMXBeanAccess
instanceKlass java/lang/management/DefaultPlatformMBeanProvider$8
instanceKlass java/lang/management/DefaultPlatformMBeanProvider$7
instanceKlass java/lang/management/DefaultPlatformMBeanProvider$6
instanceKlass java/lang/management/DefaultPlatformMBeanProvider$5
instanceKlass java/lang/management/DefaultPlatformMBeanProvider$4
instanceKlass java/lang/management/DefaultPlatformMBeanProvider$3
instanceKlass java/lang/management/DefaultPlatformMBeanProvider$2
instanceKlass java/lang/management/DefaultPlatformMBeanProvider$1
instanceKlass com/sun/management/internal/PlatformMBeanProviderImpl$5
instanceKlass sun/management/VMManagementImpl
instanceKlass sun/management/VMManagement
instanceKlass sun/management/ManagementFactoryHelper
instanceKlass sun/management/NotificationEmitterSupport
instanceKlass javax/management/NotificationEmitter
instanceKlass javax/management/NotificationBroadcaster
instanceKlass com/sun/management/DiagnosticCommandMBean
instanceKlass javax/management/DynamicMBean
instanceKlass com/sun/management/internal/PlatformMBeanProviderImpl$4
instanceKlass com/sun/management/internal/PlatformMBeanProviderImpl$3
instanceKlass com/sun/management/internal/PlatformMBeanProviderImpl$2
instanceKlass java/util/stream/ReduceOps$AccumulatingSink
instanceKlass java/util/stream/ReduceOps$Box
instanceKlass java/util/stream/ReduceOps$ReduceOp
instanceKlass java/util/stream/ReduceOps
instanceKlass  @bci java/util/stream/Collectors castingIdentity ()Ljava/util/function/Function; 0 <appendix> argL0 ; # java/util/stream/Collectors$$Lambda$27+0x800000042
instanceKlass  @bci java/util/stream/Collectors toSet ()Ljava/util/stream/Collector; 14 <appendix> argL0 ; # java/util/stream/Collectors$$Lambda$25+0x800000040
instanceKlass java/util/function/BinaryOperator
instanceKlass  @bci java/util/stream/Collectors toSet ()Ljava/util/stream/Collector; 9 <appendix> argL0 ; # java/util/stream/Collectors$$Lambda$22+0x800000039
instanceKlass  @bci java/util/stream/Collectors toSet ()Ljava/util/stream/Collector; 4 <appendix> argL0 ; # java/util/stream/Collectors$$Lambda$30+0x800000045
instanceKlass java/util/stream/Collectors$CollectorImpl
instanceKlass java/util/stream/Collector
instanceKlass java/util/stream/Collectors
instanceKlass com/sun/management/internal/PlatformMBeanProviderImpl$1
instanceKlass sun/management/spi/PlatformMBeanProvider$PlatformComponent
instanceKlass  @bci com/sun/management/internal/PlatformMBeanProviderImpl <clinit> ()V 8 <appendix> argL0 ; # com/sun/management/internal/PlatformMBeanProviderImpl$$Lambda$1036+0x00000008011ea6d8
instanceKlass sun/management/spi/PlatformMBeanProvider
instanceKlass java/io/FilePermission$1
instanceKlass jdk/internal/access/JavaIOFilePermissionAccess
instanceKlass java/lang/management/ManagementFactory$PlatformMBeanFinder$1
instanceKlass java/lang/management/ManagementFactory$PlatformMBeanFinder
instanceKlass java/lang/management/MemoryMXBean
instanceKlass java/lang/management/PlatformManagedObject
instanceKlass  @bci java/lang/management/ManagementFactory loadNativeLib ()V 0 <appendix> argL0 ; # java/lang/management/ManagementFactory$$Lambda$1035+0x00000008011e9300
instanceKlass java/lang/management/ManagementFactory
instanceKlass org/eclipse/lsp4j/DiagnosticServerCapabilities
instanceKlass org/eclipse/lsp4j/SemanticTokensServerFull
# instanceKlass java/lang/invoke/LambdaForm$MH+0x00000008013a0000
instanceKlass org/eclipse/lsp4j/FileOperationPatternOptions
instanceKlass org/eclipse/lsp4j/TextDocumentContentRegistrationOptions
instanceKlass org/eclipse/lsp4j/Command
instanceKlass org/eclipse/lsp4j/CodeActionKindDocumentation
instanceKlass org/eclipse/lsp4j/DocumentFilter
instanceKlass org/eclipse/lsp4j/CompletionItemOptions
instanceKlass org/eclipse/lsp4j/NotebookSelectorCell
instanceKlass org/eclipse/lsp4j/RelativePattern
instanceKlass org/eclipse/lsp4j/NotebookDocumentFilter
instanceKlass org/eclipse/lsp4j/NotebookSelector
instanceKlass org/eclipse/lsp4j/TextDocumentServerCapabilities
instanceKlass org/eclipse/lsp4j/NotebookDocumentSyncRegistrationOptions
instanceKlass org/eclipse/lsp4j/ServerInfo
instanceKlass  @bci com/google/gson/internal/ConstructorConstructor newUnsafeAllocator (Ljava/lang/Class;)Lcom/google/gson/internal/ObjectConstructor; 8 <appendix> member <vmtarget> ; # com/google/gson/internal/ConstructorConstructor$$Lambda$1034+0x0000000801399f70
instanceKlass scala/meta/internal/metals/MetalsExperimental
instanceKlass org/eclipse/lsp4j/WorkspaceServerCapabilities
instanceKlass org/eclipse/lsp4j/WorkspaceFoldersOptions
instanceKlass org/eclipse/lsp4j/FileOperationsServerCapabilities
instanceKlass org/eclipse/lsp4j/FileOperationFilter
instanceKlass org/eclipse/lsp4j/FileOperationOptions
instanceKlass org/eclipse/lsp4j/FileOperationPattern
instanceKlass org/eclipse/lsp4j/SaveOptions
instanceKlass org/eclipse/lsp4j/TextDocumentSyncOptions
instanceKlass  @bci scala/meta/internal/metals/MetalsEnrichments$XtensionClientCapabilities $anonfun$supportsCodeActionLiterals$3 (Lorg/eclipse/lsp4j/CodeActionCapabilities;)Lscala/Option; 10 <appendix> argL0 ; # scala/meta/internal/metals/MetalsEnrichments$XtensionClientCapabilities$$Lambda$1033+0x0000000801398000
instanceKlass  @bci scala/meta/internal/metals/MetalsEnrichments$XtensionClientCapabilities $anonfun$supportsCodeActionLiterals$2 (Lorg/eclipse/lsp4j/TextDocumentClientCapabilities;)Lscala/Option; 10 <appendix> argL0 ; # scala/meta/internal/metals/MetalsEnrichments$XtensionClientCapabilities$$Lambda$1032+0x0000000801390bb0
instanceKlass  @bci scala/meta/internal/metals/MetalsEnrichments$XtensionClientCapabilities $anonfun$supportsCodeActionLiterals$1 (Lorg/eclipse/lsp4j/ClientCapabilities;)Lscala/Option; 10 <appendix> argL0 ; # scala/meta/internal/metals/MetalsEnrichments$XtensionClientCapabilities$$Lambda$1031+0x0000000801390800
instanceKlass  @bci scala/meta/internal/metals/MetalsEnrichments$XtensionClientCapabilities supportsCodeActionLiterals ()Z 13 <appendix> argL0 ; # scala/meta/internal/metals/MetalsEnrichments$XtensionClientCapabilities$$Lambda$1030+0x00000008013919d0
instanceKlass  @bci scala/meta/internal/metals/ClientConfiguration isCompletionItemResolve ()Z 11 <appendix> member <vmtarget> ; # scala/meta/internal/metals/ClientConfiguration$$Lambda$1029+0x00000008013914b0
instanceKlass org/eclipse/lsp4j/DocumentOnTypeFormattingOptions
instanceKlass  @bci scala/meta/internal/pc/SemanticTokens$ <clinit> ()V 671 <appendix> argL0 ; # scala/meta/internal/pc/SemanticTokens$$$Lambda$1028+0x00000008013934e0
instanceKlass  @cpi scala/meta/internal/pc/SemanticTokens$ 205 form vmentry <vmtarget> ; # java/lang/invoke/LambdaForm$DMH+0x0000000801390400
instanceKlass scala/runtime/java8/JFunction1$mcII$sp
instanceKlass  @bci scala/collection/SeqOps indexOf (Ljava/lang/Object;I)I 2 <appendix> member <vmtarget> ; # scala/collection/SeqOps$$Lambda$1027+0x0000000801392f40
instanceKlass scala/meta/internal/pc/SemanticTokens$
instanceKlass org/eclipse/lsp4j/SemanticTokensLegend
instanceKlass org/eclipse/lsp4j/TextDocumentRegistrationOptions
instanceKlass  @bci org/eclipse/lsp4j/jsonrpc/RemoteEndpoint handleRequest (Lorg/eclipse/lsp4j/jsonrpc/messages/RequestMessage;)V 158 <appendix> member <vmtarget> ; # org/eclipse/lsp4j/jsonrpc/RemoteEndpoint$$Lambda$1026+0x0000000801392230
instanceKlass  @bci org/eclipse/lsp4j/jsonrpc/RemoteEndpoint handleRequest (Lorg/eclipse/lsp4j/jsonrpc/messages/RequestMessage;)V 148 <appendix> member <vmtarget> ; # org/eclipse/lsp4j/jsonrpc/RemoteEndpoint$$Lambda$1025+0x0000000801392000
instanceKlass scala/collection/convert/AsJavaExtensions$SeqHasAsJava
instanceKlass  @bci org/eclipse/lsp4j/jsonrpc/RemoteEndpoint handleRequest (Lorg/eclipse/lsp4j/jsonrpc/messages/RequestMessage;)V 137 <appendix> member <vmtarget> ; # org/eclipse/lsp4j/jsonrpc/RemoteEndpoint$$Lambda$1024+0x00000008013975f8
instanceKlass scala/concurrent/java8/FuturesConvertersImplCompat$
instanceKlass  @bci scala/meta/internal/metals/WorkspaceLspService currentOrHeadOrFallback ()Lscala/meta/internal/metals/MetalsLspService; 14 <appendix> member <vmtarget> ; # scala/meta/internal/metals/WorkspaceLspService$$Lambda$1023+0x0000000801397160
instanceKlass java/util/concurrent/CompletableFuture$AsynchronousCompletionTask
instanceKlass java/util/concurrent/CompletableFuture$AltResult
instanceKlass  @bci scala/meta/internal/metals/WorkspaceLspService currentOrHeadOrFallback ()Lscala/meta/internal/metals/MetalsLspService; 5 <appendix> member <vmtarget> ; # scala/meta/internal/metals/WorkspaceLspService$$Lambda$1022+0x0000000801395b10
instanceKlass  @bci scala/meta/internal/metals/WorkspaceLspService currentFolder ()Lscala/Option; 11 <appendix> member <vmtarget> ; # scala/meta/internal/metals/WorkspaceLspService$$Lambda$1021+0x0000000801395758
instanceKlass java/util/function/BiConsumer
instanceKlass org/eclipse/lsp4j/AbstractWorkDoneProgressOptions
instanceKlass org/eclipse/lsp4j/WorkDoneProgressOptions
instanceKlass scala/compat/java8/FutureConverters$
instanceKlass scala/meta/internal/metals/MetalsEnrichments$XtensionScalaFuture
instanceKlass  @bci scala/meta/internal/metals/TimerProvider timed (Ljava/lang/String;ZLscala/Function0;)Lscala/concurrent/Future; 7 <appendix> argL0 ; # scala/meta/internal/metals/TimerProvider$$Lambda$1020+0x00000008013945c8
instanceKlass org/eclipse/lsp4j/ServerCapabilities
instanceKlass  @bci scala/meta/internal/metals/TimerProvider withTimer (Ljava/lang/String;ZLscala/Function0;)Lscala/concurrent/Future; 30 <adapter> ; # java/lang/invoke/LambdaForm$MH+0x0000000801390000
# instanceKlass java/lang/invoke/LambdaForm$DMH+0x000000080138cc00
instanceKlass  @bci scala/meta/internal/metals/TimerProvider withTimer (Ljava/lang/String;ZLscala/Function0;)Lscala/concurrent/Future; 30 <appendix> form vmentry <vmtarget> ; # java/lang/invoke/LambdaForm$DMH+0x000000080138c800
instanceKlass  @bci scala/meta/internal/metals/TimerProvider withTimer (Ljava/lang/String;ZLscala/Function0;)Lscala/concurrent/Future; 30 <appendix> member <vmtarget> ; # scala/meta/internal/metals/TimerProvider$$Lambda$1019+0x000000080138d9e0
instanceKlass  @cpi scala/meta/internal/metals/TimerProvider 155 form vmentry <vmtarget> ; # java/lang/invoke/LambdaForm$DMH+0x000000080138c400
instanceKlass  @bci scala/meta/internal/metals/WorkspaceLspService $anonfun$initialize$1 (Lscala/meta/internal/metals/WorkspaceLspService;)Lscala/concurrent/Future; 4 <appendix> member <vmtarget> ; # scala/meta/internal/metals/WorkspaceLspService$$Lambda$1018+0x000000080138d738
instanceKlass scala/meta/internal/metals/Timer
instanceKlass  @bci scala/meta/internal/metals/WorkspaceLspService initialize ()Ljava/util/concurrent/CompletableFuture; 18 <appendix> member <vmtarget> ; # scala/meta/internal/metals/WorkspaceLspService$$Lambda$1017+0x000000080138d260
instanceKlass scala/meta/metals/ServerState$Initialized
instanceKlass  @bci scala/meta/metals/MetalsLanguageServer initialize (Lorg/eclipse/lsp4j/InitializeParams;)Ljava/util/concurrent/CompletableFuture; 343 <appendix> member <vmtarget> ; # scala/meta/metals/MetalsLanguageServer$$Lambda$1016+0x000000080138fc20
instanceKlass  @bci scala/meta/metals/MetalsLanguageServer $anonfun$initialize$9 (Lorg/eclipse/lsp4j/ClientInfo;)Ljava/lang/String; 14 <appendix> argL0 ; # scala/meta/metals/MetalsLanguageServer$$Lambda$1015+0x000000080138f980
instanceKlass  @bci scala/meta/metals/MetalsLanguageServer initialize (Lorg/eclipse/lsp4j/InitializeParams;)Ljava/util/concurrent/CompletableFuture; 323 <appendix> argL0 ; # scala/meta/metals/MetalsLanguageServer$$Lambda$1014+0x000000080138f5d0
instanceKlass  @bci scala/meta/metals/MetalsLanguageServer initialize (Lorg/eclipse/lsp4j/InitializeParams;)Ljava/util/concurrent/CompletableFuture; 318 <appendix> argL0 ; # scala/meta/metals/MetalsLanguageServer$$Lambda$1013+0x000000080138f330
instanceKlass com/google/gson/internal/Streams
instanceKlass  @bci scala/meta/internal/metals/ClientConfiguration statusBarState ()Lscala/meta/internal/metals/config/StatusBarState$StatusBarState; 31 <appendix> argL0 ; # scala/meta/internal/metals/ClientConfiguration$$Lambda$1012+0x000000080138ebd0
instanceKlass scala/meta/internal/metals/config/StatusBarState$Off$
instanceKlass  @bci scala/meta/internal/metals/ClientExperimentalCapabilities statusBarState ()Lscala/Option; 4 <appendix> argL0 ; # scala/meta/internal/metals/ClientExperimentalCapabilities$$Lambda$1011+0x000000080138e590
instanceKlass  @bci scala/meta/internal/metals/InitializationOptions statusBarState ()Lscala/Option; 4 <appendix> argL0 ; # scala/meta/internal/metals/InitializationOptions$$Lambda$1010+0x000000080138e1e0
instanceKlass  @bci scala/meta/internal/metals/logging/MetalsLogger$ setupLspLogger (Lscala/collection/immutable/List;ZLscala/meta/internal/metals/MetalsServerConfig;)V 17 <appendix> member <vmtarget> ; # scala/meta/internal/metals/logging/MetalsLogger$$$Lambda$1009+0x000000080138bd10
instanceKlass  @bci scala/meta/internal/metals/logging/MetalsLogger$ setupLspLogger (Lscala/collection/immutable/List;ZLscala/meta/internal/metals/MetalsServerConfig;)V 2 <appendix> member <vmtarget> ; # scala/meta/internal/metals/logging/MetalsLogger$$$Lambda$1008+0x000000080138b958
instanceKlass  @bci scala/meta/internal/metals/utils/LimitedFilesManager getAllFiles ()Lscala/collection/immutable/List; 32 <appendix> member <vmtarget> ; # scala/meta/internal/metals/utils/LimitedFilesManager$$Lambda$1007+0x000000080138b5a0
instanceKlass  @bci scala/meta/internal/metals/utils/LimitedFilesManager withTimeAndDate (Ljava/io/File;Ljava/lang/String;)Lscala/Option; 50 <appendix> member <vmtarget> ; # scala/meta/internal/metals/utils/LimitedFilesManager$$Lambda$1006+0x000000080138b1e8
instanceKlass scala/meta/internal/metals/utils/TimestampedFile
instanceKlass  @bci scala/meta/internal/metals/TimeFormatter$ parse (Ljava/lang/String;Ljava/lang/String;)Lscala/Option; 5 <appendix> member <vmtarget> ; # scala/meta/internal/metals/TimeFormatter$$$Lambda$1005+0x000000080138ac50
instanceKlass  @cpi scala/meta/internal/metals/TimeFormatter$ 79 form vmentry <vmtarget> ; # java/lang/invoke/LambdaForm$DMH+0x000000080138c000
instanceKlass  @bci scala/meta/internal/metals/utils/LimitedFilesManager$WithTimestamp$ unapply (Ljava/lang/String;)Lscala/Option; 20 <appendix> argL0 ; # scala/meta/internal/metals/utils/LimitedFilesManager$WithTimestamp$$$Lambda$1004+0x000000080138a8a0
instanceKlass  @bci scala/meta/internal/metals/utils/LimitedFilesManager$WithTimestamp$ unapply (Ljava/lang/String;)Lscala/Option; 12 <appendix> member <vmtarget> ; # scala/meta/internal/metals/utils/LimitedFilesManager$WithTimestamp$$$Lambda$1003+0x000000080138a4e8
instanceKlass scala/meta/internal/metals/utils/LimitedFilesManager$WithTimestamp$
instanceKlass  @bci scala/meta/internal/metals/utils/LimitedFilesManager filesWithDate (Ljava/io/File;)Lscala/collection/immutable/List; 15 <appendix> member <vmtarget> ; # scala/meta/internal/metals/utils/LimitedFilesManager$$Lambda$1002+0x0000000801389f30
instanceKlass  @bci scala/meta/internal/metals/utils/LimitedFilesManager getAllFiles ()Lscala/collection/immutable/List; 22 <appendix> member <vmtarget> ; # scala/meta/internal/metals/utils/LimitedFilesManager$$Lambda$1001+0x0000000801389b78
instanceKlass java/text/CalendarBuilder
instanceKlass java/text/ParsePosition
instanceKlass  @bci scala/meta/internal/metals/TimeFormatter$ hasDateName (Ljava/lang/String;)Z 4 <appendix> member <vmtarget> ; # scala/meta/internal/metals/TimeFormatter$$$Lambda$1000+0x00000008013898d0
instanceKlass scala/meta/internal/metals/TimeFormatter$
instanceKlass  @bci scala/meta/internal/metals/utils/LimitedFilesManager directoriesWithDate ()Lscala/collection/immutable/List; 8 <appendix> argL0 ; # scala/meta/internal/metals/utils/LimitedFilesManager$$Lambda$999+0x0000000801389330
instanceKlass  @bci scala/meta/internal/metals/utils/LimitedFilesManager getAllFiles ()Lscala/collection/immutable/List; 8 <appendix> argL0 ; # scala/meta/internal/metals/utils/LimitedFilesManager$$Lambda$998+0x0000000801388f80
instanceKlass  @bci scala/meta/internal/metals/StdReportContext cleanUpOldReports (I)V 5 <appendix> member <vmtarget> ; # scala/meta/internal/metals/StdReportContext$$Lambda$997+0x0000000801388bd0
instanceKlass  @bci scala/meta/metals/MetalsLanguageServer $anonfun$initialize$6 (Lscala/meta/io/AbsolutePath;)V 8 <appendix> argL0 ; # scala/meta/metals/MetalsLanguageServer$$Lambda$996+0x0000000801388820
instanceKlass  @bci scala/meta/metals/MetalsLanguageServer initialize (Lorg/eclipse/lsp4j/InitializeParams;)Ljava/util/concurrent/CompletableFuture; 278 <appendix> argL0 ; # scala/meta/metals/MetalsLanguageServer$$Lambda$995+0x0000000801388470
instanceKlass  @bci scala/meta/internal/metals/WorkspaceLspService <init> (Lscala/concurrent/ExecutionContextExecutorService;Ljava/util/concurrent/ScheduledExecutorService;Lscala/meta/internal/metals/MetalsServerInputs;Lscala/meta/internal/metals/clients/language/MetalsLanguageClient;Lorg/eclipse/lsp4j/InitializeParams;Lscala/collection/immutable/List;Lscala/Function0;)V 602 <appendix> member <vmtarget> ; # scala/meta/internal/metals/WorkspaceLspService$$Lambda$994+0x0000000801387ce8
instanceKlass scala/meta/internal/metals/WorkspaceChoicePopup
instanceKlass  @bci scala/meta/internal/metals/WorkspaceLspService <init> (Lscala/concurrent/ExecutionContextExecutorService;Ljava/util/concurrent/ScheduledExecutorService;Lscala/meta/internal/metals/MetalsServerInputs;Lscala/meta/internal/metals/clients/language/MetalsLanguageClient;Lorg/eclipse/lsp4j/InitializeParams;Lscala/collection/immutable/List;Lscala/Function0;)V 576 <appendix> member <vmtarget> ; # scala/meta/internal/metals/WorkspaceLspService$$Lambda$993+0x0000000801387840
instanceKlass scala/meta/internal/metals/GithubNewIssueUrlCreator
instanceKlass  @bci scala/meta/internal/metals/WorkspaceLspService <init> (Lscala/concurrent/ExecutionContextExecutorService;Ljava/util/concurrent/ScheduledExecutorService;Lscala/meta/internal/metals/MetalsServerInputs;Lscala/meta/internal/metals/clients/language/MetalsLanguageClient;Lorg/eclipse/lsp4j/InitializeParams;Lscala/collection/immutable/List;Lscala/Function0;)V 555 <appendix> member <vmtarget> ; # scala/meta/internal/metals/WorkspaceLspService$$Lambda$992+0x0000000801387398
instanceKlass scala/meta/internal/builds/NewProjectProvider
instanceKlass  @bci scala/meta/internal/metals/WorkspaceLspService <init> (Lscala/concurrent/ExecutionContextExecutorService;Ljava/util/concurrent/ScheduledExecutorService;Lscala/meta/internal/metals/MetalsServerInputs;Lscala/meta/internal/metals/clients/language/MetalsLanguageClient;Lorg/eclipse/lsp4j/InitializeParams;Lscala/collection/immutable/List;Lscala/Function0;)V 501 <appendix> member <vmtarget> ; # scala/meta/internal/metals/WorkspaceLspService$$Lambda$991+0x0000000801386ee8
instanceKlass scala/meta/internal/tvp/MetalsTreeViewProvider
instanceKlass scala/meta/internal/metals/WorkspaceFoldersServices
instanceKlass  @bci scala/meta/internal/tvp/FolderTreeViewProvider <init> (Lscala/meta/internal/metals/Folder;Lscala/meta/internal/metals/BuildTargets;Lscala/meta/internal/mtags/GlobalSymbolIndex;Lscala/Function0;Lscala/meta/internal/metals/ScalaVersionSelector;Lscala/meta/internal/metals/clients/language/MetalsLanguageClient;Lscala/meta/internal/metals/ClientConfiguration;Lscala/meta/internal/parsing/Trees;Lscala/meta/internal/metals/Buffers;Lscala/meta/internal/metals/ReportContext;)V 215 <appendix> member <vmtarget> ; # scala/meta/internal/tvp/FolderTreeViewProvider$$Lambda$990+0x00000008013863b0
instanceKlass  @bci scala/meta/internal/tvp/FolderTreeViewProvider <init> (Lscala/meta/internal/metals/Folder;Lscala/meta/internal/metals/BuildTargets;Lscala/meta/internal/mtags/GlobalSymbolIndex;Lscala/Function0;Lscala/meta/internal/metals/ScalaVersionSelector;Lscala/meta/internal/metals/clients/language/MetalsLanguageClient;Lscala/meta/internal/metals/ClientConfiguration;Lscala/meta/internal/parsing/Trees;Lscala/meta/internal/metals/Buffers;Lscala/meta/internal/metals/ReportContext;)V 209 <appendix> member <vmtarget> ; # scala/meta/internal/tvp/FolderTreeViewProvider$$Lambda$989+0x0000000801386108
instanceKlass  @bci scala/meta/internal/tvp/FolderTreeViewProvider <init> (Lscala/meta/internal/metals/Folder;Lscala/meta/internal/metals/BuildTargets;Lscala/meta/internal/mtags/GlobalSymbolIndex;Lscala/Function0;Lscala/meta/internal/metals/ScalaVersionSelector;Lscala/meta/internal/metals/clients/language/MetalsLanguageClient;Lscala/meta/internal/metals/ClientConfiguration;Lscala/meta/internal/parsing/Trees;Lscala/meta/internal/metals/Buffers;Lscala/meta/internal/metals/ReportContext;)V 203 <appendix> argL0 ; # scala/meta/internal/tvp/FolderTreeViewProvider$$Lambda$988+0x0000000801385d58
instanceKlass  @bci scala/meta/internal/tvp/FolderTreeViewProvider <init> (Lscala/meta/internal/metals/Folder;Lscala/meta/internal/metals/BuildTargets;Lscala/meta/internal/mtags/GlobalSymbolIndex;Lscala/Function0;Lscala/meta/internal/metals/ScalaVersionSelector;Lscala/meta/internal/metals/clients/language/MetalsLanguageClient;Lscala/meta/internal/metals/ClientConfiguration;Lscala/meta/internal/parsing/Trees;Lscala/meta/internal/metals/Buffers;Lscala/meta/internal/metals/ReportContext;)V 198 <appendix> argL0 ; # scala/meta/internal/tvp/FolderTreeViewProvider$$Lambda$987+0x00000008013859a8
instanceKlass  @bci scala/meta/internal/tvp/FolderTreeViewProvider <init> (Lscala/meta/internal/metals/Folder;Lscala/meta/internal/metals/BuildTargets;Lscala/meta/internal/mtags/GlobalSymbolIndex;Lscala/Function0;Lscala/meta/internal/metals/ScalaVersionSelector;Lscala/meta/internal/metals/clients/language/MetalsLanguageClient;Lscala/meta/internal/metals/ClientConfiguration;Lscala/meta/internal/parsing/Trees;Lscala/meta/internal/metals/Buffers;Lscala/meta/internal/metals/ReportContext;)V 193 <appendix> argL0 ; # scala/meta/internal/tvp/FolderTreeViewProvider$$Lambda$986+0x00000008013855f8
instanceKlass  @bci scala/meta/internal/tvp/FolderTreeViewProvider <init> (Lscala/meta/internal/metals/Folder;Lscala/meta/internal/metals/BuildTargets;Lscala/meta/internal/mtags/GlobalSymbolIndex;Lscala/Function0;Lscala/meta/internal/metals/ScalaVersionSelector;Lscala/meta/internal/metals/clients/language/MetalsLanguageClient;Lscala/meta/internal/metals/ClientConfiguration;Lscala/meta/internal/parsing/Trees;Lscala/meta/internal/metals/Buffers;Lscala/meta/internal/metals/ReportContext;)V 188 <appendix> argL0 ; # scala/meta/internal/tvp/FolderTreeViewProvider$$Lambda$985+0x0000000801385248
instanceKlass  @bci scala/meta/internal/tvp/FolderTreeViewProvider <init> (Lscala/meta/internal/metals/Folder;Lscala/meta/internal/metals/BuildTargets;Lscala/meta/internal/mtags/GlobalSymbolIndex;Lscala/Function0;Lscala/meta/internal/metals/ScalaVersionSelector;Lscala/meta/internal/metals/clients/language/MetalsLanguageClient;Lscala/meta/internal/metals/ClientConfiguration;Lscala/meta/internal/parsing/Trees;Lscala/meta/internal/metals/Buffers;Lscala/meta/internal/metals/ReportContext;)V 183 <appendix> argL0 ; # scala/meta/internal/tvp/FolderTreeViewProvider$$Lambda$984+0x0000000801384e98
instanceKlass ch/epfl/scala/bsp4j/BuildTarget
instanceKlass  @bci scala/meta/internal/tvp/FolderTreeViewProvider <init> (Lscala/meta/internal/metals/Folder;Lscala/meta/internal/metals/BuildTargets;Lscala/meta/internal/mtags/GlobalSymbolIndex;Lscala/Function0;Lscala/meta/internal/metals/ScalaVersionSelector;Lscala/meta/internal/metals/clients/language/MetalsLanguageClient;Lscala/meta/internal/metals/ClientConfiguration;Lscala/meta/internal/parsing/Trees;Lscala/meta/internal/metals/Buffers;Lscala/meta/internal/metals/ReportContext;)V 150 <appendix> member <vmtarget> ; # scala/meta/internal/tvp/FolderTreeViewProvider$$Lambda$983+0x0000000801384678
instanceKlass  @bci scala/meta/internal/tvp/FolderTreeViewProvider <init> (Lscala/meta/internal/metals/Folder;Lscala/meta/internal/metals/BuildTargets;Lscala/meta/internal/mtags/GlobalSymbolIndex;Lscala/Function0;Lscala/meta/internal/metals/ScalaVersionSelector;Lscala/meta/internal/metals/clients/language/MetalsLanguageClient;Lscala/meta/internal/metals/ClientConfiguration;Lscala/meta/internal/parsing/Trees;Lscala/meta/internal/metals/Buffers;Lscala/meta/internal/metals/ReportContext;)V 144 <appendix> member <vmtarget> ; # scala/meta/internal/tvp/FolderTreeViewProvider$$Lambda$982+0x00000008013843d0
instanceKlass  @bci scala/meta/internal/tvp/FolderTreeViewProvider <init> (Lscala/meta/internal/metals/Folder;Lscala/meta/internal/metals/BuildTargets;Lscala/meta/internal/mtags/GlobalSymbolIndex;Lscala/Function0;Lscala/meta/internal/metals/ScalaVersionSelector;Lscala/meta/internal/metals/clients/language/MetalsLanguageClient;Lscala/meta/internal/metals/ClientConfiguration;Lscala/meta/internal/parsing/Trees;Lscala/meta/internal/metals/Buffers;Lscala/meta/internal/metals/ReportContext;)V 138 <appendix> argL0 ; # scala/meta/internal/tvp/FolderTreeViewProvider$$Lambda$981+0x0000000801384020
instanceKlass  @bci scala/meta/internal/tvp/FolderTreeViewProvider <init> (Lscala/meta/internal/metals/Folder;Lscala/meta/internal/metals/BuildTargets;Lscala/meta/internal/mtags/GlobalSymbolIndex;Lscala/Function0;Lscala/meta/internal/metals/ScalaVersionSelector;Lscala/meta/internal/metals/clients/language/MetalsLanguageClient;Lscala/meta/internal/metals/ClientConfiguration;Lscala/meta/internal/parsing/Trees;Lscala/meta/internal/metals/Buffers;Lscala/meta/internal/metals/ReportContext;)V 133 <appendix> member <vmtarget> ; # scala/meta/internal/tvp/FolderTreeViewProvider$$Lambda$980+0x0000000801383c68
instanceKlass  @bci scala/meta/internal/tvp/FolderTreeViewProvider <init> (Lscala/meta/internal/metals/Folder;Lscala/meta/internal/metals/BuildTargets;Lscala/meta/internal/mtags/GlobalSymbolIndex;Lscala/Function0;Lscala/meta/internal/metals/ScalaVersionSelector;Lscala/meta/internal/metals/clients/language/MetalsLanguageClient;Lscala/meta/internal/metals/ClientConfiguration;Lscala/meta/internal/parsing/Trees;Lscala/meta/internal/metals/Buffers;Lscala/meta/internal/metals/ReportContext;)V 127 <appendix> argL0 ; # scala/meta/internal/tvp/FolderTreeViewProvider$$Lambda$979+0x00000008013838b8
instanceKlass  @bci scala/meta/internal/tvp/FolderTreeViewProvider <init> (Lscala/meta/internal/metals/Folder;Lscala/meta/internal/metals/BuildTargets;Lscala/meta/internal/mtags/GlobalSymbolIndex;Lscala/Function0;Lscala/meta/internal/metals/ScalaVersionSelector;Lscala/meta/internal/metals/clients/language/MetalsLanguageClient;Lscala/meta/internal/metals/ClientConfiguration;Lscala/meta/internal/parsing/Trees;Lscala/meta/internal/metals/Buffers;Lscala/meta/internal/metals/ReportContext;)V 122 <appendix> argL0 ; # scala/meta/internal/tvp/FolderTreeViewProvider$$Lambda$978+0x0000000801383508
instanceKlass  @bci scala/meta/internal/tvp/FolderTreeViewProvider <init> (Lscala/meta/internal/metals/Folder;Lscala/meta/internal/metals/BuildTargets;Lscala/meta/internal/mtags/GlobalSymbolIndex;Lscala/Function0;Lscala/meta/internal/metals/ScalaVersionSelector;Lscala/meta/internal/metals/clients/language/MetalsLanguageClient;Lscala/meta/internal/metals/ClientConfiguration;Lscala/meta/internal/parsing/Trees;Lscala/meta/internal/metals/Buffers;Lscala/meta/internal/metals/ReportContext;)V 117 <appendix> argL0 ; # scala/meta/internal/tvp/FolderTreeViewProvider$$Lambda$977+0x0000000801383158
instanceKlass scala/meta/internal/tvp/TreeViewProvider$
instanceKlass scala/meta/internal/tvp/ClasspathTreeView
instanceKlass  @bci scala/collection/mutable/Map withDefaultValue (Ljava/lang/Object;)Lscala/collection/mutable/Map; 6 <appendix> member <vmtarget> ; # scala/collection/mutable/Map$$Lambda$976+0x0000000801382960
instanceKlass scala/meta/internal/semanticdb/SymbolInformation$Kind$Recognized
instanceKlass scala/meta/internal/semanticdb/SymbolInformation$Kind
instanceKlass scala/meta/internal/tvp/IndexedSymbols
instanceKlass  @bci scala/meta/internal/metals/ProjectMetalsLspService <init> (Lscala/concurrent/ExecutionContextExecutorService;Ljava/util/concurrent/ScheduledExecutorService;Lscala/meta/internal/metals/MetalsServerInputs;Lscala/meta/internal/metals/clients/language/ConfiguredLanguageClient;Lorg/eclipse/lsp4j/InitializeParams;Lscala/meta/internal/metals/ClientConfiguration;Lscala/meta/internal/metals/StatusBar;Lscala/Function0;Lscala/meta/internal/metals/TimerProvider;Lscala/Function0;Lscala/meta/io/AbsolutePath;Lscala/Option;Lscala/meta/internal/metals/doctor/HeadDoctor;Lscala/meta/internal/metals/BspStatus;Lscala/meta/internal/metals/WorkDoneProgress;ILscala/meta/internal/metals/ModuleStatus;)V 759 <appendix> member <vmtarget> ; # scala/meta/internal/metals/ProjectMetalsLspService$$Lambda$975+0x000000080137ee70
instanceKlass scala/meta/internal/tvp/FolderTreeViewProvider
instanceKlass  @bci scala/meta/internal/metals/ProjectMetalsLspService <init> (Lscala/concurrent/ExecutionContextExecutorService;Ljava/util/concurrent/ScheduledExecutorService;Lscala/meta/internal/metals/MetalsServerInputs;Lscala/meta/internal/metals/clients/language/ConfiguredLanguageClient;Lorg/eclipse/lsp4j/InitializeParams;Lscala/meta/internal/metals/ClientConfiguration;Lscala/meta/internal/metals/StatusBar;Lscala/Function0;Lscala/meta/internal/metals/TimerProvider;Lscala/Function0;Lscala/meta/io/AbsolutePath;Lscala/Option;Lscala/meta/internal/metals/doctor/HeadDoctor;Lscala/meta/internal/metals/BspStatus;Lscala/meta/internal/metals/WorkDoneProgress;ILscala/meta/internal/metals/ModuleStatus;)V 720 <appendix> member <vmtarget> ; # scala/meta/internal/metals/ProjectMetalsLspService$$Lambda$974+0x000000080137e970
instanceKlass  @bci scala/meta/internal/metals/ProjectMetalsLspService <init> (Lscala/concurrent/ExecutionContextExecutorService;Ljava/util/concurrent/ScheduledExecutorService;Lscala/meta/internal/metals/MetalsServerInputs;Lscala/meta/internal/metals/clients/language/ConfiguredLanguageClient;Lorg/eclipse/lsp4j/InitializeParams;Lscala/meta/internal/metals/ClientConfiguration;Lscala/meta/internal/metals/StatusBar;Lscala/Function0;Lscala/meta/internal/metals/TimerProvider;Lscala/Function0;Lscala/meta/io/AbsolutePath;Lscala/Option;Lscala/meta/internal/metals/doctor/HeadDoctor;Lscala/meta/internal/metals/BspStatus;Lscala/meta/internal/metals/WorkDoneProgress;ILscala/meta/internal/metals/ModuleStatus;)V 714 <appendix> member <vmtarget> ; # scala/meta/internal/metals/ProjectMetalsLspService$$Lambda$973+0x000000080137e6c8
instanceKlass  @bci scala/meta/internal/metals/ProjectMetalsLspService <init> (Lscala/concurrent/ExecutionContextExecutorService;Ljava/util/concurrent/ScheduledExecutorService;Lscala/meta/internal/metals/MetalsServerInputs;Lscala/meta/internal/metals/clients/language/ConfiguredLanguageClient;Lorg/eclipse/lsp4j/InitializeParams;Lscala/meta/internal/metals/ClientConfiguration;Lscala/meta/internal/metals/StatusBar;Lscala/Function0;Lscala/meta/internal/metals/TimerProvider;Lscala/Function0;Lscala/meta/io/AbsolutePath;Lscala/Option;Lscala/meta/internal/metals/doctor/HeadDoctor;Lscala/meta/internal/metals/BspStatus;Lscala/meta/internal/metals/WorkDoneProgress;ILscala/meta/internal/metals/ModuleStatus;)V 708 <appendix> member <vmtarget> ; # scala/meta/internal/metals/ProjectMetalsLspService$$Lambda$972+0x000000080137e400
instanceKlass scala/meta/internal/metals/PopupChoiceReset
instanceKlass  @bci scala/meta/internal/metals/ProjectMetalsLspService <init> (Lscala/concurrent/ExecutionContextExecutorService;Ljava/util/concurrent/ScheduledExecutorService;Lscala/meta/internal/metals/MetalsServerInputs;Lscala/meta/internal/metals/clients/language/ConfiguredLanguageClient;Lorg/eclipse/lsp4j/InitializeParams;Lscala/meta/internal/metals/ClientConfiguration;Lscala/meta/internal/metals/StatusBar;Lscala/Function0;Lscala/meta/internal/metals/TimerProvider;Lscala/Function0;Lscala/meta/io/AbsolutePath;Lscala/Option;Lscala/meta/internal/metals/doctor/HeadDoctor;Lscala/meta/internal/metals/BspStatus;Lscala/meta/internal/metals/WorkDoneProgress;ILscala/meta/internal/metals/ModuleStatus;)V 667 <appendix> member <vmtarget> ; # scala/meta/internal/metals/ProjectMetalsLspService$$Lambda$971+0x000000080137df50
instanceKlass scala/meta/internal/metals/mcp/ScalafixLlmRuleProvider
instanceKlass  @bci scala/meta/internal/metals/ProjectMetalsLspService <init> (Lscala/concurrent/ExecutionContextExecutorService;Ljava/util/concurrent/ScheduledExecutorService;Lscala/meta/internal/metals/MetalsServerInputs;Lscala/meta/internal/metals/clients/language/ConfiguredLanguageClient;Lorg/eclipse/lsp4j/InitializeParams;Lscala/meta/internal/metals/ClientConfiguration;Lscala/meta/internal/metals/StatusBar;Lscala/Function0;Lscala/meta/internal/metals/TimerProvider;Lscala/Function0;Lscala/meta/io/AbsolutePath;Lscala/Option;Lscala/meta/internal/metals/doctor/HeadDoctor;Lscala/meta/internal/metals/BspStatus;Lscala/meta/internal/metals/WorkDoneProgress;ILscala/meta/internal/metals/ModuleStatus;)V 628 <appendix> member <vmtarget> ; # scala/meta/internal/metals/ProjectMetalsLspService$$Lambda$970+0x000000080137da88
instanceKlass  @bci scala/meta/internal/metals/ProjectMetalsLspService <init> (Lscala/concurrent/ExecutionContextExecutorService;Ljava/util/concurrent/ScheduledExecutorService;Lscala/meta/internal/metals/MetalsServerInputs;Lscala/meta/internal/metals/clients/language/ConfiguredLanguageClient;Lorg/eclipse/lsp4j/InitializeParams;Lscala/meta/internal/metals/ClientConfiguration;Lscala/meta/internal/metals/StatusBar;Lscala/Function0;Lscala/meta/internal/metals/TimerProvider;Lscala/Function0;Lscala/meta/io/AbsolutePath;Lscala/Option;Lscala/meta/internal/metals/doctor/HeadDoctor;Lscala/meta/internal/metals/BspStatus;Lscala/meta/internal/metals/WorkDoneProgress;ILscala/meta/internal/metals/ModuleStatus;)V 622 <appendix> member <vmtarget> ; # scala/meta/internal/metals/ProjectMetalsLspService$$Lambda$969+0x000000080137d7e0
instanceKlass  @bci scala/meta/internal/metals/ProjectMetalsLspService <init> (Lscala/concurrent/ExecutionContextExecutorService;Ljava/util/concurrent/ScheduledExecutorService;Lscala/meta/internal/metals/MetalsServerInputs;Lscala/meta/internal/metals/clients/language/ConfiguredLanguageClient;Lorg/eclipse/lsp4j/InitializeParams;Lscala/meta/internal/metals/ClientConfiguration;Lscala/meta/internal/metals/StatusBar;Lscala/Function0;Lscala/meta/internal/metals/TimerProvider;Lscala/Function0;Lscala/meta/io/AbsolutePath;Lscala/Option;Lscala/meta/internal/metals/doctor/HeadDoctor;Lscala/meta/internal/metals/BspStatus;Lscala/meta/internal/metals/WorkDoneProgress;ILscala/meta/internal/metals/ModuleStatus;)V 612 <appendix> member <vmtarget> ; # scala/meta/internal/metals/ProjectMetalsLspService$$Lambda$968+0x000000080137d538
instanceKlass scala/meta/internal/metals/GitHubIssueFolderInfo
instanceKlass scala/meta/internal/metals/AggregateSemanticdbs
instanceKlass  @bci scala/meta/internal/metals/ProjectMetalsLspService <init> (Lscala/concurrent/ExecutionContextExecutorService;Ljava/util/concurrent/ScheduledExecutorService;Lscala/meta/internal/metals/MetalsServerInputs;Lscala/meta/internal/metals/clients/language/ConfiguredLanguageClient;Lorg/eclipse/lsp4j/InitializeParams;Lscala/meta/internal/metals/ClientConfiguration;Lscala/meta/internal/metals/StatusBar;Lscala/Function0;Lscala/meta/internal/metals/TimerProvider;Lscala/Function0;Lscala/meta/io/AbsolutePath;Lscala/Option;Lscala/meta/internal/metals/doctor/HeadDoctor;Lscala/meta/internal/metals/BspStatus;Lscala/meta/internal/metals/WorkDoneProgress;ILscala/meta/internal/metals/ModuleStatus;)V 540 <appendix> member <vmtarget> ; # scala/meta/internal/metals/ProjectMetalsLspService$$Lambda$967+0x000000080137c688
instanceKlass  @bci scala/meta/internal/metals/ProjectMetalsLspService <init> (Lscala/concurrent/ExecutionContextExecutorService;Ljava/util/concurrent/ScheduledExecutorService;Lscala/meta/internal/metals/MetalsServerInputs;Lscala/meta/internal/metals/clients/language/ConfiguredLanguageClient;Lorg/eclipse/lsp4j/InitializeParams;Lscala/meta/internal/metals/ClientConfiguration;Lscala/meta/internal/metals/StatusBar;Lscala/Function0;Lscala/meta/internal/metals/TimerProvider;Lscala/Function0;Lscala/meta/io/AbsolutePath;Lscala/Option;Lscala/meta/internal/metals/doctor/HeadDoctor;Lscala/meta/internal/metals/BspStatus;Lscala/meta/internal/metals/WorkDoneProgress;ILscala/meta/internal/metals/ModuleStatus;)V 516 <appendix> member <vmtarget> ; # scala/meta/internal/metals/ProjectMetalsLspService$$Lambda$966+0x000000080137c2d0
instanceKlass  @bci scala/meta/internal/metals/ConnectionProvider <init> (Lscala/meta/internal/metals/BuildToolProvider;Lscala/meta/internal/metals/Compilations;Lscala/meta/internal/builds/BuildTools;Lscala/meta/internal/metals/Buffers;Lscala/meta/internal/metals/Compilers;Lscala/meta/internal/metals/scalacli/ScalaCliServers;Lscala/meta/internal/metals/BloopServers;Lscala/meta/internal/builds/ShellRunner;Lscala/meta/internal/bsp/BspConfigGenerator;Lscala/Function0;Lscala/meta/internal/metals/doctor/Doctor;Lscala/Function0;Lscala/meta/internal/metals/Diagnostics;Ljava/nio/charset/Charset;Lscala/meta/internal/metals/MetalsBuildClient;Lscala/collection/immutable/List;Lscala/meta/internal/bsp/ConnectionBspStatus;Lscala/meta/internal/metals/TargetData;Lscala/meta/internal/metals/IndexProviders;Lscala/concurrent/ExecutionContextExecutorService;Lscala/meta/internal/metals/ReportContext;)V 308 <appendix> member <vmtarget> ; # scala/meta/internal/metals/ConnectionProvider$$Lambda$965+0x000000080137c028
instanceKlass scala/meta/internal/builds/WorkspaceLoadedStatus
instanceKlass scala/meta/internal/builds/BloopInstall
instanceKlass  @bci scala/meta/internal/metals/ConnectionProvider <init> (Lscala/meta/internal/metals/BuildToolProvider;Lscala/meta/internal/metals/Compilations;Lscala/meta/internal/builds/BuildTools;Lscala/meta/internal/metals/Buffers;Lscala/meta/internal/metals/Compilers;Lscala/meta/internal/metals/scalacli/ScalaCliServers;Lscala/meta/internal/metals/BloopServers;Lscala/meta/internal/builds/ShellRunner;Lscala/meta/internal/bsp/BspConfigGenerator;Lscala/Function0;Lscala/meta/internal/metals/doctor/Doctor;Lscala/Function0;Lscala/meta/internal/metals/Diagnostics;Ljava/nio/charset/Charset;Lscala/meta/internal/metals/MetalsBuildClient;Lscala/collection/immutable/List;Lscala/meta/internal/bsp/ConnectionBspStatus;Lscala/meta/internal/metals/TargetData;Lscala/meta/internal/metals/IndexProviders;Lscala/concurrent/ExecutionContextExecutorService;Lscala/meta/internal/metals/ReportContext;)V 257 <appendix> member <vmtarget> ; # scala/meta/internal/metals/ConnectionProvider$$Lambda$964+0x000000080137b0b0
instanceKlass  @bci scala/meta/internal/metals/ConnectionProvider <init> (Lscala/meta/internal/metals/BuildToolProvider;Lscala/meta/internal/metals/Compilations;Lscala/meta/internal/builds/BuildTools;Lscala/meta/internal/metals/Buffers;Lscala/meta/internal/metals/Compilers;Lscala/meta/internal/metals/scalacli/ScalaCliServers;Lscala/meta/internal/metals/BloopServers;Lscala/meta/internal/builds/ShellRunner;Lscala/meta/internal/bsp/BspConfigGenerator;Lscala/Function0;Lscala/meta/internal/metals/doctor/Doctor;Lscala/Function0;Lscala/meta/internal/metals/Diagnostics;Ljava/nio/charset/Charset;Lscala/meta/internal/metals/MetalsBuildClient;Lscala/collection/immutable/List;Lscala/meta/internal/bsp/ConnectionBspStatus;Lscala/meta/internal/metals/TargetData;Lscala/meta/internal/metals/IndexProviders;Lscala/concurrent/ExecutionContextExecutorService;Lscala/meta/internal/metals/ReportContext;)V 251 <appendix> member <vmtarget> ; # scala/meta/internal/metals/ConnectionProvider$$Lambda$963+0x000000080137ae08
instanceKlass  @bci scala/meta/internal/metals/ConnectionProvider <init> (Lscala/meta/internal/metals/BuildToolProvider;Lscala/meta/internal/metals/Compilations;Lscala/meta/internal/builds/BuildTools;Lscala/meta/internal/metals/Buffers;Lscala/meta/internal/metals/Compilers;Lscala/meta/internal/metals/scalacli/ScalaCliServers;Lscala/meta/internal/metals/BloopServers;Lscala/meta/internal/builds/ShellRunner;Lscala/meta/internal/bsp/BspConfigGenerator;Lscala/Function0;Lscala/meta/internal/metals/doctor/Doctor;Lscala/Function0;Lscala/meta/internal/metals/Diagnostics;Ljava/nio/charset/Charset;Lscala/meta/internal/metals/MetalsBuildClient;Lscala/collection/immutable/List;Lscala/meta/internal/bsp/ConnectionBspStatus;Lscala/meta/internal/metals/TargetData;Lscala/meta/internal/metals/IndexProviders;Lscala/concurrent/ExecutionContextExecutorService;Lscala/meta/internal/metals/ReportContext;)V 225 <appendix> member <vmtarget> ; # scala/meta/internal/metals/ConnectionProvider$$Lambda$962+0x000000080137ab60
instanceKlass scala/meta/internal/bsp/BspConnector
instanceKlass  @bci scala/meta/internal/metals/ConnectionProvider <init> (Lscala/meta/internal/metals/BuildToolProvider;Lscala/meta/internal/metals/Compilations;Lscala/meta/internal/builds/BuildTools;Lscala/meta/internal/metals/Buffers;Lscala/meta/internal/metals/Compilers;Lscala/meta/internal/metals/scalacli/ScalaCliServers;Lscala/meta/internal/metals/BloopServers;Lscala/meta/internal/builds/ShellRunner;Lscala/meta/internal/bsp/BspConfigGenerator;Lscala/Function0;Lscala/meta/internal/metals/doctor/Doctor;Lscala/Function0;Lscala/meta/internal/metals/Diagnostics;Ljava/nio/charset/Charset;Lscala/meta/internal/metals/MetalsBuildClient;Lscala/collection/immutable/List;Lscala/meta/internal/bsp/ConnectionBspStatus;Lscala/meta/internal/metals/TargetData;Lscala/meta/internal/metals/IndexProviders;Lscala/concurrent/ExecutionContextExecutorService;Lscala/meta/internal/metals/ReportContext;)V 172 <appendix> member <vmtarget> ; # scala/meta/internal/metals/ConnectionProvider$$Lambda$961+0x000000080137a6a8
instanceKlass scala/meta/internal/bsp/BspResolvedResult
instanceKlass scala/meta/internal/bsp/BspServers
instanceKlass scala/meta/internal/builds/WorkspaceReload
instanceKlass  @bci scala/meta/internal/metals/SqlSharedIndices <init> ()V 21 <appendix> member <vmtarget> ; # scala/meta/internal/metals/SqlSharedIndices$$Lambda$960+0x0000000801379b60
instanceKlass  @bci scala/meta/internal/metals/ProjectMetalsLspService <init> (Lscala/concurrent/ExecutionContextExecutorService;Ljava/util/concurrent/ScheduledExecutorService;Lscala/meta/internal/metals/MetalsServerInputs;Lscala/meta/internal/metals/clients/language/ConfiguredLanguageClient;Lorg/eclipse/lsp4j/InitializeParams;Lscala/meta/internal/metals/ClientConfiguration;Lscala/meta/internal/metals/StatusBar;Lscala/Function0;Lscala/meta/internal/metals/TimerProvider;Lscala/Function0;Lscala/meta/io/AbsolutePath;Lscala/Option;Lscala/meta/internal/metals/doctor/HeadDoctor;Lscala/meta/internal/metals/BspStatus;Lscala/meta/internal/metals/WorkDoneProgress;ILscala/meta/internal/metals/ModuleStatus;)V 456 <appendix> member <vmtarget> ; # scala/meta/internal/metals/ProjectMetalsLspService$$Lambda$959+0x0000000801379388
instanceKlass scala/meta/internal/builds/Digest$Status
instanceKlass scala/meta/internal/metals/TargetData$MappedSource
instanceKlass scala/collection/parallel/TaskSupport
instanceKlass scala/collection/parallel/Tasks
instanceKlass  @bci scala/meta/internal/metals/BloopServers$ createBloopWorkingDir (Lscala/concurrent/ExecutionContext;)Lscala/meta/io/AbsolutePath; 20 <appendix> argL0 ; # scala/meta/internal/metals/BloopServers$$$Lambda$958+0x00000008013783b0
instanceKlass  @bci scala/meta/internal/metals/BloopServers$ createBloopWorkingDir (Lscala/concurrent/ExecutionContext;)Lscala/meta/io/AbsolutePath; 12 <appendix> argL0 ; # scala/meta/internal/metals/BloopServers$$$Lambda$957+0x0000000801378000
instanceKlass scala/meta/internal/metals/BloopServers$
instanceKlass bloop/rifle/BloopRifleConfig$Address
instanceKlass bloop/rifle/BloopRifleLogger
instanceKlass scala/meta/internal/metals/BloopServers
instanceKlass scala/meta/internal/builds/BuildToolSelector
instanceKlass  @bci scala/meta/internal/metals/ProjectMetalsLspService <init> (Lscala/concurrent/ExecutionContextExecutorService;Ljava/util/concurrent/ScheduledExecutorService;Lscala/meta/internal/metals/MetalsServerInputs;Lscala/meta/internal/metals/clients/language/ConfiguredLanguageClient;Lorg/eclipse/lsp4j/InitializeParams;Lscala/meta/internal/metals/ClientConfiguration;Lscala/meta/internal/metals/StatusBar;Lscala/Function0;Lscala/meta/internal/metals/TimerProvider;Lscala/Function0;Lscala/meta/io/AbsolutePath;Lscala/Option;Lscala/meta/internal/metals/doctor/HeadDoctor;Lscala/meta/internal/metals/BspStatus;Lscala/meta/internal/metals/WorkDoneProgress;ILscala/meta/internal/metals/ModuleStatus;)V 366 <appendix> member <vmtarget> ; # scala/meta/internal/metals/ProjectMetalsLspService$$Lambda$956+0x0000000801376898
instanceKlass scala/meta/internal/builds/BuildTool$Verified
instanceKlass scala/meta/internal/metals/BuildToolProvider
instanceKlass  @bci scala/meta/internal/metals/ProjectMetalsLspService <init> (Lscala/concurrent/ExecutionContextExecutorService;Ljava/util/concurrent/ScheduledExecutorService;Lscala/meta/internal/metals/MetalsServerInputs;Lscala/meta/internal/metals/clients/language/ConfiguredLanguageClient;Lorg/eclipse/lsp4j/InitializeParams;Lscala/meta/internal/metals/ClientConfiguration;Lscala/meta/internal/metals/StatusBar;Lscala/Function0;Lscala/meta/internal/metals/TimerProvider;Lscala/Function0;Lscala/meta/io/AbsolutePath;Lscala/Option;Lscala/meta/internal/metals/doctor/HeadDoctor;Lscala/meta/internal/metals/BspStatus;Lscala/meta/internal/metals/WorkDoneProgress;ILscala/meta/internal/metals/ModuleStatus;)V 333 <appendix> member <vmtarget> ; # scala/meta/internal/metals/ProjectMetalsLspService$$Lambda$955+0x00000008013760d8
instanceKlass scala/meta/internal/metals/ProjectWarnings
instanceKlass  @bci scala/meta/internal/metals/ProjectMetalsLspService <init> (Lscala/concurrent/ExecutionContextExecutorService;Ljava/util/concurrent/ScheduledExecutorService;Lscala/meta/internal/metals/MetalsServerInputs;Lscala/meta/internal/metals/clients/language/ConfiguredLanguageClient;Lorg/eclipse/lsp4j/InitializeParams;Lscala/meta/internal/metals/ClientConfiguration;Lscala/meta/internal/metals/StatusBar;Lscala/Function0;Lscala/meta/internal/metals/TimerProvider;Lscala/Function0;Lscala/meta/io/AbsolutePath;Lscala/Option;Lscala/meta/internal/metals/doctor/HeadDoctor;Lscala/meta/internal/metals/BspStatus;Lscala/meta/internal/metals/WorkDoneProgress;ILscala/meta/internal/metals/ModuleStatus;)V 299 <appendix> member <vmtarget> ; # scala/meta/internal/metals/ProjectMetalsLspService$$Lambda$954+0x0000000801375c20
instanceKlass scala/meta/internal/metals/FileSystemSemanticdbs
instanceKlass  @bci scala/meta/internal/metals/ProjectMetalsLspService <init> (Lscala/concurrent/ExecutionContextExecutorService;Ljava/util/concurrent/ScheduledExecutorService;Lscala/meta/internal/metals/MetalsServerInputs;Lscala/meta/internal/metals/clients/language/ConfiguredLanguageClient;Lorg/eclipse/lsp4j/InitializeParams;Lscala/meta/internal/metals/ClientConfiguration;Lscala/meta/internal/metals/StatusBar;Lscala/Function0;Lscala/meta/internal/metals/TimerProvider;Lscala/Function0;Lscala/meta/io/AbsolutePath;Lscala/Option;Lscala/meta/internal/metals/doctor/HeadDoctor;Lscala/meta/internal/metals/BspStatus;Lscala/meta/internal/metals/WorkDoneProgress;ILscala/meta/internal/metals/ModuleStatus;)V 264 <appendix> member <vmtarget> ; # scala/meta/internal/metals/ProjectMetalsLspService$$Lambda$953+0x0000000801375768
instanceKlass scala/meta/internal/bsp/BspConfigGenerationStatus$BspConfigGenerationStatus
instanceKlass scala/meta/internal/bsp/BspConfigGenerator
instanceKlass  @bci scala/meta/internal/metals/ProjectMetalsLspService <init> (Lscala/concurrent/ExecutionContextExecutorService;Ljava/util/concurrent/ScheduledExecutorService;Lscala/meta/internal/metals/MetalsServerInputs;Lscala/meta/internal/metals/clients/language/ConfiguredLanguageClient;Lorg/eclipse/lsp4j/InitializeParams;Lscala/meta/internal/metals/ClientConfiguration;Lscala/meta/internal/metals/StatusBar;Lscala/Function0;Lscala/meta/internal/metals/TimerProvider;Lscala/Function0;Lscala/meta/io/AbsolutePath;Lscala/Option;Lscala/meta/internal/metals/doctor/HeadDoctor;Lscala/meta/internal/metals/BspStatus;Lscala/meta/internal/metals/WorkDoneProgress;ILscala/meta/internal/metals/ModuleStatus;)V 229 <appendix> member <vmtarget> ; # scala/meta/internal/metals/ProjectMetalsLspService$$Lambda$952+0x00000008013750e0
instanceKlass  @bci scala/meta/internal/metals/watcher/ProjectFileWatcher <init> (Lscala/meta/internal/metals/MetalsServerConfig;Lscala/Function0;Lscala/meta/internal/metals/BuildTargets;Lscala/Function1;Lscala/Function1;Lscala/concurrent/ExecutionContext;)V 38 <appendix> argL0 ; # scala/meta/internal/metals/watcher/ProjectFileWatcher$$Lambda$951+0x0000000801374e20
instanceKlass  @bci scala/meta/internal/metals/ProjectMetalsLspService <init> (Lscala/concurrent/ExecutionContextExecutorService;Ljava/util/concurrent/ScheduledExecutorService;Lscala/meta/internal/metals/MetalsServerInputs;Lscala/meta/internal/metals/clients/language/ConfiguredLanguageClient;Lorg/eclipse/lsp4j/InitializeParams;Lscala/meta/internal/metals/ClientConfiguration;Lscala/meta/internal/metals/StatusBar;Lscala/Function0;Lscala/meta/internal/metals/TimerProvider;Lscala/Function0;Lscala/meta/io/AbsolutePath;Lscala/Option;Lscala/meta/internal/metals/doctor/HeadDoctor;Lscala/meta/internal/metals/BspStatus;Lscala/meta/internal/metals/WorkDoneProgress;ILscala/meta/internal/metals/ModuleStatus;)V 195 <appendix> member <vmtarget> ; # scala/meta/internal/metals/ProjectMetalsLspService$$Lambda$950+0x0000000801374a68
instanceKlass scala/meta/internal/metals/watcher/FileWatcherEvent
instanceKlass  @bci scala/meta/internal/metals/ProjectMetalsLspService <init> (Lscala/concurrent/ExecutionContextExecutorService;Ljava/util/concurrent/ScheduledExecutorService;Lscala/meta/internal/metals/MetalsServerInputs;Lscala/meta/internal/metals/clients/language/ConfiguredLanguageClient;Lorg/eclipse/lsp4j/InitializeParams;Lscala/meta/internal/metals/ClientConfiguration;Lscala/meta/internal/metals/StatusBar;Lscala/Function0;Lscala/meta/internal/metals/TimerProvider;Lscala/Function0;Lscala/meta/io/AbsolutePath;Lscala/Option;Lscala/meta/internal/metals/doctor/HeadDoctor;Lscala/meta/internal/metals/BspStatus;Lscala/meta/internal/metals/WorkDoneProgress;ILscala/meta/internal/metals/ModuleStatus;)V 189 <appendix> member <vmtarget> ; # scala/meta/internal/metals/ProjectMetalsLspService$$Lambda$949+0x0000000801374450
instanceKlass  @bci scala/meta/internal/metals/ProjectMetalsLspService <init> (Lscala/concurrent/ExecutionContextExecutorService;Ljava/util/concurrent/ScheduledExecutorService;Lscala/meta/internal/metals/MetalsServerInputs;Lscala/meta/internal/metals/clients/language/ConfiguredLanguageClient;Lorg/eclipse/lsp4j/InitializeParams;Lscala/meta/internal/metals/ClientConfiguration;Lscala/meta/internal/metals/StatusBar;Lscala/Function0;Lscala/meta/internal/metals/TimerProvider;Lscala/Function0;Lscala/meta/io/AbsolutePath;Lscala/Option;Lscala/meta/internal/metals/doctor/HeadDoctor;Lscala/meta/internal/metals/BspStatus;Lscala/meta/internal/metals/WorkDoneProgress;ILscala/meta/internal/metals/ModuleStatus;)V 179 <appendix> member <vmtarget> ; # scala/meta/internal/metals/ProjectMetalsLspService$$Lambda$948+0x00000008013741a8
instanceKlass scala/meta/internal/metals/watcher/ProjectFileWatcher
instanceKlass  @bci scala/meta/internal/metals/ProjectMetalsLspService <init> (Lscala/concurrent/ExecutionContextExecutorService;Ljava/util/concurrent/ScheduledExecutorService;Lscala/meta/internal/metals/MetalsServerInputs;Lscala/meta/internal/metals/clients/language/ConfiguredLanguageClient;Lorg/eclipse/lsp4j/InitializeParams;Lscala/meta/internal/metals/ClientConfiguration;Lscala/meta/internal/metals/StatusBar;Lscala/Function0;Lscala/meta/internal/metals/TimerProvider;Lscala/Function0;Lscala/meta/io/AbsolutePath;Lscala/Option;Lscala/meta/internal/metals/doctor/HeadDoctor;Lscala/meta/internal/metals/BspStatus;Lscala/meta/internal/metals/WorkDoneProgress;ILscala/meta/internal/metals/ModuleStatus;)V 153 <appendix> member <vmtarget> ; # scala/meta/internal/metals/ProjectMetalsLspService$$Lambda$947+0x0000000801373cb0
instanceKlass  @bci scala/meta/internal/metals/ProjectMetalsLspService <init> (Lscala/concurrent/ExecutionContextExecutorService;Ljava/util/concurrent/ScheduledExecutorService;Lscala/meta/internal/metals/MetalsServerInputs;Lscala/meta/internal/metals/clients/language/ConfiguredLanguageClient;Lorg/eclipse/lsp4j/InitializeParams;Lscala/meta/internal/metals/ClientConfiguration;Lscala/meta/internal/metals/StatusBar;Lscala/Function0;Lscala/meta/internal/metals/TimerProvider;Lscala/Function0;Lscala/meta/io/AbsolutePath;Lscala/Option;Lscala/meta/internal/metals/doctor/HeadDoctor;Lscala/meta/internal/metals/BspStatus;Lscala/meta/internal/metals/WorkDoneProgress;ILscala/meta/internal/metals/ModuleStatus;)V 147 <appendix> member <vmtarget> ; # scala/meta/internal/metals/ProjectMetalsLspService$$Lambda$946+0x0000000801373a08
instanceKlass scala/meta/internal/builds/BuildTools
instanceKlass  @bci scala/meta/internal/metals/ProjectMetalsLspService <init> (Lscala/concurrent/ExecutionContextExecutorService;Ljava/util/concurrent/ScheduledExecutorService;Lscala/meta/internal/metals/MetalsServerInputs;Lscala/meta/internal/metals/clients/language/ConfiguredLanguageClient;Lorg/eclipse/lsp4j/InitializeParams;Lscala/meta/internal/metals/ClientConfiguration;Lscala/meta/internal/metals/StatusBar;Lscala/Function0;Lscala/meta/internal/metals/TimerProvider;Lscala/Function0;Lscala/meta/io/AbsolutePath;Lscala/Option;Lscala/meta/internal/metals/doctor/HeadDoctor;Lscala/meta/internal/metals/BspStatus;Lscala/meta/internal/metals/WorkDoneProgress;ILscala/meta/internal/metals/ModuleStatus;)V 66 <appendix> member <vmtarget> ; # scala/meta/internal/metals/ProjectMetalsLspService$$Lambda$945+0x0000000801373568
instanceKlass scala/meta/internal/metals/FolderReportsZippper
instanceKlass java/text/DigitList
instanceKlass java/text/FieldPosition
instanceKlass java/lang/StringUTF16$CharsSpliterator
instanceKlass java/util/stream/Sink$ChainedInt
instanceKlass  @bci java/util/stream/FindOps$FindSink$OfInt <clinit> ()V 43 <appendix> argL0 ; # java/util/stream/FindOps$FindSink$OfInt$$Lambda$33+0x800000048
instanceKlass  @bci java/util/stream/FindOps$FindSink$OfInt <clinit> ()V 38 <appendix> argL0 ; # java/util/stream/FindOps$FindSink$OfInt$$Lambda$35+0x80000004a
instanceKlass  @bci java/util/stream/FindOps$FindSink$OfInt <clinit> ()V 16 <appendix> argL0 ; # java/util/stream/FindOps$FindSink$OfInt$$Lambda$34+0x800000049
instanceKlass  @bci java/util/stream/FindOps$FindSink$OfInt <clinit> ()V 11 <appendix> argL0 ; # java/util/stream/FindOps$FindSink$OfInt$$Lambda$36+0x80000004b
instanceKlass java/util/OptionalInt
instanceKlass java/util/stream/Sink$OfInt
instanceKlass java/util/function/IntConsumer
instanceKlass  @bci java/text/DecimalFormatSymbols findNonFormatChar (Ljava/lang/String;C)C 4 <appendix> argL0 ; # java/text/DecimalFormatSymbols$$Lambda$7+0x80000000b
instanceKlass java/util/function/IntPredicate
instanceKlass java/util/stream/IntStream
instanceKlass java/lang/StringLatin1$CharsSpliterator
instanceKlass  @bci sun/util/locale/provider/JRELocaleProviderAdapter getDecimalFormatSymbolsProvider ()Ljava/text/spi/DecimalFormatSymbolsProvider; 8 <appendix> member <vmtarget> ; # sun/util/locale/provider/JRELocaleProviderAdapter$$Lambda$63+0x800000069
instanceKlass java/text/DecimalFormatSymbols
instanceKlass  @bci sun/util/locale/provider/JRELocaleProviderAdapter getNumberFormatProvider ()Ljava/text/spi/NumberFormatProvider; 8 <appendix> member <vmtarget> ; # sun/util/locale/provider/JRELocaleProviderAdapter$$Lambda$64+0x80000006a
instanceKlass sun/util/resources/Bundles$2
instanceKlass sun/util/resources/LocaleData$LocaleDataResourceBundleProvider
instanceKlass java/util/spi/ResourceBundleProvider
instanceKlass  @bci sun/util/locale/provider/JRELocaleProviderAdapter getDateFormatSymbolsProvider ()Ljava/text/spi/DateFormatSymbolsProvider; 8 <appendix> member <vmtarget> ; # sun/util/locale/provider/JRELocaleProviderAdapter$$Lambda$62+0x800000068
instanceKlass java/text/DateFormatSymbols
instanceKlass java/text/AttributedCharacterIterator$Attribute
instanceKlass  @bci scala/meta/internal/metals/Messages$ImportBuild$ params (Ljava/lang/String;)Lorg/eclipse/lsp4j/ShowMessageRequestParams; 10 <appendix> form vmentry <vmtarget> ; # java/lang/invoke/LambdaForm$MH+0x0000000801369c00
# instanceKlass java/lang/invoke/LambdaForm$MH+0x0000000801369800
instanceKlass  @bci scala/meta/internal/metals/Messages$ImportBuild$ params (Ljava/lang/String;)Lorg/eclipse/lsp4j/ShowMessageRequestParams; 10 <appendix> argL3 form vmentry <vmtarget> ; # java/lang/invoke/LambdaForm$MH+0x0000000801369400
# instanceKlass java/lang/invoke/LambdaForm$MH+0x0000000801369000
# instanceKlass java/lang/invoke/LambdaForm$MH+0x0000000801368c00
# instanceKlass java/lang/invoke/LambdaForm$MH+0x0000000801368800
instanceKlass  @bci scala/meta/internal/metals/doctor/Doctor <init> (Lscala/meta/io/AbsolutePath;Lscala/meta/internal/metals/BuildTargets;Lscala/meta/internal/metals/Diagnostics;Lscala/meta/internal/metals/clients/language/MetalsLanguageClient;Lscala/meta/internal/metals/Tables;Lscala/meta/internal/metals/ClientConfiguration;Lscala/meta/internal/metals/MtagsResolver;Ljava/lang/String;Lscala/Function0;Lscala/concurrent/ExecutionContext;Lscala/meta/internal/metals/ReportContext;)V 100 <appendix> member <vmtarget> ; # scala/meta/internal/metals/doctor/Doctor$$Lambda$936+0x0000000801372ff0
instanceKlass  @bci scala/meta/internal/metals/doctor/Doctor <init> (Lscala/meta/io/AbsolutePath;Lscala/meta/internal/metals/BuildTargets;Lscala/meta/internal/metals/Diagnostics;Lscala/meta/internal/metals/clients/language/MetalsLanguageClient;Lscala/meta/internal/metals/Tables;Lscala/meta/internal/metals/ClientConfiguration;Lscala/meta/internal/metals/MtagsResolver;Ljava/lang/String;Lscala/Function0;Lscala/concurrent/ExecutionContext;Lscala/meta/internal/metals/ReportContext;)V 94 <appendix> member <vmtarget> ; # scala/meta/internal/metals/doctor/Doctor$$Lambda$935+0x0000000801372d28
instanceKlass  @bci scala/meta/internal/metals/doctor/Doctor <init> (Lscala/meta/io/AbsolutePath;Lscala/meta/internal/metals/BuildTargets;Lscala/meta/internal/metals/Diagnostics;Lscala/meta/internal/metals/clients/language/MetalsLanguageClient;Lscala/meta/internal/metals/Tables;Lscala/meta/internal/metals/ClientConfiguration;Lscala/meta/internal/metals/MtagsResolver;Ljava/lang/String;Lscala/Function0;Lscala/concurrent/ExecutionContext;Lscala/meta/internal/metals/ReportContext;)V 88 <appendix> member <vmtarget> ; # scala/meta/internal/metals/doctor/Doctor$$Lambda$934+0x0000000801372a80
instanceKlass scala/meta/internal/metals/doctor/ProblemResolver
instanceKlass  @bci scala/meta/internal/metals/MetalsLspService <init> (Lscala/concurrent/ExecutionContextExecutorService;Ljava/util/concurrent/ScheduledExecutorService;Lscala/meta/internal/metals/MetalsServerInputs;Lscala/meta/internal/metals/clients/language/ConfiguredLanguageClient;Lorg/eclipse/lsp4j/InitializeParams;Lscala/meta/internal/metals/ClientConfiguration;Lscala/meta/internal/metals/StatusBar;Lscala/Function0;Lscala/meta/internal/metals/TimerProvider;Lscala/meta/io/AbsolutePath;Lscala/Option;Lscala/meta/internal/metals/doctor/HeadDoctor;Lscala/meta/internal/metals/BspStatus;Lscala/meta/internal/metals/WorkDoneProgress;ILscala/meta/internal/metals/ModuleStatus;)V 2533 <appendix> member <vmtarget> ; # scala/meta/internal/metals/MetalsLspService$$Lambda$933+0x00000008013725b8
instanceKlass scala/meta/internal/metals/doctor/DoctorStatus
instanceKlass scala/meta/internal/metals/doctor/Doctor
instanceKlass scala/collection/immutable/Queue$
instanceKlass  @bci scala/meta/internal/metals/MetalsLspService <init> (Lscala/concurrent/ExecutionContextExecutorService;Ljava/util/concurrent/ScheduledExecutorService;Lscala/meta/internal/metals/MetalsServerInputs;Lscala/meta/internal/metals/clients/language/ConfiguredLanguageClient;Lorg/eclipse/lsp4j/InitializeParams;Lscala/meta/internal/metals/ClientConfiguration;Lscala/meta/internal/metals/StatusBar;Lscala/Function0;Lscala/meta/internal/metals/TimerProvider;Lscala/meta/io/AbsolutePath;Lscala/Option;Lscala/meta/internal/metals/doctor/HeadDoctor;Lscala/meta/internal/metals/BspStatus;Lscala/meta/internal/metals/WorkDoneProgress;ILscala/meta/internal/metals/ModuleStatus;)V 2474 <appendix> member <vmtarget> ; # scala/meta/internal/metals/MetalsLspService$$Lambda$932+0x000000080136a000
instanceKlass  @bci scala/meta/internal/metals/MetalsLspService <init> (Lscala/concurrent/ExecutionContextExecutorService;Ljava/util/concurrent/ScheduledExecutorService;Lscala/meta/internal/metals/MetalsServerInputs;Lscala/meta/internal/metals/clients/language/ConfiguredLanguageClient;Lorg/eclipse/lsp4j/InitializeParams;Lscala/meta/internal/metals/ClientConfiguration;Lscala/meta/internal/metals/StatusBar;Lscala/Function0;Lscala/meta/internal/metals/TimerProvider;Lscala/meta/io/AbsolutePath;Lscala/Option;Lscala/meta/internal/metals/doctor/HeadDoctor;Lscala/meta/internal/metals/BspStatus;Lscala/meta/internal/metals/WorkDoneProgress;ILscala/meta/internal/metals/ModuleStatus;)V 2468 <appendix> member <vmtarget> ; # scala/meta/internal/metals/MetalsLspService$$Lambda$931+0x000000080136fc88
instanceKlass  @bci scala/meta/internal/metals/MetalsLspService <init> (Lscala/concurrent/ExecutionContextExecutorService;Ljava/util/concurrent/ScheduledExecutorService;Lscala/meta/internal/metals/MetalsServerInputs;Lscala/meta/internal/metals/clients/language/ConfiguredLanguageClient;Lorg/eclipse/lsp4j/InitializeParams;Lscala/meta/internal/metals/ClientConfiguration;Lscala/meta/internal/metals/StatusBar;Lscala/Function0;Lscala/meta/internal/metals/TimerProvider;Lscala/meta/io/AbsolutePath;Lscala/Option;Lscala/meta/internal/metals/doctor/HeadDoctor;Lscala/meta/internal/metals/BspStatus;Lscala/meta/internal/metals/WorkDoneProgress;ILscala/meta/internal/metals/ModuleStatus;)V 2462 <appendix> member <vmtarget> ; # scala/meta/internal/metals/MetalsLspService$$Lambda$930+0x000000080136f9e0
instanceKlass  @bci scala/meta/internal/metals/MetalsLspService <init> (Lscala/concurrent/ExecutionContextExecutorService;Ljava/util/concurrent/ScheduledExecutorService;Lscala/meta/internal/metals/MetalsServerInputs;Lscala/meta/internal/metals/clients/language/ConfiguredLanguageClient;Lorg/eclipse/lsp4j/InitializeParams;Lscala/meta/internal/metals/ClientConfiguration;Lscala/meta/internal/metals/StatusBar;Lscala/Function0;Lscala/meta/internal/metals/TimerProvider;Lscala/meta/io/AbsolutePath;Lscala/Option;Lscala/meta/internal/metals/doctor/HeadDoctor;Lscala/meta/internal/metals/BspStatus;Lscala/meta/internal/metals/WorkDoneProgress;ILscala/meta/internal/metals/ModuleStatus;)V 2454 <appendix> member <vmtarget> ; # scala/meta/internal/metals/MetalsLspService$$Lambda$929+0x000000080136f738
instanceKlass  @bci scala/meta/internal/metals/MetalsLspService <init> (Lscala/concurrent/ExecutionContextExecutorService;Ljava/util/concurrent/ScheduledExecutorService;Lscala/meta/internal/metals/MetalsServerInputs;Lscala/meta/internal/metals/clients/language/ConfiguredLanguageClient;Lorg/eclipse/lsp4j/InitializeParams;Lscala/meta/internal/metals/ClientConfiguration;Lscala/meta/internal/metals/StatusBar;Lscala/Function0;Lscala/meta/internal/metals/TimerProvider;Lscala/meta/io/AbsolutePath;Lscala/Option;Lscala/meta/internal/metals/doctor/HeadDoctor;Lscala/meta/internal/metals/BspStatus;Lscala/meta/internal/metals/WorkDoneProgress;ILscala/meta/internal/metals/ModuleStatus;)V 2444 <appendix> member <vmtarget> ; # scala/meta/internal/metals/MetalsLspService$$Lambda$928+0x000000080136f490
instanceKlass  @bci scala/meta/internal/metals/MetalsLspService <init> (Lscala/concurrent/ExecutionContextExecutorService;Ljava/util/concurrent/ScheduledExecutorService;Lscala/meta/internal/metals/MetalsServerInputs;Lscala/meta/internal/metals/clients/language/ConfiguredLanguageClient;Lorg/eclipse/lsp4j/InitializeParams;Lscala/meta/internal/metals/ClientConfiguration;Lscala/meta/internal/metals/StatusBar;Lscala/Function0;Lscala/meta/internal/metals/TimerProvider;Lscala/meta/io/AbsolutePath;Lscala/Option;Lscala/meta/internal/metals/doctor/HeadDoctor;Lscala/meta/internal/metals/BspStatus;Lscala/meta/internal/metals/WorkDoneProgress;ILscala/meta/internal/metals/ModuleStatus;)V 2438 <appendix> member <vmtarget> ; # scala/meta/internal/metals/MetalsLspService$$Lambda$927+0x000000080136f1e8
instanceKlass  @bci scala/meta/internal/metals/MetalsLspService <init> (Lscala/concurrent/ExecutionContextExecutorService;Ljava/util/concurrent/ScheduledExecutorService;Lscala/meta/internal/metals/MetalsServerInputs;Lscala/meta/internal/metals/clients/language/ConfiguredLanguageClient;Lorg/eclipse/lsp4j/InitializeParams;Lscala/meta/internal/metals/ClientConfiguration;Lscala/meta/internal/metals/StatusBar;Lscala/Function0;Lscala/meta/internal/metals/TimerProvider;Lscala/meta/io/AbsolutePath;Lscala/Option;Lscala/meta/internal/metals/doctor/HeadDoctor;Lscala/meta/internal/metals/BspStatus;Lscala/meta/internal/metals/WorkDoneProgress;ILscala/meta/internal/metals/ModuleStatus;)V 2422 <appendix> member <vmtarget> ; # scala/meta/internal/metals/MetalsLspService$$Lambda$926+0x000000080136ef40
instanceKlass  @bci scala/meta/internal/metals/clients/language/ForwardingMetalsBuildClient registerLogForwarder (Lscala/meta/internal/metals/clients/language/LogForwarder;)Lscala/collection/immutable/List; 5 <appendix> member <vmtarget> ; # scala/meta/internal/metals/clients/language/ForwardingMetalsBuildClient$$Lambda$925+0x000000080136ecf8
instanceKlass java/util/function/UnaryOperator
instanceKlass scala/meta/internal/metals/debug/server/DebugeeParamsCreator
instanceKlass  @bci scala/meta/internal/metals/MetalsLspService <init> (Lscala/concurrent/ExecutionContextExecutorService;Ljava/util/concurrent/ScheduledExecutorService;Lscala/meta/internal/metals/MetalsServerInputs;Lscala/meta/internal/metals/clients/language/ConfiguredLanguageClient;Lorg/eclipse/lsp4j/InitializeParams;Lscala/meta/internal/metals/ClientConfiguration;Lscala/meta/internal/metals/StatusBar;Lscala/Function0;Lscala/meta/internal/metals/TimerProvider;Lscala/meta/io/AbsolutePath;Lscala/Option;Lscala/meta/internal/metals/doctor/HeadDoctor;Lscala/meta/internal/metals/BspStatus;Lscala/meta/internal/metals/WorkDoneProgress;ILscala/meta/internal/metals/ModuleStatus;)V 2378 <appendix> member <vmtarget> ; # scala/meta/internal/metals/MetalsLspService$$Lambda$924+0x000000080136e3c0
instanceKlass ch/epfl/scala/debugadapter/Debuggee
instanceKlass ch/epfl/scala/debugadapter/DebugToolsResolver
instanceKlass ch/epfl/scala/debugadapter/Logger
instanceKlass java/net/SocketAddress
instanceKlass scala/meta/internal/metals/debug/DebugProvider
instanceKlass  @bci scala/meta/internal/metals/MetalsLspService <init> (Lscala/concurrent/ExecutionContextExecutorService;Ljava/util/concurrent/ScheduledExecutorService;Lscala/meta/internal/metals/MetalsServerInputs;Lscala/meta/internal/metals/clients/language/ConfiguredLanguageClient;Lorg/eclipse/lsp4j/InitializeParams;Lscala/meta/internal/metals/ClientConfiguration;Lscala/meta/internal/metals/StatusBar;Lscala/Function0;Lscala/meta/internal/metals/TimerProvider;Lscala/meta/io/AbsolutePath;Lscala/Option;Lscala/meta/internal/metals/doctor/HeadDoctor;Lscala/meta/internal/metals/BspStatus;Lscala/meta/internal/metals/WorkDoneProgress;ILscala/meta/internal/metals/ModuleStatus;)V 2304 <appendix> member <vmtarget> ; # scala/meta/internal/metals/MetalsLspService$$Lambda$923+0x000000080136d890
instanceKlass  @bci scala/meta/internal/metals/MetalsLspService <init> (Lscala/concurrent/ExecutionContextExecutorService;Ljava/util/concurrent/ScheduledExecutorService;Lscala/meta/internal/metals/MetalsServerInputs;Lscala/meta/internal/metals/clients/language/ConfiguredLanguageClient;Lorg/eclipse/lsp4j/InitializeParams;Lscala/meta/internal/metals/ClientConfiguration;Lscala/meta/internal/metals/StatusBar;Lscala/Function0;Lscala/meta/internal/metals/TimerProvider;Lscala/meta/io/AbsolutePath;Lscala/Option;Lscala/meta/internal/metals/doctor/HeadDoctor;Lscala/meta/internal/metals/BspStatus;Lscala/meta/internal/metals/WorkDoneProgress;ILscala/meta/internal/metals/ModuleStatus;)V 2298 <appendix> member <vmtarget> ; # scala/meta/internal/metals/MetalsLspService$$Lambda$922+0x000000080136d5e8
instanceKlass scala/meta/internal/metals/config/RunType$RunType
instanceKlass scala/meta/internal/metals/debug/DebugDiscovery
instanceKlass scala/meta/internal/metals/debug/BuildTargetClassesFinder
instanceKlass  @bci scala/meta/internal/metals/MetalsLspService <init> (Lscala/concurrent/ExecutionContextExecutorService;Ljava/util/concurrent/ScheduledExecutorService;Lscala/meta/internal/metals/MetalsServerInputs;Lscala/meta/internal/metals/clients/language/ConfiguredLanguageClient;Lorg/eclipse/lsp4j/InitializeParams;Lscala/meta/internal/metals/ClientConfiguration;Lscala/meta/internal/metals/StatusBar;Lscala/Function0;Lscala/meta/internal/metals/TimerProvider;Lscala/meta/io/AbsolutePath;Lscala/Option;Lscala/meta/internal/metals/doctor/HeadDoctor;Lscala/meta/internal/metals/BspStatus;Lscala/meta/internal/metals/WorkDoneProgress;ILscala/meta/internal/metals/ModuleStatus;)V 2236 <appendix> member <vmtarget> ; # scala/meta/internal/metals/MetalsLspService$$Lambda$921+0x0000000801366260
instanceKlass ch/epfl/scala/bsp4j/DidChangeBuildTarget
instanceKlass  @bci scala/meta/internal/metals/MetalsLspService <init> (Lscala/concurrent/ExecutionContextExecutorService;Ljava/util/concurrent/ScheduledExecutorService;Lscala/meta/internal/metals/MetalsServerInputs;Lscala/meta/internal/metals/clients/language/ConfiguredLanguageClient;Lorg/eclipse/lsp4j/InitializeParams;Lscala/meta/internal/metals/ClientConfiguration;Lscala/meta/internal/metals/StatusBar;Lscala/Function0;Lscala/meta/internal/metals/TimerProvider;Lscala/meta/io/AbsolutePath;Lscala/Option;Lscala/meta/internal/metals/doctor/HeadDoctor;Lscala/meta/internal/metals/BspStatus;Lscala/meta/internal/metals/WorkDoneProgress;ILscala/meta/internal/metals/ModuleStatus;)V 2230 <appendix> member <vmtarget> ; # scala/meta/internal/metals/MetalsLspService$$Lambda$920+0x0000000801365ca0
instanceKlass  @bci scala/meta/internal/metals/MetalsLspService <init> (Lscala/concurrent/ExecutionContextExecutorService;Ljava/util/concurrent/ScheduledExecutorService;Lscala/meta/internal/metals/MetalsServerInputs;Lscala/meta/internal/metals/clients/language/ConfiguredLanguageClient;Lorg/eclipse/lsp4j/InitializeParams;Lscala/meta/internal/metals/ClientConfiguration;Lscala/meta/internal/metals/StatusBar;Lscala/Function0;Lscala/meta/internal/metals/TimerProvider;Lscala/meta/io/AbsolutePath;Lscala/Option;Lscala/meta/internal/metals/doctor/HeadDoctor;Lscala/meta/internal/metals/BspStatus;Lscala/meta/internal/metals/WorkDoneProgress;ILscala/meta/internal/metals/ModuleStatus;)V 2224 <appendix> member <vmtarget> ; # scala/meta/internal/metals/MetalsLspService$$Lambda$919+0x00000008013658e8
instanceKlass ch/epfl/scala/bsp4j/CompileReport
instanceKlass scala/meta/internal/metals/clients/language/ForwardingMetalsBuildClient
instanceKlass scala/meta/internal/metals/MetalsPasteProvider
instanceKlass  @bci scala/meta/internal/metals/MetalsLspService <init> (Lscala/concurrent/ExecutionContextExecutorService;Ljava/util/concurrent/ScheduledExecutorService;Lscala/meta/internal/metals/MetalsServerInputs;Lscala/meta/internal/metals/clients/language/ConfiguredLanguageClient;Lorg/eclipse/lsp4j/InitializeParams;Lscala/meta/internal/metals/ClientConfiguration;Lscala/meta/internal/metals/StatusBar;Lscala/Function0;Lscala/meta/internal/metals/TimerProvider;Lscala/meta/io/AbsolutePath;Lscala/Option;Lscala/meta/internal/metals/doctor/HeadDoctor;Lscala/meta/internal/metals/BspStatus;Lscala/meta/internal/metals/WorkDoneProgress;ILscala/meta/internal/metals/ModuleStatus;)V 2139 <appendix> member <vmtarget> ; # scala/meta/internal/metals/MetalsLspService$$Lambda$918+0x0000000801364f60
instanceKlass scala/meta/internal/metals/findfiles/FindTextInDependencyJars
instanceKlass scala/meta/internal/metals/InlayHintResolveProvider
instanceKlass  @bci scala/meta/internal/metals/codeactions/CodeActionProvider <init> (Lscala/meta/internal/metals/Compilers;Lscala/meta/io/AbsolutePath;Lscala/meta/internal/metals/Buffers;Lscala/meta/internal/metals/BuildTargets;Lscala/meta/internal/metals/ScalafixProvider;Lscala/meta/internal/parsing/Trees;Lscala/meta/internal/metals/Diagnostics;Lscala/meta/internal/metals/clients/language/MetalsLanguageClient;Lscala/meta/internal/metals/ClientConfiguration;Lscala/concurrent/ExecutionContext;)V 456 <appendix> argL0 ; # scala/meta/internal/metals/codeactions/CodeActionProvider$$Lambda$917+0x00000008013649b0
instanceKlass  @bci scala/meta/internal/metals/ServerCommands$ <clinit> ()V 2774 <appendix> argL0 ; # scala/meta/internal/metals/ServerCommands$$$Lambda$916+0x0000000801364600
instanceKlass scala/meta/internal/metals/OpenBrowserCommand
instanceKlass  @bci scala/meta/internal/metals/ServerCommands$ <clinit> ()V 2054 <appendix> form vmentry <vmtarget> ; # java/lang/invoke/LambdaForm$MH+0x0000000801368400
# instanceKlass java/lang/invoke/LambdaForm$MH+0x0000000801368000
# instanceKlass java/lang/invoke/LambdaForm$MH+0x0000000801363c00
# instanceKlass java/lang/invoke/LambdaForm$MH+0x0000000801363800
# instanceKlass java/lang/invoke/LambdaForm$MH+0x0000000801363400
# instanceKlass java/lang/invoke/LambdaForm$MH+0x0000000801363000
# instanceKlass java/lang/invoke/LambdaForm$MH+0x0000000801362c00
instanceKlass scala/meta/internal/metals/newScalaFile/NewFileTypes$JavaRecord$
instanceKlass scala/meta/internal/metals/newScalaFile/NewFileTypes$JavaEnum$
instanceKlass scala/meta/internal/metals/newScalaFile/NewFileTypes$JavaInterface$
instanceKlass scala/meta/internal/metals/newScalaFile/NewFileTypes$JavaClass$
instanceKlass  @bci scala/meta/internal/metals/ServerCommands$ <clinit> ()V 1949 <adapter> ; # java/lang/invoke/LambdaForm$MH+0x0000000801362800
# instanceKlass java/lang/invoke/LambdaForm$DMH+0x0000000801362400
instanceKlass  @bci scala/meta/internal/metals/ServerCommands$ <clinit> ()V 1949 <appendix> form vmentry <vmtarget> ; # java/lang/invoke/LambdaForm$MH+0x0000000801362000
# instanceKlass java/lang/invoke/LambdaForm$DMH+0x0000000801361c00
# instanceKlass java/lang/invoke/LambdaForm$MH+0x0000000801361800
# instanceKlass java/lang/invoke/LambdaForm$DMH+0x0000000801361400
instanceKlass  @bci org/flywaydb/core/internal/resource/ResourceName getFilenameWithoutSuffix ()Ljava/lang/String; 66 <appendix> argL3 form vmentry <vmtarget> ; # java/lang/invoke/LambdaForm$MH+0x0000000801361000
# instanceKlass java/lang/invoke/LambdaForm$MH+0x0000000801360c00
# instanceKlass java/lang/invoke/LambdaForm$DMH+0x0000000801360800
# instanceKlass java/lang/invoke/LambdaForm$MH+0x0000000801360400
# instanceKlass java/lang/invoke/LambdaForm$DMH+0x0000000801360000
instanceKlass java/lang/invoke/ClassSpecializer$Factory$1Var
# instanceKlass java/lang/invoke/LambdaForm$MH+0x000000080135bc00
# instanceKlass java/lang/invoke/LambdaForm$MH+0x000000080135b800
instanceKlass  @bci org/flywaydb/core/internal/database/h2/H2Database getSelectStatement (Lorg/flywaydb/core/internal/database/base/Table;)Ljava/lang/String; 173 <appendix> argL6 form vmentry <vmtarget> ; # java/lang/invoke/LambdaForm$MH+0x000000080135b400
# instanceKlass java/lang/invoke/LambdaForm$MH+0x000000080135b000
# instanceKlass java/lang/invoke/LambdaForm$MH+0x000000080135ac00
# instanceKlass java/lang/invoke/LambdaForm$MH+0x000000080135a800
# instanceKlass java/lang/invoke/LambdaForm$MH+0x000000080135a400
# instanceKlass java/lang/invoke/LambdaForm$MH+0x000000080135a000
# instanceKlass java/lang/invoke/LambdaForm$MH+0x0000000801359c00
# instanceKlass java/lang/invoke/LambdaForm$MH+0x0000000801359800
instanceKlass  @bci org/flywaydb/core/internal/resource/ResourceName getFilenameWithoutSuffix ()Ljava/lang/String; 66 <appendix> argL1 form vmentry <vmtarget> ; # java/lang/invoke/LambdaForm$MH+0x0000000801359400
# instanceKlass java/lang/invoke/LambdaForm$MH+0x0000000801359000
# instanceKlass java/lang/invoke/LambdaForm$MH+0x0000000801358c00
# instanceKlass java/lang/invoke/LambdaForm$MH+0x0000000801358800
instanceKlass scala/meta/internal/metals/newScalaFile/NewFileTypes$ScalaScript$
instanceKlass scala/meta/internal/metals/newScalaFile/NewFileTypes$Worksheet$
instanceKlass scala/meta/internal/metals/newScalaFile/NewFileTypes$PackageObject$
instanceKlass scala/meta/internal/metals/newScalaFile/NewFileTypes$Trait$
instanceKlass scala/meta/internal/metals/newScalaFile/NewFileTypes$Object$
instanceKlass scala/meta/internal/metals/newScalaFile/NewFileTypes$Enum$
instanceKlass scala/meta/internal/metals/newScalaFile/NewFileTypes$CaseClass$
instanceKlass scala/meta/internal/metals/newScalaFile/NewFileTypes$Class$
instanceKlass scala/meta/internal/metals/newScalaFile/NewFileTypes$FromClipboard$
instanceKlass scala/meta/internal/metals/newScalaFile/NewFileTypes$ScalaFile$
instanceKlass scala/meta/internal/metals/ListParametrizedCommand
instanceKlass scala/meta/internal/metals/ServerCommands$ChooseClassRequest
instanceKlass scala/meta/internal/metals/MetalsPasteParams
instanceKlass scala/meta/internal/metals/DebugUnresolvedAttachRemoteParams
instanceKlass scala/meta/internal/metals/DebugUnresolvedTestClassParams
instanceKlass scala/meta/internal/metals/ScalaTestSuitesDebugRequest
instanceKlass scala/meta/internal/metals/DebugUnresolvedMainClassParams
instanceKlass ch/epfl/scala/bsp4j/DebugSessionParams
instanceKlass scala/meta/internal/metals/RunScalafixRulesParams
instanceKlass scala/meta/internal/metals/ServerCommands$DiscoverTestParams
instanceKlass scala/meta/internal/metals/DebugDiscoveryParams
instanceKlass scala/meta/internal/metals/ParametrizedCommand$
instanceKlass scala/meta/internal/metals/JsonParser$Of
instanceKlass scala/meta/internal/metals/ParametrizedCommand
instanceKlass  @bci scala/collection/StringOps$ stripMargin$extension (Ljava/lang/String;C)Ljava/lang/String; 27 <appendix> form vmentry <vmtarget> ; # java/lang/invoke/LambdaForm$DMH+0x0000000801358400
instanceKlass  @bci scala/collection/StringOps$ stripMargin$extension (Ljava/lang/String;C)Ljava/lang/String; 27 <appendix> member <vmtarget> ; # scala/collection/StringOps$$$Lambda$915+0x0000000801356bb0
instanceKlass  @cpi scala/collection/StringOps$ 488 form vmentry <vmtarget> ; # java/lang/invoke/LambdaForm$DMH+0x0000000801358000
instanceKlass scala/meta/internal/metals/Command
instanceKlass scala/meta/internal/metals/ServerCommands$
instanceKlass  @bci scala/meta/internal/metals/codeactions/CodeActionProvider <init> (Lscala/meta/internal/metals/Compilers;Lscala/meta/io/AbsolutePath;Lscala/meta/internal/metals/Buffers;Lscala/meta/internal/metals/BuildTargets;Lscala/meta/internal/metals/ScalafixProvider;Lscala/meta/internal/parsing/Trees;Lscala/meta/internal/metals/Diagnostics;Lscala/meta/internal/metals/clients/language/MetalsLanguageClient;Lscala/meta/internal/metals/ClientConfiguration;Lscala/concurrent/ExecutionContext;)V 448 <appendix> argL0 ; # scala/meta/internal/metals/codeactions/CodeActionProvider$$Lambda$914+0x00000008013562d8
instanceKlass scala/meta/internal/metals/codeactions/ConvertToNamedLambdaParameters
instanceKlass scala/meta/internal/metals/codeactions/SourceRemoveInvalidImports$
instanceKlass scala/meta/internal/metals/codeactions/RemoveInvalidImportQuickFix$
instanceKlass scala/meta/internal/metals/codeactions/RemoveInvalidImport$RemovalEdit
instanceKlass scala/meta/internal/metals/codeactions/RemoveInvalidImport
instanceKlass scala/meta/internal/metals/codeactions/ConvertCommentCodeAction
instanceKlass scala/meta/internal/metals/codeactions/MillifyScalaCliDependencyCodeAction
instanceKlass scala/meta/internal/metals/codeactions/MillifyDependencyCodeAction
instanceKlass scala/meta/internal/metals/codeactions/FilterMapToCollectCodeAction$FunctionApply
instanceKlass scala/meta/Name
instanceKlass scala/meta/internal/metals/codeactions/FilterMapToCollectCodeAction
instanceKlass scala/meta/Pat
instanceKlass scala/meta/internal/metals/codeactions/FlatMapToForComprehensionCodeAction
instanceKlass scala/meta/internal/metals/codeactions/ConvertToNamedArguments
instanceKlass scala/meta/internal/metals/codeactions/InlineValueCodeAction
instanceKlass scala/meta/internal/metals/codeactions/ExtractMethodCodeAction
instanceKlass scala/meta/internal/metals/codeactions/CreateCompanionObjectCodeAction
instanceKlass scala/meta/internal/metals/codeactions/ExtractValueCodeAction
instanceKlass scala/meta/internal/metals/codeactions/RewriteBracesParensCodeAction
instanceKlass scala/meta/internal/metals/codeactions/PatternMatchRefactor
instanceKlass scala/meta/internal/metals/codeactions/InsertInferredType
instanceKlass scala/meta/internal/metals/codeactions/OrganizeImportsQuickFix$
instanceKlass scala/meta/internal/metals/codeactions/SourceOrganizeImports$
instanceKlass scala/meta/internal/metals/codeactions/OrganizeImports
instanceKlass scala/meta/internal/metals/codeactions/RemoveInfixRefactor
instanceKlass scala/meta/internal/metals/codeactions/StringActions
instanceKlass scala/meta/internal/metals/codeactions/ExplainDiagnostic
instanceKlass scala/meta/internal/metals/codeactions/ActionableDiagnostic
instanceKlass scala/meta/internal/metals/codeactions/CreateNewSymbol
instanceKlass scala/meta/internal/metals/codeactions/SourceAddMissingImports$
instanceKlass scala/meta/internal/metals/codeactions/ImportMissingSymbol$
instanceKlass scala/meta/internal/metals/codeactions/ImportMissingSymbolQuickFix$
instanceKlass scala/meta/internal/metals/codeactions/ImportMissingSymbol
instanceKlass scala/meta/internal/metals/codeactions/ImplementAbstractMembers
instanceKlass scala/meta/internal/metals/codeactions/CodeAction$$anon$1
instanceKlass scala/meta/transversers/SimpleTraverser
instanceKlass scala/meta/Term$Ref
instanceKlass scala/meta/Ref
instanceKlass scala/meta/internal/metals/codeactions/ExtractRenameMember
instanceKlass scala/meta/internal/metals/codeactions/CodeAction
instanceKlass scala/meta/internal/metals/codeactions/CodeActionProvider
instanceKlass  @bci scala/meta/internal/metals/MetalsLspService <init> (Lscala/concurrent/ExecutionContextExecutorService;Ljava/util/concurrent/ScheduledExecutorService;Lscala/meta/internal/metals/MetalsServerInputs;Lscala/meta/internal/metals/clients/language/ConfiguredLanguageClient;Lorg/eclipse/lsp4j/InitializeParams;Lscala/meta/internal/metals/ClientConfiguration;Lscala/meta/internal/metals/StatusBar;Lscala/Function0;Lscala/meta/internal/metals/TimerProvider;Lscala/meta/io/AbsolutePath;Lscala/Option;Lscala/meta/internal/metals/doctor/HeadDoctor;Lscala/meta/internal/metals/BspStatus;Lscala/meta/internal/metals/WorkDoneProgress;ILscala/meta/internal/metals/ModuleStatus;)V 2036 <appendix> member <vmtarget> ; # scala/meta/internal/metals/MetalsLspService$$Lambda$913+0x000000080134e118
instanceKlass  @bci scala/meta/internal/metals/MetalsLspService <init> (Lscala/concurrent/ExecutionContextExecutorService;Ljava/util/concurrent/ScheduledExecutorService;Lscala/meta/internal/metals/MetalsServerInputs;Lscala/meta/internal/metals/clients/language/ConfiguredLanguageClient;Lorg/eclipse/lsp4j/InitializeParams;Lscala/meta/internal/metals/ClientConfiguration;Lscala/meta/internal/metals/StatusBar;Lscala/Function0;Lscala/meta/internal/metals/TimerProvider;Lscala/meta/io/AbsolutePath;Lscala/Option;Lscala/meta/internal/metals/doctor/HeadDoctor;Lscala/meta/internal/metals/BspStatus;Lscala/meta/internal/metals/WorkDoneProgress;ILscala/meta/internal/metals/ModuleStatus;)V 2008 <appendix> member <vmtarget> ; # scala/meta/internal/metals/MetalsLspService$$Lambda$912+0x000000080134de70
instanceKlass scala/meta/internal/metals/ScalafixProvider
instanceKlass scala/meta/internal/rename/RenameProvider
instanceKlass scala/meta/internal/metals/typeHierarchy/TypeHierarchyItemBuilder
instanceKlass  @bci scala/meta/internal/metals/MetalsLspService <init> (Lscala/concurrent/ExecutionContextExecutorService;Ljava/util/concurrent/ScheduledExecutorService;Lscala/meta/internal/metals/MetalsServerInputs;Lscala/meta/internal/metals/clients/language/ConfiguredLanguageClient;Lorg/eclipse/lsp4j/InitializeParams;Lscala/meta/internal/metals/ClientConfiguration;Lscala/meta/internal/metals/StatusBar;Lscala/Function0;Lscala/meta/internal/metals/TimerProvider;Lscala/meta/io/AbsolutePath;Lscala/Option;Lscala/meta/internal/metals/doctor/HeadDoctor;Lscala/meta/internal/metals/BspStatus;Lscala/meta/internal/metals/WorkDoneProgress;ILscala/meta/internal/metals/ModuleStatus;)V 1918 <appendix> member <vmtarget> ; # scala/meta/internal/metals/MetalsLspService$$Lambda$911+0x000000080134ce30
instanceKlass scala/meta/internal/metals/typeHierarchy/TypeHierarchyProvider
instanceKlass scala/meta/internal/metals/callHierarchy/OutgoingCallsFinder
instanceKlass scala/meta/internal/metals/callHierarchy/IncomingCallsFinder
instanceKlass scala/meta/internal/metals/callHierarchy/CallHierarchyItemBuilder
instanceKlass  @bci scala/meta/internal/metals/MetalsLspService <init> (Lscala/concurrent/ExecutionContextExecutorService;Ljava/util/concurrent/ScheduledExecutorService;Lscala/meta/internal/metals/MetalsServerInputs;Lscala/meta/internal/metals/clients/language/ConfiguredLanguageClient;Lorg/eclipse/lsp4j/InitializeParams;Lscala/meta/internal/metals/ClientConfiguration;Lscala/meta/internal/metals/StatusBar;Lscala/Function0;Lscala/meta/internal/metals/TimerProvider;Lscala/meta/io/AbsolutePath;Lscala/Option;Lscala/meta/internal/metals/doctor/HeadDoctor;Lscala/meta/internal/metals/BspStatus;Lscala/meta/internal/metals/WorkDoneProgress;ILscala/meta/internal/metals/ModuleStatus;)V 1885 <appendix> member <vmtarget> ; # scala/meta/internal/metals/MetalsLspService$$Lambda$910+0x000000080134c200
instanceKlass  @bci scala/meta/internal/metals/MetalsLspService <init> (Lscala/concurrent/ExecutionContextExecutorService;Ljava/util/concurrent/ScheduledExecutorService;Lscala/meta/internal/metals/MetalsServerInputs;Lscala/meta/internal/metals/clients/language/ConfiguredLanguageClient;Lorg/eclipse/lsp4j/InitializeParams;Lscala/meta/internal/metals/ClientConfiguration;Lscala/meta/internal/metals/StatusBar;Lscala/Function0;Lscala/meta/internal/metals/TimerProvider;Lscala/meta/io/AbsolutePath;Lscala/Option;Lscala/meta/internal/metals/doctor/HeadDoctor;Lscala/meta/internal/metals/BspStatus;Lscala/meta/internal/metals/WorkDoneProgress;ILscala/meta/internal/metals/ModuleStatus;)V 1866 <appendix> member <vmtarget> ; # scala/meta/internal/metals/MetalsLspService$$Lambda$909+0x000000080134bf58
instanceKlass scala/meta/internal/metals/callHierarchy/CallHierarchyProvider
instanceKlass scala/meta/internal/metals/callHierarchy/CallHierarchyHelpers
instanceKlass scala/meta/internal/implementation/Supermethods
instanceKlass scala/meta/internal/search/GlobalClassTable
instanceKlass  @bci scala/meta/internal/metals/MetalsLspService <init> (Lscala/concurrent/ExecutionContextExecutorService;Ljava/util/concurrent/ScheduledExecutorService;Lscala/meta/internal/metals/MetalsServerInputs;Lscala/meta/internal/metals/clients/language/ConfiguredLanguageClient;Lorg/eclipse/lsp4j/InitializeParams;Lscala/meta/internal/metals/ClientConfiguration;Lscala/meta/internal/metals/StatusBar;Lscala/Function0;Lscala/meta/internal/metals/TimerProvider;Lscala/meta/io/AbsolutePath;Lscala/Option;Lscala/meta/internal/metals/doctor/HeadDoctor;Lscala/meta/internal/metals/BspStatus;Lscala/meta/internal/metals/WorkDoneProgress;ILscala/meta/internal/metals/ModuleStatus;)V 1742 <appendix> member <vmtarget> ; # scala/meta/internal/metals/MetalsLspService$$Lambda$908+0x000000080134b3e8
instanceKlass scala/meta/internal/search/SymbolHierarchyOps
instanceKlass  @bci scala/meta/internal/metals/MetalsLspService <init> (Lscala/concurrent/ExecutionContextExecutorService;Ljava/util/concurrent/ScheduledExecutorService;Lscala/meta/internal/metals/MetalsServerInputs;Lscala/meta/internal/metals/clients/language/ConfiguredLanguageClient;Lorg/eclipse/lsp4j/InitializeParams;Lscala/meta/internal/metals/ClientConfiguration;Lscala/meta/internal/metals/StatusBar;Lscala/Function0;Lscala/meta/internal/metals/TimerProvider;Lscala/meta/io/AbsolutePath;Lscala/Option;Lscala/meta/internal/metals/doctor/HeadDoctor;Lscala/meta/internal/metals/BspStatus;Lscala/meta/internal/metals/WorkDoneProgress;ILscala/meta/internal/metals/ModuleStatus;)V 1689 <appendix> member <vmtarget> ; # scala/meta/internal/metals/MetalsLspService$$Lambda$907+0x000000080134af30
instanceKlass scala/meta/internal/implementation/InheritanceContext
instanceKlass scala/meta/internal/implementation/ImplementationProvider
instanceKlass  @bci scala/meta/internal/metals/MetalsLspService <init> (Lscala/concurrent/ExecutionContextExecutorService;Ljava/util/concurrent/ScheduledExecutorService;Lscala/meta/internal/metals/MetalsServerInputs;Lscala/meta/internal/metals/clients/language/ConfiguredLanguageClient;Lorg/eclipse/lsp4j/InitializeParams;Lscala/meta/internal/metals/ClientConfiguration;Lscala/meta/internal/metals/StatusBar;Lscala/Function0;Lscala/meta/internal/metals/TimerProvider;Lscala/meta/io/AbsolutePath;Lscala/Option;Lscala/meta/internal/metals/doctor/HeadDoctor;Lscala/meta/internal/metals/BspStatus;Lscala/meta/internal/metals/WorkDoneProgress;ILscala/meta/internal/metals/ModuleStatus;)V 1664 <appendix> member <vmtarget> ; # scala/meta/internal/metals/MetalsLspService$$Lambda$906+0x000000080134a638
instanceKlass org/eclipse/jface/text/IDocument
instanceKlass java/security/cert/CertPathValidatorException$Reason
instanceKlass java/time/Instant$1
instanceKlass java/time/format/DateTimePrintContext
instanceKlass  @bci java/time/format/DateTimeFormatter <clinit> ()V 1075 <appendix> argL0 ; # java/time/format/DateTimeFormatter$$Lambda$9+0x80000000d
instanceKlass  @bci java/time/format/DateTimeFormatter <clinit> ()V 1067 <appendix> argL0 ; # java/time/format/DateTimeFormatter$$Lambda$8+0x80000000c
instanceKlass java/time/Period
instanceKlass java/time/chrono/ChronoPeriod
instanceKlass java/time/format/DateTimeFormatterBuilder$TextPrinterParser
instanceKlass java/time/format/DateTimeTextProvider$1
instanceKlass java/time/format/DateTimeTextProvider
instanceKlass java/util/AbstractMap$SimpleImmutableEntry
instanceKlass java/time/format/DateTimeTextProvider$LocaleStore
instanceKlass java/time/format/DateTimeFormatterBuilder$InstantPrinterParser
instanceKlass java/time/format/DateTimeFormatterBuilder$StringLiteralPrinterParser
instanceKlass java/time/format/DateTimeFormatterBuilder$ZoneIdPrinterParser
instanceKlass java/time/format/DateTimeFormatterBuilder$OffsetIdPrinterParser
instanceKlass java/time/format/DecimalStyle
instanceKlass java/time/format/DateTimeFormatterBuilder$CompositePrinterParser
instanceKlass java/time/chrono/AbstractChronology
instanceKlass java/time/chrono/Chronology
instanceKlass java/time/format/DateTimeFormatterBuilder$CharLiteralPrinterParser
instanceKlass java/time/format/DateTimeFormatterBuilder$NumberPrinterParser
instanceKlass java/time/format/DateTimeFormatterBuilder$DateTimePrinterParser
instanceKlass java/time/temporal/JulianFields
instanceKlass java/time/temporal/IsoFields
instanceKlass  @bci java/time/format/DateTimeFormatterBuilder <clinit> ()V 0 <appendix> argL0 ; # java/time/format/DateTimeFormatterBuilder$$Lambda$10+0x80000000e
instanceKlass java/time/temporal/TemporalQuery
instanceKlass java/time/format/DateTimeFormatterBuilder
instanceKlass java/time/format/DateTimeFormatter
instanceKlass scala/meta/internal/metals/JavaFormattingProvider
instanceKlass  @bci scala/meta/internal/metals/MetalsLspService <init> (Lscala/concurrent/ExecutionContextExecutorService;Ljava/util/concurrent/ScheduledExecutorService;Lscala/meta/internal/metals/MetalsServerInputs;Lscala/meta/internal/metals/clients/language/ConfiguredLanguageClient;Lorg/eclipse/lsp4j/InitializeParams;Lscala/meta/internal/metals/ClientConfiguration;Lscala/meta/internal/metals/StatusBar;Lscala/Function0;Lscala/meta/internal/metals/TimerProvider;Lscala/meta/io/AbsolutePath;Lscala/Option;Lscala/meta/internal/metals/doctor/HeadDoctor;Lscala/meta/internal/metals/BspStatus;Lscala/meta/internal/metals/WorkDoneProgress;ILscala/meta/internal/metals/ModuleStatus;)V 1639 <appendix> member <vmtarget> ; # scala/meta/internal/metals/MetalsLspService$$Lambda$902+0x00000008013499f8
instanceKlass scala/meta/internal/metals/newScalaFile/NewFileTypes$NewFileType
instanceKlass scala/meta/internal/metals/newScalaFile/NewFileProvider
instanceKlass scala/meta/internal/metals/PackageProvider
instanceKlass scala/meta/internal/metals/Lock
instanceKlass scala/meta/internal/metals/Lock$
instanceKlass scala/meta/internal/metals/IdentifierIndex
instanceKlass  @bci scala/meta/internal/metals/MetalsLspService <init> (Lscala/concurrent/ExecutionContextExecutorService;Ljava/util/concurrent/ScheduledExecutorService;Lscala/meta/internal/metals/MetalsServerInputs;Lscala/meta/internal/metals/clients/language/ConfiguredLanguageClient;Lorg/eclipse/lsp4j/InitializeParams;Lscala/meta/internal/metals/ClientConfiguration;Lscala/meta/internal/metals/StatusBar;Lscala/Function0;Lscala/meta/internal/metals/TimerProvider;Lscala/meta/io/AbsolutePath;Lscala/Option;Lscala/meta/internal/metals/doctor/HeadDoctor;Lscala/meta/internal/metals/BspStatus;Lscala/meta/internal/metals/WorkDoneProgress;ILscala/meta/internal/metals/ModuleStatus;)V 1543 <appendix> member <vmtarget> ; # scala/meta/internal/metals/MetalsLspService$$Lambda$901+0x0000000801348b38
instanceKlass scala/meta/internal/metals/AdjustRange
instanceKlass scala/meta/internal/metals/Compilers$$anon$2
instanceKlass com/google/common/cache/LocalCache$AbstractReferenceEntry
instanceKlass java/util/concurrent/atomic/AtomicReferenceArray
instanceKlass com/google/common/cache/LocalCache$LoadingValueReference
instanceKlass com/google/common/cache/Weigher
instanceKlass com/google/common/base/Predicate
instanceKlass com/google/common/base/Equivalence
instanceKlass java/util/function/BiPredicate
instanceKlass com/google/common/base/MoreObjects
instanceKlass com/google/common/cache/LocalCache$1
instanceKlass com/google/common/cache/ReferenceEntry
instanceKlass com/google/common/cache/LocalCache$ValueReference
instanceKlass com/google/common/cache/CacheLoader
instanceKlass com/google/common/cache/LocalCache$LocalManualCache
instanceKlass scala/meta/internal/metals/Compilers$$anon$1
instanceKlass com/google/common/cache/CacheBuilder$2
instanceKlass com/google/common/base/Preconditions
instanceKlass com/google/common/cache/CacheStats
instanceKlass com/google/common/base/Suppliers$SupplierOfInstance
instanceKlass com/google/common/base/Suppliers
instanceKlass com/google/common/cache/CacheBuilder$1
instanceKlass com/google/common/cache/AbstractCache$StatsCounter
instanceKlass com/google/common/cache/LoadingCache
instanceKlass com/google/common/base/Function
instanceKlass com/google/common/cache/Cache
instanceKlass com/google/common/base/Ticker
instanceKlass com/google/common/base/Supplier
instanceKlass com/google/common/cache/CacheBuilder
instanceKlass scala/meta/internal/metals/OutlineFilesProvider
instanceKlass scala/meta/internal/metals/CompilerPlugins
instanceKlass scala/meta/pc/PresentationCompiler
instanceKlass scala/meta/internal/metals/CompilerConfiguration
instanceKlass  @bci scala/meta/internal/metals/MetalsLspService <init> (Lscala/concurrent/ExecutionContextExecutorService;Ljava/util/concurrent/ScheduledExecutorService;Lscala/meta/internal/metals/MetalsServerInputs;Lscala/meta/internal/metals/clients/language/ConfiguredLanguageClient;Lorg/eclipse/lsp4j/InitializeParams;Lscala/meta/internal/metals/ClientConfiguration;Lscala/meta/internal/metals/StatusBar;Lscala/Function0;Lscala/meta/internal/metals/TimerProvider;Lscala/meta/io/AbsolutePath;Lscala/Option;Lscala/meta/internal/metals/doctor/HeadDoctor;Lscala/meta/internal/metals/BspStatus;Lscala/meta/internal/metals/WorkDoneProgress;ILscala/meta/internal/metals/ModuleStatus;)V 1510 <appendix> member <vmtarget> ; # scala/meta/internal/metals/MetalsLspService$$Lambda$900+0x000000080133e0b8
instanceKlass scala/meta/internal/metals/ReferenceProvider
instanceKlass scala/meta/pc/CompletionItemPriority
instanceKlass  @bci scala/meta/internal/metals/MetalsLspService <init> (Lscala/concurrent/ExecutionContextExecutorService;Ljava/util/concurrent/ScheduledExecutorService;Lscala/meta/internal/metals/MetalsServerInputs;Lscala/meta/internal/metals/clients/language/ConfiguredLanguageClient;Lorg/eclipse/lsp4j/InitializeParams;Lscala/meta/internal/metals/ClientConfiguration;Lscala/meta/internal/metals/StatusBar;Lscala/Function0;Lscala/meta/internal/metals/TimerProvider;Lscala/meta/io/AbsolutePath;Lscala/Option;Lscala/meta/internal/metals/doctor/HeadDoctor;Lscala/meta/internal/metals/BspStatus;Lscala/meta/internal/metals/WorkDoneProgress;ILscala/meta/internal/metals/ModuleStatus;)V 1484 <appendix> member <vmtarget> ; # scala/meta/internal/metals/MetalsLspService$$Lambda$899+0x000000080133d9f0
instanceKlass  @bci scala/meta/internal/metals/MetalsLspService <init> (Lscala/concurrent/ExecutionContextExecutorService;Ljava/util/concurrent/ScheduledExecutorService;Lscala/meta/internal/metals/MetalsServerInputs;Lscala/meta/internal/metals/clients/language/ConfiguredLanguageClient;Lorg/eclipse/lsp4j/InitializeParams;Lscala/meta/internal/metals/ClientConfiguration;Lscala/meta/internal/metals/StatusBar;Lscala/Function0;Lscala/meta/internal/metals/TimerProvider;Lscala/meta/io/AbsolutePath;Lscala/Option;Lscala/meta/internal/metals/doctor/HeadDoctor;Lscala/meta/internal/metals/BspStatus;Lscala/meta/internal/metals/WorkDoneProgress;ILscala/meta/internal/metals/ModuleStatus;)V 1457 <appendix> member <vmtarget> ; # scala/meta/internal/metals/MetalsLspService$$Lambda$898+0x000000080133d748
instanceKlass scala/meta/pc/SyntheticDecorationsParams
instanceKlass scala/meta/internal/metals/PcRestartReason
instanceKlass scala/meta/internal/metals/CompilerConfiguration$MtagsPresentationCompiler
instanceKlass scala/meta/pc/ReferencesRequest
instanceKlass scala/meta/pc/InlayHintsParams
instanceKlass scala/meta/pc/RangeParams
instanceKlass scala/meta/pc/OffsetParams
instanceKlass scala/meta/pc/VirtualFileParams
instanceKlass com/google/common/cache/RemovalListener
instanceKlass scala/meta/internal/pc/CompilerJobQueue$State$Empty$
instanceKlass scala/meta/internal/pc/CompilerJobQueue$State
instanceKlass  @bci scala/meta/internal/pc/CompilerJobQueue$ apply ()Lscala/meta/internal/pc/CompilerJobQueue; 4 <appendix> argL0 ; # scala/meta/internal/pc/CompilerJobQueue$$$Lambda$897+0x000000080133bf08
instanceKlass scala/meta/internal/pc/CompilerJobQueue
instanceKlass scala/meta/internal/pc/CompilerJobQueue$
instanceKlass  @bci scala/meta/internal/metals/MetalsLspService <init> (Lscala/concurrent/ExecutionContextExecutorService;Ljava/util/concurrent/ScheduledExecutorService;Lscala/meta/internal/metals/MetalsServerInputs;Lscala/meta/internal/metals/clients/language/ConfiguredLanguageClient;Lorg/eclipse/lsp4j/InitializeParams;Lscala/meta/internal/metals/ClientConfiguration;Lscala/meta/internal/metals/StatusBar;Lscala/Function0;Lscala/meta/internal/metals/TimerProvider;Lscala/meta/io/AbsolutePath;Lscala/Option;Lscala/meta/internal/metals/doctor/HeadDoctor;Lscala/meta/internal/metals/BspStatus;Lscala/meta/internal/metals/WorkDoneProgress;ILscala/meta/internal/metals/ModuleStatus;)V 1405 <appendix> member <vmtarget> ; # scala/meta/internal/metals/MetalsLspService$$Lambda$896+0x000000080133b858
instanceKlass scala/meta/internal/worksheets/WorksheetProvider$MdocKey
instanceKlass scala/meta/internal/worksheets/WorksheetProvider
instanceKlass scala/meta/internal/metals/MetalsSymbolSearch
instanceKlass  @bci scala/meta/internal/metals/MetalsLspService <init> (Lscala/concurrent/ExecutionContextExecutorService;Ljava/util/concurrent/ScheduledExecutorService;Lscala/meta/internal/metals/MetalsServerInputs;Lscala/meta/internal/metals/clients/language/ConfiguredLanguageClient;Lorg/eclipse/lsp4j/InitializeParams;Lscala/meta/internal/metals/ClientConfiguration;Lscala/meta/internal/metals/StatusBar;Lscala/Function0;Lscala/meta/internal/metals/TimerProvider;Lscala/meta/io/AbsolutePath;Lscala/Option;Lscala/meta/internal/metals/doctor/HeadDoctor;Lscala/meta/internal/metals/BspStatus;Lscala/meta/internal/metals/WorkDoneProgress;ILscala/meta/internal/metals/ModuleStatus;)V 1342 <appendix> member <vmtarget> ; # scala/meta/internal/metals/MetalsLspService$$Lambda$895+0x000000080133abe0
instanceKlass scala/meta/internal/metals/scalacli/ScalaCliServers
instanceKlass  @bci scala/meta/internal/metals/MetalsLspService <init> (Lscala/concurrent/ExecutionContextExecutorService;Ljava/util/concurrent/ScheduledExecutorService;Lscala/meta/internal/metals/MetalsServerInputs;Lscala/meta/internal/metals/clients/language/ConfiguredLanguageClient;Lorg/eclipse/lsp4j/InitializeParams;Lscala/meta/internal/metals/ClientConfiguration;Lscala/meta/internal/metals/StatusBar;Lscala/Function0;Lscala/meta/internal/metals/TimerProvider;Lscala/meta/io/AbsolutePath;Lscala/Option;Lscala/meta/internal/metals/doctor/HeadDoctor;Lscala/meta/internal/metals/BspStatus;Lscala/meta/internal/metals/WorkDoneProgress;ILscala/meta/internal/metals/ModuleStatus;)V 1330 <appendix> member <vmtarget> ; # scala/meta/internal/metals/MetalsLspService$$Lambda$894+0x000000080133a6b8
instanceKlass scala/meta/internal/metals/SemanticdbIndexer
instanceKlass  @bci scala/meta/internal/metals/MetalsLspService <init> (Lscala/concurrent/ExecutionContextExecutorService;Ljava/util/concurrent/ScheduledExecutorService;Lscala/meta/internal/metals/MetalsServerInputs;Lscala/meta/internal/metals/clients/language/ConfiguredLanguageClient;Lorg/eclipse/lsp4j/InitializeParams;Lscala/meta/internal/metals/ClientConfiguration;Lscala/meta/internal/metals/StatusBar;Lscala/Function0;Lscala/meta/internal/metals/TimerProvider;Lscala/meta/io/AbsolutePath;Lscala/Option;Lscala/meta/internal/metals/doctor/HeadDoctor;Lscala/meta/internal/metals/BspStatus;Lscala/meta/internal/metals/WorkDoneProgress;ILscala/meta/internal/metals/ModuleStatus;)V 1324 <appendix> member <vmtarget> ; # scala/meta/internal/metals/MetalsLspService$$Lambda$893+0x000000080133a1e8
instanceKlass scala/meta/internal/mtags/TextDocumentLookup
instanceKlass scala/meta/internal/metals/InteractiveSemanticdbs
instanceKlass scala/meta/internal/metals/DownloadedJavaInteractiveSemanticdb
instanceKlass  @bci scala/meta/internal/metals/Embedded$ downloadDependency (Lcoursier/core/Dependency;Lscala/Option;Lscala/collection/immutable/Seq;Lscala/Option;)Lscala/collection/immutable/List; 157 <appendix> argL0 ; # scala/meta/internal/metals/Embedded$$$Lambda$892+0x0000000801339530
instanceKlass  @bci coursier/Fetch$Result files ()Lscala/collection/immutable/Seq; 4 <appendix> argL0 ; # coursier/Fetch$Result$$Lambda$891+0x0000000801339180
instanceKlass  @bci coursier/Fetch$Result fullArtifacts ()Lscala/collection/immutable/Seq; 4 <appendix> argL0 ; # coursier/Fetch$Result$$Lambda$890+0x0000000801338960
instanceKlass coursier/Fetch$Result$
instanceKlass  @bci coursier/Artifacts $anonfun$ioResult$10 (Lscala/collection/immutable/Map;Lscala/collection/immutable/Seq;)Lcoursier/Artifacts$Result; 34 <appendix> argL0 ; # coursier/Artifacts$$Lambda$889+0x00000008013383b0
instanceKlass  @bci coursier/Artifacts $anonfun$ioResult$10 (Lscala/collection/immutable/Map;Lscala/collection/immutable/Seq;)Lcoursier/Artifacts$Result; 20 <appendix> argL0 ; # coursier/Artifacts$$Lambda$888+0x0000000801338000
instanceKlass coursier/Artifacts$Result$
instanceKlass  @bci coursier/Artifacts $anonfun$ioResult$11 (Lscala/collection/immutable/Map;Lscala/Tuple2;)Lscala/Tuple2; 115 <appendix> member <vmtarget> ; # coursier/Artifacts$$Lambda$887+0x0000000801337a38
instanceKlass  @bci coursier/Artifacts $anonfun$ioResult$10 (Lscala/collection/immutable/Map;Lscala/collection/immutable/Seq;)Lcoursier/Artifacts$Result; 2 <appendix> member <vmtarget> ; # coursier/Artifacts$$Lambda$886+0x0000000801337680
instanceKlass  @bci coursier/Artifacts$ reorder$1 (Lscala/collection/immutable/Seq;Lscala/collection/immutable/Seq;)Lscala/collection/immutable/Seq; 23 <appendix> member <vmtarget> ; # coursier/Artifacts$$$Lambda$885+0x00000008013372c8
instanceKlass scala/collection/mutable/MutationTracker$
instanceKlass  @bci scala/collection/mutable/ListBuffer iterator ()Lscala/collection/Iterator; 12 <appendix> member <vmtarget> ; # scala/collection/mutable/ListBuffer$$Lambda$884+0x0000000801336e10
instanceKlass  @bci coursier/Artifacts$ noFiles$1 (Lscala/collection/mutable/ListBuffer;)Lscala/collection/mutable/ListBuffer; 1 <appendix> argL0 ; # coursier/Artifacts$$$Lambda$883+0x00000008013360b8
instanceKlass  @bci coursier/Artifacts$ result$1 (ZLscala/collection/mutable/ListBuffer;Lscala/collection/mutable/ListBuffer;Lscala/collection/immutable/Seq;)Lscala/collection/immutable/Seq; 4 <appendix> argL0 ; # coursier/Artifacts$$$Lambda$882+0x0000000801335d08
instanceKlass  @bci coursier/Artifacts$ $anonfun$fetchArtifacts$9 (Lscala/collection/immutable/Seq;Lcoursier/util/Sync;Lscala/collection/immutable/Seq;Lscala/collection/immutable/Seq;)Ljava/lang/Object; 34 <appendix> member <vmtarget> ; # coursier/Artifacts$$$Lambda$881+0x0000000801335950
instanceKlass  @bci coursier/cache/FileCache $anonfun$file$3 (Lcoursier/cache/FileCache;Lcoursier/util/EitherT;Lcoursier/util/EitherT;)Lcoursier/util/EitherT; 2 <appendix> member <vmtarget> ; # coursier/cache/FileCache$$Lambda$880+0x00000008013356a8
instanceKlass  @bci coursier/cache/FileCache $anonfun$file$1 (Lcoursier/cache/FileCache;Lcoursier/util/Artifact;ILscala/runtime/BoxedUnit;)Lcoursier/util/EitherT; 47 <appendix> member <vmtarget> ; # coursier/cache/FileCache$$Lambda$879+0x0000000801335110
instanceKlass  @bci coursier/cache/FileCache $anonfun$file$1 (Lcoursier/cache/FileCache;Lcoursier/util/Artifact;ILscala/runtime/BoxedUnit;)Lcoursier/util/EitherT; 15 <appendix> member <vmtarget> ; # coursier/cache/FileCache$$Lambda$878+0x0000000801334d58
instanceKlass  @bci coursier/Artifacts$ $anonfun$fetchArtifacts$7 (Ljava/lang/Object;Lcoursier/util/Sync;Lscala/collection/immutable/Seq;)Ljava/lang/Object; 9 <appendix> member <vmtarget> ; # coursier/Artifacts$$$Lambda$877+0x00000008013349a0
instanceKlass  @bci coursier/Fetch $anonfun$ioResult$1 (Lcoursier/Fetch;Lcoursier/core/Resolution;)Ljava/lang/Object; 18 <appendix> member <vmtarget> ; # coursier/Fetch$$Lambda$876+0x00000008013345e8
instanceKlass  @bci coursier/Artifacts ioResult ()Ljava/lang/Object; 193 <appendix> member <vmtarget> ; # coursier/Artifacts$$Lambda$875+0x0000000801334230
instanceKlass coursier/Artifacts$Result
instanceKlass  @bci coursier/Artifacts$ fetchArtifacts (Lscala/collection/immutable/Seq;Lcoursier/cache/Cache;Lscala/collection/immutable/Seq;Lcoursier/util/Sync;)Ljava/lang/Object; 159 <appendix> member <vmtarget> ; # coursier/Artifacts$$$Lambda$874+0x0000000801333c18
instanceKlass  @bci coursier/Artifacts$ $anonfun$fetchArtifacts$6 (Lcoursier/util/Sync;Ljava/lang/Object;Ljava/lang/Object;)Ljava/lang/Object; 10 <appendix> member <vmtarget> ; # coursier/Artifacts$$$Lambda$873+0x0000000801333860
instanceKlass  @bci coursier/Artifacts$ fetchArtifacts (Lscala/collection/immutable/Seq;Lcoursier/cache/Cache;Lscala/collection/immutable/Seq;Lcoursier/util/Sync;)Ljava/lang/Object; 47 <appendix> member <vmtarget> ; # coursier/Artifacts$$$Lambda$872+0x00000008013332c8
instanceKlass  @bci coursier/Artifacts$ $anonfun$fetchArtifacts$4 (Lcoursier/cache/Cache;Lcoursier/util/Sync;Lcoursier/util/Artifact;)Ljava/lang/Object; 31 <appendix> member <vmtarget> ; # coursier/Artifacts$$$Lambda$871+0x0000000801332f10
instanceKlass  @bci coursier/cache/FileCache file (Lcoursier/util/Artifact;I)Lcoursier/util/EitherT; 7 <appendix> member <vmtarget> ; # coursier/cache/FileCache$$Lambda$870+0x0000000801332b58
instanceKlass  @bci coursier/cache/FileCache ensureLoggerIsInitialized ()Lcoursier/util/EitherT; 9 <appendix> member <vmtarget> ; # coursier/cache/FileCache$$Lambda$869+0x00000008013328b0
instanceKlass  @bci coursier/Artifacts$ $anonfun$fetchArtifacts$3 (Lcoursier/cache/Cache;Lcoursier/util/Sync;Lscala/collection/immutable/Seq;)Ljava/lang/Object; 3 <appendix> member <vmtarget> ; # coursier/Artifacts$$$Lambda$868+0x00000008013324f8
instanceKlass  @bci coursier/Artifacts$ fetchArtifacts (Lscala/collection/immutable/Seq;Lcoursier/cache/Cache;Lscala/collection/immutable/Seq;Lcoursier/util/Sync;)Ljava/lang/Object; 12 <appendix> member <vmtarget> ; # coursier/Artifacts$$$Lambda$867+0x0000000801332140
instanceKlass  @bci coursier/Artifacts$ groupArtifacts (Lscala/collection/immutable/Seq;)Lscala/collection/immutable/Seq; 73 <appendix> argL0 ; # coursier/Artifacts$$$Lambda$866+0x0000000801331d90
instanceKlass  @bci coursier/Artifacts$ groupArtifacts (Lscala/collection/immutable/Seq;)Lscala/collection/immutable/Seq; 59 <appendix> argL0 ; # coursier/Artifacts$$$Lambda$865+0x00000008013319e0
instanceKlass  @bci coursier/Artifacts$ $anonfun$groupArtifacts$4 (Lscala/collection/immutable/Vector;)Lscala/collection/immutable/Vector; 1 <appendix> argL0 ; # coursier/Artifacts$$$Lambda$864+0x0000000801331630
instanceKlass  @bci coursier/Artifacts$ groupArtifacts (Lscala/collection/immutable/Seq;)Lscala/collection/immutable/Seq; 44 <appendix> argL0 ; # coursier/Artifacts$$$Lambda$863+0x0000000801331280
instanceKlass  @bci coursier/Artifacts$ groupArtifacts (Lscala/collection/immutable/Seq;)Lscala/collection/immutable/Seq; 31 <appendix> argL0 ; # coursier/Artifacts$$$Lambda$862+0x0000000801330ed0
instanceKlass  @bci coursier/Artifacts$ groupArtifacts (Lscala/collection/immutable/Seq;)Lscala/collection/immutable/Seq; 16 <appendix> argL0 ; # coursier/Artifacts$$$Lambda$861+0x0000000801330b20
instanceKlass  @bci coursier/Artifacts$ groupArtifacts (Lscala/collection/immutable/Seq;)Lscala/collection/immutable/Seq; 1 <appendix> argL0 ; # coursier/Artifacts$$$Lambda$860+0x0000000801330770
instanceKlass  @bci coursier/Artifacts $anonfun$extraArtifacts$1 (Lcoursier/Artifacts;Lscala/collection/immutable/Seq;)Lscala/collection/immutable/Seq; 5 <appendix> member <vmtarget> ; # coursier/Artifacts$$Lambda$859+0x00000008013303b8
instanceKlass  @bci coursier/Artifacts extraArtifacts ()Lscala/Function1; 1 <appendix> member <vmtarget> ; # coursier/Artifacts$$Lambda$858+0x0000000801330000
instanceKlass  @bci coursier/Artifacts ioResult ()Ljava/lang/Object; 112 <appendix> argL0 ; # coursier/Artifacts$$Lambda$857+0x000000080132bac0
instanceKlass  @bci coursier/Artifacts $anonfun$ioResult$7 (Lscala/collection/immutable/Seq;)Lscala/collection/immutable/Seq; 1 <appendix> argL0 ; # coursier/Artifacts$$Lambda$856+0x000000080132b710
instanceKlass  @bci coursier/Artifacts ioResult ()Ljava/lang/Object; 87 <appendix> argL0 ; # coursier/Artifacts$$Lambda$855+0x000000080132b360
instanceKlass scala/Tuple6
instanceKlass scala/Product6
instanceKlass  @bci coursier/Artifacts ioResult ()Ljava/lang/Object; 72 <appendix> argL0 ; # coursier/Artifacts$$Lambda$854+0x000000080132acf8
instanceKlass  @bci coursier/Artifacts ioResult ()Ljava/lang/Object; 59 <appendix> argL0 ; # coursier/Artifacts$$Lambda$853+0x000000080132a948
instanceKlass  @bci scala/Function$ $anonfun$chain$1 (Lscala/collection/Seq;Ljava/lang/Object;)Ljava/lang/Object; 2 <appendix> argL0 ; # scala/Function$$$Lambda$852+0x000000080132a3b8
instanceKlass  @bci coursier/Artifacts$ artifacts0 (Lcoursier/core/Resolution;Lscala/collection/immutable/Set;Lscala/collection/immutable/Seq;Lscala/Option;Lscala/Option;Z)Lscala/collection/immutable/Seq; 210 <appendix> member <vmtarget> ; # coursier/Artifacts$$$Lambda$851+0x000000080132a000
instanceKlass  @bci coursier/Artifacts$ artifacts0 (Lcoursier/core/Resolution;Lscala/collection/immutable/Set;Lscala/collection/immutable/Seq;Lscala/Option;Lscala/Option;Z)Lscala/collection/immutable/Seq; 165 <appendix> argL0 ; # coursier/Artifacts$$$Lambda$850+0x000000080132fa30
instanceKlass  @bci coursier/core/Resolution $anonfun$dependencyArtifacts0$5 (Lcoursier/core/Dependency;Lscala/Option;Lscala/Tuple2;)Lscala/collection/IterableOnce; 156 <appendix> member <vmtarget> ; # coursier/core/Resolution$$Lambda$849+0x000000080132f678
instanceKlass  @bci coursier/core/Resolution $anonfun$dependencyArtifacts0$5 (Lcoursier/core/Dependency;Lscala/Option;Lscala/Tuple2;)Lscala/collection/IterableOnce; 145 <appendix> argL0 ; # coursier/core/Resolution$$Lambda$848+0x000000080132f2c8
instanceKlass  @bci coursier/core/Resolution $anonfun$dependencyArtifacts0$5 (Lcoursier/core/Dependency;Lscala/Option;Lscala/Tuple2;)Lscala/collection/IterableOnce; 122 <appendix> argL0 ; # coursier/core/Resolution$$Lambda$847+0x000000080132ef18
instanceKlass  @bci coursier/maven/MavenRepositoryInternal artifacts0 (Lcoursier/core/Dependency;Lcoursier/core/Project;ZLscala/Option;)Lscala/collection/immutable/Seq; 116 <appendix> member <vmtarget> ; # coursier/maven/MavenRepositoryInternal$$Lambda$846+0x000000080132eb60
instanceKlass  @bci coursier/maven/MavenRepositoryInternal defaultPublications$lzycompute$1 (Lscala/runtime/LazyRef;Lcoursier/core/Dependency;Lcoursier/core/Project;ZLscala/collection/immutable/Map;)Lscala/collection/immutable/Seq; 404 <appendix> member <vmtarget> ; # coursier/maven/MavenRepositoryInternal$$Lambda$845+0x000000080132e7a8
instanceKlass  @bci coursier/maven/MavenRepositoryInternal defaultPublications$lzycompute$1 (Lscala/runtime/LazyRef;Lcoursier/core/Dependency;Lcoursier/core/Project;ZLscala/collection/immutable/Map;)Lscala/collection/immutable/Seq; 381 <appendix> argL0 ; # coursier/maven/MavenRepositoryInternal$$Lambda$844+0x000000080132e3f8
instanceKlass  @bci coursier/maven/MavenRepositoryInternal $anonfun$artifacts0$14 (Lscala/collection/immutable/Seq;)Z 14 <appendix> argL0 ; # coursier/maven/MavenRepositoryInternal$$Lambda$843+0x000000080132e048
instanceKlass  @bci coursier/maven/MavenRepositoryInternal $anonfun$artifacts0$14 (Lscala/collection/immutable/Seq;)Z 1 <appendix> argL0 ; # coursier/maven/MavenRepositoryInternal$$Lambda$842+0x000000080132dc98
instanceKlass  @bci coursier/maven/MavenRepositoryInternal defaultPublications$lzycompute$1 (Lscala/runtime/LazyRef;Lcoursier/core/Dependency;Lcoursier/core/Project;ZLscala/collection/immutable/Map;)Lscala/collection/immutable/Seq; 351 <appendix> argL0 ; # coursier/maven/MavenRepositoryInternal$$Lambda$841+0x000000080132d8e8
instanceKlass  @bci coursier/maven/MavenRepositoryInternal defaultPublications$lzycompute$1 (Lscala/runtime/LazyRef;Lcoursier/core/Dependency;Lcoursier/core/Project;ZLscala/collection/immutable/Map;)Lscala/collection/immutable/Seq; 336 <appendix> argL0 ; # coursier/maven/MavenRepositoryInternal$$Lambda$840+0x000000080132d538
instanceKlass  @bci coursier/maven/MavenRepositoryInternal defaultPublications$lzycompute$1 (Lscala/runtime/LazyRef;Lcoursier/core/Dependency;Lcoursier/core/Project;ZLscala/collection/immutable/Map;)Lscala/collection/immutable/Seq; 306 <appendix> argL0 ; # coursier/maven/MavenRepositoryInternal$$Lambda$839+0x000000080132d188
instanceKlass  @bci coursier/maven/MavenRepositoryInternal $anonfun$artifacts0$9 (Lcoursier/core/Dependency;Lscala/collection/immutable/Map;Ljava/lang/String;Lscala/Tuple2;)Lscala/Tuple2; 142 <appendix> member <vmtarget> ; # coursier/maven/MavenRepositoryInternal$$Lambda$838+0x000000080132cee0
instanceKlass  @bci coursier/maven/MavenRepositoryInternal defaultPublications$lzycompute$1 (Lscala/runtime/LazyRef;Lcoursier/core/Dependency;Lcoursier/core/Project;ZLscala/collection/immutable/Map;)Lscala/collection/immutable/Seq; 286 <appendix> member <vmtarget> ; # coursier/maven/MavenRepositoryInternal$$Lambda$837+0x000000080132cb28
instanceKlass  @bci coursier/maven/MavenRepositoryInternal defaultPublications$lzycompute$1 (Lscala/runtime/LazyRef;Lcoursier/core/Dependency;Lcoursier/core/Project;ZLscala/collection/immutable/Map;)Lscala/collection/immutable/Seq; 70 <appendix> member <vmtarget> ; # coursier/maven/MavenRepositoryInternal$$Lambda$836+0x000000080132c770
instanceKlass  @bci coursier/maven/MavenRepositoryInternal defaultPublications$lzycompute$1 (Lscala/runtime/LazyRef;Lcoursier/core/Dependency;Lcoursier/core/Project;ZLscala/collection/immutable/Map;)Lscala/collection/immutable/Seq; 60 <appendix> member <vmtarget> ; # coursier/maven/MavenRepositoryInternal$$Lambda$835+0x000000080132c3b8
instanceKlass  @bci coursier/maven/MavenRepositoryInternal artifacts0 (Lcoursier/core/Dependency;Lcoursier/core/Project;ZLscala/Option;)Lscala/collection/immutable/Seq; 100 <adapter> ; # java/lang/invoke/LambdaForm$MH+0x0000000801329c00
# instanceKlass java/lang/invoke/LambdaForm$DMH+0x0000000801329800
instanceKlass  @bci coursier/maven/MavenRepositoryInternal artifacts0 (Lcoursier/core/Dependency;Lcoursier/core/Project;ZLscala/Option;)Lscala/collection/immutable/Seq; 100 <appendix> form vmentry <vmtarget> ; # java/lang/invoke/LambdaForm$DMH+0x0000000801329400
instanceKlass  @bci coursier/maven/MavenRepositoryInternal artifacts0 (Lcoursier/core/Dependency;Lcoursier/core/Project;ZLscala/Option;)Lscala/collection/immutable/Seq; 100 <appendix> member <vmtarget> ; # coursier/maven/MavenRepositoryInternal$$Lambda$834+0x000000080132c000
instanceKlass  @cpi coursier/maven/MavenRepositoryInternal 810 form vmentry <vmtarget> ; # java/lang/invoke/LambdaForm$DMH+0x0000000801329000
instanceKlass  @bci coursier/maven/MavenRepositoryInternal artifacts0 (Lcoursier/core/Dependency;Lcoursier/core/Project;ZLscala/Option;)Lscala/collection/immutable/Seq; 88 <adapter> ; # java/lang/invoke/LambdaForm$MH+0x0000000801328c00
instanceKlass  @cpi org/flywaydb/core/internal/database/base/BaseDatabaseType 276 form vmentry <vmtarget> ; # java/lang/invoke/LambdaForm$DMH+0x0000000801328800
instanceKlass  @bci coursier/maven/MavenRepositoryInternal artifacts0 (Lcoursier/core/Dependency;Lcoursier/core/Project;ZLscala/Option;)Lscala/collection/immutable/Seq; 88 <appendix> form vmentry <vmtarget> ; # java/lang/invoke/LambdaForm$DMH+0x0000000801328400
instanceKlass  @bci coursier/maven/MavenRepositoryInternal artifacts0 (Lcoursier/core/Dependency;Lcoursier/core/Project;ZLscala/Option;)Lscala/collection/immutable/Seq; 88 <appendix> member <vmtarget> ; # coursier/maven/MavenRepositoryInternal$$Lambda$833+0x0000000801322bb0
instanceKlass  @cpi coursier/maven/MavenRepositoryInternal 800 form vmentry <vmtarget> ; # java/lang/invoke/LambdaForm$DMH+0x0000000801328000
instanceKlass  @bci coursier/maven/MavenRepositoryInternal artifactOf$1 (Lcoursier/core/Publication;Lcoursier/core/Project;Lcoursier/core/Dependency;)Lcoursier/util/Artifact; 145 <appendix> member <vmtarget> ; # coursier/maven/MavenRepositoryInternal$$Lambda$832+0x0000000801323c70
instanceKlass  @bci coursier/maven/MavenRepositoryInternal artifactOf$1 (Lcoursier/core/Publication;Lcoursier/core/Project;Lcoursier/core/Dependency;)Lcoursier/util/Artifact; 95 <appendix> argL0 ; # coursier/maven/MavenRepositoryInternal$$Lambda$831+0x0000000801322800
instanceKlass  @bci coursier/maven/MavenRepositoryInternal artifactOf$1 (Lcoursier/core/Publication;Lcoursier/core/Project;Lcoursier/core/Dependency;)Lcoursier/util/Artifact; 87 <appendix> argL0 ; # coursier/maven/MavenRepositoryInternal$$Lambda$830+0x00000008013238c0
instanceKlass  @bci coursier/maven/MavenRepositoryInternal artifactOf$1 (Lcoursier/core/Publication;Lcoursier/core/Project;Lcoursier/core/Dependency;)Lcoursier/util/Artifact; 56 <appendix> member <vmtarget> ; # coursier/maven/MavenRepositoryInternal$$Lambda$829+0x0000000801323618
instanceKlass  @bci coursier/maven/MavenRepositoryInternal artifactOf$1 (Lcoursier/core/Publication;Lcoursier/core/Project;Lcoursier/core/Dependency;)Lcoursier/util/Artifact; 5 <appendix> member <vmtarget> ; # coursier/maven/MavenRepositoryInternal$$Lambda$828+0x0000000801323260
instanceKlass coursier/core/SnapshotVersioning
instanceKlass  @bci coursier/maven/MavenAttributes$ typeExtension (Ljava/lang/String;)Ljava/lang/String; 13 <appendix> member <vmtarget> ; # coursier/maven/MavenAttributes$$$Lambda$827+0x0000000801327d30
instanceKlass  @bci coursier/maven/MavenAttributes$ typeDefaultClassifier (Ljava/lang/String;)Ljava/lang/String; 5 <appendix> argL0 ; # coursier/maven/MavenAttributes$$$Lambda$826+0x0000000801327a90
instanceKlass coursier/maven/MavenAttributes$
instanceKlass  @bci coursier/maven/MavenRepositoryInternal artifacts0 (Lcoursier/core/Dependency;Lcoursier/core/Project;ZLscala/Option;)Lscala/collection/immutable/Seq; 16 <appendix> argL0 ; # coursier/maven/MavenRepositoryInternal$$Lambda$825+0x00000008013274f0
instanceKlass  @bci coursier/core/Resolution $anonfun$dependencyArtifacts0$5 (Lcoursier/core/Dependency;Lscala/Option;Lscala/Tuple2;)Lscala/collection/IterableOnce; 83 <appendix> argL0 ; # coursier/core/Resolution$$Lambda$824+0x0000000801327140
instanceKlass  @bci coursier/core/Resolution $anonfun$dependencyArtifacts0$1 (Lcoursier/core/Resolution;Lscala/Option;Lscala/Option;Lcoursier/core/Dependency;)Lscala/collection/immutable/Seq; 49 <appendix> member <vmtarget> ; # coursier/core/Resolution$$Lambda$823+0x0000000801326d88
instanceKlass coursier/core/Attributes
instanceKlass coursier/core/Attributes$
instanceKlass  @bci coursier/core/Resolution $anonfun$dependencyArtifacts0$1 (Lcoursier/core/Resolution;Lscala/Option;Lscala/Option;Lcoursier/core/Dependency;)Lscala/collection/immutable/Seq; 36 <appendix> member <vmtarget> ; # coursier/core/Resolution$$Lambda$822+0x0000000801326580
instanceKlass  @bci coursier/core/Resolution $anonfun$dependencyArtifacts0$1 (Lcoursier/core/Resolution;Lscala/Option;Lscala/Option;Lcoursier/core/Dependency;)Lscala/collection/immutable/Seq; 24 <appendix> argL0 ; # coursier/core/Resolution$$Lambda$821+0x00000008013261d0
instanceKlass  @bci coursier/core/Resolution dependencyArtifacts0 (Lscala/Option;Lscala/Option;Z)Lscala/collection/immutable/Seq; 30 <appendix> member <vmtarget> ; # coursier/core/Resolution$$Lambda$820+0x0000000801325e18
instanceKlass  @bci coursier/core/DependencySet add (Lscala/collection/Iterable;)Lcoursier/core/DependencySet; 3 <appendix> member <vmtarget> ; # coursier/core/DependencySet$$Lambda$819+0x0000000801325a60
instanceKlass  @bci scala/collection/immutable/LazyList $anonfun$mapImpl$1 (Lscala/collection/immutable/LazyList;Lscala/Function1;)Lscala/collection/immutable/LazyList; 61 <appendix> member <vmtarget> ; # scala/collection/immutable/LazyList$$Lambda$818+0x00000008013257b8
instanceKlass  @bci scala/collection/immutable/LazyList map (Lscala/Function1;)Lscala/collection/immutable/LazyList; 60 <appendix> member <vmtarget> ; # scala/collection/immutable/LazyList$$Lambda$817+0x0000000801325510
instanceKlass  @bci scala/Enumeration scala$Enumeration$$nameOf (I)Ljava/lang/String; 10 <appendix> form vmentry <vmtarget> ; # java/lang/invoke/LambdaForm$DMH+0x0000000801322400
instanceKlass  @bci coursier/core/Resolution orderedDependencies0 (ZZ)Lscala/collection/immutable/Seq; 108 <appendix> member <vmtarget> ; # coursier/core/Resolution$$Lambda$816+0x0000000801325158
instanceKlass  @cpi coursier/core/Resolution 1932 form vmentry <vmtarget> ; # java/lang/invoke/LambdaForm$DMH+0x0000000801322000
instanceKlass  @bci scala/collection/immutable/LazyList$Deferrer$ $hash$colon$colon$extension (Lscala/Function0;Lscala/Function0;)Lscala/collection/immutable/LazyList; 6 <appendix> member <vmtarget> ; # scala/collection/immutable/LazyList$Deferrer$$$Lambda$815+0x0000000801324eb0
instanceKlass  @bci coursier/core/Resolution helper$4 (Lscala/collection/immutable/List;Lcoursier/core/DependencySet;Z)Lscala/collection/immutable/LazyList; 202 <appendix> member <vmtarget> ; # coursier/core/Resolution$$Lambda$814+0x0000000801324c08
instanceKlass  @bci coursier/core/Resolution helper$4 (Lscala/collection/immutable/List;Lcoursier/core/DependencySet;Z)Lscala/collection/immutable/LazyList; 192 <adapter> ; # java/lang/invoke/LambdaForm$MH+0x0000000801321c00
# instanceKlass java/lang/invoke/LambdaForm$DMH+0x0000000801321800
instanceKlass  @bci coursier/core/Resolution helper$4 (Lscala/collection/immutable/List;Lcoursier/core/DependencySet;Z)Lscala/collection/immutable/LazyList; 192 <appendix> form vmentry <vmtarget> ; # java/lang/invoke/LambdaForm$DMH+0x0000000801321400
instanceKlass  @bci coursier/core/Resolution helper$4 (Lscala/collection/immutable/List;Lcoursier/core/DependencySet;Z)Lscala/collection/immutable/LazyList; 192 <appendix> member <vmtarget> ; # coursier/core/Resolution$$Lambda$813+0x0000000801324960
instanceKlass  @cpi coursier/core/Resolution 3039 form vmentry <vmtarget> ; # java/lang/invoke/LambdaForm$DMH+0x0000000801321000
instanceKlass scala/collection/immutable/LazyList$Deferrer$
instanceKlass  @bci coursier/core/Resolution helper$4 (Lscala/collection/immutable/List;Lcoursier/core/DependencySet;Z)Lscala/collection/immutable/LazyList; 129 <appendix> member <vmtarget> ; # coursier/core/Resolution$$Lambda$812+0x00000008013243b8
instanceKlass  @bci coursier/core/Resolution helper$4 (Lscala/collection/immutable/List;Lcoursier/core/DependencySet;Z)Lscala/collection/immutable/LazyList; 113 <appendix> argL0 ; # coursier/core/Resolution$$Lambda$811+0x000000080131fd00
instanceKlass  @bci coursier/core/Resolution $anonfun$dependenciesOf0$1 (Lcoursier/core/Resolution;ZZZLscala/collection/immutable/Seq;)Lscala/collection/immutable/Seq; 14 <appendix> member <vmtarget> ; # coursier/core/Resolution$$Lambda$810+0x0000000801324000
instanceKlass  @bci coursier/core/Resolution $anonfun$dependenciesOf0$1 (Lcoursier/core/Resolution;ZZZLscala/collection/immutable/Seq;)Lscala/collection/immutable/Seq; 14 <adapter> ; # java/lang/invoke/LambdaForm$MH+0x0000000801320c00
# instanceKlass java/lang/invoke/LambdaForm$DMH+0x0000000801320800
instanceKlass  @bci coursier/core/Resolution $anonfun$dependenciesOf0$1 (Lcoursier/core/Resolution;ZZZLscala/collection/immutable/Seq;)Lscala/collection/immutable/Seq; 14 <appendix> form vmentry <vmtarget> ; # java/lang/invoke/LambdaForm$DMH+0x0000000801320400
instanceKlass  @bci coursier/core/Resolution dependenciesOf0 (Lcoursier/core/Dependency;ZZZ)Lscala/util/Either; 10 <appendix> member <vmtarget> ; # coursier/core/Resolution$$Lambda$809+0x000000080131f948
instanceKlass  @cpi coursier/core/Resolution 1036 form vmentry <vmtarget> ; # java/lang/invoke/LambdaForm$DMH+0x0000000801320000
instanceKlass  @bci coursier/core/DependencySet$Sets covers (Ljava/lang/Object;Lscala/Function1;Lscala/Function2;)Z 56 <appendix> member <vmtarget> ; # coursier/core/DependencySet$Sets$$Lambda$808+0x000000080131f590
instanceKlass  @bci coursier/core/DependencySet$Sets covers (Ljava/lang/Object;Lscala/Function1;Lscala/Function2;)Z 44 <appendix> argL0 ; # coursier/core/DependencySet$Sets$$Lambda$807+0x000000080131f1e0
instanceKlass  @bci coursier/core/DependencySet$Sets covers (Ljava/lang/Object;Lscala/Function1;Lscala/Function2;)Z 29 <appendix> member <vmtarget> ; # coursier/core/DependencySet$Sets$$Lambda$806+0x000000080131ee10
instanceKlass  @bci coursier/core/DependencySet covers (Lcoursier/core/Dependency;)Z 31 <appendix> argL0 ; # coursier/core/DependencySet$$Lambda$805+0x000000080131e880
instanceKlass  @bci coursier/core/DependencySet covers (Lcoursier/core/Dependency;)Z 26 <appendix> argL0 ; # coursier/core/DependencySet$$Lambda$804+0x000000080131e4d0
instanceKlass  @bci coursier/core/DependencySet covers (Lcoursier/core/Dependency;)Z 10 <appendix> argL0 ; # coursier/core/DependencySet$$Lambda$803+0x000000080131e230
instanceKlass  @bci coursier/core/Resolution$ coursier$core$Resolution$$fallbackConfigIfNecessary (Lcoursier/core/Dependency;Lscala/Option;Ljava/lang/String;Lcoursier/core/VariantSelector$AttributesBased;)Lcoursier/core/Dependency; 10 <appendix> member <vmtarget> ; # coursier/core/Resolution$$$Lambda$802+0x000000080131df88
instanceKlass  @bci coursier/core/Resolution configsOf (Lcoursier/core/Dependency;)Lscala/Option; 60 <appendix> argL0 ; # coursier/core/Resolution$$Lambda$801+0x000000080131dce8
instanceKlass  @bci coursier/core/Resolution configsOf (Lcoursier/core/Dependency;)Lscala/Option; 52 <appendix> argL0 ; # coursier/core/Resolution$$Lambda$800+0x000000080131d938
instanceKlass  @bci coursier/core/Resolution configsOf (Lcoursier/core/Dependency;)Lscala/Option; 44 <appendix> argL0 ; # coursier/core/Resolution$$Lambda$799+0x000000080131d588
instanceKlass  @bci coursier/core/Resolution configsOf (Lcoursier/core/Dependency;)Lscala/Option; 9 <appendix> member <vmtarget> ; # coursier/core/Resolution$$Lambda$798+0x000000080131d2e0
instanceKlass  @bci coursier/core/Resolution updated (Lcoursier/core/Dependency;ZZZZ)Lcoursier/core/Dependency; 118 <appendix> member <vmtarget> ; # coursier/core/Resolution$$Lambda$797+0x000000080131d038
instanceKlass  @bci coursier/core/Resolution orderedDependencies0 (ZZ)Lscala/collection/immutable/Seq; 73 <appendix> member <vmtarget> ; # coursier/core/Resolution$$Lambda$796+0x000000080131cc80
instanceKlass  @bci coursier/core/Resolution orderedDependencies0 (ZZ)Lscala/collection/immutable/Seq; 59 <appendix> member <vmtarget> ; # coursier/core/Resolution$$Lambda$795+0x000000080131c8c8
instanceKlass  @bci coursier/core/Resolution$ merge0 (Lscala/collection/immutable/Seq;Lscala/collection/immutable/Map;Lscala/Option;Z)Lscala/Tuple3; 121 <appendix> member <vmtarget> ; # coursier/core/Resolution$$$Lambda$794+0x000000080131c510
instanceKlass  @bci coursier/core/Resolution$ merge0 (Lscala/collection/immutable/Seq;Lscala/collection/immutable/Map;Lscala/Option;Z)Lscala/Tuple3; 100 <appendix> argL0 ; # coursier/core/Resolution$$$Lambda$793+0x000000080131c160
instanceKlass  @bci coursier/Artifacts$ defaultTypes (Lscala/collection/immutable/Set;Lscala/Option;)Lscala/collection/immutable/Set; 39 <appendix> argL0 ; # coursier/Artifacts$$$Lambda$792+0x000000080131b2c0
instanceKlass  @bci coursier/Artifacts$ defaultTypes (Lscala/collection/immutable/Set;Lscala/Option;)Lscala/collection/immutable/Set; 2 <appendix> member <vmtarget> ; # coursier/Artifacts$$$Lambda$791+0x000000080131aff8
instanceKlass  @bci coursier/Artifacts$ artifacts0 (Lcoursier/core/Resolution;Lscala/collection/immutable/Set;Lscala/collection/immutable/Seq;Lscala/Option;Lscala/Option;Z)Lscala/collection/immutable/Seq; 22 <appendix> member <vmtarget> ; # coursier/Artifacts$$$Lambda$790+0x000000080131ad50
instanceKlass  @bci coursier/Artifacts$ artifacts0 (Lcoursier/core/Resolution;Lscala/collection/immutable/Set;Lscala/collection/immutable/Seq;Lscala/Option;Lscala/Option;Z)Lscala/collection/immutable/Seq; 4 <appendix> member <vmtarget> ; # coursier/Artifacts$$$Lambda$789+0x000000080131aa88
instanceKlass  @bci coursier/Artifacts ioResult ()Ljava/lang/Object; 37 <appendix> member <vmtarget> ; # coursier/Artifacts$$Lambda$788+0x000000080131a6d0
instanceKlass  @bci coursier/Artifacts ioResult ()Ljava/lang/Object; 25 <appendix> member <vmtarget> ; # coursier/Artifacts$$Lambda$787+0x000000080131a318
instanceKlass  @bci scala/Function$ chain (Lscala/collection/Seq;)Lscala/Function1; 1 <appendix> member <vmtarget> ; # scala/Function$$$Lambda$786+0x0000000801319f60
instanceKlass scala/Function$
instanceKlass  @bci coursier/Resolve $anonfun$ioWithConflicts0$11 (Lcoursier/Resolve;Lscala/Tuple2;)Ljava/lang/Object; 67 <appendix> member <vmtarget> ; # coursier/Resolve$$Lambda$785+0x0000000801319ba8
instanceKlass  @bci coursier/Resolve $anonfun$ioWithConflicts0$9 (Lcoursier/Resolve;Lscala/Function1;Lcoursier/core/Resolution;)Ljava/lang/Object; 44 <appendix> member <vmtarget> ; # coursier/Resolve$$Lambda$784+0x00000008013197f0
instanceKlass  @bci coursier/Resolve $anonfun$ioWithConflicts0$9 (Lcoursier/Resolve;Lscala/Function1;Lcoursier/core/Resolution;)Ljava/lang/Object; 26 <appendix> argL0 ; # coursier/Resolve$$Lambda$783+0x0000000801319440
instanceKlass  @bci coursier/Resolve $anonfun$ioWithConflicts0$8 (Lcoursier/Resolve;Lscala/Function1;Lcoursier/core/Resolution;)Ljava/lang/Object; 17 <appendix> member <vmtarget> ; # coursier/Resolve$$Lambda$782+0x0000000801318c18
instanceKlass  @bci coursier/Resolve$ validate (Lcoursier/core/Resolution;Lscala/Function2;)Lcoursier/util/ValidationNel; 345 <appendix> argL0 ; # coursier/Resolve$$$Lambda$781+0x0000000801318868
instanceKlass  @bci coursier/Resolve$ validate (Lcoursier/core/Resolution;Lscala/Function2;)Lcoursier/util/ValidationNel; 46 <appendix> member <vmtarget> ; # coursier/Resolve$$$Lambda$780+0x00000008013184b0
instanceKlass  @bci coursier/core/Resolution errors0 ()Lscala/collection/immutable/Seq; 10 <appendix> argL0 ; # coursier/core/Resolution$$Lambda$779+0x0000000801309590
instanceKlass  @bci coursier/Resolve $anonfun$ioWithConflicts0$3 ()Lscala/Function2; 0 <appendix> argL0 ; # coursier/Resolve$$Lambda$778+0x0000000801309000
instanceKlass  @bci coursier/Resolve validate0$1 (Lcoursier/core/Resolution;)Ljava/lang/Object; 11 <appendix> argL0 ; # coursier/Resolve$$Lambda$777+0x0000000801317cc0
instanceKlass  @bci coursier/util/Task$ $anonfun$fromEither$1 (Lscala/util/Either;Lscala/concurrent/ExecutionContext;)Lscala/concurrent/Future; 9 <appendix> argL0 ; # coursier/util/Task$$$Lambda$776+0x0000000801317910
instanceKlass  @bci coursier/util/Task$ $anonfun$fromEither$1 (Lscala/util/Either;Lscala/concurrent/ExecutionContext;)Lscala/concurrent/Future; 4 <appendix> argL0 ; # coursier/util/Task$$$Lambda$775+0x0000000801317560
instanceKlass  @bci coursier/cache/CacheLogger$Using $anonfun$apply$5 (Lcoursier/util/Sync;Lscala/util/Either;Lscala/runtime/BoxedUnit;)Ljava/lang/Object; 17 <appendix> argL0 ; # coursier/cache/CacheLogger$Using$$Lambda$774+0x00000008013171b0
instanceKlass  @bci coursier/util/Task$ fromEither (Lscala/util/Either;)Lscala/Function1; 1 <appendix> member <vmtarget> ; # coursier/util/Task$$$Lambda$773+0x0000000801316df8
instanceKlass  @bci coursier/cache/CacheLogger$Using $anonfun$apply$3 (Lcoursier/cache/CacheLogger$Using;Lcoursier/util/Sync;Lscala/util/Either;)Ljava/lang/Object; 21 <appendix> member <vmtarget> ; # coursier/cache/CacheLogger$Using$$Lambda$772+0x0000000801316a40
instanceKlass  @bci coursier/cache/CacheLogger$Using $anonfun$apply$3 (Lcoursier/cache/CacheLogger$Using;Lcoursier/util/Sync;Lscala/util/Either;)Ljava/lang/Object; 5 <appendix> member <vmtarget> ; # coursier/cache/CacheLogger$Using$$Lambda$771+0x0000000801316778
instanceKlass coursier/core/Done$
instanceKlass  @bci coursier/core/Resolution $anonfun$transitiveDependenciesAndErrors$1 (Lcoursier/core/Resolution;Lcoursier/core/Dependency;)Lscala/util/Either; 9 <appendix> member <vmtarget> ; # coursier/core/Resolution$$Lambda$770+0x00000008013161d0
instanceKlass  @bci coursier/core/DependencySet$Sets forceAdd (Ljava/lang/Object;Lscala/Function1;Lscala/Function2;)Lcoursier/core/DependencySet$Sets; 99 <appendix> argL0 ; # coursier/core/DependencySet$Sets$$Lambda$769+0x0000000801315f30
instanceKlass  @bci coursier/core/DependencySet$Sets forceAdd (Ljava/lang/Object;Lscala/Function1;Lscala/Function2;)Lcoursier/core/DependencySet$Sets; 48 <appendix> member <vmtarget> ; # coursier/core/DependencySet$Sets$$Lambda$768+0x0000000801315b78
instanceKlass  @bci coursier/core/DependencySet$Sets forceAdd (Ljava/lang/Object;Lscala/Function1;Lscala/Function2;)Lcoursier/core/DependencySet$Sets; 36 <appendix> argL0 ; # coursier/core/DependencySet$Sets$$Lambda$767+0x00000008013157c8
instanceKlass  @bci coursier/core/DependencySet$Sets forceAdd (Ljava/lang/Object;Lscala/Function1;Lscala/Function2;)Lcoursier/core/DependencySet$Sets; 21 <appendix> member <vmtarget> ; # coursier/core/DependencySet$Sets$$Lambda$766+0x00000008013153f8
instanceKlass  @bci coursier/core/DependencySet $anonfun$addNoCheck$1 (Lscala/runtime/ObjectRef;Lcoursier/core/Dependency;)V 61 <appendix> argL0 ; # coursier/core/DependencySet$$Lambda$765+0x000000080130b8f0
instanceKlass  @bci coursier/core/DependencySet $anonfun$addNoCheck$1 (Lscala/runtime/ObjectRef;Lcoursier/core/Dependency;)V 56 <appendix> argL0 ; # coursier/core/DependencySet$$Lambda$764+0x000000080130b540
instanceKlass coursier/core/DependencySet$Sets
instanceKlass scala/collection/generic/BitOperations$Int
instanceKlass scala/collection/immutable/IntMap$
instanceKlass coursier/core/DependencySet$Sets$
instanceKlass  @bci coursier/core/DependencySet addNoCheck (Lscala/collection/Iterable;)Lcoursier/core/DependencySet; 21 <appendix> member <vmtarget> ; # coursier/core/DependencySet$$Lambda$763+0x000000080130a948
instanceKlass  @bci scala/collection/immutable/SetOps removedAll (Lscala/collection/IterableOnce;)Lscala/collection/immutable/SetOps; 12 <appendix> argL0 ; # scala/collection/immutable/SetOps$$Lambda$762+0x000000080130a3b8
instanceKlass  @bci coursier/core/Resolution newDependencies$lzycompute ()Lscala/collection/immutable/Set; 33 <appendix> member <vmtarget> ; # coursier/core/Resolution$$Lambda$761+0x000000080130a000
instanceKlass  @bci coursier/core/Resolution helper$2 (Lscala/collection/immutable/Map;Lscala/collection/immutable/Set;)Lscala/collection/immutable/Map; 2 <appendix> member <vmtarget> ; # coursier/core/Resolution$$Lambda$760+0x000000080130faa0
instanceKlass  @bci scala/collection/MapView$FilterKeys iterator ()Lscala/collection/Iterator; 10 <appendix> member <vmtarget> ; # scala/collection/MapView$FilterKeys$$Lambda$759+0x000000080130f6e8
instanceKlass  @bci coursier/core/Resolution reverseDependencies$lzycompute ()Lscala/collection/immutable/Map; 161 <appendix> argL0 ; # coursier/core/Resolution$$Lambda$758+0x000000080130e2f8
instanceKlass  @bci coursier/core/Resolution reverseDependencies$lzycompute ()Lscala/collection/immutable/Map; 146 <appendix> argL0 ; # coursier/core/Resolution$$Lambda$757+0x000000080130df48
instanceKlass  @bci coursier/core/Resolution reverseDependencies$lzycompute ()Lscala/collection/immutable/Map; 124 <appendix> argL0 ; # coursier/core/Resolution$$Lambda$756+0x000000080130db98
instanceKlass  @bci coursier/core/Resolution $anonfun$reverseDependencies$1 (Lcoursier/core/Resolution;Lcoursier/core/Dependency;)Lscala/collection/immutable/Seq; 20 <appendix> member <vmtarget> ; # coursier/core/Resolution$$Lambda$755+0x000000080130d7e0
instanceKlass  @bci coursier/core/Resolution $anonfun$reverseDependencies$1 (Lcoursier/core/Resolution;Lcoursier/core/Dependency;)Lscala/collection/immutable/Seq; 8 <appendix> argL0 ; # coursier/core/Resolution$$Lambda$754+0x000000080130d540
instanceKlass  @bci coursier/core/Resolution finalDependencies0 (Lcoursier/core/Dependency;)Lscala/util/Either; 146 <appendix> member <vmtarget> ; # coursier/core/Resolution$$Lambda$753+0x000000080130d188
instanceKlass  @bci coursier/core/Resolution $anonfun$finalDependencies0$7 (Lcoursier/core/Resolution;Lscala/collection/immutable/Seq;)Lscala/collection/immutable/Seq; 11 <appendix> member <vmtarget> ; # coursier/core/Resolution$$Lambda$752+0x000000080130cdd0
instanceKlass  @bci coursier/core/Resolution $anonfun$finalDependencies0$7 (Lcoursier/core/Resolution;Lscala/collection/immutable/Seq;)Lscala/collection/immutable/Seq; 5 <appendix> member <vmtarget> ; # coursier/core/Resolution$$Lambda$751+0x000000080130cb28
instanceKlass  @bci coursier/core/Resolution finalDependencies0 (Lcoursier/core/Dependency;)Lscala/util/Either; 132 <appendix> member <vmtarget> ; # coursier/core/Resolution$$Lambda$750+0x000000080130c770
instanceKlass  @bci coursier/core/Resolution $anonfun$finalDependencies0$4 (Lcoursier/core/Resolution;Lscala/collection/immutable/Seq;)Lscala/collection/immutable/Seq; 5 <appendix> argL0 ; # coursier/core/Resolution$$Lambda$749+0x0000000801307ca0
instanceKlass  @bci coursier/core/Resolution finalDependencies0 (Lcoursier/core/Dependency;)Lscala/util/Either; 123 <appendix> member <vmtarget> ; # coursier/core/Resolution$$Lambda$748+0x000000080130c3b8
instanceKlass  @bci coursier/core/Resolution$ $anonfun$finalDependencies$12 (Lscala/collection/immutable/Seq;Lcoursier/core/Dependency;Lscala/Option;Ljava/lang/String;Lscala/util/Either;)Lscala/collection/immutable/Seq; 6 <appendix> member <vmtarget> ; # coursier/core/Resolution$$$Lambda$747+0x000000080130c000
instanceKlass  @bci coursier/core/Resolution$ coursier$core$Resolution$$finalDependencies (Lcoursier/core/Dependency;Lcoursier/core/Project;Ljava/lang/String;Lcoursier/core/VariantSelector$AttributesBased;Lscala/Function1;ZZZ)Lscala/util/Either; 629 <appendix> member <vmtarget> ; # coursier/core/Resolution$$$Lambda$746+0x00000008013078e8
instanceKlass  @bci coursier/core/Resolution$ withExclusions0 (Lscala/collection/immutable/Seq;Lscala/collection/immutable/Set;)Lscala/collection/immutable/Seq; 24 <appendix> member <vmtarget> ; # coursier/core/Resolution$$$Lambda$745+0x0000000801307530
instanceKlass  @bci coursier/core/Resolution$ withExclusions0 (Lscala/collection/immutable/Seq;Lscala/collection/immutable/Set;)Lscala/collection/immutable/Seq; 10 <appendix> member <vmtarget> ; # coursier/core/Resolution$$$Lambda$744+0x0000000801307178
instanceKlass  @bci coursier/core/Resolution$ depsWithDependencyManagement0 (Lscala/collection/immutable/Seq;Lscala/collection/immutable/Map;Lscala/Option;Lcoursier/core/Overrides;ZLscala/Function1;)Lscala/collection/immutable/Seq; 64 <adapter> ; # java/lang/invoke/LambdaForm$MH+0x0000000801308c00
# instanceKlass java/lang/invoke/LambdaForm$DMH+0x0000000801308800
instanceKlass  @bci coursier/core/Resolution$ depsWithDependencyManagement0 (Lscala/collection/immutable/Seq;Lscala/collection/immutable/Map;Lscala/Option;Lcoursier/core/Overrides;ZLscala/Function1;)Lscala/collection/immutable/Seq; 64 <appendix> form vmentry <vmtarget> ; # java/lang/invoke/LambdaForm$DMH+0x0000000801308400
instanceKlass  @bci coursier/core/Resolution$ depsWithDependencyManagement0 (Lscala/collection/immutable/Seq;Lscala/collection/immutable/Map;Lscala/Option;Lcoursier/core/Overrides;ZLscala/Function1;)Lscala/collection/immutable/Seq; 64 <appendix> member <vmtarget> ; # coursier/core/Resolution$$$Lambda$743+0x0000000801306dc0
instanceKlass  @cpi coursier/core/Resolution$ 1033 form vmentry <vmtarget> ; # java/lang/invoke/LambdaForm$DMH+0x0000000801308000
instanceKlass  @bci coursier/core/Overrides$Impl hasProperties$lzycompute ()Z 20 <appendix> argL0 ; # coursier/core/Overrides$Impl$$Lambda$742+0x0000000801306a10
instanceKlass  @bci coursier/core/Resolution$ depsWithDependencyManagement0 (Lscala/collection/immutable/Seq;Lscala/collection/immutable/Map;Lscala/Option;Lcoursier/core/Overrides;ZLscala/Function1;)Lscala/collection/immutable/Seq; 28 <appendix> member <vmtarget> ; # coursier/core/Resolution$$$Lambda$741+0x0000000801306658
instanceKlass  @bci coursier/core/Resolution$ coursier$core$Resolution$$finalDependencies (Lcoursier/core/Dependency;Lcoursier/core/Project;Ljava/lang/String;Lcoursier/core/VariantSelector$AttributesBased;Lscala/Function1;ZZZ)Lscala/util/Either; 560 <appendix> member <vmtarget> ; # coursier/core/Resolution$$$Lambda$740+0x00000008013062a0
instanceKlass  @bci coursier/core/Resolution$ coursier$core$Resolution$$finalDependencies (Lcoursier/core/Dependency;Lcoursier/core/Project;Ljava/lang/String;Lcoursier/core/VariantSelector$AttributesBased;Lscala/Function1;ZZZ)Lscala/util/Either; 484 <appendix> member <vmtarget> ; # coursier/core/Resolution$$$Lambda$739+0x0000000801305ff8
instanceKlass  @bci coursier/core/Resolution$ coursier$core$Resolution$$finalDependencies (Lcoursier/core/Dependency;Lcoursier/core/Project;Ljava/lang/String;Lcoursier/core/VariantSelector$AttributesBased;Lscala/Function1;ZZZ)Lscala/util/Either; 392 <appendix> member <vmtarget> ; # coursier/core/Resolution$$$Lambda$738+0x0000000801305c40
instanceKlass  @bci coursier/core/Orders$ helper$1 (Lscala/collection/immutable/Set;Lscala/collection/immutable/Set;Lscala/collection/immutable/Map;)Lscala/collection/immutable/Set; 39 <appendix> member <vmtarget> ; # coursier/core/Orders$$$Lambda$737+0x0000000801305888
instanceKlass  @bci coursier/core/Orders$ allConfigurations0 (Lscala/collection/immutable/Map;)Lscala/collection/immutable/Map; 13 <appendix> member <vmtarget> ; # coursier/core/Orders$$$Lambda$736+0x00000008013054d0
instanceKlass coursier/core/Orders$$anon$3
instanceKlass coursier/core/Orders$$anon$2
instanceKlass coursier/core/Orders$PartialOrdering
instanceKlass coursier/core/Orders$
instanceKlass  @bci coursier/core/Resolution$ helper$1 (Lscala/collection/immutable/Set;Lscala/collection/immutable/Set;Lscala/collection/immutable/Map;)Lscala/collection/immutable/Set; 39 <appendix> member <vmtarget> ; # coursier/core/Resolution$$$Lambda$735+0x0000000801303e88
instanceKlass  @bci coursier/core/Resolution$ coursier$core$Resolution$$finalDependencies (Lcoursier/core/Dependency;Lcoursier/core/Project;Ljava/lang/String;Lcoursier/core/VariantSelector$AttributesBased;Lscala/Function1;ZZZ)Lscala/util/Either; 252 <appendix> member <vmtarget> ; # coursier/core/Resolution$$$Lambda$734+0x0000000801303ad0
instanceKlass scala/util/matching/Regex$Match
instanceKlass scala/util/matching/Regex$Replacement
instanceKlass scala/util/matching/Regex$MatchData
instanceKlass coursier/core/Parse$
instanceKlass  @bci coursier/core/Resolution$ coursier$core$Resolution$$finalDependencies (Lcoursier/core/Dependency;Lcoursier/core/Project;Ljava/lang/String;Lcoursier/core/VariantSelector$AttributesBased;Lscala/Function1;ZZZ)Lscala/util/Either; 10 <appendix> argL0 ; # coursier/core/Resolution$$$Lambda$733+0x0000000801300fb8
instanceKlass  @bci coursier/core/Resolution finalDependencies0 (Lcoursier/core/Dependency;)Lscala/util/Either; 102 <appendix> member <vmtarget> ; # coursier/core/Resolution$$Lambda$732+0x0000000801300c00
instanceKlass  @bci coursier/core/Resolution finalDependencies0 (Lcoursier/core/Dependency;)Lscala/util/Either; 14 <appendix> member <vmtarget> ; # coursier/core/Resolution$$Lambda$731+0x0000000801300958
instanceKlass  @bci coursier/core/Resolution reverseDependencies$lzycompute ()Lscala/collection/immutable/Map; 97 <appendix> member <vmtarget> ; # coursier/core/Resolution$$Lambda$730+0x00000008013005a0
instanceKlass  @bci coursier/core/Resolution remainingDependencies$lzycompute ()Lscala/collection/immutable/Set; 21 <appendix> argL0 ; # coursier/core/Resolution$$Lambda$729+0x00000008013001f0
instanceKlass coursier/core/Continue$
instanceKlass  @bci coursier/core/Resolution withDependencyManagement (Lcoursier/core/Project;)Lcoursier/core/Project; 856 <appendix> argL0 ; # coursier/core/Resolution$$Lambda$728+0x00000008012ffbe0
instanceKlass  @bci coursier/core/Resolution withDependencyManagement (Lcoursier/core/Project;)Lcoursier/core/Project; 819 <appendix> member <vmtarget> ; # coursier/core/Resolution$$Lambda$727+0x00000008012ff828
instanceKlass  @bci coursier/core/Resolution withDependencyManagement (Lcoursier/core/Project;)Lcoursier/core/Project; 802 <appendix> member <vmtarget> ; # coursier/core/Resolution$$Lambda$726+0x00000008012ff470
instanceKlass  @bci coursier/core/Resolution withDependencyManagement (Lcoursier/core/Project;)Lcoursier/core/Project; 793 <appendix> argL0 ; # coursier/core/Resolution$$Lambda$725+0x00000008012ff0c0
instanceKlass  @bci coursier/core/Resolution $anonfun$withDependencyManagement$26 (Lscala/collection/immutable/Map;Ljava/lang/String;)Ljava/lang/String; 5 <appendix> member <vmtarget> ; # coursier/core/Resolution$$Lambda$724+0x00000008012fed08
instanceKlass  @bci coursier/core/Resolution withDependencyManagement (Lcoursier/core/Project;)Lcoursier/core/Project; 747 <appendix> member <vmtarget> ; # coursier/core/Resolution$$Lambda$723+0x00000008012fe950
instanceKlass  @bci coursier/core/Resolution withDependencyManagement (Lcoursier/core/Project;)Lcoursier/core/Project; 712 <appendix> argL0 ; # coursier/core/Resolution$$Lambda$722+0x00000008012fe5a0
instanceKlass  @bci coursier/core/Resolution withDependencyManagement (Lcoursier/core/Project;)Lcoursier/core/Project; 689 <appendix> argL0 ; # coursier/core/Resolution$$Lambda$721+0x00000008012fe1f0
instanceKlass  @bci coursier/core/Resolution withDependencyManagement (Lcoursier/core/Project;)Lcoursier/core/Project; 667 <appendix> member <vmtarget> ; # coursier/core/Resolution$$Lambda$720+0x00000008012fde38
instanceKlass  @bci coursier/core/Resolution withDependencyManagement (Lcoursier/core/Project;)Lcoursier/core/Project; 653 <appendix> argL0 ; # coursier/core/Resolution$$Lambda$719+0x00000008012fda88
instanceKlass  @bci coursier/core/Resolution withDependencyManagement (Lcoursier/core/Project;)Lcoursier/core/Project; 630 <appendix> argL0 ; # coursier/core/Resolution$$Lambda$718+0x00000008012fd6d8
instanceKlass  @bci coursier/core/Resolution withDependencyManagement (Lcoursier/core/Project;)Lcoursier/core/Project; 613 <appendix> member <vmtarget> ; # coursier/core/Resolution$$Lambda$717+0x00000008012fd320
instanceKlass  @bci coursier/core/Resolution withDependencyManagement (Lcoursier/core/Project;)Lcoursier/core/Project; 598 <appendix> member <vmtarget> ; # coursier/core/Resolution$$Lambda$716+0x00000008012fcf68
instanceKlass  @bci coursier/core/Resolution withDependencyManagement (Lcoursier/core/Project;)Lcoursier/core/Project; 577 <appendix> member <vmtarget> ; # coursier/core/Resolution$$Lambda$715+0x00000008012fcbb0
instanceKlass  @bci coursier/core/Resolution withDependencyManagement (Lcoursier/core/Project;)Lcoursier/core/Project; 559 <appendix> member <vmtarget> ; # coursier/core/Resolution$$Lambda$714+0x00000008012fc7f8
instanceKlass  @bci coursier/core/Resolution withDependencyManagement (Lcoursier/core/Project;)Lcoursier/core/Project; 541 <appendix> member <vmtarget> ; # coursier/core/Resolution$$Lambda$713+0x00000008012fc440
instanceKlass  @bci coursier/core/Resolution withDependencyManagement (Lcoursier/core/Project;)Lcoursier/core/Project; 523 <appendix> member <vmtarget> ; # coursier/core/Resolution$$Lambda$712+0x00000008012fc088
instanceKlass  @bci coursier/core/Resolution withDependencyManagement (Lcoursier/core/Project;)Lcoursier/core/Project; 505 <appendix> argL0 ; # coursier/core/Resolution$$Lambda$711+0x00000008012fbcd8
instanceKlass  @bci coursier/core/Resolution withDependencyManagement (Lcoursier/core/Project;)Lcoursier/core/Project; 475 <appendix> argL0 ; # coursier/core/Resolution$$Lambda$710+0x00000008012fb928
instanceKlass  @bci coursier/core/Resolution withDependencyManagement (Lcoursier/core/Project;)Lcoursier/core/Project; 452 <appendix> member <vmtarget> ; # coursier/core/Resolution$$Lambda$709+0x00000008012fb570
instanceKlass  @bci coursier/core/Resolution withDependencyManagement (Lcoursier/core/Project;)Lcoursier/core/Project; 419 <appendix> argL0 ; # coursier/core/Resolution$$Lambda$708+0x00000008012fb1c0
instanceKlass  @bci coursier/core/Resolution withDependencyManagement (Lcoursier/core/Project;)Lcoursier/core/Project; 198 <appendix> member <vmtarget> ; # coursier/core/Resolution$$Lambda$707+0x00000008012fae08
instanceKlass  @bci coursier/core/Resolution$ addDependencies (Lscala/collection/immutable/Seq;)Lscala/collection/immutable/Seq; 57 <appendix> member <vmtarget> ; # coursier/core/Resolution$$$Lambda$706+0x00000008012faa50
instanceKlass  @bci coursier/core/Resolution withDependencyManagement (Lcoursier/core/Project;)Lcoursier/core/Project; 165 <appendix> argL0 ; # coursier/core/Resolution$$Lambda$705+0x00000008012fa6a0
instanceKlass  @bci coursier/core/Resolution withDependencyManagement (Lcoursier/core/Project;)Lcoursier/core/Project; 87 <appendix> argL0 ; # coursier/core/Resolution$$Lambda$704+0x00000008012fa2f0
instanceKlass  @bci coursier/core/Resolution withDependencyManagement (Lcoursier/core/Project;)Lcoursier/core/Project; 16 <appendix> argL0 ; # coursier/core/Resolution$$Lambda$703+0x00000008012f9f40
instanceKlass  @bci coursier/core/Resolution withDependencyManagement (Lcoursier/core/Project;)Lcoursier/core/Project; 5 <appendix> member <vmtarget> ; # coursier/core/Resolution$$Lambda$702+0x00000008012f9b88
instanceKlass  @bci coursier/core/Resolution $anonfun$addToProjectCache0$2 (Lcoursier/core/Resolution;Lscala/Tuple2;)Lscala/Tuple2; 62 <appendix> member <vmtarget> ; # coursier/core/Resolution$$Lambda$701+0x00000008012f97d0
instanceKlass  @bci coursier/core/Resolution addToProjectCache0 (Lscala/collection/immutable/Seq;)Lcoursier/core/Resolution; 71 <appendix> member <vmtarget> ; # coursier/core/Resolution$$Lambda$700+0x00000008012f9418
instanceKlass  @bci coursier/core/Resolution addToProjectCache0 (Lscala/collection/immutable/Seq;)Lcoursier/core/Resolution; 28 <appendix> member <vmtarget> ; # coursier/core/Resolution$$Lambda$699+0x00000008012f9170
instanceKlass  @bci coursier/core/Missing cont0$1 (Lcoursier/core/Resolution;Lscala/collection/immutable/Seq;)Lcoursier/core/ResolutionProcess; 144 <appendix> argL0 ; # coursier/core/Missing$$Lambda$698+0x00000008012f8768
instanceKlass  @bci coursier/core/Missing order$1 (Lscala/collection/immutable/Map;Lscala/collection/immutable/List;)Lscala/collection/immutable/List; 179 <appendix> member <vmtarget> ; # coursier/core/Missing$$Lambda$697+0x00000008012f83b0
instanceKlass  @bci coursier/core/Missing order$1 (Lscala/collection/immutable/Map;Lscala/collection/immutable/List;)Lscala/collection/immutable/List; 160 <appendix> argL0 ; # coursier/core/Missing$$Lambda$696+0x00000008012f8000
instanceKlass  @bci coursier/core/Missing order$1 (Lscala/collection/immutable/Map;Lscala/collection/immutable/List;)Lscala/collection/immutable/List; 138 <appendix> argL0 ; # coursier/core/Missing$$Lambda$695+0x00000008012f78a8
instanceKlass  @bci scala/collection/StrictOptimizedIterableOps partition (Lscala/Function1;)Lscala/Tuple2; 23 <appendix> member <vmtarget> ; # scala/collection/StrictOptimizedIterableOps$$Lambda$694+0x00000008012f74f0
instanceKlass  @bci coursier/core/Missing order$1 (Lscala/collection/immutable/Map;Lscala/collection/immutable/List;)Lscala/collection/immutable/List; 44 <appendix> member <vmtarget> ; # coursier/core/Missing$$Lambda$693+0x00000008012f7140
instanceKlass  @bci coursier/core/Missing order$1 (Lscala/collection/immutable/Map;Lscala/collection/immutable/List;)Lscala/collection/immutable/List; 15 <appendix> argL0 ; # coursier/core/Missing$$Lambda$692+0x00000008012f6d90
instanceKlass  @bci coursier/core/Missing cont0$1 (Lcoursier/core/Resolution;Lscala/collection/immutable/Seq;)Lcoursier/core/ResolutionProcess; 109 <appendix> member <vmtarget> ; # coursier/core/Missing$$Lambda$691+0x00000008012f69d8
instanceKlass  @bci coursier/core/Missing cont0$1 (Lcoursier/core/Resolution;Lscala/collection/immutable/Seq;)Lcoursier/core/ResolutionProcess; 84 <appendix> argL0 ; # coursier/core/Missing$$Lambda$690+0x00000008012f6628
instanceKlass  @bci coursier/core/Missing cont0$1 (Lcoursier/core/Resolution;Lscala/collection/immutable/Seq;)Lcoursier/core/ResolutionProcess; 57 <appendix> argL0 ; # coursier/core/Missing$$Lambda$689+0x00000008012f6098
instanceKlass  @bci coursier/core/Missing cont0$1 (Lcoursier/core/Resolution;Lscala/collection/immutable/Seq;)Lcoursier/core/ResolutionProcess; 35 <appendix> argL0 ; # coursier/core/Missing$$Lambda$688+0x00000008012f5ce8
instanceKlass  @bci coursier/core/Resolution$ withProperties0 (Lscala/collection/immutable/Seq;Lscala/collection/immutable/Map;)Lscala/collection/immutable/Seq; 2 <appendix> member <vmtarget> ; # coursier/core/Resolution$$$Lambda$687+0x00000008012f54b8
instanceKlass  @bci coursier/core/Resolution dependencyManagementRequirements0 (Lcoursier/core/Project;)Lscala/collection/immutable/Set; 232 <appendix> argL0 ; # coursier/core/Resolution$$Lambda$686+0x00000008012f5108
instanceKlass  @bci coursier/core/Resolution dependencyManagementRequirements0 (Lcoursier/core/Project;)Lscala/collection/immutable/Set; 144 <appendix> argL0 ; # coursier/core/Resolution$$Lambda$685+0x00000008012f4d58
instanceKlass  @bci coursier/core/Resolution dependencyManagementRequirements0 (Lcoursier/core/Project;)Lscala/collection/immutable/Set; 122 <appendix> argL0 ; # coursier/core/Resolution$$Lambda$684+0x00000008012f49a8
instanceKlass  @bci coursier/core/Resolution$ profiles0 (Lcoursier/core/Project;Lscala/collection/immutable/Map;Lcoursier/core/Activation$Os;Lscala/Option;Lscala/Option;)Lscala/collection/immutable/Seq; 10 <appendix> member <vmtarget> ; # coursier/core/Resolution$$$Lambda$683+0x00000008012f45f0
instanceKlass  @bci coursier/core/Resolution$ substitute (Lscala/collection/immutable/Seq;)Lscala/collection/immutable/Seq; 40 <appendix> member <vmtarget> ; # coursier/core/Resolution$$$Lambda$682+0x00000008012f4238
instanceKlass scala/runtime/BooleanRef
instanceKlass  @bci coursier/core/Resolution$ coursier$core$Resolution$$staticProjectProperties (Lcoursier/core/Project;)Lscala/collection/immutable/Seq; 303 <appendix> argL0 ; # coursier/core/Resolution$$$Lambda$681+0x00000008012f2f80
instanceKlass  @bci coursier/core/Resolution$ coursier$core$Resolution$$staticProjectProperties (Lcoursier/core/Project;)Lscala/collection/immutable/Seq; 261 <appendix> argL0 ; # coursier/core/Resolution$$$Lambda$680+0x00000008012f2ce0
instanceKlass  @bci coursier/core/Project actualVersion0 ()Lcoursier/version/Version; 5 <appendix> member <vmtarget> ; # coursier/core/Project$$Lambda$679+0x00000008012f2a38
instanceKlass  @bci coursier/core/Resolution dependencyManagementRequirements0 (Lcoursier/core/Project;)Lscala/collection/immutable/Set; 58 <appendix> argL0 ; # coursier/core/Resolution$$Lambda$678+0x00000008012f2688
instanceKlass  @bci coursier/core/Resolution$ coursier$core$Resolution$$parents (Lcoursier/core/Project;Lscala/Function1;)Lscala/collection/immutable/LazyList; 4 <appendix> argL0 ; # coursier/core/Resolution$$$Lambda$677+0x00000008012f22d8
instanceKlass  @bci coursier/core/Resolution dependencyManagementRequirements0 (Lcoursier/core/Project;)Lscala/collection/immutable/Set; 47 <appendix> member <vmtarget> ; # coursier/core/Resolution$$Lambda$676+0x00000008012f1f20
instanceKlass  @bci coursier/core/Resolution dependencyManagementRequirements0 (Lcoursier/core/Project;)Lscala/collection/immutable/Set; 5 <appendix> member <vmtarget> ; # coursier/core/Resolution$$Lambda$675+0x00000008012f1b68
instanceKlass  @bci coursier/core/Missing cont0$1 (Lcoursier/core/Resolution;Lscala/collection/immutable/Seq;)Lcoursier/core/ResolutionProcess; 18 <appendix> member <vmtarget> ; # coursier/core/Missing$$Lambda$674+0x00000008012f17b0
instanceKlass  @bci coursier/core/Missing cont0$1 (Lcoursier/core/Resolution;Lscala/collection/immutable/Seq;)Lcoursier/core/ResolutionProcess; 2 <appendix> member <vmtarget> ; # coursier/core/Missing$$Lambda$673+0x00000008012f13f8
instanceKlass  @bci coursier/core/ResolutionProcess$ $anonfun$fetchOne$18 (Lscala/util/Either;)Lscala/util/Either; 4 <appendix> argL0 ; # coursier/core/ResolutionProcess$$$Lambda$672+0x00000008012f0768
instanceKlass  @bci coursier/maven/MavenRepositoryInternal $anonfun$find$7 (Lcoursier/version/Version;Lscala/util/Either;)Lscala/util/Either; 2 <appendix> member <vmtarget> ; # coursier/maven/MavenRepositoryInternal$$Lambda$671+0x00000008012f03b0
instanceKlass  @bci coursier/maven/MavenRepositoryInternal $anonfun$parsePom$4 (Lcoursier/maven/MavenRepositoryInternal;Lcoursier/core/Project;)Lscala/util/Either; 5 <appendix> argL0 ; # coursier/maven/MavenRepositoryInternal$$Lambda$670+0x00000008012f0000
instanceKlass  @bci coursier/maven/Pom$ addOptionalDependenciesInConfig (Lcoursier/core/Project;Lscala/collection/immutable/Set;Ljava/lang/String;)Lcoursier/core/Project; 49 <appendix> argL0 ; # coursier/maven/Pom$$$Lambda$669+0x00000008012efa48
instanceKlass  @bci coursier/maven/Pom$ addOptionalDependenciesInConfig (Lcoursier/core/Project;Lscala/collection/immutable/Set;Ljava/lang/String;)Lcoursier/core/Project; 35 <appendix> argL0 ; # coursier/maven/Pom$$$Lambda$668+0x00000008012ef7a8
instanceKlass coursier/maven/Pom$
instanceKlass  @bci coursier/maven/MavenRepositoryInternal parsePom (Ljava/lang/String;Lcoursier/util/Monad;)Lcoursier/util/EitherT; 54 <appendix> member <vmtarget> ; # coursier/maven/MavenRepositoryInternal$$Lambda$667+0x00000008012eed88
instanceKlass  @bci coursier/maven/PomParser$State $anonfun$project$25 (Lcoursier/maven/PomParser$State;Lscala/util/Either;Ljava/lang/String;Ljava/lang/String;Lcoursier/version/Version;Lscala/collection/immutable/List;Lscala/runtime/BoxedUnit;)Lcoursier/core/Project; 6 <appendix> member <vmtarget> ; # coursier/maven/PomParser$State$$Lambda$666+0x00000008012ee9d0
instanceKlass  @bci coursier/maven/PomParser$State $anonfun$project$24 (Lcoursier/maven/PomParser$State;Lscala/util/Either;Ljava/lang/String;Ljava/lang/String;Lcoursier/version/Version;Lscala/collection/immutable/List;Lscala/runtime/BoxedUnit;)Lscala/util/Either; 52 <appendix> member <vmtarget> ; # coursier/maven/PomParser$State$$Lambda$665+0x00000008012ee618
instanceKlass  @bci coursier/maven/PomParser$State $anonfun$project$24 (Lcoursier/maven/PomParser$State;Lscala/util/Either;Ljava/lang/String;Ljava/lang/String;Lcoursier/version/Version;Lscala/collection/immutable/List;Lscala/runtime/BoxedUnit;)Lscala/util/Either; 52 <appendix> form vmentry <vmtarget> ; # java/lang/invoke/LambdaForm$DMH+0x00000008012db400
instanceKlass  @bci coursier/maven/PomParser$State $anonfun$project$22 (Lcoursier/maven/PomParser$State;Lscala/util/Either;Ljava/lang/String;Ljava/lang/String;Lscala/collection/immutable/List;Lcoursier/version/Version;)Lscala/util/Either; 43 <appendix> member <vmtarget> ; # coursier/maven/PomParser$State$$Lambda$664+0x00000008012ee260
instanceKlass  @bci coursier/maven/PomParser$State $anonfun$project$22 (Lcoursier/maven/PomParser$State;Lscala/util/Either;Ljava/lang/String;Ljava/lang/String;Lscala/collection/immutable/List;Lcoursier/version/Version;)Lscala/util/Either; 1 <appendix> argL0 ; # coursier/maven/PomParser$State$$Lambda$663+0x00000008012edeb0
instanceKlass  @bci coursier/maven/PomParser$State $anonfun$project$18 (Lcoursier/maven/PomParser$State;Lscala/Option;Lscala/util/Either;Ljava/lang/String;Lscala/collection/immutable/List;Ljava/lang/String;)Lscala/util/Either; 32 <appendix> member <vmtarget> ; # coursier/maven/PomParser$State$$Lambda$662+0x00000008012edaf8
instanceKlass  @bci coursier/maven/PomParser$State $anonfun$project$18 (Lcoursier/maven/PomParser$State;Lscala/Option;Lscala/util/Either;Ljava/lang/String;Lscala/collection/immutable/List;Ljava/lang/String;)Lscala/util/Either; 17 <appendix> argL0 ; # coursier/maven/PomParser$State$$Lambda$661+0x00000008012ed748
instanceKlass  @bci coursier/maven/PomParser$State $anonfun$project$18 (Lcoursier/maven/PomParser$State;Lscala/Option;Lscala/util/Either;Ljava/lang/String;Lscala/collection/immutable/List;Ljava/lang/String;)Lscala/util/Either; 9 <appendix> argL0 ; # coursier/maven/PomParser$State$$Lambda$660+0x00000008012ed398
instanceKlass  @bci coursier/maven/PomParser$State $anonfun$project$18 (Lcoursier/maven/PomParser$State;Lscala/Option;Lscala/util/Either;Ljava/lang/String;Lscala/collection/immutable/List;Ljava/lang/String;)Lscala/util/Either; 1 <appendix> argL0 ; # coursier/maven/PomParser$State$$Lambda$659+0x00000008012ed0f8
instanceKlass  @bci coursier/maven/PomParser$State $anonfun$project$15 (Lcoursier/maven/PomParser$State;Lscala/Option;Lscala/util/Either;Lscala/collection/immutable/List;Ljava/lang/String;)Lscala/util/Either; 26 <appendix> member <vmtarget> ; # coursier/maven/PomParser$State$$Lambda$658+0x00000008012ecd40
instanceKlass  @bci coursier/maven/PomParser$State $anonfun$project$15 (Lcoursier/maven/PomParser$State;Lscala/Option;Lscala/util/Either;Lscala/collection/immutable/List;Ljava/lang/String;)Lscala/util/Either; 12 <appendix> argL0 ; # coursier/maven/PomParser$State$$Lambda$657+0x00000008012ec990
instanceKlass  @bci coursier/maven/PomParser$State $anonfun$project$15 (Lcoursier/maven/PomParser$State;Lscala/Option;Lscala/util/Either;Lscala/collection/immutable/List;Ljava/lang/String;)Lscala/util/Either; 4 <appendix> argL0 ; # coursier/maven/PomParser$State$$Lambda$656+0x00000008012ec6f0
instanceKlass  @bci coursier/maven/PomParser$State project ()Lscala/util/Either; 119 <appendix> member <vmtarget> ; # coursier/maven/PomParser$State$$Lambda$655+0x00000008012ec338
instanceKlass  @bci coursier/maven/PomParser$State project ()Lscala/util/Either; 106 <appendix> argL0 ; # coursier/maven/PomParser$State$$Lambda$654+0x00000008012ebf88
instanceKlass  @bci coursier/maven/PomParser$State project ()Lscala/util/Either; 98 <appendix> argL0 ; # coursier/maven/PomParser$State$$Lambda$653+0x00000008012ebce8
instanceKlass  @bci coursier/maven/PomParser$State project ()Lscala/util/Either; 87 <appendix> member <vmtarget> ; # coursier/maven/PomParser$State$$Lambda$652+0x00000008012eb930
instanceKlass  @bci coursier/maven/PomParser$State project ()Lscala/util/Either; 78 <appendix> argL0 ; # coursier/maven/PomParser$State$$Lambda$651+0x00000008012eb580
instanceKlass  @bci coursier/maven/PomParser$State project ()Lscala/util/Either; 70 <appendix> argL0 ; # coursier/maven/PomParser$State$$Lambda$650+0x00000008012eb2e0
instanceKlass  @bci coursier/maven/PomParser$State project ()Lscala/util/Either; 49 <appendix> member <vmtarget> ; # coursier/maven/PomParser$State$$Lambda$649+0x00000008012eb038
instanceKlass  @bci coursier/maven/PomParser$State project ()Lscala/util/Either; 40 <appendix> argL0 ; # coursier/maven/PomParser$State$$Lambda$648+0x00000008012eac88
instanceKlass  @bci coursier/maven/PomParser$State project ()Lscala/util/Either; 20 <appendix> member <vmtarget> ; # coursier/maven/PomParser$State$$Lambda$647+0x00000008012ea9e0
instanceKlass  @bci coursier/maven/PomParser$State project ()Lscala/util/Either; 11 <appendix> argL0 ; # coursier/maven/PomParser$State$$Lambda$646+0x00000008012ea630
instanceKlass coursier/core/Info$Scm$
instanceKlass coursier/core/Info$License$
instanceKlass  @bci coursier/maven/PomParser endElement (Ljava/lang/String;)V 44 <appendix> member <vmtarget> ; # coursier/maven/PomParser$$Lambda$645+0x00000008012e9e88
instanceKlass  @bci coursier/maven/PomParser $anonfun$characters$1 (Lscala/Option;)Z 1 <appendix> argL0 ; # coursier/maven/PomParser$$Lambda$644+0x00000008012e9ad8
instanceKlass  @bci coursier/maven/PomParser characters ([CII)V 7 <appendix> argL0 ; # coursier/maven/PomParser$$Lambda$643+0x00000008012e9728
instanceKlass  @bci coursier/maven/PomParser startElement (Ljava/lang/String;)V 66 <appendix> member <vmtarget> ; # coursier/maven/PomParser$$Lambda$642+0x00000008012e9370
instanceKlass  @bci coursier/maven/PomParser startElement (Ljava/lang/String;)V 30 <appendix> member <vmtarget> ; # coursier/maven/PomParser$$Lambda$641+0x00000008012e90c8
instanceKlass coursier/maven/PomParser$CustomList$
instanceKlass  @bci coursier/maven/PomParser$ <clinit> ()V 639 <appendix> argL0 ; # coursier/maven/PomParser$$$Lambda$640+0x00000008012e8b20
instanceKlass  @bci coursier/maven/PomParser$ licenseHandlers (Lscala/collection/immutable/List;Lscala/Function2;)Lscala/collection/immutable/Seq; 84 <appendix> argL0 ; # coursier/maven/PomParser$$$Lambda$639+0x00000008012e8590
instanceKlass  @bci coursier/maven/PomParser$ licenseHandlers (Lscala/collection/immutable/List;Lscala/Function2;)Lscala/collection/immutable/Seq; 64 <appendix> argL0 ; # coursier/maven/PomParser$$$Lambda$638+0x00000008012e8000
instanceKlass  @bci coursier/maven/PomParser$ licenseHandlers (Lscala/collection/immutable/List;Lscala/Function2;)Lscala/collection/immutable/Seq; 44 <appendix> argL0 ; # coursier/maven/PomParser$$$Lambda$637+0x00000008012e78a0
instanceKlass  @bci coursier/maven/PomParser$ licenseHandlers (Lscala/collection/immutable/List;Lscala/Function2;)Lscala/collection/immutable/Seq; 25 <appendix> argL0 ; # coursier/maven/PomParser$$$Lambda$636+0x00000008012e7310
instanceKlass  @bci coursier/maven/PomParser$ <clinit> ()V 614 <appendix> argL0 ; # coursier/maven/PomParser$$$Lambda$635+0x00000008012e6b70
instanceKlass coursier/core/Info$License
instanceKlass  @bci coursier/maven/PomParser$ scmHandlers (Lscala/collection/immutable/List;Lscala/Function2;)Lscala/collection/immutable/Seq; 64 <appendix> argL0 ; # coursier/maven/PomParser$$$Lambda$634+0x00000008012e6380
instanceKlass  @bci coursier/maven/PomParser$ scmHandlers (Lscala/collection/immutable/List;Lscala/Function2;)Lscala/collection/immutable/Seq; 44 <appendix> argL0 ; # coursier/maven/PomParser$$$Lambda$633+0x00000008012e5df0
instanceKlass  @bci coursier/maven/PomParser$ scmHandlers (Lscala/collection/immutable/List;Lscala/Function2;)Lscala/collection/immutable/Seq; 24 <appendix> argL0 ; # coursier/maven/PomParser$$$Lambda$632+0x00000008012e5860
instanceKlass  @bci coursier/maven/PomParser$ <clinit> ()V 575 <appendix> argL0 ; # coursier/maven/PomParser$$$Lambda$631+0x00000008012e50c0
instanceKlass coursier/core/Info$Scm
instanceKlass  @bci coursier/maven/PomParser$ profileHandlers (Lscala/collection/immutable/List;Lscala/Function2;)Lscala/collection/immutable/Seq; 373 <appendix> argL0 ; # coursier/maven/PomParser$$$Lambda$630+0x00000008012e4c30
instanceKlass  @bci coursier/maven/PomParser$ profileHandlers (Lscala/collection/immutable/List;Lscala/Function2;)Lscala/collection/immutable/Seq; 350 <appendix> argL0 ; # coursier/maven/PomParser$$$Lambda$629+0x00000008012e4a00
instanceKlass  @bci coursier/maven/PomParser$ profileHandlers (Lscala/collection/immutable/List;Lscala/Function2;)Lscala/collection/immutable/Seq; 317 <appendix> argL0 ; # coursier/maven/PomParser$$$Lambda$628+0x00000008012e47d0
instanceKlass  @bci coursier/maven/PomParser$ profileHandlers (Lscala/collection/immutable/List;Lscala/Function2;)Lscala/collection/immutable/Seq; 287 <appendix> argL0 ; # coursier/maven/PomParser$$$Lambda$627+0x00000008012e4240
instanceKlass  @bci coursier/maven/PomParser$ profileHandlers (Lscala/collection/immutable/List;Lscala/Function2;)Lscala/collection/immutable/Seq; 261 <appendix> argL0 ; # coursier/maven/PomParser$$$Lambda$626+0x00000008012e3cb0
instanceKlass  @bci coursier/maven/PomParser$ profileHandlers (Lscala/collection/immutable/List;Lscala/Function2;)Lscala/collection/immutable/Seq; 230 <appendix> argL0 ; # coursier/maven/PomParser$$$Lambda$625+0x00000008012e3720
instanceKlass  @bci coursier/maven/PomParser$ profileHandlers (Lscala/collection/immutable/List;Lscala/Function2;)Lscala/collection/immutable/Seq; 198 <appendix> argL0 ; # coursier/maven/PomParser$$$Lambda$624+0x00000008012e3190
instanceKlass  @bci coursier/maven/PomParser$ profileHandlers (Lscala/collection/immutable/List;Lscala/Function2;)Lscala/collection/immutable/Seq; 166 <appendix> argL0 ; # coursier/maven/PomParser$$$Lambda$623+0x00000008012e2c00
instanceKlass  @bci coursier/maven/PomParser$ profileHandlers (Lscala/collection/immutable/List;Lscala/Function2;)Lscala/collection/immutable/Seq; 134 <appendix> argL0 ; # coursier/maven/PomParser$$$Lambda$622+0x00000008012e2670
instanceKlass  @bci coursier/maven/PomParser$ profileHandlers (Lscala/collection/immutable/List;Lscala/Function2;)Lscala/collection/immutable/Seq; 103 <appendix> argL0 ; # coursier/maven/PomParser$$$Lambda$621+0x00000008012e20e0
instanceKlass  @bci coursier/maven/PomParser$ profileHandlers (Lscala/collection/immutable/List;Lscala/Function2;)Lscala/collection/immutable/Seq; 61 <appendix> argL0 ; # coursier/maven/PomParser$$$Lambda$620+0x00000008012e1940
instanceKlass  @bci coursier/maven/PomParser$ profileHandlers (Lscala/collection/immutable/List;Lscala/Function2;)Lscala/collection/immutable/Seq; 36 <appendix> argL0 ; # coursier/maven/PomParser$$$Lambda$619+0x00000008012e13b0
instanceKlass  @bci coursier/maven/PomParser$ <clinit> ()V 542 <appendix> argL0 ; # coursier/maven/PomParser$$$Lambda$618+0x00000008012e0c10
instanceKlass coursier/core/Profile
instanceKlass  @bci coursier/maven/PomParser$ <clinit> ()V 503 <appendix> argL0 ; # coursier/maven/PomParser$$$Lambda$617+0x00000008012dfc58
instanceKlass  @bci coursier/maven/PomParser$ <clinit> ()V 471 <appendix> argL0 ; # coursier/maven/PomParser$$$Lambda$616+0x00000008012dbd90
instanceKlass  @bci coursier/maven/PomParser$ dependencyHandlers (Lscala/collection/immutable/List;Lscala/Function3;)Lscala/collection/immutable/Seq; 223 <appendix> argL0 ; # coursier/maven/PomParser$$$Lambda$615+0x00000008012e0000
instanceKlass  @bci coursier/maven/PomParser$ dependencyHandlers (Lscala/collection/immutable/List;Lscala/Function3;)Lscala/collection/immutable/Seq; 192 <appendix> argL0 ; # coursier/maven/PomParser$$$Lambda$614+0x00000008012db800
instanceKlass  @bci coursier/maven/PomParser$ dependencyHandlers (Lscala/collection/immutable/List;Lscala/Function3;)Lscala/collection/immutable/Seq; 149 <appendix> argL0 ; # coursier/maven/PomParser$$$Lambda$613+0x00000008012df4b8
instanceKlass  @bci coursier/maven/PomParser$ dependencyHandlers (Lscala/collection/immutable/List;Lscala/Function3;)Lscala/collection/immutable/Seq; 129 <appendix> argL0 ; # coursier/maven/PomParser$$$Lambda$612+0x00000008012def28
instanceKlass  @bci coursier/maven/PomParser$ dependencyHandlers (Lscala/collection/immutable/List;Lscala/Function3;)Lscala/collection/immutable/Seq; 109 <appendix> argL0 ; # coursier/maven/PomParser$$$Lambda$611+0x00000008012de998
instanceKlass  @bci coursier/maven/PomParser$ dependencyHandlers (Lscala/collection/immutable/List;Lscala/Function3;)Lscala/collection/immutable/Seq; 90 <appendix> argL0 ; # coursier/maven/PomParser$$$Lambda$610+0x00000008012de408
instanceKlass  @bci coursier/maven/PomParser$ dependencyHandlers (Lscala/collection/immutable/List;Lscala/Function3;)Lscala/collection/immutable/Seq; 71 <appendix> argL0 ; # coursier/maven/PomParser$$$Lambda$609+0x00000008012dde78
instanceKlass  @bci coursier/maven/PomParser$ dependencyHandlers (Lscala/collection/immutable/List;Lscala/Function3;)Lscala/collection/immutable/Seq; 53 <appendix> argL0 ; # coursier/maven/PomParser$$$Lambda$608+0x00000008012dd8e8
instanceKlass  @bci coursier/maven/PomParser$ dependencyHandlers (Lscala/collection/immutable/List;Lscala/Function3;)Lscala/collection/immutable/Seq; 35 <appendix> argL0 ; # coursier/maven/PomParser$$$Lambda$607+0x00000008012dd358
instanceKlass  @bci coursier/maven/PomParser$ <clinit> ()V 429 <appendix> argL0 ; # coursier/maven/PomParser$$$Lambda$606+0x00000008012dcd08
instanceKlass  @cpi coursier/maven/PomParser$ 227 form vmentry <vmtarget> ; # java/lang/invoke/LambdaForm$DMH+0x00000008012db000
instanceKlass scala/Function3
instanceKlass  @bci coursier/maven/PomParser$ <clinit> ()V 390 <appendix> argL0 ; # coursier/maven/PomParser$$$Lambda$605+0x00000008012dc590
instanceKlass  @bci coursier/maven/PomParser$ <clinit> ()V 352 <appendix> argL0 ; # coursier/maven/PomParser$$$Lambda$604+0x00000008012dc000
instanceKlass  @bci coursier/maven/PomParser$ <clinit> ()V 314 <appendix> argL0 ; # coursier/maven/PomParser$$$Lambda$603+0x00000008012d7a48
instanceKlass  @bci coursier/maven/PomParser$ <clinit> ()V 276 <appendix> argL0 ; # coursier/maven/PomParser$$$Lambda$602+0x00000008012d74b8
instanceKlass  @bci coursier/maven/PomParser$ <clinit> ()V 248 <appendix> argL0 ; # coursier/maven/PomParser$$$Lambda$601+0x00000008012d6f28
instanceKlass  @bci coursier/maven/PomParser$ <clinit> ()V 220 <appendix> argL0 ; # coursier/maven/PomParser$$$Lambda$600+0x00000008012d6998
instanceKlass  @bci coursier/maven/PomParser$ <clinit> ()V 192 <appendix> argL0 ; # coursier/maven/PomParser$$$Lambda$599+0x00000008012d6408
instanceKlass  @bci coursier/maven/PomParser$ <clinit> ()V 160 <appendix> argL0 ; # coursier/maven/PomParser$$$Lambda$598+0x00000008012d5e78
instanceKlass  @bci coursier/maven/PomParser$ <clinit> ()V 128 <appendix> argL0 ; # coursier/maven/PomParser$$$Lambda$597+0x00000008012d58e8
instanceKlass  @bci coursier/maven/PomParser$ <clinit> ()V 96 <appendix> argL0 ; # coursier/maven/PomParser$$$Lambda$596+0x00000008012d5358
instanceKlass  @bci coursier/maven/PomParser$ <clinit> ()V 69 <appendix> argL0 ; # coursier/maven/PomParser$$$Lambda$595+0x00000008012d4dc8
instanceKlass  @bci coursier/maven/PomParser$ <clinit> ()V 42 <appendix> argL0 ; # coursier/maven/PomParser$$$Lambda$594+0x00000008012d4838
instanceKlass coursier/maven/PomParser$Handler
instanceKlass coursier/maven/PomParser$
instanceKlass com/sun/org/apache/xerces/internal/impl/Constants$ArrayEnumeration
instanceKlass com/sun/org/apache/xerces/internal/impl/Constants
instanceKlass com/sun/org/apache/xerces/internal/parsers/AbstractSAXParser$LocatorProxy
instanceKlass org/xml/sax/ext/Locator2
instanceKlass org/xml/sax/Locator
instanceKlass com/sun/org/apache/xerces/internal/util/XMLSymbols
instanceKlass com/sun/org/apache/xerces/internal/util/XMLChar
instanceKlass com/sun/xml/internal/stream/util/BufferAllocator
instanceKlass com/sun/xml/internal/stream/util/ThreadLocalBufferAllocator
instanceKlass com/sun/xml/internal/stream/Entity
instanceKlass com/sun/org/apache/xerces/internal/utils/XMLLimitAnalyzer
instanceKlass com/sun/org/apache/xerces/internal/xni/parser/XMLInputSource
instanceKlass org/xml/sax/InputSource
instanceKlass org/xml/sax/helpers/DefaultHandler
instanceKlass org/xml/sax/ErrorHandler
instanceKlass org/xml/sax/DTDHandler
instanceKlass org/xml/sax/EntityResolver
instanceKlass com/sun/org/apache/xerces/internal/parsers/AbstractSAXParser$AttributesProxy
instanceKlass org/xml/sax/ext/Attributes2
instanceKlass org/xml/sax/Attributes
instanceKlass org/xml/sax/AttributeList
instanceKlass com/sun/org/apache/xerces/internal/util/FeatureState
instanceKlass com/sun/org/apache/xerces/internal/util/PropertyState
instanceKlass com/sun/org/apache/xerces/internal/impl/msg/XMLMessageFormatter
instanceKlass com/sun/org/apache/xerces/internal/util/MessageFormatter
instanceKlass com/sun/org/apache/xerces/internal/impl/XMLVersionDetector
instanceKlass com/sun/org/apache/xerces/internal/impl/validation/ValidationManager
instanceKlass com/sun/org/apache/xerces/internal/impl/dv/dtd/NMTOKENDatatypeValidator
instanceKlass com/sun/org/apache/xerces/internal/impl/dv/dtd/NOTATIONDatatypeValidator
instanceKlass com/sun/org/apache/xerces/internal/impl/dv/dtd/ENTITYDatatypeValidator
instanceKlass com/sun/org/apache/xerces/internal/impl/dv/dtd/ListDatatypeValidator
instanceKlass com/sun/org/apache/xerces/internal/impl/dv/dtd/IDREFDatatypeValidator
instanceKlass com/sun/org/apache/xerces/internal/impl/dv/dtd/IDDatatypeValidator
instanceKlass com/sun/org/apache/xerces/internal/impl/dv/dtd/StringDatatypeValidator
instanceKlass com/sun/org/apache/xerces/internal/impl/dv/DatatypeValidator
instanceKlass com/sun/org/apache/xerces/internal/impl/dv/DTDDVFactory
instanceKlass com/sun/org/apache/xerces/internal/impl/dtd/DTDGrammarBucket
instanceKlass com/sun/org/apache/xerces/internal/impl/dtd/XMLAttributeDecl
instanceKlass com/sun/org/apache/xerces/internal/impl/dtd/XMLSimpleType
instanceKlass com/sun/org/apache/xerces/internal/impl/dtd/XMLElementDecl
instanceKlass com/sun/org/apache/xerces/internal/impl/validation/ValidationState
instanceKlass com/sun/org/apache/xerces/internal/impl/dv/ValidationContext
instanceKlass com/sun/org/apache/xerces/internal/impl/dtd/XMLDTDValidator
instanceKlass com/sun/org/apache/xerces/internal/impl/RevalidationHandler
instanceKlass com/sun/org/apache/xerces/internal/impl/dtd/XMLDTDValidatorFilter
instanceKlass com/sun/org/apache/xerces/internal/xni/parser/XMLDocumentFilter
instanceKlass com/sun/org/apache/xerces/internal/impl/dtd/XMLEntityDecl
instanceKlass com/sun/org/apache/xerces/internal/impl/dtd/XMLDTDProcessor
instanceKlass com/sun/org/apache/xerces/internal/xni/parser/XMLDTDContentModelFilter
instanceKlass com/sun/org/apache/xerces/internal/xni/parser/XMLDTDFilter
instanceKlass com/sun/org/apache/xerces/internal/xni/parser/XMLDTDScanner
instanceKlass com/sun/org/apache/xerces/internal/xni/parser/XMLDTDContentModelSource
instanceKlass com/sun/org/apache/xerces/internal/xni/parser/XMLDTDSource
instanceKlass com/sun/org/apache/xerces/internal/xni/grammars/XMLDTDDescription
instanceKlass com/sun/org/apache/xerces/internal/xni/grammars/XMLGrammarDescription
instanceKlass com/sun/org/apache/xerces/internal/impl/XMLDocumentScannerImpl$TrailingMiscDriver
instanceKlass com/sun/org/apache/xerces/internal/impl/XMLDocumentScannerImpl$PrologDriver
instanceKlass com/sun/org/apache/xerces/internal/impl/XMLDocumentScannerImpl$XMLDeclDriver
instanceKlass com/sun/org/apache/xerces/internal/util/NamespaceSupport
instanceKlass com/sun/org/apache/xerces/internal/xni/NamespaceContext
instanceKlass com/sun/org/apache/xerces/internal/util/XMLAttributesImpl$Attribute
instanceKlass com/sun/org/apache/xerces/internal/util/XMLAttributesImpl
instanceKlass com/sun/org/apache/xerces/internal/xni/XMLAttributes
instanceKlass com/sun/org/apache/xerces/internal/impl/XMLDocumentFragmentScannerImpl$FragmentContentDriver
instanceKlass com/sun/org/apache/xerces/internal/impl/XMLDocumentFragmentScannerImpl$Driver
instanceKlass com/sun/org/apache/xerces/internal/impl/XMLDocumentFragmentScannerImpl$ElementStack2
instanceKlass com/sun/org/apache/xerces/internal/xni/QName
instanceKlass com/sun/org/apache/xerces/internal/impl/XMLDocumentFragmentScannerImpl$ElementStack
instanceKlass com/sun/org/apache/xerces/internal/xni/XMLString
instanceKlass com/sun/org/apache/xerces/internal/impl/XMLScanner
instanceKlass com/sun/xml/internal/stream/XMLBufferListener
instanceKlass com/sun/org/apache/xerces/internal/impl/XMLEntityHandler
instanceKlass com/sun/org/apache/xerces/internal/xni/parser/XMLDocumentScanner
instanceKlass com/sun/org/apache/xerces/internal/xni/parser/XMLDocumentSource
instanceKlass com/sun/org/apache/xerces/internal/impl/XMLErrorReporter
instanceKlass com/sun/org/apache/xerces/internal/impl/XMLEntityScanner
instanceKlass com/sun/org/apache/xerces/internal/xni/XMLLocator
instanceKlass com/sun/xml/internal/stream/XMLEntityStorage
instanceKlass com/sun/org/apache/xerces/internal/util/AugmentationsImpl$AugmentationsItemsContainer
instanceKlass com/sun/org/apache/xerces/internal/util/AugmentationsImpl
instanceKlass com/sun/org/apache/xerces/internal/xni/Augmentations
instanceKlass com/sun/org/apache/xerces/internal/util/XMLResourceIdentifierImpl
instanceKlass com/sun/org/apache/xerces/internal/xni/XMLResourceIdentifier
instanceKlass com/sun/org/apache/xerces/internal/impl/XMLEntityManager
instanceKlass com/sun/org/apache/xerces/internal/xni/parser/XMLEntityResolver
instanceKlass com/sun/org/apache/xerces/internal/xni/parser/XMLComponent
instanceKlass com/sun/org/apache/xerces/internal/util/SymbolTable$Entry
instanceKlass com/sun/org/apache/xerces/internal/util/SymbolTable
instanceKlass jdk/xml/internal/JdkConstants
instanceKlass jdk/xml/internal/JdkXmlUtils
instanceKlass com/sun/org/apache/xerces/internal/util/ParserConfigurationSettings
instanceKlass com/sun/org/apache/xerces/internal/parsers/XML11Configurable
instanceKlass com/sun/org/apache/xerces/internal/xni/parser/XMLPullParserConfiguration
instanceKlass com/sun/org/apache/xerces/internal/xni/parser/XMLParserConfiguration
instanceKlass com/sun/org/apache/xerces/internal/xni/parser/XMLComponentManager
instanceKlass com/sun/org/apache/xerces/internal/parsers/XMLParser
instanceKlass com/sun/org/apache/xerces/internal/xni/XMLDTDContentModelHandler
instanceKlass com/sun/org/apache/xerces/internal/xni/XMLDTDHandler
instanceKlass com/sun/org/apache/xerces/internal/xni/XMLDocumentHandler
instanceKlass org/xml/sax/XMLReader
instanceKlass org/xml/sax/Parser
instanceKlass com/sun/org/apache/xerces/internal/utils/XMLSecurityPropertyManager
instanceKlass  @bci jdk/xml/internal/SecuritySupport isFileExists (Ljava/io/File;)Z 1 <appendix> member <vmtarget> ; # jdk/xml/internal/SecuritySupport$$Lambda$593+0x00000008011cc088
instanceKlass com/sun/org/apache/xerces/internal/utils/XMLSecurityManager
instanceKlass javax/xml/parsers/SAXParser
instanceKlass com/sun/org/apache/xerces/internal/xs/PSVIProvider
instanceKlass com/sun/org/apache/xerces/internal/jaxp/JAXPConstants
instanceKlass  @bci javax/xml/parsers/FactoryFinder newInstance (Ljava/lang/Class;Ljava/lang/String;Ljava/lang/ClassLoader;ZZ)Ljava/lang/Object; 104 <appendix> member <vmtarget> ; # javax/xml/parsers/FactoryFinder$$Lambda$592+0x00000008011cab30
instanceKlass  @bci jdk/xml/internal/SecuritySupport getContextClassLoader ()Ljava/lang/ClassLoader; 0 <appendix> argL0 ; # jdk/xml/internal/SecuritySupport$$Lambda$591+0x00000008011ca6d8
instanceKlass  @bci javax/xml/parsers/FactoryFinder find (Ljava/lang/Class;Ljava/lang/String;)Ljava/lang/Object; 219 <appendix> member <vmtarget> ; # javax/xml/parsers/FactoryFinder$$Lambda$590+0x00000008011ca4c8
instanceKlass javax/xml/parsers/FactoryFinder$1
instanceKlass  @bci jdk/xml/internal/SecuritySupport doesFileExist (Ljava/io/File;)Z 1 <appendix> member <vmtarget> ; # jdk/xml/internal/SecuritySupport$$Lambda$589+0x00000008011ca0a0
instanceKlass  @bci org/flywaydb/core/internal/scanner/classpath/JarFileClassPathLocationScanner findResourceNamesFromJarFile (Ljava/util/jar/JarFile;Ljava/lang/String;Ljava/lang/String;)Ljava/util/Set; 18 <appendix> form vmentry <vmtarget> ; # java/lang/invoke/LambdaForm$MH+0x00000008012dac00
# instanceKlass java/lang/invoke/LambdaForm$MH+0x00000008012da800
instanceKlass  @bci org/flywaydb/core/internal/scanner/classpath/JarFileClassPathLocationScanner findResourceNamesFromJarFile (Ljava/util/jar/JarFile;Ljava/lang/String;Ljava/lang/String;)Ljava/util/Set; 18 <appendix> argL3 form vmentry <vmtarget> ; # java/lang/invoke/LambdaForm$MH+0x00000008012da400
# instanceKlass java/lang/invoke/LambdaForm$MH+0x00000008012da000
# instanceKlass java/lang/invoke/LambdaForm$MH+0x00000008012d9c00
# instanceKlass java/lang/invoke/LambdaForm$MH+0x00000008012d9800
instanceKlass  @bci scala/meta/internal/metals/Messages$ImportBuild$ params (Ljava/lang/String;)Lorg/eclipse/lsp4j/ShowMessageRequestParams; 10 <appendix> argL2 form vmentry <vmtarget> ; # java/lang/invoke/LambdaForm$MH+0x00000008012d9400
# instanceKlass java/lang/invoke/LambdaForm$MH+0x00000008012d9000
instanceKlass  @bci org/flywaydb/core/internal/scanner/classpath/JarFileClassPathLocationScanner findResourceNamesFromJarFile (Ljava/util/jar/JarFile;Ljava/lang/String;Ljava/lang/String;)Ljava/util/Set; 18 <appendix> argL1 form vmentry <vmtarget> ; # java/lang/invoke/LambdaForm$MH+0x00000008012d8c00
# instanceKlass java/lang/invoke/LambdaForm$MH+0x00000008012d8800
# instanceKlass java/lang/invoke/LambdaForm$MH+0x00000008012d8400
# instanceKlass java/lang/invoke/LambdaForm$MH+0x00000008012d8000
instanceKlass  @bci javax/xml/parsers/FactoryFinder find (Ljava/lang/Class;Ljava/lang/String;)Ljava/lang/Object; 6 <appendix> member <vmtarget> ; # javax/xml/parsers/FactoryFinder$$Lambda$588+0x00000008011c9e90
instanceKlass  @bci jdk/xml/internal/SecuritySupport getSystemProperty (Ljava/lang/String;)Ljava/lang/String; 1 <appendix> member <vmtarget> ; # jdk/xml/internal/SecuritySupport$$Lambda$587+0x00000008011c9c80
instanceKlass jdk/xml/internal/SecuritySupport
instanceKlass javax/xml/parsers/FactoryFinder
instanceKlass javax/xml/parsers/SAXParserFactory
instanceKlass coursier/maven/PomParser$State
instanceKlass coursier/maven/PomParser$CustomList
instanceKlass scala/xml/Equality
instanceKlass scala/xml/ScalaVersionSpecificNodeSeq
instanceKlass scala/xml/ScalaVersionSpecificNode
instanceKlass coursier/util/Xml$Node
instanceKlass org/xml/sax/ContentHandler
instanceKlass coursier/core/compatibility/package$
instanceKlass coursier/util/EitherT$FromEither
instanceKlass coursier/util/EitherT$
instanceKlass  @bci coursier/cache/FileCache$ coursier$cache$FileCache$$persistedDigest (Ljava/io/File;Ljava/lang/String;Ljava/io/File;Lcoursier/cache/internal/Retry;)Ljava/math/BigInteger; 108 <appendix> member <vmtarget> ; # coursier/cache/FileCache$$$Lambda$586+0x00000008012cd730
instanceKlass  @bci coursier/cache/CacheChecksum$ parseRawChecksum ([B)Lscala/Option; 67 <appendix> member <vmtarget> ; # coursier/cache/CacheChecksum$$$Lambda$585+0x00000008012cd488
instanceKlass  @bci coursier/cache/CacheChecksum$ coursier$cache$CacheChecksum$$ifHexString (Ljava/lang/String;)Z 10 <appendix> argL0 ; # coursier/cache/CacheChecksum$$$Lambda$584+0x00000008012cd0d8
instanceKlass  @bci coursier/cache/CacheChecksum$ parseChecksumLine (Lscala/collection/immutable/Seq;)Lscala/Option; 2 <appendix> argL0 ; # coursier/cache/CacheChecksum$$$Lambda$583+0x00000008012cc8b8
instanceKlass  @bci coursier/cache/internal/Retry retry (Lscala/Function0;Lscala/PartialFunction;)Ljava/lang/Object; 2 <appendix> member <vmtarget> ; # coursier/cache/internal/Retry$$Lambda$582+0x00000008012cbc68
instanceKlass  @bci coursier/cache/FileCache readAllBytes (Ljava/nio/file/Path;)[B 5 <appendix> member <vmtarget> ; # coursier/cache/FileCache$$Lambda$581+0x00000008012cb550
instanceKlass coursier/cache/CacheChecksum$
instanceKlass  @bci coursier/cache/FileCache $anonfun$validateChecksum$4 (Lcoursier/cache/FileCache;Lscala/collection/immutable/Seq;Lscala/Option;Ljava/lang/String;Ljava/io/File;)Lscala/util/Either; 21 <appendix> argL0 ; # coursier/cache/FileCache$$Lambda$580+0x00000008012ca5c0
instanceKlass  @bci coursier/cache/FileCache $anonfun$filePerPolicy0$8 (Lcoursier/cache/FileCache;Lcoursier/util/Artifact;Lscala/Tuple2;)Lcoursier/util/EitherT; 130 <appendix> member <vmtarget> ; # coursier/cache/FileCache$$Lambda$579+0x00000008012ca208
instanceKlass  @bci coursier/cache/FileCache validateChecksum (Lcoursier/util/Artifact;Ljava/lang/String;)Lcoursier/util/EitherT; 82 <appendix> member <vmtarget> ; # coursier/cache/FileCache$$Lambda$578+0x00000008012c9f60
instanceKlass  @bci coursier/cache/FileCache $anonfun$validateChecksum$2 (Lcoursier/cache/FileCache;Lcoursier/util/Artifact;Ljava/lang/String;)Ljava/io/File; 6 <appendix> argL0 ; # coursier/cache/FileCache$$Lambda$577+0x00000008012c9bb0
instanceKlass  @bci coursier/cache/FileCache validateChecksum (Lcoursier/util/Artifact;Ljava/lang/String;)Lcoursier/util/EitherT; 53 <appendix> member <vmtarget> ; # coursier/cache/FileCache$$Lambda$576+0x00000008012c97f8
instanceKlass  @bci coursier/cache/FileCache validateChecksum (Lcoursier/util/Artifact;Ljava/lang/String;)Lcoursier/util/EitherT; 9 <appendix> argL0 ; # coursier/cache/FileCache$$Lambda$575+0x00000008012c9448
instanceKlass  @bci coursier/cache/internal/Downloader $anonfun$download$5 (Lcoursier/cache/internal/Downloader;Ljava/lang/String;Ljava/io/File;Z)Lscala/collection/immutable/Seq; 34 <appendix> member <vmtarget> ; # coursier/cache/internal/Downloader$$Lambda$574+0x00000008012c91a0
instanceKlass  @bci coursier/cache/internal/Downloader $anonfun$download$2 (Lcoursier/cache/internal/Downloader;Lcoursier/cache/internal/DownloadResult;)Ljava/lang/Object; 51 <appendix> member <vmtarget> ; # coursier/cache/internal/Downloader$$Lambda$573+0x00000008012c8de8
instanceKlass  @bci coursier/cache/internal/Downloader $anonfun$download$3 (Lcoursier/cache/internal/Downloader;Lcoursier/cache/internal/DownloadResult;Ljava/lang/String;)Ljava/lang/Object; 35 <appendix> member <vmtarget> ; # coursier/cache/internal/Downloader$$Lambda$572+0x00000008012c8a30
instanceKlass  @bci coursier/cache/internal/Downloader $anonfun$download$3 (Lcoursier/cache/internal/Downloader;Lcoursier/cache/internal/DownloadResult;Ljava/lang/String;)Ljava/lang/Object; 17 <appendix> member <vmtarget> ; # coursier/cache/internal/Downloader$$Lambda$571+0x00000008012c8768
instanceKlass  @bci coursier/cache/FileCache$ auxiliaryFile (Ljava/io/File;Ljava/lang/String;)Ljava/io/File; 16 <appendix> argL0 ; # coursier/cache/FileCache$$$Lambda$570+0x00000008012c83b8
instanceKlass  @bci coursier/cache/internal/Downloader $anonfun$download$2 (Lcoursier/cache/internal/Downloader;Lcoursier/cache/internal/DownloadResult;)Ljava/lang/Object; 16 <appendix> member <vmtarget> ; # coursier/cache/internal/Downloader$$Lambda$569+0x00000008012c8000
instanceKlass  @bci coursier/maven/MavenRepository find0 (Lcoursier/core/Module;Lcoursier/version/Version;Lscala/Function1;Lcoursier/util/Monad;)Lcoursier/util/EitherT; 13 <appendix> member <vmtarget> ; # coursier/maven/MavenRepository$$Lambda$568+0x00000008012c7bd8
instanceKlass  @bci coursier/maven/MavenRepositoryInternal find (Lcoursier/core/Module;Lcoursier/version/Version;Lscala/Function1;Lcoursier/util/Monad;)Lcoursier/util/EitherT; 56 <appendix> member <vmtarget> ; # coursier/maven/MavenRepositoryInternal$$Lambda$567+0x00000008012c7820
instanceKlass  @bci coursier/maven/MavenRepositoryInternal find (Lcoursier/core/Module;Lcoursier/version/Version;Lscala/Function1;Lcoursier/util/Monad;)Lcoursier/util/EitherT; 33 <appendix> member <vmtarget> ; # coursier/maven/MavenRepositoryInternal$$Lambda$566+0x00000008012c7468
instanceKlass  @bci coursier/util/EitherT map (Lscala/Function1;Lcoursier/util/Monad;)Lcoursier/util/EitherT; 16 <appendix> member <vmtarget> ; # coursier/util/EitherT$$Lambda$565+0x00000008012c70b0
instanceKlass  @bci coursier/maven/MavenRepositoryInternal findVersioning (Lcoursier/core/Module;Lcoursier/version/Version;Lscala/Option;Lscala/Function1;Lcoursier/util/Monad;)Lcoursier/util/EitherT; 12 <appendix> member <vmtarget> ; # coursier/maven/MavenRepositoryInternal$$Lambda$564+0x00000008012c6cf8
instanceKlass coursier/core/Project
instanceKlass  @bci coursier/maven/MavenRepositoryInternal pomProjectTask$1 (Lscala/Function1;Lcoursier/util/Monad;Lcoursier/version/Version;Lscala/collection/immutable/Seq;Ljava/lang/String;Lscala/Option;)Lcoursier/util/EitherT; 22 <appendix> member <vmtarget> ; # coursier/maven/MavenRepositoryInternal$$Lambda$563+0x00000008012c66e0
instanceKlass  @bci coursier/maven/MavenRepositoryInternal projectArtifact (Lscala/collection/immutable/Seq;Lcoursier/version/Version;)Lcoursier/util/Artifact; 47 <appendix> member <vmtarget> ; # coursier/maven/MavenRepositoryInternal$$Lambda$562+0x00000008012c6418
instanceKlass  @bci coursier/maven/MavenRepositoryInternal pathFor$1 (Ljava/lang/String;Lscala/collection/immutable/Seq;Ljava/lang/String;Lscala/Option;Lcoursier/version/Version;)Lscala/collection/immutable/Seq; 24 <appendix> member <vmtarget> ; # coursier/maven/MavenRepositoryInternal$$Lambda$561+0x00000008012c6170
instanceKlass coursier/maven/MavenRepositoryInternal$
instanceKlass  @bci coursier/core/ResolutionProcess$ $anonfun$fetchOne$16 (Lscala/collection/immutable/Seq;Lscala/util/Either;)Lscala/util/Either; 5 <appendix> member <vmtarget> ; # coursier/core/ResolutionProcess$$$Lambda$560+0x00000008012c59e8
instanceKlass  @bci coursier/cache/FileCache $anonfun$filePerPolicy0$1 (Lcoursier/cache/FileCache;Lcoursier/util/Artifact;Lscala/collection/immutable/Seq;)Lscala/util/Either; 94 <appendix> member <vmtarget> ; # coursier/cache/FileCache$$Lambda$559+0x00000008012c5170
instanceKlass  @bci coursier/cache/FileCache $anonfun$filePerPolicy0$1 (Lcoursier/cache/FileCache;Lcoursier/util/Artifact;Lscala/collection/immutable/Seq;)Lscala/util/Either; 80 <appendix> argL0 ; # coursier/cache/FileCache$$Lambda$558+0x00000008012c4eb0
instanceKlass  @bci coursier/cache/FileCache $anonfun$filePerPolicy0$3 (Lcoursier/util/Artifact;Lscala/collection/immutable/Map;Lscala/Option;)Lscala/Option; 55 <appendix> member <vmtarget> ; # coursier/cache/FileCache$$Lambda$557+0x00000008012c4798
instanceKlass  @bci coursier/cache/FileCache $anonfun$filePerPolicy0$1 (Lcoursier/cache/FileCache;Lcoursier/util/Artifact;Lscala/collection/immutable/Seq;)Lscala/util/Either; 32 <appendix> member <vmtarget> ; # coursier/cache/FileCache$$Lambda$556+0x00000008012c43e0
instanceKlass  @bci coursier/cache/FileCache $anonfun$filePerPolicy0$1 (Lcoursier/cache/FileCache;Lcoursier/util/Artifact;Lscala/collection/immutable/Seq;)Lscala/util/Either; 1 <appendix> argL0 ; # coursier/cache/FileCache$$Lambda$555+0x00000008012c4030
instanceKlass  @bci coursier/cache/internal/Downloader $anonfun$download$2 (Lcoursier/cache/internal/Downloader;Lcoursier/cache/internal/DownloadResult;)Ljava/lang/Object; 108 <appendix> member <vmtarget> ; # coursier/cache/internal/Downloader$$Lambda$554+0x00000008012c3c78
instanceKlass  @bci coursier/cache/internal/Downloader checksumRes$1 (Ljava/lang/String;)Lscala/collection/immutable/Seq; 25 <appendix> member <vmtarget> ; # coursier/cache/internal/Downloader$$Lambda$553+0x00000008012c38c0
instanceKlass  @bci coursier/cache/internal/Downloader $anonfun$download$2 (Lcoursier/cache/internal/Downloader;Lcoursier/cache/internal/DownloadResult;)Ljava/lang/Object; 69 <appendix> member <vmtarget> ; # coursier/cache/internal/Downloader$$Lambda$552+0x00000008012c3508
instanceKlass coursier/cache/internal/DownloadResult$
instanceKlass coursier/cache/ArtifactError$NotFound$
instanceKlass  @bci coursier/util/EitherT leftFlatMap (Lscala/Function1;Lcoursier/util/Monad;)Lcoursier/util/EitherT; 17 <appendix> member <vmtarget> ; # coursier/util/EitherT$$Lambda$551+0x00000008012c2b00
instanceKlass  @bci coursier/cache/FileCache filePerPolicy0 (Lcoursier/util/Artifact;Lcoursier/cache/CachePolicy;I)Lcoursier/util/EitherT; 53 <appendix> member <vmtarget> ; # coursier/cache/FileCache$$Lambda$550+0x00000008012c2748
instanceKlass  @bci coursier/cache/FileCache filePerPolicy0 (Lcoursier/util/Artifact;Lcoursier/cache/CachePolicy;I)Lcoursier/util/EitherT; 37 <appendix> member <vmtarget> ; # coursier/cache/FileCache$$Lambda$549+0x00000008012c2390
instanceKlass  @bci coursier/cache/FileCache filePerPolicy0 (Lcoursier/util/Artifact;Lcoursier/cache/CachePolicy;I)Lcoursier/util/EitherT; 22 <appendix> member <vmtarget> ; # coursier/cache/FileCache$$Lambda$548+0x00000008012c1fd8
instanceKlass  @bci coursier/cache/internal/Downloader download ()Ljava/lang/Object; 25 <appendix> member <vmtarget> ; # coursier/cache/internal/Downloader$$Lambda$547+0x00000008012c1c20
instanceKlass  @bci coursier/cache/internal/Downloader downloadUrl (Ljava/lang/String;Z)Ljava/lang/Object; 105 <appendix> member <vmtarget> ; # coursier/cache/internal/Downloader$$Lambda$546+0x00000008012c1868
instanceKlass coursier/cache/internal/DownloadResult
instanceKlass  @bci coursier/util/PlatformTaskCompanion schedule (Ljava/util/concurrent/ExecutorService;Lscala/Function0;)Lscala/Function1; 41 <appendix> member <vmtarget> ; # coursier/util/PlatformTaskCompanion$$Lambda$545+0x00000008012c1250
instanceKlass  @bci coursier/cache/internal/Downloader checkFileExists (Ljava/io/File;Ljava/lang/String;Z)Ljava/lang/Object; 4 <appendix> member <vmtarget> ; # coursier/cache/internal/Downloader$$Lambda$544+0x00000008012c0fa8
instanceKlass coursier/paths/CachePath
instanceKlass  @bci coursier/cache/internal/Downloader downloadUrl (Ljava/lang/String;Z)Ljava/lang/Object; 23 <appendix> argL0 ; # coursier/cache/internal/Downloader$$Lambda$543+0x00000008012c07c0
instanceKlass coursier/cache/internal/Downloader
instanceKlass coursier/cache/internal/Downloader$
instanceKlass  @bci coursier/cache/FileCache $anonfun$filePerPolicy$1 (Lcoursier/util/Artifact;Lscala/collection/immutable/Seq;)Lcoursier/util/Artifact; 22 <appendix> argL0 ; # coursier/cache/FileCache$$Lambda$542+0x00000008012b1a60
instanceKlass coursier/core/Authentication
instanceKlass  @bci coursier/cache/FileCache $anonfun$filePerPolicy$1 (Lcoursier/util/Artifact;Lscala/collection/immutable/Seq;)Lcoursier/util/Artifact; 12 <appendix> member <vmtarget> ; # coursier/cache/FileCache$$Lambda$541+0x00000008012bfb28
instanceKlass  @bci coursier/cache/FileCache allCredentials0$lzycompute ()Lscala/collection/immutable/Seq; 20 <appendix> argL0 ; # coursier/cache/FileCache$$Lambda$540+0x00000008012bf778
instanceKlass  @bci coursier/ivy/IvyRepository $anonfun$find0$3 (Lcoursier/ivy/IvyRepository;Lscala/Function1;Lcoursier/util/Monad;Lcoursier/version/Version;Lcoursier/util/Artifact;)Lcoursier/util/EitherT; 14 <appendix> member <vmtarget> ; # coursier/ivy/IvyRepository$$Lambda$539+0x00000008012bf3c0
instanceKlass  @bci coursier/cache/FileCache fetchPerPolicy (Lcoursier/util/Artifact;Lcoursier/cache/CachePolicy;)Lcoursier/util/EitherT; 163 <adapter> ; # java/lang/invoke/LambdaForm$MH+0x00000008012b1000
# instanceKlass java/lang/invoke/LambdaForm$DMH+0x00000008012b0c00
instanceKlass  @bci coursier/cache/FileCache fetchPerPolicy (Lcoursier/util/Artifact;Lcoursier/cache/CachePolicy;)Lcoursier/util/EitherT; 163 <appendix> form vmentry <vmtarget> ; # java/lang/invoke/LambdaForm$DMH+0x00000008012b0800
instanceKlass  @bci coursier/cache/FileCache fetchPerPolicy (Lcoursier/util/Artifact;Lcoursier/cache/CachePolicy;)Lcoursier/util/EitherT; 163 <appendix> member <vmtarget> ; # coursier/cache/FileCache$$Lambda$538+0x00000008012bf008
instanceKlass  @cpi coursier/cache/FileCache 728 form vmentry <vmtarget> ; # java/lang/invoke/LambdaForm$DMH+0x00000008012b0400
instanceKlass  @bci coursier/util/EitherT leftMap (Lscala/Function1;Lcoursier/util/Monad;)Lcoursier/util/EitherT; 16 <appendix> member <vmtarget> ; # coursier/util/EitherT$$Lambda$537+0x00000008012bec50
instanceKlass  @bci coursier/cache/FileCache fetchPerPolicy (Lcoursier/util/Artifact;Lcoursier/cache/CachePolicy;)Lcoursier/util/EitherT; 146 <appendix> argL0 ; # coursier/cache/FileCache$$Lambda$536+0x00000008012be8a0
instanceKlass  @bci coursier/cache/FileCache filePerPolicy (Lcoursier/util/Artifact;Lcoursier/cache/CachePolicy;I)Lcoursier/util/EitherT; 59 <appendix> member <vmtarget> ; # coursier/cache/FileCache$$Lambda$535+0x00000008012be288
instanceKlass  @bci coursier/cache/FileCache filePerPolicy (Lcoursier/util/Artifact;Lcoursier/cache/CachePolicy;I)Lcoursier/util/EitherT; 43 <appendix> argL0 ; # coursier/cache/FileCache$$Lambda$534+0x00000008012bded8
instanceKlass  @bci coursier/cache/FileCache filePerPolicy (Lcoursier/util/Artifact;Lcoursier/cache/CachePolicy;I)Lcoursier/util/EitherT; 15 <appendix> member <vmtarget> ; # coursier/cache/FileCache$$Lambda$533+0x00000008012bdb20
instanceKlass  @bci coursier/cache/FileCache allCredentials ()Ljava/lang/Object; 5 <appendix> member <vmtarget> ; # coursier/cache/FileCache$$Lambda$532+0x00000008012bd878
instanceKlass  @bci coursier/core/ResolutionProcess$ $anonfun$fetchOne$15 (Lcoursier/core/Repository;Lcoursier/core/Module;Lcoursier/version/VersionConstraint;Lscala/Function1;Lcoursier/util/Gather;Lscala/util/Either;)Ljava/lang/Object; 53 <appendix> member <vmtarget> ; # coursier/core/ResolutionProcess$$$Lambda$531+0x00000008012bd4c0
instanceKlass  @bci coursier/util/EitherT flatMap (Lscala/Function1;Lcoursier/util/Monad;)Lcoursier/util/EitherT; 17 <appendix> member <vmtarget> ; # coursier/util/EitherT$$Lambda$530+0x00000008012bd108
instanceKlass  @bci coursier/ivy/IvyRepository find0 (Lcoursier/core/Module;Lcoursier/version/Version;Lscala/Function1;Lcoursier/util/Monad;)Lcoursier/util/EitherT; 68 <appendix> member <vmtarget> ; # coursier/ivy/IvyRepository$$Lambda$529+0x00000008012bcd50
instanceKlass coursier/core/Repository$ArtifactExtensions$
instanceKlass coursier/util/Artifact$
instanceKlass  @bci coursier/ivy/IvyRepository $anonfun$find0$1 (Lcoursier/ivy/IvyRepository;Lcoursier/version/Version;Ljava/lang/String;)Lcoursier/util/Artifact; 7 <appendix> member <vmtarget> ; # coursier/ivy/IvyRepository$$Lambda$528+0x00000008012bc6a8
instanceKlass  @bci coursier/ivy/IvyRepository find0 (Lcoursier/core/Module;Lcoursier/version/Version;Lscala/Function1;Lcoursier/util/Monad;)Lcoursier/util/EitherT; 37 <appendix> member <vmtarget> ; # coursier/ivy/IvyRepository$$Lambda$527+0x00000008012bc2f0
instanceKlass  @bci coursier/ivy/Pattern substituteVariables (Lscala/collection/immutable/Map;)Lscala/util/Either; 116 <appendix> member <vmtarget> ; # coursier/ivy/Pattern$$Lambda$526+0x00000008012bbf38
instanceKlass  @bci coursier/ivy/Pattern helper$1 (Lscala/collection/immutable/Seq;Lscala/collection/immutable/Map;)Lcoursier/util/ValidationNel; 16 <appendix> argL0 ; # coursier/ivy/Pattern$$Lambda$525+0x00000008012bbb88
instanceKlass  @bci coursier/util/Traverse$TraverseOps validationNelTraverse (Lscala/Function1;)Lcoursier/util/ValidationNel; 43 <appendix> argL0 ; # coursier/util/Traverse$TraverseOps$$Lambda$524+0x00000008012bb7d8
instanceKlass  @bci coursier/util/Traverse$TraverseOps validationNelTraverse (Lscala/Function1;)Lcoursier/util/ValidationNel; 35 <appendix> argL0 ; # coursier/util/Traverse$TraverseOps$$Lambda$523+0x00000008012bb428
instanceKlass scala/util/Either$LeftProjection
instanceKlass coursier/util/ValidationNel$FailureBuilder
instanceKlass coursier/util/ValidationNel$SuccessBuilder
instanceKlass coursier/util/ValidationNel$
instanceKlass  @bci coursier/util/Traverse$TraverseOps validationNelTraverse (Lscala/Function1;)Lcoursier/util/ValidationNel; 19 <appendix> member <vmtarget> ; # coursier/util/Traverse$TraverseOps$$Lambda$522+0x00000008012ba660
instanceKlass  @bci coursier/ivy/Pattern helper$1 (Lscala/collection/immutable/Seq;Lscala/collection/immutable/Map;)Lcoursier/util/ValidationNel; 8 <appendix> member <vmtarget> ; # coursier/ivy/Pattern$$Lambda$521+0x00000008012ba2a8
instanceKlass coursier/util/ValidationNel
instanceKlass coursier/util/Traverse$TraverseOps
instanceKlass coursier/util/Traverse$
instanceKlass scala/runtime/AbstractFunction2
instanceKlass  @bci coursier/ivy/IvyRepository variables (Lcoursier/core/Module;Lscala/Option;Ljava/lang/String;Ljava/lang/String;Ljava/lang/String;Lscala/Option;)Lscala/collection/immutable/Map; 161 <appendix> argL0 ; # coursier/ivy/IvyRepository$$Lambda$520+0x00000008012b34b8
instanceKlass  @bci coursier/ivy/IvyRepository variables (Lcoursier/core/Module;Lscala/Option;Ljava/lang/String;Ljava/lang/String;Ljava/lang/String;Lscala/Option;)Lscala/collection/immutable/Map; 133 <appendix> argL0 ; # coursier/ivy/IvyRepository$$Lambda$519+0x00000008012b3108
instanceKlass scala/collection/mutable/SeqMap
instanceKlass  @bci scala/concurrent/Future$ sequence (Lscala/collection/IterableOnce;Lscala/collection/BuildFrom;Lscala/concurrent/ExecutionContext;)Lscala/concurrent/Future; 31 <appendix> argL0 ; # scala/concurrent/Future$$$Lambda$518+0x00000008012b2b70
instanceKlass  @bci scala/concurrent/impl/Promise$DefaultPromise zipWith (Lscala/concurrent/Future;Lscala/Function2;Lscala/concurrent/ExecutionContext;)Lscala/concurrent/Future; 54 <appendix> member <vmtarget> ; # scala/concurrent/impl/Promise$DefaultPromise$$Lambda$517+0x00000008012b27b8
instanceKlass  @bci scala/concurrent/Future$ sequence (Lscala/collection/IterableOnce;Lscala/collection/BuildFrom;Lscala/concurrent/ExecutionContext;)Lscala/concurrent/Future; 18 <appendix> member <vmtarget> ; # scala/concurrent/Future$$$Lambda$516+0x00000008012b2220
instanceKlass scala/collection/BuildFromLowPriority2$$anon$11
instanceKlass scala/collection/BuildFrom$$anon$6
instanceKlass scala/collection/BuildFrom$$anon$5
instanceKlass scala/collection/BuildFrom$
instanceKlass scala/collection/BuildFromLowPriority1
instanceKlass scala/collection/BuildFromLowPriority2
instanceKlass  @bci coursier/ivy/IvyRepository metadataPattern ()Lcoursier/ivy/Pattern; 5 <appendix> member <vmtarget> ; # coursier/ivy/IvyRepository$$Lambda$515+0x00000008012b5f90
instanceKlass  @bci coursier/util/TaskSync $anonfun$gather$1 (Lscala/collection/immutable/Seq;Lscala/concurrent/ExecutionContext;)Lscala/concurrent/Future; 5 <appendix> member <vmtarget> ; # coursier/util/TaskSync$$Lambda$514+0x00000008012b5bd8
instanceKlass  @bci coursier/core/ResolutionProcess$ $anonfun$fetchAll$11 (Lscala/Function1;Lscala/collection/immutable/Seq;Lcoursier/util/Monad;Lscala/collection/immutable/Vector;)Ljava/lang/Object; 15 <appendix> member <vmtarget> ; # coursier/core/ResolutionProcess$$$Lambda$513+0x00000008012b5820
instanceKlass  @bci coursier/core/ResolutionProcess$ $anonfun$fetch0$1 (Lcoursier/util/Gather;Lscala/collection/immutable/Seq;Lscala/Function1;Lscala/collection/immutable/Seq;Lscala/collection/immutable/Seq;)Ljava/lang/Object; 32 <appendix> argL0 ; # coursier/core/ResolutionProcess$$$Lambda$512+0x00000008012b5470
instanceKlass  @bci coursier/util/TaskSync gather (Lscala/collection/immutable/Seq;)Lscala/Function1; 1 <appendix> member <vmtarget> ; # coursier/util/TaskSync$$Lambda$511+0x00000008012b50b8
instanceKlass  @bci coursier/core/ResolutionProcess$ $anonfun$fetch0$2 (Lscala/collection/immutable/Seq;Lscala/Function1;Lscala/collection/immutable/Seq;Lcoursier/util/Gather;Lscala/Tuple2;)Ljava/lang/Object; 57 <appendix> member <vmtarget> ; # coursier/core/ResolutionProcess$$$Lambda$510+0x00000008012b4d00
instanceKlass  @bci coursier/util/EitherT orElse (Lscala/Function0;Lcoursier/util/Monad;)Lcoursier/util/EitherT; 17 <appendix> member <vmtarget> ; # coursier/util/EitherT$$Lambda$509+0x00000008012b4948
instanceKlass  @bci coursier/core/ResolutionProcess$ $anonfun$fetchOne$20 (Lcoursier/util/Gather;Lscala/collection/immutable/Seq;Lcoursier/core/Module;Lcoursier/version/VersionConstraint;Lcoursier/util/EitherT;Lscala/Function1;)Lcoursier/util/EitherT; 8 <appendix> member <vmtarget> ; # coursier/core/ResolutionProcess$$$Lambda$508+0x00000008012add08
instanceKlass  @bci coursier/core/ResolutionProcess$ fetchOne (Lscala/collection/immutable/Seq;Lcoursier/core/Module;Lcoursier/version/VersionConstraint;Lscala/Function1;Lscala/collection/immutable/Seq;Lcoursier/util/Gather;)Lcoursier/util/EitherT; 143 <appendix> member <vmtarget> ; # coursier/core/ResolutionProcess$$$Lambda$507+0x00000008012b43b0
instanceKlass  @bci coursier/core/ResolutionProcess$ get$1 (Lscala/Function1;Lscala/collection/immutable/Seq;Lcoursier/util/Gather;Lcoursier/core/Module;Lcoursier/version/VersionConstraint;)Lcoursier/util/EitherT; 43 <appendix> argL0 ; # coursier/core/ResolutionProcess$$$Lambda$506+0x00000008012b4000
instanceKlass  @bci coursier/maven/PomParser$State $anonfun$project$15 (Lcoursier/maven/PomParser$State;Lscala/Option;Lscala/util/Either;Lscala/collection/immutable/List;Ljava/lang/String;)Lscala/util/Either; 26 <appendix> form vmentry <vmtarget> ; # java/lang/invoke/LambdaForm$DMH+0x00000008012b0000
instanceKlass  @bci coursier/core/ResolutionProcess$ $anonfun$fetchOne$14 (Lcoursier/util/Gather;Lcoursier/core/Module;Lcoursier/version/VersionConstraint;Lscala/Function1;Ljava/lang/Object;Lcoursier/core/Repository;)Ljava/lang/Object; 50 <appendix> member <vmtarget> ; # coursier/core/ResolutionProcess$$$Lambda$505+0x00000008012ad950
instanceKlass  @bci coursier/core/ResolutionProcess$ get$1 (Lscala/Function1;Lscala/collection/immutable/Seq;Lcoursier/util/Gather;Lcoursier/core/Module;Lcoursier/version/VersionConstraint;)Lcoursier/util/EitherT; 29 <appendix> member <vmtarget> ; # coursier/core/ResolutionProcess$$$Lambda$504+0x00000008012ad3b8
instanceKlass  @bci coursier/version/VersionParse$ eagerVersionConstraint (Ljava/lang/String;)Lcoursier/version/VersionConstraint$Eager; 32 <appendix> member <vmtarget> ; # coursier/version/VersionParse$$$Lambda$503+0x00000008012afc70
instanceKlass  @bci coursier/version/VersionParse$ $anonfun$eagerVersionConstraint$5 (Ljava/lang/String;)Lscala/Option; 17 <appendix> member <vmtarget> ; # coursier/version/VersionParse$$$Lambda$502+0x00000008012ad000
instanceKlass  @bci coursier/version/VersionParse$ multiVersionInterval (Ljava/lang/String;)Lscala/Option; 29 <appendix> argL0 ; # coursier/version/VersionParse$$$Lambda$501+0x00000008012af8c0
instanceKlass  @bci coursier/version/VersionParse$ multiVersionInterval (Ljava/lang/String;)Lscala/Option; 10 <appendix> argL0 ; # coursier/version/VersionParse$$$Lambda$500+0x00000008012af510
instanceKlass  @bci coursier/version/VersionParse$ $anonfun$eagerVersionConstraint$5 (Ljava/lang/String;)Lscala/Option; 8 <appendix> member <vmtarget> ; # coursier/version/VersionParse$$$Lambda$499+0x00000008012af268
instanceKlass  @bci coursier/version/VersionParse$ versionInterval (Ljava/lang/String;)Lscala/Option; 51 <appendix> member <vmtarget> ; # coursier/version/VersionParse$$$Lambda$498+0x00000008012aeeb0
instanceKlass  @bci coursier/version/VersionParse$ eagerVersionConstraint (Ljava/lang/String;)Lcoursier/version/VersionConstraint$Eager; 23 <appendix> member <vmtarget> ; # coursier/version/VersionParse$$$Lambda$497+0x00000008012aec08
instanceKlass  @bci coursier/version/VersionParse$ $anonfun$eagerVersionConstraint$3 (Ljava/lang/String;)Lscala/Option; 8 <appendix> member <vmtarget> ; # coursier/version/VersionParse$$$Lambda$496+0x00000008012ae850
instanceKlass java/util/regex/Pattern$1
instanceKlass  @bci coursier/version/VersionParse$ eagerVersionConstraint (Ljava/lang/String;)Lcoursier/version/VersionConstraint$Eager; 14 <appendix> member <vmtarget> ; # coursier/version/VersionParse$$$Lambda$495+0x00000008012ae5a8
instanceKlass  @bci coursier/version/VersionParse$ $anonfun$eagerVersionConstraint$1 (Ljava/lang/String;)Lscala/Option; 8 <appendix> member <vmtarget> ; # coursier/version/VersionParse$$$Lambda$494+0x00000008012ae1f0
instanceKlass coursier/version/Latest$
instanceKlass  @bci coursier/version/VersionParse$ eagerVersionConstraint (Ljava/lang/String;)Lcoursier/version/VersionConstraint$Eager; 5 <appendix> member <vmtarget> ; # coursier/version/VersionParse$$$Lambda$493+0x00000008012abc78
instanceKlass  @bci coursier/core/ResolutionProcess$ $anonfun$fetch0$1 (Lcoursier/util/Gather;Lscala/collection/immutable/Seq;Lscala/Function1;Lscala/collection/immutable/Seq;Lscala/collection/immutable/Seq;)Ljava/lang/Object; 10 <appendix> member <vmtarget> ; # coursier/core/ResolutionProcess$$$Lambda$492+0x00000008012ab8c0
instanceKlass  @bci coursier/cache/CacheLogger$Using $anonfun$apply$2 (Lcoursier/cache/CacheLogger$Using;Lcoursier/util/Sync;Ljava/lang/Object;Lscala/runtime/BoxedUnit;)Ljava/lang/Object; 19 <appendix> member <vmtarget> ; # coursier/cache/CacheLogger$Using$$Lambda$491+0x00000008012ab508
instanceKlass  @bci coursier/util/Task$ handle$extension (Lscala/Function1;Lscala/PartialFunction;)Lscala/Function1; 2 <appendix> member <vmtarget> ; # coursier/util/Task$$$Lambda$490+0x00000008012ab150
instanceKlass  @bci coursier/util/Sync attempt (Ljava/lang/Object;)Ljava/lang/Object; 3 <appendix> argL0 ; # coursier/util/Sync$$Lambda$489+0x00000008012aa930
instanceKlass  @bci coursier/Resolve ioWithConflicts0 (Lscala/Function1;)Ljava/lang/Object; 104 <appendix> member <vmtarget> ; # coursier/Resolve$$Lambda$488+0x00000008012aa578
instanceKlass  @bci coursier/Resolve $anonfun$through$1 ()Lscala/Function1; 0 <appendix> argL0 ; # coursier/Resolve$$Lambda$487+0x00000008012aa1c8
instanceKlass  @bci coursier/Resolve through ()Lscala/Function1; 4 <appendix> argL0 ; # coursier/Resolve$$Lambda$486+0x00000008012a9f28
instanceKlass  @bci coursier/cache/CacheLogger$Using apply (Ljava/lang/Object;Lcoursier/util/Sync;)Ljava/lang/Object; 22 <appendix> member <vmtarget> ; # coursier/cache/CacheLogger$Using$$Lambda$485+0x00000008012a9b70
instanceKlass  @bci coursier/cache/CacheLogger$Using apply (Ljava/lang/Object;Lcoursier/util/Sync;)Ljava/lang/Object; 5 <appendix> member <vmtarget> ; # coursier/cache/CacheLogger$Using$$Lambda$484+0x00000008012a98a8
instanceKlass coursier/cache/CacheLogger$Using
instanceKlass  @bci coursier/cache/FileCache filePerPolicy0 (Lcoursier/util/Artifact;Lcoursier/cache/CachePolicy;I)Lcoursier/util/EitherT; 53 <adapter> ; # java/lang/invoke/LambdaForm$MH+0x00000008012acc00
# instanceKlass java/lang/invoke/LambdaForm$DMH+0x00000008012ac800
instanceKlass  @bci coursier/cache/FileCache filePerPolicy0 (Lcoursier/util/Artifact;Lcoursier/cache/CachePolicy;I)Lcoursier/util/EitherT; 53 <appendix> form vmentry <vmtarget> ; # java/lang/invoke/LambdaForm$DMH+0x00000008012ac400
instanceKlass  @bci coursier/core/ResolutionProcess run0 (Lscala/Function1;ILcoursier/util/Monad;)Ljava/lang/Object; 104 <appendix> member <vmtarget> ; # coursier/core/ResolutionProcess$$Lambda$483+0x00000008012a92f8
instanceKlass  @cpi coursier/cache/FileCache 627 form vmentry <vmtarget> ; # java/lang/invoke/LambdaForm$DMH+0x00000008012ac000
instanceKlass  @bci coursier/core/ResolutionProcess$ $anonfun$fetchAll$10 (Lcoursier/util/Monad;Lscala/Function1;Ljava/lang/Object;Lscala/collection/immutable/Seq;)Ljava/lang/Object; 11 <appendix> member <vmtarget> ; # coursier/core/ResolutionProcess$$$Lambda$482+0x00000008012a8f40
instanceKlass  @bci coursier/core/ResolutionProcess$ fetchAll (Lscala/collection/immutable/Seq;Lscala/Function1;Lcoursier/util/Monad;)Ljava/lang/Object; 24 <appendix> member <vmtarget> ; # coursier/core/ResolutionProcess$$$Lambda$481+0x00000008012a89a8
instanceKlass  @bci coursier/util/Task$ point (Ljava/lang/Object;)Lscala/Function1; 9 <appendix> member <vmtarget> ; # coursier/util/Task$$$Lambda$480+0x00000008012a7b08
instanceKlass  @bci scala/collection/immutable/LazyList$ scala$collection$immutable$LazyList$$eagerHeadFromIterator (Lscala/collection/Iterator;)Lscala/collection/immutable/LazyList; 16 <appendix> member <vmtarget> ; # scala/collection/immutable/LazyList$$$Lambda$479+0x00000008012a7860
instanceKlass scala/collection/immutable/LazyList$MidEvaluation$
instanceKlass scala/collection/immutable/LazyList$Uninitialized$
instanceKlass  @bci scala/collection/immutable/LazyList$ from (Lscala/collection/IterableOnce;)Lscala/collection/immutable/LazyList; 28 <appendix> member <vmtarget> ; # scala/collection/immutable/LazyList$$$Lambda$478+0x00000008012a71d8
instanceKlass scala/collection/compat/immutable/package$
instanceKlass  @bci coursier/core/ResolutionProcess$ uniqueModules$1 (Lscala/collection/immutable/Seq;)Lscala/collection/immutable/LazyList; 44 <appendix> argL0 ; # coursier/core/ResolutionProcess$$$Lambda$477+0x00000008012a55b8
instanceKlass  @bci coursier/core/ResolutionProcess$ uniqueModules$1 (Lscala/collection/immutable/Seq;)Lscala/collection/immutable/LazyList; 29 <appendix> argL0 ; # coursier/core/ResolutionProcess$$$Lambda$476+0x00000008012a5208
instanceKlass  @bci coursier/core/ResolutionProcess$ uniqueModules$1 (Lscala/collection/immutable/Seq;)Lscala/collection/immutable/LazyList; 16 <appendix> argL0 ; # coursier/core/ResolutionProcess$$$Lambda$475+0x00000008012a4e58
instanceKlass  @bci coursier/core/ResolutionProcess$ uniqueModules$1 (Lscala/collection/immutable/Seq;)Lscala/collection/immutable/LazyList; 1 <appendix> argL0 ; # coursier/core/ResolutionProcess$$$Lambda$474+0x00000008012a4aa8
instanceKlass  @bci coursier/core/ResolutionProcess$ apply (Lcoursier/core/Resolution;)Lcoursier/core/ResolutionProcess; 33 <appendix> argL0 ; # coursier/core/ResolutionProcess$$$Lambda$473+0x00000008012a4438
instanceKlass coursier/core/Missing$
instanceKlass  @bci coursier/core/Resolution missingFromCache$lzycompute ()Lscala/collection/immutable/Set; 98 <appendix> member <vmtarget> ; # coursier/core/Resolution$$Lambda$472+0x00000008012a3e90
instanceKlass  @bci coursier/core/Resolution missingFromCache$lzycompute ()Lscala/collection/immutable/Set; 68 <appendix> argL0 ; # coursier/core/Resolution$$Lambda$471+0x00000008012a3ae0
instanceKlass  @bci scala/collection/StrictOptimizedMapOps collect (Lscala/PartialFunction;)Lscala/collection/IterableOps; 47 <appendix> member <vmtarget> ; # scala/collection/StrictOptimizedMapOps$$Lambda$470+0x00000008012a3728
instanceKlass  @bci scala/collection/StrictOptimizedIterableOps collect (Lscala/PartialFunction;)Ljava/lang/Object; 47 <appendix> member <vmtarget> ; # scala/collection/StrictOptimizedIterableOps$$Lambda$469+0x00000008012a2a90
instanceKlass  @bci coursier/core/Resolution$ $anonfun$merge0$7 (Lscala/collection/immutable/Map;Lscala/collection/immutable/Map;Lscala/Option;Lscala/Tuple2;)Lscala/Tuple2; 89 <appendix> argL0 ; # coursier/core/Resolution$$$Lambda$468+0x00000008012a0f08
instanceKlass  @bci coursier/core/Resolution$ $anonfun$merge0$7 (Lscala/collection/immutable/Map;Lscala/collection/immutable/Map;Lscala/Option;Lscala/Tuple2;)Lscala/Tuple2; 50 <appendix> member <vmtarget> ; # coursier/core/Resolution$$$Lambda$467+0x00000008012a0c60
instanceKlass  @bci coursier/core/Resolution$ $anonfun$merge0$7 (Lscala/collection/immutable/Map;Lscala/collection/immutable/Map;Lscala/Option;Lscala/Tuple2;)Lscala/Tuple2; 39 <appendix> member <vmtarget> ; # coursier/core/Resolution$$$Lambda$466+0x00000008012a09b8
instanceKlass  @bci coursier/core/Resolution$ merge0 (Lscala/collection/immutable/Seq;Lscala/collection/immutable/Map;Lscala/Option;Z)Lscala/Tuple3; 78 <appendix> member <vmtarget> ; # coursier/core/Resolution$$$Lambda$465+0x000000080129fc28
instanceKlass  @bci scala/collection/IterableOps groupBy (Lscala/Function1;)Lscala/collection/immutable/Map; 48 <appendix> member <vmtarget> ; # scala/collection/IterableOps$$Lambda$464+0x000000080129efc8
instanceKlass  @bci coursier/core/Resolution$ merge0 (Lscala/collection/immutable/Seq;Lscala/collection/immutable/Map;Lscala/Option;Z)Lscala/Tuple3; 66 <appendix> argL0 ; # coursier/core/Resolution$$$Lambda$463+0x000000080129ec18
instanceKlass  @bci coursier/core/Resolution$ merge0 (Lscala/collection/immutable/Seq;Lscala/collection/immutable/Map;Lscala/Option;Z)Lscala/Tuple3; 41 <appendix> argL0 ; # coursier/core/Resolution$$$Lambda$462+0x000000080129e868
instanceKlass  @bci coursier/core/Resolution$ merge0 (Lscala/collection/immutable/Seq;Lscala/collection/immutable/Map;Lscala/Option;Z)Lscala/Tuple3; 31 <appendix> argL0 ; # coursier/core/Resolution$$$Lambda$461+0x000000080129e260
instanceKlass  @bci coursier/core/DependencyManagement$ addAll (Lscala/collection/immutable/Map;Lscala/collection/immutable/Seq;Z)Lscala/collection/Map; 1 <appendix> argL0 ; # coursier/core/DependencyManagement$$$Lambda$460+0x000000080129deb0
instanceKlass coursier/core/DependencyManagement$
instanceKlass  @bci coursier/core/Overrides$Impl filter (Lscala/Function2;)Lcoursier/core/Overrides; 5 <appendix> member <vmtarget> ; # coursier/core/Overrides$Impl$$Lambda$459+0x000000080129ce00
instanceKlass  @bci coursier/core/Overrides global$lzycompute ()Lcoursier/core/Overrides; 17 <appendix> argL0 ; # coursier/core/Overrides$$Lambda$458+0x000000080129c870
instanceKlass coursier/core/DependencyManagement$Values
instanceKlass  @bci coursier/core/Resolution$ merge0 (Lscala/collection/immutable/Seq;Lscala/collection/immutable/Map;Lscala/Option;Z)Lscala/Tuple3; 16 <appendix> argL0 ; # coursier/core/Resolution$$$Lambda$457+0x000000080129c260
instanceKlass  @bci coursier/core/Resolution$ merge0 (Lscala/collection/immutable/Seq;Lscala/collection/immutable/Map;Lscala/Option;Z)Lscala/Tuple3; 6 <appendix> argL0 ; # coursier/core/Resolution$$$Lambda$456+0x000000080129beb0
instanceKlass  @bci coursier/core/Resolution transitiveDependenciesAndErrors$lzycompute ()Lscala/Tuple2; 66 <appendix> argL0 ; # coursier/core/Resolution$$Lambda$455+0x000000080129bb00
instanceKlass  @bci coursier/core/Resolution transitiveDependenciesAndErrors$lzycompute ()Lscala/Tuple2; 37 <appendix> member <vmtarget> ; # coursier/core/Resolution$$Lambda$454+0x000000080129b2d8
instanceKlass  @bci coursier/core/DependencySet minimizedSet$lzycompute ()Lscala/collection/immutable/Set; 25 <appendix> argL0 ; # coursier/core/DependencySet$$Lambda$453+0x000000080129af28
instanceKlass coursier/core/DependencyManagement$Key
instanceKlass coursier/core/DependencyManagement$Key$
instanceKlass  @bci coursier/core/Resolution $anonfun$processedRootDependencies$3 (Lcoursier/core/Resolution;Lcoursier/core/Dependency;)Lcoursier/core/Dependency; 15 <appendix> argL0 ; # coursier/core/Resolution$$Lambda$452+0x000000080129a538
instanceKlass  @bci coursier/core/Resolution processedRootDependencies$lzycompute ()Lscala/collection/immutable/Seq; 75 <appendix> member <vmtarget> ; # coursier/core/Resolution$$Lambda$451+0x000000080129a180
instanceKlass  @bci coursier/core/Overrides$Impl isEmpty ()Z 4 <appendix> argL0 ; # coursier/core/Overrides$Impl$$Lambda$450+0x0000000801299dd0
instanceKlass scala/collection/SeqFactory$UnapplySeqWrapper
instanceKlass scala/collection/SeqFactory$UnapplySeqWrapper$
instanceKlass  @bci coursier/core/Overrides$ add (Lscala/collection/immutable/Seq;)Lcoursier/core/Overrides; 1 <appendix> argL0 ; # coursier/core/Overrides$$$Lambda$449+0x0000000801299638
instanceKlass  @bci coursier/core/Resolution bomEntries (Lscala/collection/immutable/Seq;)Lcoursier/core/Overrides; 5 <appendix> member <vmtarget> ; # coursier/core/Resolution$$Lambda$448+0x0000000801299280
instanceKlass  @bci coursier/core/Resolution$ coursier$core$Resolution$$withDefaultConfig (Lcoursier/core/Dependency;Ljava/lang/String;)Lcoursier/core/Dependency; 7 <appendix> argL0 ; # coursier/core/Resolution$$$Lambda$447+0x0000000801298ed0
instanceKlass  @bci coursier/core/Resolution processedRootDependencies$lzycompute ()Lscala/collection/immutable/Seq; 29 <appendix> member <vmtarget> ; # coursier/core/Resolution$$Lambda$446+0x0000000801298b18
instanceKlass  @bci coursier/core/Resolution hasAllBoms$lzycompute ()Z 21 <appendix> member <vmtarget> ; # coursier/core/Resolution$$Lambda$445+0x0000000801298760
instanceKlass  @bci coursier/core/Resolution missingFromCache$lzycompute ()Lscala/collection/immutable/Set; 44 <appendix> argL0 ; # coursier/core/Resolution$$Lambda$444+0x00000008012983b0
instanceKlass  @bci coursier/core/Resolution missingFromCache$lzycompute ()Lscala/collection/immutable/Set; 21 <appendix> argL0 ; # coursier/core/Resolution$$Lambda$443+0x0000000801298000
instanceKlass  @bci coursier/core/Resolution allBomModuleVersions$lzycompute ()Lscala/collection/immutable/Seq; 24 <appendix> argL0 ; # coursier/core/Resolution$$Lambda$442+0x0000000801297c48
instanceKlass  @bci coursier/core/Resolution globalBomModuleVersions$lzycompute ()Lscala/collection/immutable/Seq; 58 <appendix> member <vmtarget> ; # coursier/core/Resolution$$Lambda$441+0x0000000801297890
instanceKlass  @bci coursier/core/Resolution globalBomModuleVersions$lzycompute ()Lscala/collection/immutable/Seq; 37 <appendix> member <vmtarget> ; # coursier/core/Resolution$$Lambda$440+0x00000008012974d8
instanceKlass  @bci coursier/core/Resolution globalBomModuleVersions$lzycompute ()Lscala/collection/immutable/Seq; 23 <appendix> argL0 ; # coursier/core/Resolution$$Lambda$439+0x0000000801297128
instanceKlass coursier/core/ResolutionInternals$
instanceKlass  @bci coursier/Resolve$ initialResolution (Lscala/collection/immutable/Seq;Lcoursier/params/ResolutionParams;Lscala/Option;Lscala/Option;Lscala/collection/immutable/Seq;)Lcoursier/core/Resolution; 754 <appendix> argL0 ; # coursier/Resolve$$$Lambda$438+0x0000000801296c78
instanceKlass  @bci coursier/Resolve$ initialResolution (Lscala/collection/immutable/Seq;Lcoursier/params/ResolutionParams;Lscala/Option;Lscala/Option;Lscala/collection/immutable/Seq;)Lcoursier/core/Resolution; 736 <appendix> argL0 ; # coursier/Resolve$$$Lambda$437+0x00000008012969b8
instanceKlass  @bci coursier/Resolve$ initialResolution (Lscala/collection/immutable/Seq;Lcoursier/params/ResolutionParams;Lscala/Option;Lscala/Option;Lscala/collection/immutable/Seq;)Lcoursier/core/Resolution; 718 <appendix> argL0 ; # coursier/Resolve$$$Lambda$436+0x00000008012966f8
instanceKlass  @bci coursier/params/ResolutionParams $anonfun$finalDefaultVariantAttributes$1 (Lcoursier/params/ResolutionParams;)Lcoursier/core/VariantSelector$AttributesBased; 13 <appendix> argL0 ; # coursier/params/ResolutionParams$$Lambda$435+0x0000000801296458
instanceKlass coursier/core/VariantSelector$VariantMatcher$Equals$
instanceKlass coursier/core/VariantSelector$VariantMatcher
instanceKlass coursier/core/VariantSelector$VariantMatcher$
instanceKlass  @bci coursier/params/ResolutionParams finalDefaultVariantAttributes ()Lcoursier/core/VariantSelector$AttributesBased; 5 <appendix> member <vmtarget> ; # coursier/params/ResolutionParams$$Lambda$434+0x0000000801294dd0
instanceKlass coursier/version/internal/Compatibility$RichChar$
instanceKlass  @bci coursier/version/VersionParse$ version (Ljava/lang/String;)Lscala/Option; 22 <appendix> argL0 ; # coursier/version/VersionParse$$$Lambda$433+0x0000000801294830
instanceKlass coursier/version/internal/Compatibility$
instanceKlass coursier/version/VersionParse$
instanceKlass  @bci coursier/Resolve$ $anonfun$initialResolution$8 (Lcoursier/params/ResolutionParams;)Lscala/Option; 19 <appendix> argL0 ; # coursier/Resolve$$$Lambda$432+0x00000008012940a0
instanceKlass  @bci coursier/Resolve$ initialResolution (Lscala/collection/immutable/Seq;Lcoursier/params/ResolutionParams;Lscala/Option;Lscala/Option;Lscala/collection/immutable/Seq;)Lcoursier/core/Resolution; 612 <appendix> member <vmtarget> ; # coursier/Resolve$$$Lambda$431+0x0000000801293df8
instanceKlass  @bci coursier/core/Activation$Os$ fromProperties (Lscala/collection/immutable/Map;)Lcoursier/core/Activation$Os; 64 <appendix> argL0 ; # coursier/core/Activation$Os$$$Lambda$430+0x0000000801293a48
instanceKlass  @bci coursier/core/Activation$Os$ fromProperties (Lscala/collection/immutable/Map;)Lcoursier/core/Activation$Os; 44 <appendix> argL0 ; # coursier/core/Activation$Os$$$Lambda$429+0x000000080128fca0
instanceKlass  @bci coursier/core/Activation$Os$ families (Ljava/lang/String;Ljava/lang/String;)Lscala/collection/immutable/Set; 5 <appendix> member <vmtarget> ; # coursier/core/Activation$Os$$$Lambda$428+0x0000000801293690
instanceKlass  @bci coursier/core/Activation$Os$ $anonfun$fromProperties$3 (Lscala/collection/immutable/Map;Ljava/lang/String;)Lscala/Option; 10 <appendix> member <vmtarget> ; # coursier/core/Activation$Os$$$Lambda$427+0x00000008012932d8
instanceKlass  @bci coursier/core/Activation$Os$ fromProperties (Lscala/collection/immutable/Map;)Lcoursier/core/Activation$Os; 36 <appendix> member <vmtarget> ; # coursier/core/Activation$Os$$$Lambda$426+0x0000000801292f20
instanceKlass  @bci coursier/core/Activation$Os$ fromProperties (Lscala/collection/immutable/Map;)Lcoursier/core/Activation$Os; 26 <appendix> argL0 ; # coursier/core/Activation$Os$$$Lambda$425+0x0000000801292b70
instanceKlass  @bci coursier/core/Activation$Os$ fromProperties (Lscala/collection/immutable/Map;)Lcoursier/core/Activation$Os; 8 <appendix> argL0 ; # coursier/core/Activation$Os$$$Lambda$424+0x00000008012927c0
instanceKlass  @bci scala/sys/SystemProperties $anonfun$iterator$1 (Lscala/sys/SystemProperties;)Lscala/collection/Iterator; 19 <appendix> argL0 ; # scala/sys/SystemProperties$$Lambda$423+0x0000000801291a68
instanceKlass  @bci scala/sys/SystemProperties $anonfun$iterator$1 (Lscala/sys/SystemProperties;)Lscala/collection/Iterator; 9 <appendix> member <vmtarget> ; # scala/sys/SystemProperties$$Lambda$422+0x00000008012916b0
instanceKlass scala/collection/convert/AsScalaExtensions$SetHasAsScala
instanceKlass  @bci scala/sys/SystemProperties names ()Lscala/collection/Iterator; 1 <appendix> argL0 ; # scala/sys/SystemProperties$$Lambda$421+0x000000080128f400
instanceKlass  @bci scala/sys/SystemProperties iterator ()Lscala/collection/Iterator; 2 <appendix> member <vmtarget> ; # scala/sys/SystemProperties$$Lambda$420+0x000000080128f158
instanceKlass  @bci coursier/Resolve$ initialResolution (Lscala/collection/immutable/Seq;Lcoursier/params/ResolutionParams;Lscala/Option;Lscala/Option;Lscala/collection/immutable/Seq;)Lcoursier/core/Resolution; 593 <appendix> member <vmtarget> ; # coursier/Resolve$$$Lambda$419+0x000000080128eeb0
instanceKlass  @bci coursier/Resolve$ initialResolution (Lscala/collection/immutable/Seq;Lcoursier/params/ResolutionParams;Lscala/Option;Lscala/Option;Lscala/collection/immutable/Seq;)Lcoursier/core/Resolution; 572 <appendix> member <vmtarget> ; # coursier/Resolve$$$Lambda$418+0x000000080128eaf8
instanceKlass scala/collection/Iterator$ConcatIteratorCell
instanceKlass  @bci scala/collection/View$Concat iterator ()Lscala/collection/Iterator; 10 <appendix> member <vmtarget> ; # scala/collection/View$Concat$$Lambda$417+0x000000080128dcb0
instanceKlass coursier/core/VariantSelector$AttributesBased$
instanceKlass coursier/core/Activation$Os
instanceKlass coursier/core/Activation$Os$
instanceKlass coursier/core/DependencySet
instanceKlass coursier/core/DependencySet$
instanceKlass coursier/core/Reconciliation
instanceKlass coursier/core/Type$Exotic$
instanceKlass coursier/core/Resolution$
instanceKlass  @bci coursier/Resolve$ initialResolution (Lscala/collection/immutable/Seq;Lcoursier/params/ResolutionParams;Lscala/Option;Lscala/Option;Lscala/collection/immutable/Seq;)Lcoursier/core/Resolution; 510 <appendix> argL0 ; # coursier/Resolve$$$Lambda$416+0x000000080128b7f8
instanceKlass  @bci coursier/params/ResolutionParams actualReconciliation ()Lscala/collection/immutable/Seq; 4 <appendix> argL0 ; # coursier/params/ResolutionParams$$Lambda$415+0x000000080128b448
instanceKlass  @bci coursier/Resolve$ initialResolution (Lscala/collection/immutable/Seq;Lcoursier/params/ResolutionParams;Lscala/Option;Lscala/Option;Lscala/collection/immutable/Seq;)Lcoursier/core/Resolution; 448 <appendix> argL0 ; # coursier/Resolve$$$Lambda$414+0x000000080128aeb8
instanceKlass  @bci coursier/params/ResolutionParams doOverrideFullSuffix ()Z 4 <appendix> argL0 ; # coursier/params/ResolutionParams$$Lambda$413+0x000000080128abf8
instanceKlass  @bci coursier/params/ResolutionParams doForceScalaVersion ()Z 5 <appendix> member <vmtarget> ; # coursier/params/ResolutionParams$$Lambda$412+0x000000080128a930
instanceKlass  @bci coursier/Resolve ioWithConflicts0 (Lscala/Function1;)Ljava/lang/Object; 49 <appendix> argL0 ; # coursier/Resolve$$Lambda$411+0x000000080128a580
instanceKlass  @bci coursier/Resolve ioWithConflicts0 (Lscala/Function1;)Ljava/lang/Object; 29 <appendix> argL0 ; # coursier/Resolve$$Lambda$410+0x000000080128a1d0
instanceKlass coursier/core/BomDependency
instanceKlass coursier/ResolveInternals$
instanceKlass  @bci coursier/Resolve finalDependencies ()Lscala/collection/immutable/Seq; 33 <appendix> member <vmtarget> ; # coursier/Resolve$$Lambda$409+0x00000008012899c8
instanceKlass  @bci coursier/Resolve finalDependencies ()Lscala/collection/immutable/Seq; 19 <appendix> member <vmtarget> ; # coursier/Resolve$$Lambda$408+0x0000000801289610
instanceKlass  @bci coursier/Resolve $anonfun$transformFetcher$1 ()Lscala/Function1; 0 <appendix> argL0 ; # coursier/Resolve$$Lambda$407+0x0000000801289260
instanceKlass  @bci coursier/Resolve transformFetcher ()Lscala/Function1; 4 <appendix> argL0 ; # coursier/Resolve$$Lambda$406+0x0000000801288fc0
instanceKlass  @bci coursier/util/Task$ $anonfun$flatMap$2 (Lscala/Function1;Lscala/concurrent/ExecutionContext;Ljava/lang/Object;)Lscala/concurrent/Future; 5 <appendix> member <vmtarget> ; # coursier/util/Task$$$Lambda$405+0x0000000801288d18
instanceKlass  @bci coursier/core/ResolutionProcess$ fetch0 (Lscala/collection/immutable/Seq;Lscala/Function1;Lscala/collection/immutable/Seq;Lcoursier/util/Gather;)Lscala/Function1; 5 <appendix> member <vmtarget> ; # coursier/core/ResolutionProcess$$$Lambda$404+0x0000000801288960
instanceKlass  @bci coursier/params/Mirror$ $anonfun$replace$1 (Lscala/collection/immutable/Seq;Lcoursier/core/Repository;)Lcoursier/core/Repository; 7 <appendix> member <vmtarget> ; # coursier/params/Mirror$$$Lambda$403+0x00000008012885a8
instanceKlass  @bci coursier/params/Mirror$ replace (Lscala/collection/immutable/Seq;Lscala/collection/immutable/Seq;)Lscala/collection/immutable/Seq; 2 <appendix> member <vmtarget> ; # coursier/params/Mirror$$$Lambda$402+0x00000008012881f0
instanceKlass coursier/params/Mirror$
instanceKlass  @bci coursier/Resolve allMirrors0 ()Lscala/collection/immutable/Seq; 33 <appendix> argL0 ; # coursier/Resolve$$Lambda$401+0x0000000801287be8
instanceKlass  @bci coursier/Resolve allMirrors0 ()Lscala/collection/immutable/Seq; 8 <appendix> argL0 ; # coursier/Resolve$$Lambda$400+0x0000000801287838
instanceKlass  @bci coursier/util/Task$ $anonfun$flatMap$1 (Lscala/Function1;Lscala/Function1;Lscala/concurrent/ExecutionContext;)Lscala/concurrent/Future; 12 <appendix> member <vmtarget> ; # coursier/util/Task$$$Lambda$399+0x0000000801287480
instanceKlass  @bci coursier/util/Task$ $anonfun$delay$1 (Lscala/Function0;Lscala/concurrent/ExecutionContext;)Lscala/concurrent/Future; 4 <appendix> member <vmtarget> ; # coursier/util/Task$$$Lambda$398+0x00000008012871d8
instanceKlass  @bci coursier/Fetch io ()Ljava/lang/Object; 195 <appendix> argL0 ; # coursier/Fetch$$Lambda$397+0x0000000801286e28
instanceKlass coursier/Fetch$Result
instanceKlass  @bci coursier/Fetch ioResult ()Ljava/lang/Object; 20 <appendix> member <vmtarget> ; # coursier/Fetch$$Lambda$396+0x0000000801286810
instanceKlass  @bci coursier/Resolve io ()Ljava/lang/Object; 14 <appendix> argL0 ; # coursier/Resolve$$Lambda$395+0x0000000801286460
instanceKlass coursier/core/Resolution
instanceKlass  @bci coursier/util/Task$ flatMap$extension (Lscala/Function1;Lscala/Function1;)Lscala/Function1; 2 <appendix> member <vmtarget> ; # coursier/util/Task$$$Lambda$394+0x0000000801285e48
instanceKlass  @bci coursier/Resolve ioWithConflicts ()Ljava/lang/Object; 15 <appendix> member <vmtarget> ; # coursier/Resolve$$Lambda$393+0x0000000801285a90
instanceKlass  @bci coursier/Resolve fetchVia ()Ljava/lang/Object; 24 <appendix> member <vmtarget> ; # coursier/Resolve$$Lambda$392+0x00000008012856d8
instanceKlass  @bci coursier/util/Task$ map$extension (Lscala/Function1;Lscala/Function1;)Lscala/Function1; 2 <appendix> member <vmtarget> ; # coursier/util/Task$$$Lambda$391+0x0000000801285320
instanceKlass  @bci coursier/Resolve finalRepositories ()Ljava/lang/Object; 98 <appendix> member <vmtarget> ; # coursier/Resolve$$Lambda$390+0x0000000801284f68
instanceKlass coursier/util/Monad$ops$$anon$2
instanceKlass  @bci coursier/util/Task$ delay (Lscala/Function0;)Lscala/Function1; 1 <appendix> member <vmtarget> ; # coursier/util/Task$$$Lambda$389+0x0000000801284968
instanceKlass coursier/util/Task
instanceKlass  @bci coursier/Resolve allMirrors ()Ljava/lang/Object; 5 <appendix> member <vmtarget> ; # coursier/Resolve$$Lambda$388+0x0000000801284460
instanceKlass  @bci coursier/cache/FileCache $anonfun$fetchs$1 (Lcoursier/cache/FileCache;Lcoursier/cache/CachePolicy;)Lscala/Function1; 2 <appendix> member <vmtarget> ; # coursier/cache/FileCache$$Lambda$387+0x00000008012840a8
instanceKlass coursier/util/EitherT
instanceKlass coursier/util/Artifact
instanceKlass  @bci coursier/cache/FileCache fetchs ()Lscala/collection/immutable/Seq; 5 <appendix> member <vmtarget> ; # coursier/cache/FileCache$$Lambda$386+0x0000000801283830
instanceKlass coursier/util/Monad$AllOps
instanceKlass coursier/util/Monad$Ops
instanceKlass coursier/util/Monad$ops$
instanceKlass  @bci coursier/Fetch io ()Ljava/lang/Object; 5 <appendix> member <vmtarget> ; # coursier/Fetch$$Lambda$385+0x0000000801282eb0
instanceKlass coursier/Fetch$FetchTaskOps$
instanceKlass  @bci scala/meta/internal/metals/Embedded$ downloadDependency (Lcoursier/core/Dependency;Lscala/Option;Lscala/collection/immutable/Seq;Lscala/Option;)Lscala/collection/immutable/List; 76 <appendix> argL0 ; # scala/meta/internal/metals/Embedded$$$Lambda$384+0x0000000801282910
instanceKlass  @bci scala/meta/internal/metals/Embedded$ downloadDependency (Lcoursier/core/Dependency;Lscala/Option;Lscala/collection/immutable/Seq;Lscala/Option;)Lscala/collection/immutable/List; 28 <appendix> argL0 ; # scala/meta/internal/metals/Embedded$$$Lambda$383+0x0000000801282560
instanceKlass  @bci scala/meta/internal/metals/Embedded$ downloadDependency (Lcoursier/core/Dependency;Lscala/Option;Lscala/collection/immutable/Seq;Lscala/Option;)Lscala/collection/immutable/List; 9 <appendix> argL0 ; # scala/meta/internal/metals/Embedded$$$Lambda$382+0x00000008012816c0
instanceKlass  @bci scala/meta/internal/metals/Embedded$ repositories$lzycompute ()Lscala/collection/immutable/List; 60 <appendix> argL0 ; # scala/meta/internal/metals/Embedded$$$Lambda$381+0x0000000801281310
instanceKlass coursier/Artifacts
instanceKlass coursier/Artifacts$
instanceKlass  @bci coursier/CoursierEnv$ confFileMirrors (Ljava/nio/file/Path;)Lscala/collection/immutable/Seq; 67 <appendix> argL0 ; # coursier/CoursierEnv$$$Lambda$380+0x0000000801280b10
instanceKlass  @bci coursier/CoursierEnv$ confFileMirrors (Ljava/nio/file/Path;)Lscala/collection/immutable/Seq; 39 <appendix> argL0 ; # coursier/CoursierEnv$$$Lambda$379+0x0000000801280760
instanceKlass  @bci coursier/CoursierEnv$ confFileMirrors (Ljava/nio/file/Path;)Lscala/collection/immutable/Seq; 34 <appendix> argL0 ; # coursier/CoursierEnv$$$Lambda$378+0x00000008012803b0
instanceKlass  @bci coursier/CoursierEnv$ confFileMirrors (Ljava/nio/file/Path;)Lscala/collection/immutable/Seq; 12 <appendix> argL0 ; # coursier/CoursierEnv$$$Lambda$377+0x0000000801280000
instanceKlass  @bci coursier/CoursierEnv$ confFileMirrors (Ljava/nio/file/Path;)Lscala/collection/immutable/Seq; 7 <appendix> argL0 ; # coursier/CoursierEnv$$$Lambda$376+0x0000000801278400
instanceKlass  @bci coursier/CoursierEnv$ defaultMirrors (Lcoursier/util/EnvValues;Lcoursier/util/EnvValues;Lcoursier/util/EnvValues;Lcoursier/util/EnvValues;)Lscala/collection/immutable/Seq; 28 <appendix> argL0 ; # coursier/CoursierEnv$$$Lambda$375+0x0000000801278bb0
instanceKlass  @bci coursier/CoursierEnv$ defaultMirrors (Lcoursier/util/EnvValues;Lcoursier/util/EnvValues;Lcoursier/util/EnvValues;Lcoursier/util/EnvValues;)Lscala/collection/immutable/Seq; 8 <appendix> argL0 ; # coursier/CoursierEnv$$$Lambda$374+0x0000000801278800
instanceKlass coursier/params/Mirror
instanceKlass coursier/params/MirrorConfFile$
instanceKlass  @bci coursier/CoursierEnv$ defaultMirrorConfFiles (Lcoursier/util/EnvValues;Lcoursier/util/EnvValues;Lcoursier/util/EnvValues;)Lscala/collection/immutable/Seq; 153 <appendix> argL0 ; # coursier/CoursierEnv$$$Lambda$373+0x0000000801279278
instanceKlass coursier/internal/PlatformMirrorConfFile
instanceKlass coursier/paths/Mirror
instanceKlass coursier/Repositories$
instanceKlass coursier/ivy/IvyRepository
instanceKlass coursier/ivy/IvyRepository$
instanceKlass coursier/ivy/Pattern
instanceKlass coursier/ivy/Pattern$Chunk$Opt$
instanceKlass coursier/ivy/Pattern$Chunk$Const$
instanceKlass coursier/ivy/Pattern$Chunk$
instanceKlass coursier/ivy/Pattern$Chunk$Var$
instanceKlass coursier/ivy/Pattern$Chunk
instanceKlass coursier/ivy/Pattern$
instanceKlass  @bci coursier/LocalRepositories$ ivy2HomeUri$lzycompute ()Ljava/lang/String; 33 <appendix> argL0 ; # coursier/LocalRepositories$$$Lambda$372+0x000000080127f678
instanceKlass  @bci coursier/LocalRepositories$ ivy2HomeUri$lzycompute ()Ljava/lang/String; 25 <appendix> argL0 ; # coursier/LocalRepositories$$$Lambda$371+0x000000080127f3d8
instanceKlass coursier/LocalRepositories$
instanceKlass  @bci coursier/CoursierEnv$ defaultRepositories (Lcoursier/util/EnvValues;Lcoursier/util/EnvValues;)Lscala/collection/immutable/Seq; 67 <appendix> argL0 ; # coursier/CoursierEnv$$$Lambda$370+0x000000080127f138
instanceKlass  @bci coursier/CoursierEnv$ confFileRepositories (Ljava/nio/file/Path;)Lscala/Option; 52 <appendix> argL0 ; # coursier/CoursierEnv$$$Lambda$369+0x000000080127ed88
instanceKlass  @bci coursier/CoursierEnv$ confFileRepositories (Ljava/nio/file/Path;)Lscala/Option; 39 <appendix> argL0 ; # coursier/CoursierEnv$$$Lambda$368+0x000000080127e9d8
instanceKlass  @bci coursier/CoursierEnv$ confFileRepositories (Ljava/nio/file/Path;)Lscala/Option; 34 <appendix> argL0 ; # coursier/CoursierEnv$$$Lambda$367+0x000000080127e628
instanceKlass  @bci coursier/CoursierEnv$ confFileRepositories (Ljava/nio/file/Path;)Lscala/Option; 12 <appendix> argL0 ; # coursier/CoursierEnv$$$Lambda$366+0x000000080127e278
instanceKlass  @bci coursier/CoursierEnv$ confFileRepositories (Ljava/nio/file/Path;)Lscala/Option; 7 <appendix> argL0 ; # coursier/CoursierEnv$$$Lambda$365+0x000000080127dec8
instanceKlass  @bci coursier/CoursierEnv$ fromConfFiles$1 (Lcoursier/util/EnvValues;)Lscala/Option; 22 <appendix> argL0 ; # coursier/CoursierEnv$$$Lambda$364+0x000000080127db18
instanceKlass  @bci coursier/CoursierEnv$ fromConfFiles$1 (Lcoursier/util/EnvValues;)Lscala/Option; 12 <appendix> argL0 ; # coursier/CoursierEnv$$$Lambda$363+0x000000080127cdc0
instanceKlass  @bci coursier/CoursierEnv$ defaultRepositories (Lcoursier/util/EnvValues;Lcoursier/util/EnvValues;)Lscala/collection/immutable/Seq; 59 <appendix> member <vmtarget> ; # coursier/CoursierEnv$$$Lambda$362+0x000000080127cb18
instanceKlass  @bci coursier/CoursierEnv$ fromPropsOpt$1 (Lcoursier/util/EnvValues;Lscala/util/matching/Regex;)Lscala/Option; 21 <appendix> member <vmtarget> ; # coursier/CoursierEnv$$$Lambda$361+0x000000080127c760
instanceKlass  @bci coursier/CoursierEnv$ fromPropsOpt$1 (Lcoursier/util/EnvValues;Lscala/util/matching/Regex;)Lscala/Option; 12 <appendix> argL0 ; # coursier/CoursierEnv$$$Lambda$360+0x000000080127c3b0
instanceKlass  @bci coursier/CoursierEnv$ fromPropsOpt$1 (Lcoursier/util/EnvValues;Lscala/util/matching/Regex;)Lscala/Option; 4 <appendix> argL0 ; # coursier/CoursierEnv$$$Lambda$359+0x000000080127c000
instanceKlass  @bci coursier/CoursierEnv$ defaultRepositories (Lcoursier/util/EnvValues;Lcoursier/util/EnvValues;)Lscala/collection/immutable/Seq; 50 <appendix> member <vmtarget> ; # coursier/CoursierEnv$$$Lambda$358+0x0000000801277ac8
instanceKlass  @bci coursier/CoursierEnv$ defaultRepositories (Lcoursier/util/EnvValues;Lcoursier/util/EnvValues;)Lscala/collection/immutable/Seq; 36 <appendix> member <vmtarget> ; # coursier/CoursierEnv$$$Lambda$357+0x0000000801277710
instanceKlass  @bci coursier/CoursierEnv$ defaultRepositories (Lcoursier/util/EnvValues;Lcoursier/util/EnvValues;)Lscala/collection/immutable/Seq; 27 <appendix> argL0 ; # coursier/CoursierEnv$$$Lambda$356+0x0000000801277360
instanceKlass  @bci coursier/CoursierEnv$ defaultRepositories (Lcoursier/util/EnvValues;Lcoursier/util/EnvValues;)Lscala/collection/immutable/Seq; 19 <appendix> argL0 ; # coursier/CoursierEnv$$$Lambda$355+0x0000000801276fb0
instanceKlass coursier/CoursierEnv$
instanceKlass coursier/Resolve
instanceKlass coursier/version/ConstraintReconciliation
instanceKlass coursier/PlatformResolve
instanceKlass coursier/Fetch
instanceKlass coursier/Fetch$
instanceKlass  @bci coursier/cache/FileCache <init> (Ljava/io/File;Lscala/collection/immutable/Seq;Lscala/collection/immutable/Seq;Lscala/collection/immutable/Seq;Lcoursier/cache/CacheLogger;Ljava/util/concurrent/ExecutorService;Lscala/Option;ZZZLscala/Option;ILscala/Option;Lscala/Option;IILscala/collection/immutable/Seq;Ljava/time/Clock;Lscala/concurrent/duration/FiniteDuration;DLcoursier/util/Sync;)V 183 <appendix> argL0 ; # coursier/cache/FileCache$$Lambda$354+0x00000008012759d0
instanceKlass coursier/cache/internal/Retry
instanceKlass  @bci coursier/cache/CacheDefaults$ retryBackoffMultiplier$lzycompute ()D 43 <appendix> argL0 ; # coursier/cache/CacheDefaults$$$Lambda$353+0x00000008012754b0
instanceKlass  @cpi coursier/cache/CacheDefaults$ 358 form vmentry <vmtarget> ; # java/lang/invoke/LambdaForm$DMH+0x0000000801278000
instanceKlass scala/runtime/java8/JFunction0$mcD$sp
instanceKlass  @bci coursier/cache/CacheDefaults$ retryBackoffMultiplier$lzycompute ()D 35 <appendix> argL0 ; # coursier/cache/CacheDefaults$$$Lambda$352+0x0000000801274ef8
instanceKlass  @bci coursier/cache/CacheDefaults$ retryBackoffMultiplier$lzycompute ()D 27 <appendix> argL0 ; # coursier/cache/CacheDefaults$$$Lambda$351+0x0000000801274b48
instanceKlass  @bci coursier/cache/CacheDefaults$ retryBackoffInitialDelay$lzycompute ()Lscala/concurrent/duration/FiniteDuration; 45 <appendix> argL0 ; # coursier/cache/CacheDefaults$$$Lambda$350+0x00000008012748a8
instanceKlass  @bci coursier/cache/CacheDefaults$ retryBackoffInitialDelay$lzycompute ()Lscala/concurrent/duration/FiniteDuration; 27 <appendix> argL0 ; # coursier/cache/CacheDefaults$$$Lambda$349+0x0000000801274088
instanceKlass java/time/zone/Ser
instanceKlass java/io/Externalizable
instanceKlass java/time/zone/ZoneRulesProvider$1
instanceKlass java/time/zone/ZoneRulesProvider
instanceKlass java/time/Clock
instanceKlass java/time/InstantSource
instanceKlass  @bci coursier/cache/CacheDefaults$ retryCount$lzycompute ()I 43 <appendix> argL0 ; # coursier/cache/CacheDefaults$$$Lambda$348+0x0000000801273dc8
instanceKlass  @bci coursier/cache/CacheDefaults$ retryCount$lzycompute ()I 35 <appendix> argL0 ; # coursier/cache/CacheDefaults$$$Lambda$347+0x00000008012739f8
instanceKlass  @bci coursier/cache/CacheDefaults$ retryCount$lzycompute ()I 27 <appendix> argL0 ; # coursier/cache/CacheDefaults$$$Lambda$346+0x0000000801273648
instanceKlass  @bci coursier/cache/CacheDefaults$ maxRedirections$lzycompute ()Lscala/Option; 29 <appendix> argL0 ; # coursier/cache/CacheDefaults$$$Lambda$345+0x00000008012733a8
instanceKlass  @bci coursier/cache/CacheDefaults$ maxRedirections$lzycompute ()Lscala/Option; 21 <appendix> argL0 ; # coursier/cache/CacheDefaults$$$Lambda$344+0x0000000801273108
instanceKlass  @bci coursier/cache/CacheDefaults$ prop$1 (Ljava/lang/String;)Lscala/Option; 18 <appendix> argL0 ; # coursier/cache/CacheDefaults$$$Lambda$343+0x0000000801272d38
instanceKlass scala/runtime/java8/JFunction1$mcZI$sp
instanceKlass  @bci coursier/cache/CacheDefaults$ prop$1 (Ljava/lang/String;)Lscala/Option; 10 <appendix> argL0 ; # coursier/cache/CacheDefaults$$$Lambda$342+0x00000008012727a0
instanceKlass  @bci coursier/cache/CacheEnv$ defaultTtl (Lcoursier/util/EnvValues;)Lscala/Option; 23 <appendix> argL0 ; # coursier/cache/CacheEnv$$$Lambda$341+0x0000000801272500
instanceKlass  @bci coursier/cache/CacheEnv$ fromProps$1 (Lcoursier/util/EnvValues;)Lscala/Option; 4 <appendix> argL0 ; # coursier/cache/CacheEnv$$$Lambda$340+0x0000000801272150
instanceKlass  @bci coursier/cache/CacheEnv$ defaultTtl (Lcoursier/util/EnvValues;)Lscala/Option; 15 <appendix> member <vmtarget> ; # coursier/cache/CacheEnv$$$Lambda$339+0x0000000801271ea8
instanceKlass  @bci coursier/cache/CacheEnv$ defaultTtl (Lcoursier/util/EnvValues;)Lscala/Option; 4 <appendix> argL0 ; # coursier/cache/CacheEnv$$$Lambda$338+0x0000000801271af8
instanceKlass java/util/concurrent/LinkedBlockingQueue$Node
instanceKlass coursier/cache/internal/ThreadUtil$$anon$1
instanceKlass coursier/cache/internal/ThreadUtil$
instanceKlass  @bci coursier/cache/CacheDefaults$ concurrentDownloadCount$lzycompute ()I 33 <appendix> argL0 ; # coursier/cache/CacheDefaults$$$Lambda$337+0x0000000801271438
instanceKlass  @bci coursier/cache/CacheDefaults$ concurrentDownloadCount$lzycompute ()I 25 <appendix> argL0 ; # coursier/cache/CacheDefaults$$$Lambda$336+0x0000000801271088
instanceKlass coursier/util/PlatformSyncCompanion
instanceKlass coursier/cache/CacheLogger$$anon$1
instanceKlass coursier/cache/CacheLogger
instanceKlass coursier/cache/CacheLogger$
instanceKlass  @bci coursier/cache/CacheEnv$ $anonfun$credentialsFromConfig$4 (Lscala/Option;)Lscala/collection/immutable/List; 12 <appendix> argL0 ; # coursier/cache/CacheEnv$$$Lambda$335+0x0000000801270268
instanceKlass scala/cli/config/RepositoryCredentials
instanceKlass  @bci coursier/cache/CacheEnv$ $anonfun$credentialsFromConfig$4 (Lscala/Option;)Lscala/collection/immutable/List; 1 <appendix> argL0 ; # coursier/cache/CacheEnv$$$Lambda$334+0x000000080126cbb0
instanceKlass  @bci coursier/cache/CacheEnv$ credentialsFromConfig (Ljava/nio/file/Path;)Lscala/collection/immutable/Seq; 39 <appendix> argL0 ; # coursier/cache/CacheEnv$$$Lambda$333+0x000000080126c800
instanceKlass  @bci coursier/cache/CacheEnv$ credentialsFromConfig (Ljava/nio/file/Path;)Lscala/collection/immutable/Seq; 34 <appendix> argL0 ; # coursier/cache/CacheEnv$$$Lambda$332+0x000000080126dc28
instanceKlass scala/cli/config/PublishCredentialsAsJson$$anon$1
instanceKlass scala/cli/config/PublishCredentialsAsJson$
instanceKlass scala/cli/config/RepositoryCredentialsAsJson$$anon$1
instanceKlass scala/cli/config/CredentialsValue
instanceKlass scala/cli/config/RepositoryCredentialsAsJson$
instanceKlass scala/cli/config/CredentialsAsJson
instanceKlass scala/cli/commands/SpecificationLevel$SHOULD$
instanceKlass scala/cli/config/Key$$anon$2
instanceKlass scala/cli/commands/SpecificationLevel$RESTRICTED$
instanceKlass scala/cli/commands/SpecificationLevel$MUST$
instanceKlass scala/cli/config/Key$$anon$3
instanceKlass scala/cli/commands/SpecificationLevel$IMPLEMENTATION$
instanceKlass scala/cli/config/Key$$anon$1
instanceKlass scala/runtime/LazyVals$Evaluating$
instanceKlass scala/runtime/LazyVals$NullValue$
instanceKlass scala/runtime/LazyVals$LazyValControlState
instanceKlass scala/cli/commands/SpecificationLevel$EXPERIMENTAL$
instanceKlass scala/deriving/Mirror$Singleton
instanceKlass scala/deriving/Mirror$Product
instanceKlass scala/deriving/Mirror
instanceKlass scala/cli/config/Key$PublishCredentialsEntry$
instanceKlass scala/cli/config/Key$RepositoryCredentialsEntry$
instanceKlass scala/cli/config/Key$StringListEntry$
instanceKlass scala/cli/config/Key$PasswordEntry$
instanceKlass scala/cli/config/Key$BooleanEntry$
instanceKlass scala/cli/config/Key$StringEntry$
instanceKlass scala/cli/config/Key$MalformedValue$
instanceKlass scala/cli/config/Key$EntryError$
instanceKlass scala/cli/config/Key$
instanceKlass  @bci scala/runtime/LazyVals$ <clinit> ()V 138 <appendix> member <vmtarget> ; # scala/runtime/LazyVals$$$Lambda$331+0x0000000801268d30
# instanceKlass java/lang/invoke/LambdaForm$MH+0x000000080126c000
instanceKlass sun/misc/Unsafe
instanceKlass scala/runtime/LazyVals$
instanceKlass scala/cli/commands/SpecificationLevel
instanceKlass scala/cli/config/Keys$
instanceKlass  @bci coursier/cache/CacheEnv$ credentialsFromConfig (Ljava/nio/file/Path;)Lscala/collection/immutable/Seq; 12 <appendix> argL0 ; # coursier/cache/CacheEnv$$$Lambda$330+0x00000008012683b0
instanceKlass  @bci coursier/cache/CacheEnv$ credentialsFromConfig (Ljava/nio/file/Path;)Lscala/collection/immutable/Seq; 7 <appendix> argL0 ; # coursier/cache/CacheEnv$$$Lambda$329+0x0000000801268000
instanceKlass scala/cli/config/ConfigDb
instanceKlass scala/cli/config/ConfigDb$$anon$1
instanceKlass com/github/plokhotnyuk/jsoniter_scala/core/JsonValueCodec
instanceKlass scala/cli/config/ConfigDb$
instanceKlass  @bci coursier/cache/CacheEnv$ defaultCredentials (Lcoursier/util/EnvValues;Lcoursier/util/EnvValues;Lcoursier/util/EnvValues;)Lscala/collection/immutable/Seq; 247 <appendix> argL0 ; # coursier/cache/CacheEnv$$$Lambda$328+0x0000000801267068
instanceKlass coursier/credentials/FileCredentials$
instanceKlass  @bci coursier/cache/CacheEnv$ defaultCredentials (Lcoursier/util/EnvValues;Lcoursier/util/EnvValues;Lcoursier/util/EnvValues;)Lscala/collection/immutable/Seq; 184 <appendix> argL0 ; # coursier/cache/CacheEnv$$$Lambda$327+0x0000000801266ac8
instanceKlass  @bci coursier/cache/CacheEnv$ defaultCredentials (Lcoursier/util/EnvValues;Lcoursier/util/EnvValues;Lcoursier/util/EnvValues;)Lscala/collection/immutable/Seq; 167 <appendix> argL0 ; # coursier/cache/CacheEnv$$$Lambda$326+0x0000000801266718
instanceKlass coursier/credentials/Credentials
instanceKlass  @bci coursier/cache/CacheEnv$ $anonfun$defaultCredentials$6 (Ljava/io/File;)Lscala/collection/immutable/Seq; 28 <appendix> argL0 ; # coursier/cache/CacheEnv$$$Lambda$325+0x0000000801265f08
instanceKlass  @bci coursier/cache/CacheEnv$ $anonfun$defaultCredentials$6 (Ljava/io/File;)Lscala/collection/immutable/Seq; 1 <appendix> argL0 ; # coursier/cache/CacheEnv$$$Lambda$324+0x0000000801265d00
instanceKlass  @bci coursier/cache/CacheEnv$ defaultCredentials (Lcoursier/util/EnvValues;Lcoursier/util/EnvValues;Lcoursier/util/EnvValues;)Lscala/collection/immutable/Seq; 119 <appendix> argL0 ; # coursier/cache/CacheEnv$$$Lambda$323+0x0000000801265950
instanceKlass  @bci coursier/cache/CacheEnv$ defaultCredentials (Lcoursier/util/EnvValues;Lcoursier/util/EnvValues;Lcoursier/util/EnvValues;)Lscala/collection/immutable/Seq; 102 <appendix> argL0 ; # coursier/cache/CacheEnv$$$Lambda$322+0x00000008012655a0
instanceKlass  @bci coursier/cache/CacheEnv$ defaultCredentials (Lcoursier/util/EnvValues;Lcoursier/util/EnvValues;Lcoursier/util/EnvValues;)Lscala/collection/immutable/Seq; 85 <appendix> argL0 ; # coursier/cache/CacheEnv$$$Lambda$321+0x00000008012651f0
instanceKlass  @bci coursier/paths/CoursierPaths configDirectories (Ljava/lang/String;Ljava/lang/String;)[Ljava/io/File; 18 <appendix> argL0 ; # coursier/paths/CoursierPaths$$Lambda$320+0x0000000801264e08
instanceKlass  @bci coursier/paths/CoursierPaths configDirectories (Ljava/lang/String;Ljava/lang/String;)[Ljava/io/File; 8 <appendix> argL0 ; # coursier/paths/CoursierPaths$$Lambda$319+0x0000000801264be0
instanceKlass  @bci coursier/cache/CacheEnv$ defaultCredentials (Lcoursier/util/EnvValues;Lcoursier/util/EnvValues;Lcoursier/util/EnvValues;)Lscala/collection/immutable/Seq; 13 <appendix> argL0 ; # coursier/cache/CacheEnv$$$Lambda$318+0x0000000801264830
instanceKlass  @bci coursier/cache/CacheEnv$ defaultCredentials (Lcoursier/util/EnvValues;Lcoursier/util/EnvValues;Lcoursier/util/EnvValues;)Lscala/collection/immutable/Seq; 5 <appendix> member <vmtarget> ; # coursier/cache/CacheEnv$$$Lambda$317+0x0000000801264588
instanceKlass  @bci coursier/cache/CacheEnv$ defaultCachePolicies (Lcoursier/util/EnvValues;)Lscala/collection/immutable/Seq; 48 <appendix> argL0 ; # coursier/cache/CacheEnv$$$Lambda$316+0x00000008012642e8
instanceKlass  @bci coursier/cache/CacheEnv$ defaultCachePolicies (Lcoursier/util/EnvValues;)Lscala/collection/immutable/Seq; 40 <appendix> member <vmtarget> ; # coursier/cache/CacheEnv$$$Lambda$315+0x0000000801264040
instanceKlass  @bci coursier/cache/CacheEnv$ fromOption$1 (Lscala/Option;Ljava/lang/String;)Lscala/Option; 10 <appendix> member <vmtarget> ; # coursier/cache/CacheEnv$$$Lambda$314+0x0000000801263c88
instanceKlass  @bci coursier/cache/CacheEnv$ fromOption$1 (Lscala/Option;Ljava/lang/String;)Lscala/Option; 1 <appendix> argL0 ; # coursier/cache/CacheEnv$$$Lambda$313+0x00000008012638d8
instanceKlass coursier/paths/shaded/dirs/Constants
instanceKlass coursier/paths/shaded/dirs/impl/Util
instanceKlass coursier/paths/shaded/dirs/ProjectDirectories
instanceKlass  @bci coursier/paths/shaded/dirs/jni/WindowsJni getJdkAwareSupplier ()Ljava/util/function/Supplier; 69 <appendix> argL0 ; # coursier/paths/shaded/dirs/jni/WindowsJni$$Lambda$312+0x0000000801262eb0
instanceKlass coursier/paths/shaded/dirs/jni/WindowsJni
instanceKlass coursier/jniutils/CString
instanceKlass coursier/jniutils/WindowsEnvironmentVariables
instanceKlass  @bci coursier/paths/Util useJni ()Z 0 <appendix> argL0 ; # coursier/paths/Util$$Lambda$311+0x00000008012626c0
instanceKlass coursier/paths/Util
instanceKlass coursier/paths/shaded/dirs/impl/Windows
instanceKlass coursier/paths/CoursierPaths
instanceKlass coursier/util/EnvValues
instanceKlass coursier/cache/CachePolicy
instanceKlass coursier/util/EnvEntry
instanceKlass scala/cli/config/Key
instanceKlass coursier/cache/CacheEnv$
instanceKlass coursier/cache/CacheDefaults$
instanceKlass coursier/util/PlatformTaskCompanion$$anon$2
instanceKlass coursier/util/TaskSync
instanceKlass coursier/util/Sync
instanceKlass coursier/util/PlatformSync
instanceKlass coursier/util/Gather
instanceKlass coursier/util/PlatformTaskCompanion
instanceKlass java/io/FilenameFilter
instanceKlass coursier/cache/internal/FileUtil$WithContent
instanceKlass coursier/cache/FileCache$
instanceKlass  @bci scala/meta/internal/metals/Embedded$ fetchSettings (Lcoursier/core/Dependency;Lscala/Option;Lscala/Option;)Lcoursier/Fetch; 161 <appendix> member <vmtarget> ; # scala/meta/internal/metals/Embedded$$$Lambda$310+0x000000080125b238
instanceKlass  @bci scala/meta/internal/metals/Embedded$ fetchSettings (Lcoursier/core/Dependency;Lscala/Option;Lscala/Option;)Lcoursier/Fetch; 151 <appendix> member <vmtarget> ; # scala/meta/internal/metals/Embedded$$$Lambda$309+0x000000080125ae80
instanceKlass coursier/params/rule/RuleResolution
instanceKlass coursier/params/ResolutionParams$
instanceKlass  @bci scala/meta/internal/metals/Embedded$ fetchSettings (Lcoursier/core/Dependency;Lscala/Option;Lscala/Option;)Lcoursier/Fetch; 133 <appendix> argL0 ; # scala/meta/internal/metals/Embedded$$$Lambda$308+0x000000080125a4c0
instanceKlass coursier/params/ResolutionParams
instanceKlass coursier/core/Configuration
instanceKlass scala/Tuple12
instanceKlass scala/Product12
instanceKlass coursier/core/Dependency
instanceKlass coursier/core/Overrides
instanceKlass coursier/core/Overrides$
instanceKlass coursier/core/Classifier
instanceKlass coursier/core/Extension
instanceKlass coursier/core/Type
instanceKlass scala/Tuple4
instanceKlass scala/Product4
instanceKlass coursier/core/Publication
instanceKlass  @bci coursier/core/Extension$ <clinit> ()V 22 <appendix> argL0 ; # coursier/core/Extension$$$Lambda$307+0x000000080125db30
instanceKlass coursier/core/Extension$
instanceKlass coursier/core/Publication$
instanceKlass coursier/core/MinimizedExclusions
instanceKlass coursier/core/MinimizedExclusions$ExclusionData
instanceKlass coursier/core/MinimizedExclusions$
instanceKlass  @bci coursier/core/Configuration$ <clinit> ()V 22 <appendix> argL0 ; # coursier/core/Configuration$$$Lambda$306+0x000000080125c3e8
instanceKlass coursier/core/Configuration$
instanceKlass coursier/core/VariantSelector$ConfigurationBased$
instanceKlass coursier/version/VersionConstraint$Lazy$
instanceKlass coursier/core/Dependency$
instanceKlass concurrentrefhashmap/ConcurrentReferenceHashMap$KeyReference
instanceKlass coursier/core/ModuleName
instanceKlass coursier/core/Organization
instanceKlass scala/Tuple3
instanceKlass scala/Product3
instanceKlass  @bci coursier/core/Validation$ assertValid (Ljava/lang/String;Ljava/lang/String;)V 11 <appendix> argL0 ; # coursier/core/Validation$$$Lambda$305+0x0000000801256878
instanceKlass  @bci coursier/core/Validation$ assertValid (Ljava/lang/String;Ljava/lang/String;)V 6 <appendix> argL0 ; # coursier/core/Validation$$$Lambda$304+0x00000008012564c8
instanceKlass  @bci org/h2/server/TcpServer getURL ()Ljava/lang/String; 21 <adapter> ; # java/lang/invoke/LambdaForm$MH+0x0000000801258c00
# instanceKlass java/lang/invoke/LambdaForm$DMH+0x0000000801258800
instanceKlass  @bci coursier/core/Validation$ $anonfun$validateCoordinate$1 (Ljava/lang/String;Ljava/lang/String;Lscala/util/Either;C)Lscala/util/Either; 10 <appendix> form vmentry <vmtarget> ; # java/lang/invoke/LambdaForm$DMH+0x0000000801258400
instanceKlass  @bci coursier/core/Validation$ $anonfun$validateCoordinate$1 (Ljava/lang/String;Ljava/lang/String;Lscala/util/Either;C)Lscala/util/Either; 10 <appendix> member <vmtarget> ; # coursier/core/Validation$$$Lambda$303+0x0000000801256220
instanceKlass  @bci coursier/core/Validation$ $anonfun$validateCoordinate$1 (Ljava/lang/String;Ljava/lang/String;Lscala/util/Either;C)Lscala/util/Either; 2 <appendix> member <vmtarget> ; # coursier/core/Validation$$$Lambda$302+0x0000000801255e70
instanceKlass  @cpi java/time/temporal/TemporalAdjusters 216 form vmentry <vmtarget> ; # java/lang/invoke/LambdaForm$DMH+0x0000000801258000
instanceKlass  @bci coursier/core/Validation$ validateCoordinate (Ljava/lang/String;Ljava/lang/String;)Lscala/util/Either; 38 <appendix> member <vmtarget> ; # coursier/core/Validation$$$Lambda$301+0x00000008012558d8
instanceKlass coursier/core/Validation$
instanceKlass coursier/core/Module
instanceKlass concurrentrefhashmap/ConcurrentReferenceHashMap$HashEntry
instanceKlass concurrentrefhashmap/IConcurrentMap
instanceKlass coursier/util/Cache$
instanceKlass coursier/core/Module$
instanceKlass coursier/package$Module$
instanceKlass coursier/package$Dependency$
instanceKlass  @bci scala/collection/MapOps addString (Lscala/collection/mutable/StringBuilder;Ljava/lang/String;Ljava/lang/String;Ljava/lang/String;)Lscala/collection/mutable/StringBuilder; 6 <appendix> argL0 ; # scala/collection/MapOps$$Lambda$300+0x0000000801253550
instanceKlass java/util/Formattable
instanceKlass  @bci scala/collection/StringOps$ format$extension (Ljava/lang/String;Lscala/collection/immutable/Seq;)Ljava/lang/String; 3 <appendix> member <vmtarget> ; # scala/collection/StringOps$$$Lambda$299+0x0000000801253198
instanceKlass scala/meta/internal/metals/BuildInfo$
instanceKlass scala/meta/internal/metals/JdkVersion
instanceKlass  @bci scala/meta/internal/metals/JdkVersion$ $anonfun$parse$2 (Ljava/lang/String;)Lscala/Option; 4 <appendix> member <vmtarget> ; # scala/meta/internal/metals/JdkVersion$$$Lambda$298+0x00000008012529b8
instanceKlass  @bci scala/meta/internal/metals/JdkVersion$ $anonfun$parse$1 (Ljava/lang/String;)Lscala/collection/immutable/List; 63 <appendix> argL0 ; # scala/meta/internal/metals/JdkVersion$$$Lambda$297+0x0000000801252608
instanceKlass  @bci scala/meta/internal/metals/JdkVersion$ parse (Ljava/lang/String;)Lscala/Option; 4 <appendix> member <vmtarget> ; # scala/meta/internal/metals/JdkVersion$$$Lambda$296+0x0000000801252360
instanceKlass  @bci scala/util/PropertiesTrait propOrEmpty (Ljava/lang/String;)Ljava/lang/String; 2 <appendix> argL0 ; # scala/util/PropertiesTrait$$Lambda$295+0x00000008012520c0
instanceKlass  @bci scala/util/PropertiesTrait $init$ (Lscala/util/PropertiesTrait;)V 228 <appendix> argL0 ; # scala/util/PropertiesTrait$$Lambda$294+0x0000000801251e20
instanceKlass  @bci scala/util/PropertiesTrait $init$ (Lscala/util/PropertiesTrait;)V 202 <appendix> argL0 ; # scala/util/PropertiesTrait$$Lambda$293+0x0000000801251b80
instanceKlass scala/util/Properties$
instanceKlass scala/util/PropertiesTrait
instanceKlass scala/meta/internal/metals/JdkVersion$
instanceKlass coursier/cache/PlatformCache
instanceKlass scala/meta/internal/metals/Embedded$
instanceKlass  @bci scala/meta/internal/metals/JavaInteractiveSemanticdb$ create (Lscala/meta/io/AbsolutePath;Lscala/meta/internal/metals/BuildTargets;)Lscala/meta/internal/metals/JavaInteractiveSemanticdb; 3 <appendix> argL0 ; # scala/meta/internal/metals/JavaInteractiveSemanticdb$$$Lambda$292+0x0000000801250638
instanceKlass scala/meta/internal/metals/JavaInteractiveSemanticdb
instanceKlass scala/meta/internal/metals/JavaInteractiveSemanticdb$
instanceKlass scala/meta/internal/metals/EmptyScalafmtReporter$
instanceKlass org/scalafmt/dynamic/ScalafmtConfigLoader$
instanceKlass org/scalafmt/dynamic/ScalafmtConfigLoader$CachedProxy
instanceKlass org/scalafmt/dynamic/utils/ReentrantCache
instanceKlass org/scalafmt/dynamic/utils/ReentrantCache$
instanceKlass coursier/maven/MavenRepositoryInternal
instanceKlass coursier/version/Latest
instanceKlass coursier/util/Monad
instanceKlass coursier/core/ResolutionProcess
instanceKlass coursier/core/ResolutionProcess$
instanceKlass  @bci coursier/core/Type$ <clinit> ()V 22 <appendix> argL0 ; # coursier/core/Type$$$Lambda$291+0x000000080124cea0
instanceKlass coursier/core/Type$
instanceKlass  @bci coursier/core/Classifier$ <clinit> ()V 22 <appendix> argL0 ; # coursier/core/Classifier$$$Lambda$290+0x000000080124c900
instanceKlass coursier/core/Classifier$
instanceKlass coursier/util/SaxHandler
instanceKlass coursier/maven/MavenRepository$
instanceKlass coursier/core/Repository$
instanceKlass coursier/core/Profile$
instanceKlass coursier/core/Info
instanceKlass coursier/core/Info$
instanceKlass coursier/core/Project$
instanceKlass coursier/core/BomDependency$
instanceKlass coursier/core/VariantSelector
instanceKlass coursier/core/VariantSelector$
instanceKlass coursier/core/Variant
instanceKlass coursier/core/Variant$
instanceKlass scala/Product1$mcI$sp
instanceKlass scala/Tuple1
instanceKlass scala/Product1
instanceKlass coursier/version/Version$Item
instanceKlass coursier/version/Version$Number$
instanceKlass coursier/version/Version
instanceKlass coursier/version/Version$
instanceKlass coursier/version/VersionInterval
instanceKlass coursier/version/VersionInterval$
instanceKlass coursier/version/VersionConstraint$Eager$
instanceKlass coursier/version/VersionConstraint
instanceKlass coursier/version/VersionConstraint$
instanceKlass  @bci coursier/core/ModuleName$ <clinit> ()V 22 <appendix> argL0 ; # coursier/core/ModuleName$$$Lambda$289+0x0000000801247320
instanceKlass coursier/core/ModuleName$
instanceKlass  @bci coursier/core/Organization$ <clinit> ()V 22 <appendix> argL0 ; # coursier/core/Organization$$$Lambda$288+0x0000000801246d80
instanceKlass scala/math/Ordering$String$
instanceKlass scala/math/Ordering$StringOrdering
instanceKlass coursier/core/Organization$
instanceKlass coursier/package$
instanceKlass  @bci org/scalafmt/dynamic/CoursierDependencyDownloader$ <clinit> ()V 22 <appendix> argL0 ; # org/scalafmt/dynamic/CoursierDependencyDownloader$$$Lambda$287+0x0000000801245fc0
instanceKlass coursier/maven/MavenRepository
instanceKlass coursier/core/Repository$VersionApi
instanceKlass coursier/maven/MavenRepositoryLike$WithModuleSupport
instanceKlass coursier/core/ArtifactSource$ModuleBased
instanceKlass coursier/maven/MavenRepositoryLike
instanceKlass coursier/core/Repository
instanceKlass coursier/core/ArtifactSource
instanceKlass org/scalafmt/dynamic/DependencyDownloader
instanceKlass org/scalafmt/dynamic/CoursierDependencyDownloader$
instanceKlass org/scalafmt/dynamic/ScalafmtModuleLoader$WithDownloader
instanceKlass org/scalafmt/dynamic/DependencyDownloaderFactory
instanceKlass org/scalafmt/dynamic/ScalafmtDynamic$
instanceKlass org/scalafmt/dynamic/ScalafmtModuleLoader$CachedProxy
instanceKlass org/scalafmt/dynamic/ConsoleScalafmtReporter
instanceKlass org/scalafmt/dynamic/ScalafmtProperties
instanceKlass org/scalafmt/dynamic/ScalafmtConfigLoader
instanceKlass org/scalafmt/dynamic/ScalafmtModuleLoader
instanceKlass org/scalafmt/dynamic/ScalafmtDynamic
instanceKlass org/scalafmt/interfaces/ScalafmtSessionFactory
instanceKlass org/scalafmt/interfaces/RepositoryCredential$ScalafmtExtension
instanceKlass org/scalafmt/interfaces/Scalafmt
instanceKlass scala/meta/internal/metals/FormattingProvider$
instanceKlass  @bci scala/meta/internal/metals/MetalsLspService <init> (Lscala/concurrent/ExecutionContextExecutorService;Ljava/util/concurrent/ScheduledExecutorService;Lscala/meta/internal/metals/MetalsServerInputs;Lscala/meta/internal/metals/clients/language/ConfiguredLanguageClient;Lorg/eclipse/lsp4j/InitializeParams;Lscala/meta/internal/metals/ClientConfiguration;Lscala/meta/internal/metals/StatusBar;Lscala/Function0;Lscala/meta/internal/metals/TimerProvider;Lscala/meta/io/AbsolutePath;Lscala/Option;Lscala/meta/internal/metals/doctor/HeadDoctor;Lscala/meta/internal/metals/BspStatus;Lscala/meta/internal/metals/WorkDoneProgress;ILscala/meta/internal/metals/ModuleStatus;)V 1253 <appendix> member <vmtarget> ; # scala/meta/internal/metals/MetalsLspService$$Lambda$286+0x0000000801242480
instanceKlass org/scalafmt/interfaces/ScalafmtReporter
instanceKlass scala/meta/internal/metals/ScalafmtDialect
instanceKlass scala/meta/internal/metals/FormattingProvider
instanceKlass  @bci scala/meta/internal/metals/MetalsLspService <init> (Lscala/concurrent/ExecutionContextExecutorService;Ljava/util/concurrent/ScheduledExecutorService;Lscala/meta/internal/metals/MetalsServerInputs;Lscala/meta/internal/metals/clients/language/ConfiguredLanguageClient;Lorg/eclipse/lsp4j/InitializeParams;Lscala/meta/internal/metals/ClientConfiguration;Lscala/meta/internal/metals/StatusBar;Lscala/Function0;Lscala/meta/internal/metals/TimerProvider;Lscala/meta/io/AbsolutePath;Lscala/Option;Lscala/meta/internal/metals/doctor/HeadDoctor;Lscala/meta/internal/metals/BspStatus;Lscala/meta/internal/metals/WorkDoneProgress;ILscala/meta/internal/metals/ModuleStatus;)V 1222 <appendix> member <vmtarget> ; # scala/meta/internal/metals/MetalsLspService$$Lambda$285+0x0000000801240d90
instanceKlass scala/meta/internal/metals/CodeLensProvider
instanceKlass scala/meta/internal/metals/codelenses/WorksheetCodeLens
instanceKlass  @bci scala/meta/internal/metals/MetalsLspService <init> (Lscala/concurrent/ExecutionContextExecutorService;Ljava/util/concurrent/ScheduledExecutorService;Lscala/meta/internal/metals/MetalsServerInputs;Lscala/meta/internal/metals/clients/language/ConfiguredLanguageClient;Lorg/eclipse/lsp4j/InitializeParams;Lscala/meta/internal/metals/ClientConfiguration;Lscala/meta/internal/metals/StatusBar;Lscala/Function0;Lscala/meta/internal/metals/TimerProvider;Lscala/meta/io/AbsolutePath;Lscala/Option;Lscala/meta/internal/metals/doctor/HeadDoctor;Lscala/meta/internal/metals/BspStatus;Lscala/meta/internal/metals/WorkDoneProgress;ILscala/meta/internal/metals/ModuleStatus;)V 1141 <appendix> member <vmtarget> ; # scala/meta/internal/metals/MetalsLspService$$Lambda$284+0x00000008012406b0
instanceKlass scala/meta/internal/metals/codelenses/SuperMethodCodeLens
instanceKlass  @bci scala/meta/internal/metals/MetalsLspService <init> (Lscala/concurrent/ExecutionContextExecutorService;Ljava/util/concurrent/ScheduledExecutorService;Lscala/meta/internal/metals/MetalsServerInputs;Lscala/meta/internal/metals/clients/language/ConfiguredLanguageClient;Lorg/eclipse/lsp4j/InitializeParams;Lscala/meta/internal/metals/ClientConfiguration;Lscala/meta/internal/metals/StatusBar;Lscala/Function0;Lscala/meta/internal/metals/TimerProvider;Lscala/meta/io/AbsolutePath;Lscala/Option;Lscala/meta/internal/metals/doctor/HeadDoctor;Lscala/meta/internal/metals/BspStatus;Lscala/meta/internal/metals/WorkDoneProgress;ILscala/meta/internal/metals/ModuleStatus;)V 1112 <appendix> member <vmtarget> ; # scala/meta/internal/metals/MetalsLspService$$Lambda$283+0x00000008012401e8
instanceKlass scala/meta/internal/metals/BaseCommand
instanceKlass scala/meta/internal/metals/codelenses/RunTestCodeLens
instanceKlass  @bci scala/meta/internal/metals/testProvider/TestSuitesProvider <init> (Lscala/meta/internal/metals/BuildTargets;Lscala/meta/internal/metals/debug/BuildTargetClasses;Lscala/meta/internal/parsing/Trees;Lscala/meta/internal/mtags/GlobalSymbolIndex;Lscala/Function0;Lscala/meta/internal/metals/Buffers;Lscala/meta/internal/metals/ClientConfiguration;Lscala/Function0;Lscala/meta/internal/metals/clients/language/MetalsLanguageClient;Ljava/lang/String;Lscala/meta/io/AbsolutePath;Lscala/concurrent/ExecutionContext;)V 203 <appendix> member <vmtarget> ; # scala/meta/internal/metals/testProvider/TestSuitesProvider$$Lambda$282+0x000000080123f918
instanceKlass  @bci scala/meta/internal/metals/testProvider/TestSuitesProvider <init> (Lscala/meta/internal/metals/BuildTargets;Lscala/meta/internal/metals/debug/BuildTargetClasses;Lscala/meta/internal/parsing/Trees;Lscala/meta/internal/mtags/GlobalSymbolIndex;Lscala/Function0;Lscala/meta/internal/metals/Buffers;Lscala/meta/internal/metals/ClientConfiguration;Lscala/Function0;Lscala/meta/internal/metals/clients/language/MetalsLanguageClient;Ljava/lang/String;Lscala/meta/io/AbsolutePath;Lscala/concurrent/ExecutionContext;)V 170 <appendix> member <vmtarget> ; # scala/meta/internal/metals/testProvider/TestSuitesProvider$$Lambda$281+0x000000080123f560
instanceKlass scala/meta/internal/metals/testProvider/frameworks/ZioTestFinder
instanceKlass scala/meta/internal/metals/testProvider/frameworks/WeaverCatsEffectTestFinder$
instanceKlass scala/meta/internal/metals/testProvider/frameworks/ScalatestTestFinder
instanceKlass scala/meta/internal/metals/testProvider/frameworks/MunitTestFinder$
instanceKlass scala/meta/internal/metals/testProvider/frameworks/MunitTestFinder
instanceKlass scala/meta/internal/metals/testProvider/frameworks/TestNGTestFinder
instanceKlass scala/meta/internal/metals/testProvider/frameworks/JunitTestFinder
instanceKlass scala/meta/internal/metals/testProvider/frameworks/AnnotationTestFinder
instanceKlass scala/meta/internal/metals/testProvider/TestSuitesIndex
instanceKlass  @bci scala/meta/internal/metals/MetalsLspService getVisibleName ()Ljava/lang/String; 5 <appendix> member <vmtarget> ; # scala/meta/internal/metals/MetalsLspService$$Lambda$280+0x000000080123de58
instanceKlass  @bci scala/meta/internal/metals/MetalsLspService <init> (Lscala/concurrent/ExecutionContextExecutorService;Ljava/util/concurrent/ScheduledExecutorService;Lscala/meta/internal/metals/MetalsServerInputs;Lscala/meta/internal/metals/clients/language/ConfiguredLanguageClient;Lorg/eclipse/lsp4j/InitializeParams;Lscala/meta/internal/metals/ClientConfiguration;Lscala/meta/internal/metals/StatusBar;Lscala/Function0;Lscala/meta/internal/metals/TimerProvider;Lscala/meta/io/AbsolutePath;Lscala/Option;Lscala/meta/internal/metals/doctor/HeadDoctor;Lscala/meta/internal/metals/BspStatus;Lscala/meta/internal/metals/WorkDoneProgress;ILscala/meta/internal/metals/ModuleStatus;)V 1065 <appendix> member <vmtarget> ; # scala/meta/internal/metals/MetalsLspService$$Lambda$279+0x000000080123dbb0
instanceKlass  @bci scala/meta/internal/metals/MetalsLspService <init> (Lscala/concurrent/ExecutionContextExecutorService;Ljava/util/concurrent/ScheduledExecutorService;Lscala/meta/internal/metals/MetalsServerInputs;Lscala/meta/internal/metals/clients/language/ConfiguredLanguageClient;Lorg/eclipse/lsp4j/InitializeParams;Lscala/meta/internal/metals/ClientConfiguration;Lscala/meta/internal/metals/StatusBar;Lscala/Function0;Lscala/meta/internal/metals/TimerProvider;Lscala/meta/io/AbsolutePath;Lscala/Option;Lscala/meta/internal/metals/doctor/HeadDoctor;Lscala/meta/internal/metals/BspStatus;Lscala/meta/internal/metals/WorkDoneProgress;ILscala/meta/internal/metals/ModuleStatus;)V 1053 <appendix> member <vmtarget> ; # scala/meta/internal/metals/MetalsLspService$$Lambda$278+0x000000080123d908
instanceKlass scala/meta/internal/metals/testProvider/TestExplorerEvent
instanceKlass scala/meta/internal/metals/testProvider/TestSuitesProvider
instanceKlass scala/meta/internal/metals/codelenses/CodeLens
instanceKlass scala/meta/internal/metals/StacktraceAnalyzer
instanceKlass scala/meta/Term
instanceKlass scala/meta/Stat
instanceKlass scala/meta/internal/metals/ScaladocDefinitionProvider
instanceKlass  @bci scala/meta/internal/metals/DefinitionProvider <init> (Lscala/meta/io/AbsolutePath;Lscala/meta/internal/mtags/Mtags;Lscala/meta/internal/metals/Buffers;Lscala/meta/internal/mtags/GlobalSymbolIndex;Lscala/Function0;Lscala/Function0;Lscala/meta/internal/parsing/Trees;Lscala/meta/internal/metals/BuildTargets;Lscala/meta/internal/metals/ScalaVersionSelector;ZLscala/meta/internal/metals/SourceMapper;Lscala/concurrent/ExecutionContext;Lscala/meta/internal/metals/ReportContext;)V 65 <appendix> member <vmtarget> ; # scala/meta/internal/metals/DefinitionProvider$$Lambda$277+0x000000080123c5a0
instanceKlass scala/meta/internal/metals/DestinationProvider
instanceKlass scala/meta/internal/metals/FallbackDefinitionProvider
instanceKlass  @bci scala/meta/internal/metals/MetalsLspService <init> (Lscala/concurrent/ExecutionContextExecutorService;Ljava/util/concurrent/ScheduledExecutorService;Lscala/meta/internal/metals/MetalsServerInputs;Lscala/meta/internal/metals/clients/language/ConfiguredLanguageClient;Lorg/eclipse/lsp4j/InitializeParams;Lscala/meta/internal/metals/ClientConfiguration;Lscala/meta/internal/metals/StatusBar;Lscala/Function0;Lscala/meta/internal/metals/TimerProvider;Lscala/meta/io/AbsolutePath;Lscala/Option;Lscala/meta/internal/metals/doctor/HeadDoctor;Lscala/meta/internal/metals/BspStatus;Lscala/meta/internal/metals/WorkDoneProgress;ILscala/meta/internal/metals/ModuleStatus;)V 952 <appendix> member <vmtarget> ; # scala/meta/internal/metals/MetalsLspService$$Lambda$276+0x000000080123bed8
instanceKlass  @bci scala/meta/internal/metals/MetalsLspService <init> (Lscala/concurrent/ExecutionContextExecutorService;Ljava/util/concurrent/ScheduledExecutorService;Lscala/meta/internal/metals/MetalsServerInputs;Lscala/meta/internal/metals/clients/language/ConfiguredLanguageClient;Lorg/eclipse/lsp4j/InitializeParams;Lscala/meta/internal/metals/ClientConfiguration;Lscala/meta/internal/metals/StatusBar;Lscala/Function0;Lscala/meta/internal/metals/TimerProvider;Lscala/meta/io/AbsolutePath;Lscala/Option;Lscala/meta/internal/metals/doctor/HeadDoctor;Lscala/meta/internal/metals/BspStatus;Lscala/meta/internal/metals/WorkDoneProgress;ILscala/meta/internal/metals/ModuleStatus;)V 946 <appendix> member <vmtarget> ; # scala/meta/internal/metals/MetalsLspService$$Lambda$275+0x000000080123bc30
instanceKlass scala/meta/internal/metals/DefinitionProvider
instanceKlass scala/reflect/ClassTag$GenericClassTag
instanceKlass scala/meta/internal/metals/CompressedPackageIndex
instanceKlass scala/meta/internal/metals/ClasspathSearch$
instanceKlass scala/meta/pc/SymbolSearchVisitor
instanceKlass scala/meta/internal/metals/WorkspaceSymbolProvider
instanceKlass scala/meta/internal/metals/CompressedPackageIndex$
instanceKlass scala/meta/internal/metals/WorkspaceSymbolProvider$
instanceKlass  @bci scala/meta/internal/metals/MetalsLspService <init> (Lscala/concurrent/ExecutionContextExecutorService;Ljava/util/concurrent/ScheduledExecutorService;Lscala/meta/internal/metals/MetalsServerInputs;Lscala/meta/internal/metals/clients/language/ConfiguredLanguageClient;Lorg/eclipse/lsp4j/InitializeParams;Lscala/meta/internal/metals/ClientConfiguration;Lscala/meta/internal/metals/StatusBar;Lscala/Function0;Lscala/meta/internal/metals/TimerProvider;Lscala/meta/io/AbsolutePath;Lscala/Option;Lscala/meta/internal/metals/doctor/HeadDoctor;Lscala/meta/internal/metals/BspStatus;Lscala/meta/internal/metals/WorkDoneProgress;ILscala/meta/internal/metals/ModuleStatus;)V 877 <appendix> member <vmtarget> ; # scala/meta/internal/metals/MetalsLspService$$Lambda$274+0x000000080123a340
instanceKlass  @bci scala/meta/internal/metals/ClientConfiguration isVirtualDocumentSupported ()Z 7 <appendix> argL0 ; # scala/meta/internal/metals/ClientConfiguration$$Lambda$273+0x000000080123a080
instanceKlass  @bci scala/meta/internal/metals/MetalsLspService <init> (Lscala/concurrent/ExecutionContextExecutorService;Ljava/util/concurrent/ScheduledExecutorService;Lscala/meta/internal/metals/MetalsServerInputs;Lscala/meta/internal/metals/clients/language/ConfiguredLanguageClient;Lorg/eclipse/lsp4j/InitializeParams;Lscala/meta/internal/metals/ClientConfiguration;Lscala/meta/internal/metals/StatusBar;Lscala/Function0;Lscala/meta/internal/metals/TimerProvider;Lscala/meta/io/AbsolutePath;Lscala/Option;Lscala/meta/internal/metals/doctor/HeadDoctor;Lscala/meta/internal/metals/BspStatus;Lscala/meta/internal/metals/WorkDoneProgress;ILscala/meta/internal/metals/ModuleStatus;)V 821 <appendix> member <vmtarget> ; # scala/meta/internal/metals/MetalsLspService$$Lambda$272+0x0000000801239dd8
instanceKlass scala/meta/internal/builds/BspErrorHandler
instanceKlass  @bci scala/meta/internal/bsp/BspStatusState <init> (Lscala/meta/internal/bsp/BspServerState;Lscala/Option;Lscala/Option;Z)V 31 <appendix> argL0 ; # scala/meta/internal/bsp/BspStatusState$$Lambda$271+0x0000000801239928
instanceKlass scala/meta/internal/bsp/Disconnected$
instanceKlass scala/meta/internal/bsp/BspStatusState
instanceKlass scala/meta/internal/bsp/BspServerState
instanceKlass scala/meta/internal/bsp/ConnectionBspStatus
instanceKlass scala/meta/internal/metals/Diagnostics
instanceKlass  @bci scala/meta/internal/metals/MetalsEnrichments$XtensionClientCapabilities foldOnlyLines ()Z 21 <appendix> argL0 ; # scala/meta/internal/metals/MetalsEnrichments$XtensionClientCapabilities$$Lambda$270+0x0000000801238b10
instanceKlass  @bci scala/meta/internal/metals/MetalsEnrichments$XtensionClientCapabilities $anonfun$foldOnlyLines$3 (Lorg/eclipse/lsp4j/FoldingRangeCapabilities;)Lscala/Option; 10 <appendix> argL0 ; # scala/meta/internal/metals/MetalsEnrichments$XtensionClientCapabilities$$Lambda$269+0x0000000801238760
instanceKlass  @bci scala/meta/internal/metals/MetalsEnrichments$XtensionClientCapabilities $anonfun$foldOnlyLines$2 (Lorg/eclipse/lsp4j/TextDocumentClientCapabilities;)Lscala/Option; 10 <appendix> argL0 ; # scala/meta/internal/metals/MetalsEnrichments$XtensionClientCapabilities$$Lambda$268+0x00000008012383b0
instanceKlass  @bci scala/meta/internal/metals/MetalsEnrichments$XtensionClientCapabilities $anonfun$foldOnlyLines$1 (Lorg/eclipse/lsp4j/ClientCapabilities;)Lscala/Option; 10 <appendix> argL0 ; # scala/meta/internal/metals/MetalsEnrichments$XtensionClientCapabilities$$Lambda$267+0x0000000801238000
instanceKlass  @bci scala/meta/internal/metals/MetalsEnrichments$XtensionClientCapabilities foldOnlyLines ()Z 13 <appendix> argL0 ; # scala/meta/internal/metals/MetalsEnrichments$XtensionClientCapabilities$$Lambda$266+0x0000000801237b58
instanceKlass scala/meta/internal/parsing/FoldingRangeProvider
instanceKlass scala/meta/internal/metals/formatting/IndentOnPaste
instanceKlass scala/meta/internal/metals/formatting/ScalaCliDependencyRangeFormatter$
instanceKlass  @bci scala/meta/internal/metals/MetalsLspService <init> (Lscala/concurrent/ExecutionContextExecutorService;Ljava/util/concurrent/ScheduledExecutorService;Lscala/meta/internal/metals/MetalsServerInputs;Lscala/meta/internal/metals/clients/language/ConfiguredLanguageClient;Lorg/eclipse/lsp4j/InitializeParams;Lscala/meta/internal/metals/ClientConfiguration;Lscala/meta/internal/metals/StatusBar;Lscala/Function0;Lscala/meta/internal/metals/TimerProvider;Lscala/meta/io/AbsolutePath;Lscala/Option;Lscala/meta/internal/metals/doctor/HeadDoctor;Lscala/meta/internal/metals/BspStatus;Lscala/meta/internal/metals/WorkDoneProgress;ILscala/meta/internal/metals/ModuleStatus;)V 687 <appendix> member <vmtarget> ; # scala/meta/internal/metals/MetalsLspService$$Lambda$265+0x00000008012371c8
instanceKlass scala/meta/internal/metals/formatting/RangeFormattingProvider
instanceKlass scala/meta/internal/metals/formatting/FormatterParams
instanceKlass scala/meta/internal/metals/formatting/OnTypeFormatter
instanceKlass scala/meta/internal/metals/formatting/RangeFormatter
instanceKlass  @bci scala/meta/internal/metals/MetalsLspService <init> (Lscala/concurrent/ExecutionContextExecutorService;Ljava/util/concurrent/ScheduledExecutorService;Lscala/meta/internal/metals/MetalsServerInputs;Lscala/meta/internal/metals/clients/language/ConfiguredLanguageClient;Lorg/eclipse/lsp4j/InitializeParams;Lscala/meta/internal/metals/ClientConfiguration;Lscala/meta/internal/metals/StatusBar;Lscala/Function0;Lscala/meta/internal/metals/TimerProvider;Lscala/meta/io/AbsolutePath;Lscala/Option;Lscala/meta/internal/metals/doctor/HeadDoctor;Lscala/meta/internal/metals/BspStatus;Lscala/meta/internal/metals/WorkDoneProgress;ILscala/meta/internal/metals/ModuleStatus;)V 662 <appendix> member <vmtarget> ; # scala/meta/internal/metals/MetalsLspService$$Lambda$264+0x0000000801236240
instanceKlass scala/meta/internal/metals/formatting/OnTypeFormattingProvider
instanceKlass  @bci scala/meta/internal/metals/MetalsEnrichments$XtensionClientCapabilities supportsHierarchicalDocumentSymbols ()Z 21 <appendix> argL0 ; # scala/meta/internal/metals/MetalsEnrichments$XtensionClientCapabilities$$Lambda$263+0x0000000801235d78
instanceKlass  @bci scala/meta/internal/metals/MetalsEnrichments$XtensionClientCapabilities $anonfun$supportsHierarchicalDocumentSymbols$3 (Lorg/eclipse/lsp4j/DocumentSymbolCapabilities;)Lscala/Option; 10 <appendix> argL0 ; # scala/meta/internal/metals/MetalsEnrichments$XtensionClientCapabilities$$Lambda$262+0x00000008012359c8
instanceKlass  @bci scala/meta/internal/metals/MetalsEnrichments$XtensionClientCapabilities $anonfun$supportsHierarchicalDocumentSymbols$2 (Lorg/eclipse/lsp4j/TextDocumentClientCapabilities;)Lscala/Option; 10 <appendix> argL0 ; # scala/meta/internal/metals/MetalsEnrichments$XtensionClientCapabilities$$Lambda$261+0x0000000801235618
instanceKlass  @bci scala/meta/internal/metals/MetalsEnrichments$XtensionClientCapabilities $anonfun$supportsHierarchicalDocumentSymbols$1 (Lorg/eclipse/lsp4j/ClientCapabilities;)Lscala/Option; 10 <appendix> argL0 ; # scala/meta/internal/metals/MetalsEnrichments$XtensionClientCapabilities$$Lambda$260+0x0000000801235268
instanceKlass  @bci scala/meta/internal/metals/MetalsEnrichments$XtensionClientCapabilities supportsHierarchicalDocumentSymbols ()Z 13 <appendix> argL0 ; # scala/meta/internal/metals/MetalsEnrichments$XtensionClientCapabilities$$Lambda$259+0x0000000801234eb8
instanceKlass scala/meta/internal/metals/MetalsEnrichments$XtensionClientCapabilities
instanceKlass scala/meta/internal/parsing/DocumentSymbolProvider
instanceKlass scala/meta/Tree
instanceKlass scala/meta/internal/trees/Metadata$Ast
instanceKlass scala/meta/internal/trees/InternalTree
instanceKlass scala/meta/parsers/Parsed
instanceKlass org/scalameta/adt/Metadata$Adt
instanceKlass scala/meta/inputs/Position
instanceKlass scala/meta/inputs/InputRange
instanceKlass scala/meta/internal/parsing/Trees
instanceKlass  @bci scala/meta/internal/metals/MetalsLspService <init> (Lscala/concurrent/ExecutionContextExecutorService;Ljava/util/concurrent/ScheduledExecutorService;Lscala/meta/internal/metals/MetalsServerInputs;Lscala/meta/internal/metals/clients/language/ConfiguredLanguageClient;Lorg/eclipse/lsp4j/InitializeParams;Lscala/meta/internal/metals/ClientConfiguration;Lscala/meta/internal/metals/StatusBar;Lscala/Function0;Lscala/meta/internal/metals/TimerProvider;Lscala/meta/io/AbsolutePath;Lscala/Option;Lscala/meta/internal/metals/doctor/HeadDoctor;Lscala/meta/internal/metals/BspStatus;Lscala/meta/internal/metals/WorkDoneProgress;ILscala/meta/internal/metals/ModuleStatus;)V 569 <appendix> member <vmtarget> ; # scala/meta/internal/metals/MetalsLspService$$Lambda$258+0x0000000801233230
instanceKlass  @bci scala/meta/internal/metals/Compilations <init> (Lscala/meta/internal/metals/BuildTargets;Lscala/meta/internal/metals/debug/BuildTargetClasses;Lscala/meta/internal/metals/clients/language/MetalsLanguageClient;Lscala/Function0;Lscala/Function0;Lscala/Function0;Lscala/Function1;Lscala/Function0;Lscala/Function0;Lscala/meta/internal/metals/PreviouslyCompiledDownsteamTargets;Lscala/meta/internal/metals/FileChanges;ZLscala/concurrent/ExecutionContext;)V 189 <appendix> member <vmtarget> ; # scala/meta/internal/metals/Compilations$$Lambda$257+0x0000000801232e78
instanceKlass  @bci scala/meta/internal/metals/Compilations <init> (Lscala/meta/internal/metals/BuildTargets;Lscala/meta/internal/metals/debug/BuildTargetClasses;Lscala/meta/internal/metals/clients/language/MetalsLanguageClient;Lscala/Function0;Lscala/Function0;Lscala/Function0;Lscala/Function1;Lscala/Function0;Lscala/Function0;Lscala/meta/internal/metals/PreviouslyCompiledDownsteamTargets;Lscala/meta/internal/metals/FileChanges;ZLscala/concurrent/ExecutionContext;)V 135 <appendix> member <vmtarget> ; # scala/meta/internal/metals/Compilations$$Lambda$256+0x0000000801232ac0
instanceKlass scala/meta/internal/metals/utils/Timeout
instanceKlass scala/meta/internal/metals/utils/Timeout$
instanceKlass  @bci scala/meta/internal/metals/MetalsLspService <init> (Lscala/concurrent/ExecutionContextExecutorService;Ljava/util/concurrent/ScheduledExecutorService;Lscala/meta/internal/metals/MetalsServerInputs;Lscala/meta/internal/metals/clients/language/ConfiguredLanguageClient;Lorg/eclipse/lsp4j/InitializeParams;Lscala/meta/internal/metals/ClientConfiguration;Lscala/meta/internal/metals/StatusBar;Lscala/Function0;Lscala/meta/internal/metals/TimerProvider;Lscala/meta/io/AbsolutePath;Lscala/Option;Lscala/meta/internal/metals/doctor/HeadDoctor;Lscala/meta/internal/metals/BspStatus;Lscala/meta/internal/metals/WorkDoneProgress;ILscala/meta/internal/metals/ModuleStatus;)V 522 <appendix> member <vmtarget> ; # scala/meta/internal/metals/MetalsLspService$$Lambda$255+0x0000000801232358
instanceKlass  @bci scala/meta/internal/metals/MetalsLspService <init> (Lscala/concurrent/ExecutionContextExecutorService;Ljava/util/concurrent/ScheduledExecutorService;Lscala/meta/internal/metals/MetalsServerInputs;Lscala/meta/internal/metals/clients/language/ConfiguredLanguageClient;Lorg/eclipse/lsp4j/InitializeParams;Lscala/meta/internal/metals/ClientConfiguration;Lscala/meta/internal/metals/StatusBar;Lscala/Function0;Lscala/meta/internal/metals/TimerProvider;Lscala/meta/io/AbsolutePath;Lscala/Option;Lscala/meta/internal/metals/doctor/HeadDoctor;Lscala/meta/internal/metals/BspStatus;Lscala/meta/internal/metals/WorkDoneProgress;ILscala/meta/internal/metals/ModuleStatus;)V 512 <appendix> member <vmtarget> ; # scala/meta/internal/metals/MetalsLspService$$Lambda$254+0x0000000801231fa0
instanceKlass  @bci scala/meta/internal/metals/MetalsLspService <init> (Lscala/concurrent/ExecutionContextExecutorService;Ljava/util/concurrent/ScheduledExecutorService;Lscala/meta/internal/metals/MetalsServerInputs;Lscala/meta/internal/metals/clients/language/ConfiguredLanguageClient;Lorg/eclipse/lsp4j/InitializeParams;Lscala/meta/internal/metals/ClientConfiguration;Lscala/meta/internal/metals/StatusBar;Lscala/Function0;Lscala/meta/internal/metals/TimerProvider;Lscala/meta/io/AbsolutePath;Lscala/Option;Lscala/meta/internal/metals/doctor/HeadDoctor;Lscala/meta/internal/metals/BspStatus;Lscala/meta/internal/metals/WorkDoneProgress;ILscala/meta/internal/metals/ModuleStatus;)V 506 <appendix> member <vmtarget> ; # scala/meta/internal/metals/MetalsLspService$$Lambda$253+0x0000000801231cf8
instanceKlass  @bci scala/meta/internal/metals/MetalsLspService <init> (Lscala/concurrent/ExecutionContextExecutorService;Ljava/util/concurrent/ScheduledExecutorService;Lscala/meta/internal/metals/MetalsServerInputs;Lscala/meta/internal/metals/clients/language/ConfiguredLanguageClient;Lorg/eclipse/lsp4j/InitializeParams;Lscala/meta/internal/metals/ClientConfiguration;Lscala/meta/internal/metals/StatusBar;Lscala/Function0;Lscala/meta/internal/metals/TimerProvider;Lscala/meta/io/AbsolutePath;Lscala/Option;Lscala/meta/internal/metals/doctor/HeadDoctor;Lscala/meta/internal/metals/BspStatus;Lscala/meta/internal/metals/WorkDoneProgress;ILscala/meta/internal/metals/ModuleStatus;)V 500 <appendix> member <vmtarget> ; # scala/meta/internal/metals/MetalsLspService$$Lambda$252+0x0000000801231a30
instanceKlass  @bci scala/meta/internal/metals/MetalsLspService <init> (Lscala/concurrent/ExecutionContextExecutorService;Ljava/util/concurrent/ScheduledExecutorService;Lscala/meta/internal/metals/MetalsServerInputs;Lscala/meta/internal/metals/clients/language/ConfiguredLanguageClient;Lorg/eclipse/lsp4j/InitializeParams;Lscala/meta/internal/metals/ClientConfiguration;Lscala/meta/internal/metals/StatusBar;Lscala/Function0;Lscala/meta/internal/metals/TimerProvider;Lscala/meta/io/AbsolutePath;Lscala/Option;Lscala/meta/internal/metals/doctor/HeadDoctor;Lscala/meta/internal/metals/BspStatus;Lscala/meta/internal/metals/WorkDoneProgress;ILscala/meta/internal/metals/ModuleStatus;)V 494 <appendix> member <vmtarget> ; # scala/meta/internal/metals/MetalsLspService$$Lambda$251+0x0000000801231768
instanceKlass scala/meta/internal/metals/Compilations
instanceKlass scala/meta/internal/metals/SourceMapper
instanceKlass scala/meta/internal/metals/PreviouslyCompiledDownsteamTargets
instanceKlass  @bci scala/meta/internal/metals/MetalsLspService <init> (Lscala/concurrent/ExecutionContextExecutorService;Ljava/util/concurrent/ScheduledExecutorService;Lscala/meta/internal/metals/MetalsServerInputs;Lscala/meta/internal/metals/clients/language/ConfiguredLanguageClient;Lorg/eclipse/lsp4j/InitializeParams;Lscala/meta/internal/metals/ClientConfiguration;Lscala/meta/internal/metals/StatusBar;Lscala/Function0;Lscala/meta/internal/metals/TimerProvider;Lscala/meta/io/AbsolutePath;Lscala/Option;Lscala/meta/internal/metals/doctor/HeadDoctor;Lscala/meta/internal/metals/BspStatus;Lscala/meta/internal/metals/WorkDoneProgress;ILscala/meta/internal/metals/ModuleStatus;)V 433 <appendix> member <vmtarget> ; # scala/meta/internal/metals/MetalsLspService$$Lambda$250+0x0000000801230e58
instanceKlass scala/meta/internal/metals/ScalaVersionSelector
instanceKlass scala/meta/internal/metals/Cancelable$$anon$1
instanceKlass  @bci scala/meta/internal/metals/Cancelable$ <clinit> ()V 13 <appendix> argL0 ; # scala/meta/internal/metals/Cancelable$$$Lambda$249+0x0000000801230768
instanceKlass scala/meta/internal/metals/Cancelable$
instanceKlass  @bci scala/Function1 andThen (Lscala/Function1;)Lscala/Function1; 2 <appendix> member <vmtarget> ; # scala/Function1$$Lambda$248+0x00000008012303b0
instanceKlass  @bci scala/meta/internal/metals/BatchedFunction$ fromFuture (Lscala/Function1;Ljava/lang/String;ZLscala/Option;Lscala/concurrent/ExecutionContext;)Lscala/meta/internal/metals/BatchedFunction; 5 <appendix> argL0 ; # scala/meta/internal/metals/BatchedFunction$$$Lambda$247+0x0000000801230000
instanceKlass scala/meta/internal/metals/CancelableFuture
instanceKlass scala/meta/internal/metals/BatchedFunction
instanceKlass scala/meta/internal/metals/BatchedFunction$
instanceKlass  @bci scala/meta/internal/metals/debug/BuildTargetClasses <init> (Lscala/meta/internal/metals/BuildTargets;Lscala/Function0;Lscala/meta/internal/mtags/OnDemandSymbolIndex;Lscala/concurrent/ExecutionContext;)V 77 <appendix> member <vmtarget> ; # scala/meta/internal/metals/debug/BuildTargetClasses$$Lambda$246+0x000000080122ed80
instanceKlass scala/meta/internal/metals/debug/SymbolCache
instanceKlass  @bci scala/meta/internal/metals/MetalsLspService <init> (Lscala/concurrent/ExecutionContextExecutorService;Ljava/util/concurrent/ScheduledExecutorService;Lscala/meta/internal/metals/MetalsServerInputs;Lscala/meta/internal/metals/clients/language/ConfiguredLanguageClient;Lorg/eclipse/lsp4j/InitializeParams;Lscala/meta/internal/metals/ClientConfiguration;Lscala/meta/internal/metals/StatusBar;Lscala/Function0;Lscala/meta/internal/metals/TimerProvider;Lscala/meta/io/AbsolutePath;Lscala/Option;Lscala/meta/internal/metals/doctor/HeadDoctor;Lscala/meta/internal/metals/BspStatus;Lscala/meta/internal/metals/WorkDoneProgress;ILscala/meta/internal/metals/ModuleStatus;)V 408 <appendix> member <vmtarget> ; # scala/meta/internal/metals/MetalsLspService$$Lambda$245+0x000000080122e8e0
instanceKlass scala/meta/internal/metals/Compilers
instanceKlass scala/meta/internal/semanticdb/Scala$Descriptor
instanceKlass scala/meta/internal/metals/debug/BuildTargetClasses
instanceKlass scala/meta/internal/metals/SemanticdbFeatureProvider
instanceKlass  @bci scala/meta/internal/metals/MetalsLspService <init> (Lscala/concurrent/ExecutionContextExecutorService;Ljava/util/concurrent/ScheduledExecutorService;Lscala/meta/internal/metals/MetalsServerInputs;Lscala/meta/internal/metals/clients/language/ConfiguredLanguageClient;Lorg/eclipse/lsp4j/InitializeParams;Lscala/meta/internal/metals/ClientConfiguration;Lscala/meta/internal/metals/StatusBar;Lscala/Function0;Lscala/meta/internal/metals/TimerProvider;Lscala/meta/io/AbsolutePath;Lscala/Option;Lscala/meta/internal/metals/doctor/HeadDoctor;Lscala/meta/internal/metals/BspStatus;Lscala/meta/internal/metals/WorkDoneProgress;ILscala/meta/internal/metals/ModuleStatus;)V 383 <appendix> member <vmtarget> ; # scala/meta/internal/metals/MetalsLspService$$Lambda$244+0x000000080122c700
instanceKlass scala/meta/internal/metals/FileChanges
instanceKlass scala/meta/internal/metals/Docstrings
instanceKlass scala/PartialFunction$AndThen
instanceKlass  @bci scala/meta/internal/mtags/OnDemandSymbolIndex <init> (Lscala/collection/concurrent/TrieMap;Lscala/PartialFunction;Lscala/Function1;Lscala/meta/pc/reports/ReportContext;)V 39 <appendix> argL0 ; # scala/meta/internal/mtags/OnDemandSymbolIndex$$Lambda$243+0x000000080122ba98
instanceKlass scala/meta/internal/mtags/MtagsIndexer
instanceKlass scala/meta/inputs/Input
instanceKlass scala/meta/internal/inputs/InternalInput
instanceKlass scala/meta/internal/mtags/Mtags
instanceKlass scala/meta/internal/mtags/OnDemandSymbolIndex
instanceKlass  @bci scala/meta/internal/metals/MetalsLspService newSymbolIndex ()Lscala/meta/internal/mtags/OnDemandSymbolIndex; 12 <appendix> member <vmtarget> ; # scala/meta/internal/metals/MetalsLspService$$Lambda$242+0x000000080122ace8
instanceKlass scala/meta/internal/mtags/OnDemandSymbolIndex$
instanceKlass scala/meta/internal/metals/MutableMd5Fingerprints
instanceKlass  @bci java/util/regex/Pattern negate (Ljava/util/regex/Pattern$CharPredicate;)Ljava/util/regex/Pattern$CharPredicate; 1 <appendix> member <vmtarget> ; # java/util/regex/Pattern$$Lambda$20+0x800000030
instanceKlass scala/util/matching/UnanchoredRegex
instanceKlass scala/util/matching/Regex
instanceKlass scala/meta/internal/metals/ReportFileName$
instanceKlass scala/meta/internal/metals/utils/LimitedFilesManager
instanceKlass scala/meta/internal/metals/StdReporter
instanceKlass scala/meta/internal/metals/StdReportContext$
instanceKlass scala/meta/internal/metals/ReportLevel$Info$
instanceKlass scala/meta/internal/metals/ReportLevel
instanceKlass scala/meta/internal/metals/ReportLevel$
instanceKlass  @bci scala/meta/internal/metals/MetalsLspService <init> (Lscala/concurrent/ExecutionContextExecutorService;Ljava/util/concurrent/ScheduledExecutorService;Lscala/meta/internal/metals/MetalsServerInputs;Lscala/meta/internal/metals/clients/language/ConfiguredLanguageClient;Lorg/eclipse/lsp4j/InitializeParams;Lscala/meta/internal/metals/ClientConfiguration;Lscala/meta/internal/metals/StatusBar;Lscala/Function0;Lscala/meta/internal/metals/TimerProvider;Lscala/meta/io/AbsolutePath;Lscala/Option;Lscala/meta/internal/metals/doctor/HeadDoctor;Lscala/meta/internal/metals/BspStatus;Lscala/meta/internal/metals/WorkDoneProgress;ILscala/meta/internal/metals/ModuleStatus;)V 231 <appendix> member <vmtarget> ; # scala/meta/internal/metals/MetalsLspService$$Lambda$240+0x0000000801228aa0
instanceKlass scala/meta/internal/metals/StdReportContext
instanceKlass  @bci scala/meta/internal/metals/BuildTargets <init> (Lscala/meta/io/AbsolutePath;Lscala/Option;)V 76 <appendix> member <vmtarget> ; # scala/meta/internal/metals/BuildTargets$$Lambda$239+0x00000008012283e8
instanceKlass ch/epfl/scala/bsp4j/BuildTargetIdentifier
instanceKlass scala/meta/internal/metals/BuildTargets$DataSeq
instanceKlass scala/meta/internal/metals/BuildTargets
instanceKlass scala/meta/internal/metals/BuildTargets$
instanceKlass scala/collection/mutable/HashMap$Node
instanceKlass scala/collection/mutable/HashMap$
instanceKlass scala/meta/internal/metals/ConcurrentHashSet$
instanceKlass scala/meta/internal/metals/TargetData
instanceKlass  @bci scala/meta/internal/metals/Tables <init> (Lscala/meta/io/AbsolutePath;Lscala/meta/internal/metals/Time;)V 151 <appendix> member <vmtarget> ; # scala/meta/internal/metals/Tables$$Lambda$238+0x00000008012262a8
instanceKlass scala/meta/internal/metals/Fingerprints
instanceKlass  @bci scala/meta/internal/metals/Tables <init> (Lscala/meta/io/AbsolutePath;Lscala/meta/internal/metals/Time;)V 134 <appendix> member <vmtarget> ; # scala/meta/internal/metals/Tables$$Lambda$237+0x0000000801226000
instanceKlass scala/meta/internal/metals/ChosenBuildTool
instanceKlass  @bci scala/meta/internal/metals/Tables <init> (Lscala/meta/io/AbsolutePath;Lscala/meta/internal/metals/Time;)V 116 <appendix> member <vmtarget> ; # scala/meta/internal/metals/Tables$$Lambda$236+0x0000000801223930
instanceKlass scala/meta/internal/metals/ChosenBuildServers
instanceKlass scala/meta/internal/metals/DismissedNotifications$Notification
instanceKlass  @bci scala/meta/internal/metals/Tables <init> (Lscala/meta/io/AbsolutePath;Lscala/meta/internal/metals/Time;)V 98 <appendix> member <vmtarget> ; # scala/meta/internal/metals/Tables$$Lambda$235+0x0000000801223238
instanceKlass scala/meta/internal/metals/DismissedNotifications
instanceKlass  @bci scala/meta/internal/metals/Tables <init> (Lscala/meta/io/AbsolutePath;Lscala/meta/internal/metals/Time;)V 81 <appendix> member <vmtarget> ; # scala/meta/internal/metals/Tables$$Lambda$234+0x0000000801222d98
instanceKlass scala/meta/internal/metals/WorksheetDependencySources
instanceKlass  @bci scala/meta/internal/metals/Tables <init> (Lscala/meta/io/AbsolutePath;Lscala/meta/internal/metals/Time;)V 64 <appendix> member <vmtarget> ; # scala/meta/internal/metals/Tables$$Lambda$233+0x00000008012228f8
instanceKlass scala/meta/internal/metals/DependencySources
instanceKlass  @bci scala/meta/internal/metals/Tables <init> (Lscala/meta/io/AbsolutePath;Lscala/meta/internal/metals/Time;)V 46 <appendix> member <vmtarget> ; # scala/meta/internal/metals/Tables$$Lambda$232+0x0000000801222458
instanceKlass scala/meta/internal/builds/Digests
instanceKlass  @bci scala/meta/internal/metals/Tables <init> (Lscala/meta/io/AbsolutePath;Lscala/meta/internal/metals/Time;)V 29 <appendix> member <vmtarget> ; # scala/meta/internal/metals/Tables$$Lambda$231+0x0000000801221fb8
instanceKlass sun/invoke/util/VerifyAccess$1
instanceKlass java/sql/Connection
instanceKlass java/sql/Wrapper
instanceKlass org/h2/jdbc/JdbcException
instanceKlass scala/meta/internal/metals/JarIndexingInfo
instanceKlass scala/meta/internal/metals/Tables$ConnectionState$Empty$
instanceKlass scala/meta/internal/metals/Tables$ConnectionState
instanceKlass scala/runtime/AbstractFunction0
instanceKlass scala/meta/internal/metals/H2ConnectionProvider
instanceKlass scala/meta/internal/metals/Embedded
instanceKlass  @bci scala/meta/internal/metals/WorkspaceLspService createService (Lscala/meta/internal/metals/Folder;)Lscala/meta/internal/metals/ProjectMetalsLspService; 98 <appendix> member <vmtarget> ; # scala/meta/internal/metals/WorkspaceLspService$$Lambda$230+0x000000080121f848
instanceKlass  @bci scala/meta/internal/metals/WorkspaceLspService createService (Lscala/meta/internal/metals/Folder;)Lscala/meta/internal/metals/ProjectMetalsLspService; 88 <appendix> member <vmtarget> ; # scala/meta/internal/metals/WorkspaceLspService$$Lambda$229+0x000000080121f5a0
instanceKlass scala/meta/internal/metals/watcher/FileWatcher
instanceKlass scala/meta/internal/metals/doctor/MetalsServiceInfo
instanceKlass scala/meta/internal/builds/BuildServerProvider
instanceKlass scala/meta/internal/builds/BuildTool
instanceKlass scala/meta/internal/metals/Indexer
instanceKlass scala/meta/internal/mtags/Semanticdbs
instanceKlass scala/meta/internal/mtags/Md5Fingerprints
instanceKlass scala/meta/internal/metals/Warnings
instanceKlass scala/meta/pc/CancelToken
instanceKlass org/eclipse/lsp4j/jsonrpc/CancelChecker
instanceKlass scala/meta/internal/metals/doctor/TargetsInfoProvider
instanceKlass scala/meta/internal/metals/clients/language/LogForwarder
instanceKlass scala/meta/internal/metals/MetalsBuildClient
instanceKlass scala/meta/pc/SymbolSearch
instanceKlass scala/meta/internal/mtags/GlobalSymbolIndex
instanceKlass  @bci scala/meta/internal/metals/WorkspaceFolders $anonfun$initServices$6 (Lscala/collection/immutable/List;Lscala/collection/immutable/Set;Lscala/meta/internal/metals/Folder;)Z 5 <appendix> member <vmtarget> ; # scala/meta/internal/metals/WorkspaceFolders$$Lambda$228+0x000000080121cda0
instanceKlass  @bci scala/meta/internal/metals/DelegateSetting$ readDeleteSetting (Lscala/meta/io/AbsolutePath;)Lscala/Option; 10 <appendix> member <vmtarget> ; # scala/meta/internal/metals/DelegateSetting$$$Lambda$227+0x000000080121c9e8
instanceKlass  @bci scala/meta/internal/metals/WorkspaceFolders initServices (Lscala/collection/immutable/List;)Lscala/meta/internal/metals/WorkspaceFoldersServices; 245 <appendix> member <vmtarget> ; # scala/meta/internal/metals/WorkspaceFolders$$Lambda$226+0x000000080121c630
instanceKlass  @bci scala/meta/internal/metals/WorkspaceFolders initServices (Lscala/collection/immutable/List;)Lscala/meta/internal/metals/WorkspaceFoldersServices; 182 <appendix> member <vmtarget> ; # scala/meta/internal/metals/WorkspaceFolders$$Lambda$225+0x000000080121c388
instanceKlass  @bci scala/meta/internal/metals/DelegateSetting$ readProjectRefs (Lscala/meta/io/AbsolutePath;)Lscala/collection/immutable/List; 13 <appendix> member <vmtarget> ; # scala/meta/internal/metals/DelegateSetting$$$Lambda$224+0x000000080121bfd0
instanceKlass  @bci scala/meta/internal/metals/DelegateSetting$ getSetting (Lscala/meta/io/AbsolutePath;Ljava/lang/String;)Lscala/Option; 20 <appendix> member <vmtarget> ; # scala/meta/internal/metals/DelegateSetting$$$Lambda$223+0x000000080121bc18
instanceKlass scala/meta/internal/metals/Directories$
instanceKlass scala/meta/internal/metals/DelegateSetting$
instanceKlass  @bci scala/meta/internal/metals/WorkspaceFolders initServices (Lscala/collection/immutable/List;)Lscala/meta/internal/metals/WorkspaceFoldersServices; 84 <appendix> argL0 ; # scala/meta/internal/metals/WorkspaceFolders$$Lambda$222+0x000000080121b488
instanceKlass scala/meta/internal/metals/MetalsEnrichments$XtensionAbsolutePathBuffers
instanceKlass  @bci scala/collection/immutable/List partition (Lscala/Function1;)Lscala/Tuple2; 41 <appendix> member <vmtarget> ; # scala/collection/immutable/List$$Lambda$221+0x000000080121add0
instanceKlass  @bci scala/meta/internal/metals/WorkspaceFolders initServices (Lscala/collection/immutable/List;)Lscala/meta/internal/metals/WorkspaceFoldersServices; 1 <appendix> argL0 ; # scala/meta/internal/metals/WorkspaceFolders$$Lambda$220+0x000000080121aa20
instanceKlass  @bci scala/meta/internal/metals/WorkspaceLspService <init> (Lscala/concurrent/ExecutionContextExecutorService;Ljava/util/concurrent/ScheduledExecutorService;Lscala/meta/internal/metals/MetalsServerInputs;Lscala/meta/internal/metals/clients/language/MetalsLanguageClient;Lorg/eclipse/lsp4j/InitializeParams;Lscala/collection/immutable/List;Lscala/Function0;)V 458 <appendix> member <vmtarget> ; # scala/meta/internal/metals/WorkspaceLspService$$Lambda$219+0x000000080121a668
instanceKlass scala/meta/internal/metals/WorkspaceFolders
instanceKlass  @bci scala/meta/internal/metals/ClientConfiguration icons ()Lscala/meta/internal/metals/Icons; 16 <appendix> member <vmtarget> ; # scala/meta/internal/metals/ClientConfiguration$$Lambda$218+0x00000008012195e8
instanceKlass  @bci scala/meta/internal/metals/ClientConfiguration icons ()Lscala/meta/internal/metals/Icons; 7 <appendix> argL0 ; # scala/meta/internal/metals/ClientConfiguration$$Lambda$217+0x0000000801219238
instanceKlass  @bci scala/meta/internal/metals/WorkspaceLspService <init> (Lscala/concurrent/ExecutionContextExecutorService;Ljava/util/concurrent/ScheduledExecutorService;Lscala/meta/internal/metals/MetalsServerInputs;Lscala/meta/internal/metals/clients/language/MetalsLanguageClient;Lorg/eclipse/lsp4j/InitializeParams;Lscala/collection/immutable/List;Lscala/Function0;)V 432 <appendix> member <vmtarget> ; # scala/meta/internal/metals/WorkspaceLspService$$Lambda$216+0x0000000801218e80
instanceKlass scala/meta/internal/metals/ModulesService
instanceKlass scala/meta/internal/metals/IndexProviders
instanceKlass  @bci scala/meta/internal/metals/WorkspaceLspService <init> (Lscala/concurrent/ExecutionContextExecutorService;Ljava/util/concurrent/ScheduledExecutorService;Lscala/meta/internal/metals/MetalsServerInputs;Lscala/meta/internal/metals/clients/language/MetalsLanguageClient;Lorg/eclipse/lsp4j/InitializeParams;Lscala/collection/immutable/List;Lscala/Function0;)V 426 <appendix> member <vmtarget> ; # scala/meta/internal/metals/WorkspaceLspService$$Lambda$215+0x0000000801214400
instanceKlass scala/meta/internal/metals/ModuleStatus
instanceKlass scala/meta/internal/metals/ReportTracker
instanceKlass  @bci scala/meta/internal/metals/ClientConfiguration extract (Lscala/Option;Lscala/Option;Ljava/lang/Object;)Ljava/lang/Object; 11 <appendix> member <vmtarget> ; # scala/meta/internal/metals/ClientConfiguration$$Lambda$214+0x0000000801214800
instanceKlass  @bci scala/meta/internal/metals/ClientConfiguration extract (Lscala/Option;Lscala/Option;Ljava/lang/Object;)Ljava/lang/Object; 2 <appendix> member <vmtarget> ; # scala/meta/internal/metals/ClientConfiguration$$Lambda$213+0x0000000801215ca8
instanceKlass scala/meta/internal/metals/config/StatusBarState$LogMessage$
instanceKlass scala/meta/internal/metals/config/StatusBarState$On$
instanceKlass scala/meta/internal/metals/config/StatusBarState$StatusBarState
instanceKlass scala/meta/internal/metals/config/StatusBarState$
instanceKlass  @bci scala/meta/internal/metals/InitializationOptions bspStatusBarState ()Lscala/Option; 4 <appendix> argL0 ; # scala/meta/internal/metals/InitializationOptions$$Lambda$212+0x0000000801215000
instanceKlass scala/meta/internal/metals/BspStatus
instanceKlass  @bci scala/meta/internal/metals/ClientConfiguration isHttpEnabled ()Z 8 <appendix> member <vmtarget> ; # scala/meta/internal/metals/ClientConfiguration$$Lambda$211+0x0000000801217ab8
instanceKlass  @bci scala/meta/internal/metals/WorkspaceLspService <init> (Lscala/concurrent/ExecutionContextExecutorService;Ljava/util/concurrent/ScheduledExecutorService;Lscala/meta/internal/metals/MetalsServerInputs;Lscala/meta/internal/metals/clients/language/MetalsLanguageClient;Lorg/eclipse/lsp4j/InitializeParams;Lscala/collection/immutable/List;Lscala/Function0;)V 335 <appendix> member <vmtarget> ; # scala/meta/internal/metals/WorkspaceLspService$$Lambda$210+0x0000000801217810
instanceKlass  @bci scala/meta/internal/metals/WorkspaceLspService <init> (Lscala/concurrent/ExecutionContextExecutorService;Ljava/util/concurrent/ScheduledExecutorService;Lscala/meta/internal/metals/MetalsServerInputs;Lscala/meta/internal/metals/clients/language/MetalsLanguageClient;Lorg/eclipse/lsp4j/InitializeParams;Lscala/collection/immutable/List;Lscala/Function0;)V 329 <appendix> member <vmtarget> ; # scala/meta/internal/metals/WorkspaceLspService$$Lambda$209+0x0000000801217568
instanceKlass ujson/Value
instanceKlass geny/Writable
instanceKlass scala/meta/internal/metals/doctor/HeadDoctor
instanceKlass scala/meta/internal/metals/TimerProvider
instanceKlass scala/meta/internal/metals/ActiveFiles
instanceKlass  @bci scala/meta/internal/metals/WorkspaceLspService <init> (Lscala/concurrent/ExecutionContextExecutorService;Ljava/util/concurrent/ScheduledExecutorService;Lscala/meta/internal/metals/MetalsServerInputs;Lscala/meta/internal/metals/clients/language/MetalsLanguageClient;Lorg/eclipse/lsp4j/InitializeParams;Lscala/collection/immutable/List;Lscala/Function0;)V 254 <appendix> argL0 ; # scala/meta/internal/metals/WorkspaceLspService$$Lambda$208+0x00000008012168e8
instanceKlass scala/meta/internal/builds/ShellRunner
instanceKlass scala/meta/internal/metals/StatusBar
instanceKlass  @bci scala/meta/internal/metals/UserConfigurationSync <init> (Lorg/eclipse/lsp4j/InitializeParams;Lscala/meta/internal/metals/clients/language/MetalsLanguageClient;Lscala/meta/internal/metals/ClientConfiguration;Lscala/concurrent/ExecutionContext;)V 46 <appendix> argL0 ; # scala/meta/internal/metals/UserConfigurationSync$$Lambda$207+0x00000008012163b0
instanceKlass  @bci scala/meta/internal/metals/UserConfigurationSync $anonfun$supportsConfiguration$2 (Lorg/eclipse/lsp4j/WorkspaceClientCapabilities;)Lscala/Option; 10 <appendix> argL0 ; # scala/meta/internal/metals/UserConfigurationSync$$Lambda$206+0x0000000801216000
instanceKlass  @bci scala/meta/internal/metals/UserConfigurationSync $anonfun$supportsConfiguration$1 (Lorg/eclipse/lsp4j/ClientCapabilities;)Lscala/Option; 10 <appendix> argL0 ; # scala/meta/internal/metals/UserConfigurationSync$$Lambda$205+0x00000008012139d0
instanceKlass  @bci scala/meta/internal/metals/UserConfigurationSync <init> (Lorg/eclipse/lsp4j/InitializeParams;Lscala/meta/internal/metals/clients/language/MetalsLanguageClient;Lscala/meta/internal/metals/ClientConfiguration;Lscala/concurrent/ExecutionContext;)V 38 <appendix> argL0 ; # scala/meta/internal/metals/UserConfigurationSync$$Lambda$204+0x0000000801213620
instanceKlass scala/meta/internal/metals/UserConfigurationSync
instanceKlass scala/meta/internal/metals/WorkDoneProgress
instanceKlass  @bci scala/meta/internal/metals/WorkspaceLspService <init> (Lscala/concurrent/ExecutionContextExecutorService;Ljava/util/concurrent/ScheduledExecutorService;Lscala/meta/internal/metals/MetalsServerInputs;Lscala/meta/internal/metals/clients/language/MetalsLanguageClient;Lorg/eclipse/lsp4j/InitializeParams;Lscala/collection/immutable/List;Lscala/Function0;)V 145 <appendix> member <vmtarget> ; # scala/meta/internal/metals/WorkspaceLspService$$Lambda$203+0x0000000801212f80
instanceKlass  @cpi scala/meta/internal/mtags/ScalametaCommonEnrichments$XtensionStream 103 form vmentry <vmtarget> ; # java/lang/invoke/LambdaForm$DMH+0x0000000801214000
instanceKlass scala/meta/internal/metals/clients/language/DelegatingLanguageClient
instanceKlass  @bci scala/meta/internal/metals/JsonParser$XtensionSerializedAsOption getIntOption (Ljava/lang/String;)Lscala/Option; 5 <appendix> member <vmtarget> ; # scala/meta/internal/metals/JsonParser$XtensionSerializedAsOption$$Lambda$202+0x00000008012123c8
instanceKlass scala/meta/internal/metals/CommandHTMLFormat$VSCode$
instanceKlass scala/meta/internal/metals/CommandHTMLFormat$Sublime$
instanceKlass scala/meta/internal/metals/CommandHTMLFormat
instanceKlass scala/meta/internal/metals/CommandHTMLFormat$
instanceKlass  @bci scala/meta/internal/metals/InitializationOptions$ extractToInitializationOptions (Lcom/google/gson/JsonObject;)Lscala/meta/internal/metals/InitializationOptions; 176 <appendix> argL0 ; # scala/meta/internal/metals/InitializationOptions$$$Lambda$201+0x00000008012119d0
instanceKlass  @bci scala/meta/internal/metals/InitializationOptions$ extractCompilerOptions (Lcom/google/gson/JsonObject;)Lscala/meta/internal/pc/CompilerInitializationOptions; 99 <appendix> argL0 ; # scala/meta/internal/metals/InitializationOptions$$$Lambda$200+0x0000000801211620
instanceKlass  @bci scala/meta/internal/metals/InitializationOptions$ extractCompilerOptions (Lcom/google/gson/JsonObject;)Lscala/meta/internal/pc/CompilerInitializationOptions; 90 <appendix> argL0 ; # scala/meta/internal/metals/InitializationOptions$$$Lambda$199+0x0000000801211270
instanceKlass  @bci scala/meta/internal/metals/InitializationOptions$ extractCompilerOptions (Lcom/google/gson/JsonObject;)Lscala/meta/internal/pc/CompilerInitializationOptions; 81 <appendix> argL0 ; # scala/meta/internal/metals/InitializationOptions$$$Lambda$198+0x0000000801210ec0
instanceKlass  @bci scala/meta/internal/metals/InitializationOptions$ extractCompilerOptions (Lcom/google/gson/JsonObject;)Lscala/meta/internal/pc/CompilerInitializationOptions; 72 <appendix> argL0 ; # scala/meta/internal/metals/InitializationOptions$$$Lambda$197+0x0000000801210b10
instanceKlass  @bci scala/meta/internal/metals/InitializationOptions$ extractCompilerOptions (Lcom/google/gson/JsonObject;)Lscala/meta/internal/pc/CompilerInitializationOptions; 63 <appendix> argL0 ; # scala/meta/internal/metals/InitializationOptions$$$Lambda$196+0x0000000801210760
instanceKlass  @bci scala/meta/internal/metals/InitializationOptions$ extractCompilerOptions (Lcom/google/gson/JsonObject;)Lscala/meta/internal/pc/CompilerInitializationOptions; 54 <appendix> argL0 ; # scala/meta/internal/metals/InitializationOptions$$$Lambda$195+0x00000008012103b0
instanceKlass  @bci scala/meta/internal/metals/InitializationOptions$ extractCompilerOptions (Lcom/google/gson/JsonObject;)Lscala/meta/internal/pc/CompilerInitializationOptions; 45 <appendix> argL0 ; # scala/meta/internal/metals/InitializationOptions$$$Lambda$194+0x0000000801210000
instanceKlass  @bci scala/meta/internal/metals/InitializationOptions$ extractCompilerOptions (Lcom/google/gson/JsonObject;)Lscala/meta/internal/pc/CompilerInitializationOptions; 36 <appendix> argL0 ; # scala/meta/internal/metals/InitializationOptions$$$Lambda$193+0x000000080120a9f0
instanceKlass scala/util/control/NonFatal$
instanceKlass  @bci scala/meta/internal/metals/JsonParser$XtensionSerializedAsOption getBooleanOption (Ljava/lang/String;)Lscala/Option; 5 <appendix> member <vmtarget> ; # scala/meta/internal/metals/JsonParser$XtensionSerializedAsOption$$Lambda$192+0x000000080120bcb0
instanceKlass  @bci scala/meta/internal/metals/InitializationOptions$ extractCompilerOptions (Lcom/google/gson/JsonObject;)Lscala/meta/internal/pc/CompilerInitializationOptions; 27 <appendix> argL0 ; # scala/meta/internal/metals/InitializationOptions$$$Lambda$191+0x000000080120b900
instanceKlass  @bci scala/meta/internal/metals/JsonParser$XtensionSerializedAsOption getStringOption (Ljava/lang/String;)Lscala/Option; 5 <appendix> member <vmtarget> ; # scala/meta/internal/metals/JsonParser$XtensionSerializedAsOption$$Lambda$190+0x000000080120b658
instanceKlass  @bci scala/meta/internal/metals/InitializationOptions$ extractCompilerOptions (Lcom/google/gson/JsonObject;)Lscala/meta/internal/pc/CompilerInitializationOptions; 18 <appendix> argL0 ; # scala/meta/internal/metals/InitializationOptions$$$Lambda$189+0x000000080120b2a8
instanceKlass  @bci scala/meta/internal/metals/JsonParser$XtensionSerializedAsOption getObjectOption (Ljava/lang/String;)Lscala/Option; 5 <appendix> member <vmtarget> ; # scala/meta/internal/metals/JsonParser$XtensionSerializedAsOption$$Lambda$188+0x000000080120b000
instanceKlass scala/meta/internal/metals/JsonParser$XtensionSerializedAsOption
instanceKlass com/google/gson/internal/LinkedTreeMap$LinkedTreeMapIterator
instanceKlass java/util/Formatter$Flags
instanceKlass java/util/Formatter$FormatSpecifier
instanceKlass java/util/Formatter$Conversion
instanceKlass java/util/Formatter$FixedString
instanceKlass java/util/Formatter$FormatString
instanceKlass  @bci java/util/regex/Pattern union (Ljava/util/regex/Pattern$CharPredicate;Ljava/util/regex/Pattern$CharPredicate;Z)Ljava/util/regex/Pattern$CharPredicate; 6 <appendix> member <vmtarget> ; # java/util/regex/Pattern$$Lambda$21+0x800000031
instanceKlass java/util/Formatter
instanceKlass  @bci java/util/regex/Pattern Range (II)Ljava/util/regex/Pattern$CharPredicate; 23 <appendix> member <vmtarget> ; # java/util/regex/Pattern$$Lambda$19+0x800000029
instanceKlass scala/meta/internal/metals/JsonParser$XtensionSerializableToJson
instanceKlass scala/meta/internal/metals/JsonParser$
instanceKlass scala/meta/internal/pc/CompilerInitializationOptions
instanceKlass scala/meta/internal/pc/CompilerInitializationOptions$
instanceKlass scala/meta/internal/metals/InitializationOptions$
instanceKlass  @bci scala/meta/internal/metals/ClientConfiguration <init> (Lscala/meta/internal/metals/MetalsServerConfig;Lscala/Option;)V 58 <appendix> argL0 ; # scala/meta/internal/metals/ClientConfiguration$$Lambda$185+0x000000080120e200
instanceKlass  @bci scala/meta/internal/metals/ClientConfiguration <init> (Lscala/meta/internal/metals/MetalsServerConfig;Lscala/Option;)V 53 <appendix> argL0 ; # scala/meta/internal/metals/ClientConfiguration$$Lambda$184+0x000000080120df60
instanceKlass scala/meta/internal/metals/InitializationOptions
instanceKlass scala/meta/internal/metals/ClientExperimentalCapabilities$
instanceKlass  @bci scala/meta/internal/metals/ClientConfiguration <init> (Lscala/meta/internal/metals/MetalsServerConfig;Lscala/Option;)V 37 <appendix> argL0 ; # scala/meta/internal/metals/ClientConfiguration$$Lambda$183+0x000000080120d760
instanceKlass  @bci scala/meta/internal/metals/ClientConfiguration <init> (Lscala/meta/internal/metals/MetalsServerConfig;Lscala/Option;)V 32 <appendix> argL0 ; # scala/meta/internal/metals/ClientConfiguration$$Lambda$182+0x000000080120d4c0
instanceKlass scala/meta/internal/metals/ClientExperimentalCapabilities
instanceKlass  @bci scala/meta/internal/metals/ClientConfiguration <init> (Lscala/meta/internal/metals/MetalsServerConfig;Lscala/Option;)V 16 <appendix> argL0 ; # scala/meta/internal/metals/ClientConfiguration$$Lambda$181+0x000000080120ceb0
instanceKlass scala/meta/internal/metals/ClientConfiguration
instanceKlass scala/meta/internal/metals/ClientConfiguration$
instanceKlass scala/meta/internal/metals/WorkspaceLspService$HttpServerOff$
instanceKlass scala/meta/internal/metals/Reporter
instanceKlass scala/meta/pc/reports/Reporter
instanceKlass scala/meta/internal/metals/LoggerReportContext$
instanceKlass scala/meta/internal/metals/ConnectRequest
instanceKlass scala/meta/internal/metals/ConnectKind
instanceKlass scala/meta/internal/tvp/TreeViewProvider
instanceKlass scala/meta/internal/metals/WorkspaceLspService$HttpServerStatus
instanceKlass  @bci scala/meta/metals/MetalsLanguageServer initialize (Lorg/eclipse/lsp4j/InitializeParams;)Ljava/util/concurrent/CompletableFuture; 217 <appendix> member <vmtarget> ; # scala/meta/metals/MetalsLanguageServer$$Lambda$180+0x0000000801207660
instanceKlass sun/nio/fs/WindowsLinkSupport
instanceKlass java/nio/file/FileVisitor
instanceKlass scala/meta/internal/mtags/ScalametaCommonEnrichments$XtensionAbsolutePath
instanceKlass sun/nio/fs/WindowsUriSupport
instanceKlass scala/meta/internal/mtags/MtagsEnrichments$XtensionURIMtags
instanceKlass  @bci scala/meta/internal/mtags/EncoderDecoder $anonfun$encode$1 (Lscala/meta/internal/mtags/EncoderDecoder;C)Ljava/lang/String; 9 <appendix> member <vmtarget> ; # scala/meta/internal/mtags/EncoderDecoder$$Lambda$179+0x0000000801206e70
instanceKlass  @bci scala/meta/internal/mtags/EncoderDecoder encode (Ljava/lang/String;)Ljava/lang/String; 11 <appendix> member <vmtarget> ; # scala/meta/internal/mtags/EncoderDecoder$$Lambda$178+0x0000000801206ab8
instanceKlass  @bci scala/meta/internal/mtags/URIEncoderDecoder$ <clinit> ()V 16 <appendix> argL0 ; # scala/meta/internal/mtags/URIEncoderDecoder$$$Lambda$177+0x0000000801206708
instanceKlass  @bci scala/meta/internal/mtags/EncoderDecoder <init> (CLscala/collection/immutable/Set;)V 44 <appendix> argL0 ; # scala/meta/internal/mtags/EncoderDecoder$$Lambda$176+0x0000000801206358
instanceKlass scala/util/hashing/MurmurHash3$ArrayHashing
instanceKlass  @bci scala/meta/internal/metals/StringCase$ kebabToCamel (Ljava/lang/String;)Ljava/lang/String; 57 <appendix> form vmentry <vmtarget> ; # java/lang/invoke/LambdaForm$MH+0x000000080120a400
# instanceKlass java/lang/invoke/LambdaForm$MH+0x000000080120a000
instanceKlass  @bci scala/meta/internal/metals/StringCase$ kebabToCamel (Ljava/lang/String;)Ljava/lang/String; 57 <appendix> argL3 form vmentry <vmtarget> ; # java/lang/invoke/LambdaForm$MH+0x0000000801209c00
# instanceKlass java/lang/invoke/LambdaForm$MH+0x0000000801209800
# instanceKlass java/lang/invoke/LambdaForm$MH+0x0000000801209400
# instanceKlass java/lang/invoke/LambdaForm$MH+0x0000000801209000
# instanceKlass java/lang/invoke/LambdaForm$MH+0x0000000801208c00
instanceKlass  @bci scala/meta/internal/metals/StringCase$ kebabToCamel (Ljava/lang/String;)Ljava/lang/String; 57 <appendix> argL1 form vmentry <vmtarget> ; # java/lang/invoke/LambdaForm$MH+0x0000000801208800
# instanceKlass java/lang/invoke/LambdaForm$MH+0x0000000801208400
instanceKlass  @bci scala/meta/internal/metals/StringCase$ kebabToCamel (Ljava/lang/String;)Ljava/lang/String; 57 <appendix> argL1 argL0 form vmentry <vmtarget> ; # java/lang/invoke/LambdaForm$MH+0x0000000801208000
# instanceKlass java/lang/invoke/LambdaForm$MH+0x00000008011bdc00
# instanceKlass java/lang/invoke/LambdaForm$MH+0x00000008011bd800
instanceKlass scala/collection/immutable/SetNode$
instanceKlass scala/collection/immutable/HashSet$
instanceKlass  @bci scala/meta/internal/mtags/EncoderDecoder <init> (CLscala/collection/immutable/Set;)V 12 <appendix> member <vmtarget> ; # scala/meta/internal/mtags/EncoderDecoder$$Lambda$175+0x0000000801203980
instanceKlass scala/collection/immutable/HashSetBuilder
instanceKlass scala/meta/internal/mtags/EncoderDecoder
instanceKlass scala/meta/internal/mtags/MtagsEnrichments$XtensionStringMtags
instanceKlass scala/meta/internal/mtags/MtagsEnrichments$
instanceKlass scala/meta/internal/metals/ReportContext
instanceKlass scala/meta/pc/reports/ReportContext
instanceKlass scala/meta/pc/reports/Report
instanceKlass scala/meta/internal/metals/MetalsEnrichments$XtensionString
instanceKlass scala/meta/internal/metals/Folder$
instanceKlass  @bci scala/meta/metals/MetalsLanguageServer initialize (Lorg/eclipse/lsp4j/InitializeParams;)Ljava/util/concurrent/CompletableFuture; 153 <appendix> argL0 ; # scala/meta/metals/MetalsLanguageServer$$Lambda$174+0x00000008011bf888
instanceKlass scala/collection/convert/AsScalaExtensions$IteratorHasAsScala
instanceKlass scala/collection/convert/JavaCollectionWrappers$IterableWrapperTrait
instanceKlass scala/collection/convert/AsScalaExtensions$ListHasAsScala
instanceKlass  @bci scala/meta/metals/MetalsLanguageServer initialize (Lorg/eclipse/lsp4j/InitializeParams;)Ljava/util/concurrent/CompletableFuture; 75 <appendix> argL0 ; # scala/meta/metals/MetalsLanguageServer$$Lambda$173+0x00000008011be230
# instanceKlass java/lang/invoke/LambdaForm$MH+0x00000008011bd400
# instanceKlass java/lang/invoke/LambdaForm$MH+0x00000008011bd000
# instanceKlass java/lang/invoke/LambdaForm$DMH+0x00000008011bcc00
instanceKlass com/google/gson/internal/LinkedTreeMap$Node
instanceKlass com/google/gson/internal/LinkedTreeMap$1
instanceKlass com/google/gson/internal/bind/JsonElementTypeAdapter$1
instanceKlass org/eclipse/lsp4j/jsonrpc/util/Preconditions
instanceKlass  @bci jdk/internal/reflect/MethodHandleBooleanFieldAccessorImpl setBoolean (Ljava/lang/Object;Z)V 41 <adapter> ; # java/lang/invoke/LambdaForm$MH+0x00000008011bc800
# instanceKlass java/lang/invoke/LambdaForm$MH+0x00000008011bc400
# instanceKlass java/lang/invoke/LambdaForm$MH+0x00000008011bc000
instanceKlass org/eclipse/lsp4j/jsonrpc/json/adapters/JsonElementTypeAdapter$Factory
instanceKlass org/eclipse/lsp4j/StaleRequestCapabilities
instanceKlass org/eclipse/lsp4j/MarkdownCapabilities
instanceKlass org/eclipse/lsp4j/RegularExpressionsCapabilities
instanceKlass org/eclipse/lsp4j/WindowShowMessageRequestActionItemCapabilities
instanceKlass org/eclipse/lsp4j/ShowDocumentCapabilities
instanceKlass org/eclipse/lsp4j/WindowShowMessageRequestCapabilities
instanceKlass org/eclipse/lsp4j/InlayHintResolveSupportCapabilities
instanceKlass org/eclipse/lsp4j/SemanticTokensClientCapabilitiesRequestsFull
instanceKlass org/eclipse/lsp4j/SemanticTokensClientCapabilitiesRequests
instanceKlass org/eclipse/lsp4j/FoldingRangeSupportCapabilities
instanceKlass org/eclipse/lsp4j/FoldingRangeKindSupportCapabilities
instanceKlass org/eclipse/lsp4j/jsonrpc/json/adapters/EitherTypeAdapter$EitherTypeArgument
instanceKlass org/eclipse/lsp4j/DiagnosticsTagSupport
instanceKlass org/eclipse/lsp4j/CodeLensResolveSupportCapabilities
instanceKlass org/eclipse/lsp4j/CodeActionKindCapabilities
instanceKlass org/eclipse/lsp4j/CodeActionTagSupportCapabilities
instanceKlass org/eclipse/lsp4j/CodeActionResolveSupportCapabilities
instanceKlass org/eclipse/lsp4j/CodeActionLiteralSupportCapabilities
instanceKlass org/eclipse/lsp4j/ParameterInformationCapabilities
instanceKlass org/eclipse/lsp4j/SignatureInformationCapabilities
instanceKlass org/eclipse/lsp4j/CompletionItemInsertTextModeSupportCapabilities
instanceKlass org/eclipse/lsp4j/CompletionItemResolveSupportCapabilities
instanceKlass org/eclipse/lsp4j/CompletionItemTagSupportCapabilities
instanceKlass org/eclipse/lsp4j/CompletionListCapabilities
instanceKlass org/eclipse/lsp4j/CompletionItemCapabilities
instanceKlass org/eclipse/lsp4j/CompletionItemKindCapabilities
instanceKlass org/eclipse/lsp4j/PublishDiagnosticsCapabilities
instanceKlass org/eclipse/lsp4j/FiltersCapabilities
instanceKlass  @bci jdk/internal/reflect/MethodHandleBooleanFieldAccessorImpl getBoolean (Ljava/lang/Object;)Z 20 <adapter> ; # java/lang/invoke/LambdaForm$MH+0x00000008011b4c00
# instanceKlass java/lang/invoke/LambdaForm$MH+0x00000008011b4800
# instanceKlass java/lang/invoke/LambdaForm$BMH+0x00000008011b4400
# instanceKlass java/lang/invoke/LambdaForm$DMH+0x00000008011b4000
instanceKlass org/eclipse/lsp4j/WorkspaceSymbolResolveSupportCapabilities
instanceKlass org/eclipse/lsp4j/SymbolTagSupportCapabilities
instanceKlass org/eclipse/lsp4j/SymbolKindCapabilities
instanceKlass  @bci org/eclipse/lsp4j/jsonrpc/json/adapters/CollectionTypeAdapter$Factory getConstructor (Ljava/lang/Class;)Ljava/util/function/Supplier; 62 <appendix> argL0 ; # org/eclipse/lsp4j/jsonrpc/json/adapters/CollectionTypeAdapter$Factory$$Lambda$172+0x00000008011af708
instanceKlass org/eclipse/lsp4j/jsonrpc/json/adapters/TypeUtils$ParameterizedTypeImpl
instanceKlass org/eclipse/lsp4j/WorkspaceEditChangeAnnotationSupportCapabilities
instanceKlass org/eclipse/lsp4j/FoldingRangeWorkspaceCapabilities
instanceKlass org/eclipse/lsp4j/DiagnosticWorkspaceCapabilities
instanceKlass org/eclipse/lsp4j/InlineValueWorkspaceCapabilities
instanceKlass org/eclipse/lsp4j/InlayHintWorkspaceCapabilities
instanceKlass org/eclipse/lsp4j/CodeLensWorkspaceCapabilities
instanceKlass org/eclipse/lsp4j/SemanticTokensWorkspaceCapabilities
instanceKlass org/eclipse/lsp4j/DynamicRegistrationCapabilities
instanceKlass org/eclipse/lsp4j/WorkspaceEditCapabilities
instanceKlass org/eclipse/lsp4j/GeneralClientCapabilities
instanceKlass org/eclipse/lsp4j/NotebookDocumentClientCapabilities
instanceKlass org/eclipse/lsp4j/WindowClientCapabilities
instanceKlass org/eclipse/lsp4j/TextDocumentClientCapabilities
instanceKlass org/eclipse/lsp4j/WorkspaceClientCapabilities
instanceKlass org/eclipse/lsp4j/ClientCapabilities
instanceKlass  @bci tools/jackson/databind/deser/impl/MethodProperty set (Ltools/jackson/databind/DeserializationContext;Ljava/lang/Object;Ljava/lang/Object;)V 21 <adapter> ; # java/lang/invoke/LambdaForm$MH+0x00000008011adc00
# instanceKlass java/lang/invoke/LambdaForm$MH+0x00000008011ad800
# instanceKlass java/lang/invoke/LambdaForm$MH+0x00000008011ad400
# instanceKlass java/lang/invoke/LambdaForm$MH+0x00000008011ad000
# instanceKlass java/lang/invoke/LambdaForm$MH+0x00000008011acc00
instanceKlass com/google/gson/internal/bind/ReflectiveTypeAdapterFactory$FieldsData
instanceKlass org/eclipse/lsp4j/jsonrpc/validation/NonNull
instanceKlass com/google/gson/annotations/SerializedName
# instanceKlass java/lang/invoke/LambdaForm$MH+0x00000008011ac800
# instanceKlass java/lang/invoke/LambdaForm$MH+0x00000008011ac400
instanceKlass  @cpi org/flywaydb/core/FlywayExecutor 717 form vmentry <vmtarget> ; # java/lang/invoke/LambdaForm$DMH+0x00000008011ac000
instanceKlass sun/invoke/util/ValueConversions$WrapperCache
instanceKlass com/google/gson/internal/Primitives
instanceKlass com/google/gson/internal/GsonPreconditions
instanceKlass com/google/gson/internal/GsonTypes$ParameterizedTypeImpl
instanceKlass  @bci com/google/gson/internal/ConstructorConstructor newDefaultConstructor (Ljava/lang/Class;Lcom/google/gson/ReflectionAccessFilter$FilterResult;)Lcom/google/gson/internal/ObjectConstructor; 130 <appendix> member <vmtarget> ; # com/google/gson/internal/ConstructorConstructor$$Lambda$171+0x00000008011a90e0
instanceKlass com/google/gson/internal/ObjectConstructor
instanceKlass com/google/gson/internal/ReflectionAccessFilterHelper
instanceKlass org/eclipse/lsp4j/adapters/InitializeParamsTypeAdapter$Factory
instanceKlass com/google/gson/annotations/JsonAdapter
instanceKlass org/eclipse/lsp4j/jsonrpc/messages/Tuple$Two
instanceKlass org/eclipse/lsp4j/jsonrpc/messages/Tuple
instanceKlass org/eclipse/lsp4j/jsonrpc/json/adapters/TypeUtils
instanceKlass java/lang/reflect/AnnotatedType
instanceKlass com/google/gson/internal/reflect/ReflectionHelper$RecordHelper
instanceKlass com/google/gson/internal/reflect/ReflectionHelper
instanceKlass java/lang/reflect/WildcardType
instanceKlass com/google/gson/internal/GsonTypes
instanceKlass com/google/gson/reflect/TypeToken
instanceKlass com/google/gson/internal/JsonReaderInternalAccess
instanceKlass org/eclipse/lsp4j/jsonrpc/json/StreamMessageProducer$Headers
instanceKlass org/eclipse/lsp4j/jsonrpc/json/ConcurrentMessageProcessor$1
instanceKlass java/util/concurrent/Executors$RunnableAdapter
instanceKlass java/util/concurrent/Callable
instanceKlass java/util/concurrent/FutureTask$WaitNode
instanceKlass java/util/concurrent/FutureTask
instanceKlass org/eclipse/lsp4j/jsonrpc/StandardLauncher
instanceKlass org/eclipse/lsp4j/jsonrpc/json/ConcurrentMessageProcessor
instanceKlass org/eclipse/lsp4j/jsonrpc/json/StreamMessageProducer
instanceKlass  @bci java/lang/reflect/Proxy getProxyConstructor (Ljava/lang/Class;Ljava/lang/ClassLoader;[Ljava/lang/Class;)Ljava/lang/reflect/Constructor; 80 <appendix> argL0 ; # java/lang/reflect/Proxy$$Lambda$170+0x00000008011c2018
instanceKlass  @bci org/eclipse/lsp4j/jsonrpc/services/EndpointProxy <init> (Lorg/eclipse/lsp4j/jsonrpc/Endpoint;Ljava/util/Collection;)V 197 <appendix> member <vmtarget> ; # org/eclipse/lsp4j/jsonrpc/services/EndpointProxy$$Lambda$169+0x00000008011a33f0
instanceKlass  @bci org/eclipse/lsp4j/jsonrpc/services/EndpointProxy <init> (Lorg/eclipse/lsp4j/jsonrpc/Endpoint;Ljava/util/Collection;)V 178 <appendix> member <vmtarget> ; # org/eclipse/lsp4j/jsonrpc/services/EndpointProxy$$Lambda$168+0x00000008011a31d0
instanceKlass  @cpi org/eclipse/lsp4j/jsonrpc/services/EndpointProxy 279 form vmentry <vmtarget> ; # java/lang/invoke/LambdaForm$DMH+0x00000008011a5000
instanceKlass org/eclipse/lsp4j/jsonrpc/services/EndpointProxy
instanceKlass  @bci org/eclipse/lsp4j/jsonrpc/RemoteEndpoint <clinit> ()V 11 <appendix> argL0 ; # org/eclipse/lsp4j/jsonrpc/RemoteEndpoint$$Lambda$167+0x00000008011a2d88
instanceKlass org/eclipse/lsp4j/jsonrpc/messages/ResponseError
instanceKlass org/eclipse/lsp4j/jsonrpc/messages/Message
instanceKlass org/eclipse/lsp4j/jsonrpc/RemoteEndpoint
instanceKlass  @cpi org/flywaydb/core/internal/callback/DefaultCallbackExecutor 355 form vmentry <vmtarget> ; # java/lang/invoke/LambdaForm$DMH+0x00000008011a4c00
instanceKlass  @bci org/flywaydb/core/internal/callback/DefaultCallbackExecutor execute (Lorg/flywaydb/core/api/callback/CallbackEvent;Lorg/flywaydb/core/internal/database/base/Connection;)Ljava/util/Collection; 49 <appendix> form vmentry <vmtarget> ; # java/lang/invoke/LambdaForm$DMH+0x00000008011a4800
instanceKlass  @bci org/eclipse/lsp4j/jsonrpc/services/GenericEndpoint recursiveFindRpcMethods (Ljava/lang/Object;Ljava/util/Set;Ljava/util/Set;)V 24 <appendix> member <vmtarget> ; # org/eclipse/lsp4j/jsonrpc/services/GenericEndpoint$$Lambda$166+0x00000008011a1388
instanceKlass  @cpi org/flywaydb/core/internal/callback/DefaultCallbackExecutor 373 form vmentry <vmtarget> ; # java/lang/invoke/LambdaForm$DMH+0x00000008011a4400
instanceKlass  @bci org/eclipse/lsp4j/jsonrpc/services/GenericEndpoint lambda$recursiveFindRpcMethods$1 (Ljava/lang/Object;Lorg/eclipse/lsp4j/jsonrpc/services/AnnotationUtil$MethodInfo;)V 3 <appendix> member <vmtarget> ; # org/eclipse/lsp4j/jsonrpc/services/GenericEndpoint$$Lambda$165+0x00000008011a1158
instanceKlass  @bci org/eclipse/lsp4j/jsonrpc/services/GenericEndpoint recursiveFindRpcMethods (Ljava/lang/Object;Ljava/util/Set;Ljava/util/Set;)V 7 <appendix> member <vmtarget> ; # org/eclipse/lsp4j/jsonrpc/services/GenericEndpoint$$Lambda$164+0x00000008011a0f38
instanceKlass jdk/internal/logger/DefaultLoggerFinder$1
instanceKlass java/util/logging/Logger$SystemLoggerHelper$1
instanceKlass java/util/logging/Logger$SystemLoggerHelper
instanceKlass java/util/logging/LogManager$4
instanceKlass jdk/internal/logger/BootstrapLogger$BootstrapExecutors
instanceKlass jdk/internal/logger/BootstrapLogger$RedirectedLoggers
instanceKlass jdk/internal/logger/BootstrapLogger$DetectBackend$1
instanceKlass jdk/internal/logger/BootstrapLogger$DetectBackend
instanceKlass jdk/internal/logger/BootstrapLogger
instanceKlass sun/util/logging/PlatformLogger$ConfigurableBridge
instanceKlass sun/util/logging/PlatformLogger$Bridge
instanceKlass java/util/stream/Streams
instanceKlass java/util/stream/Stream$Builder
instanceKlass java/util/stream/Streams$AbstractStreamBuilderImpl
instanceKlass  @bci java/util/stream/FindOps$FindSink$OfRef <clinit> ()V 43 <appendix> argL0 ; # java/util/stream/FindOps$FindSink$OfRef$$Lambda$37+0x80000004c
instanceKlass  @bci java/util/stream/FindOps$FindSink$OfRef <clinit> ()V 38 <appendix> argL0 ; # java/util/stream/FindOps$FindSink$OfRef$$Lambda$39+0x80000004e
instanceKlass  @bci java/util/stream/FindOps$FindSink$OfRef <clinit> ()V 16 <appendix> argL0 ; # java/util/stream/FindOps$FindSink$OfRef$$Lambda$38+0x80000004d
instanceKlass  @bci java/util/stream/FindOps$FindSink$OfRef <clinit> ()V 11 <appendix> argL0 ; # java/util/stream/FindOps$FindSink$OfRef$$Lambda$40+0x80000004f
instanceKlass java/util/stream/FindOps$FindOp
instanceKlass java/util/stream/TerminalOp
instanceKlass java/util/stream/FindOps$FindSink
instanceKlass java/util/stream/TerminalSink
instanceKlass java/util/stream/FindOps
instanceKlass  @bci java/util/logging/Level$KnownLevel findByName (Ljava/lang/String;Ljava/util/function/Function;)Ljava/util/Optional; 29 <appendix> argL0 ; # java/util/logging/Level$KnownLevel$$Lambda$15+0x800000023
instanceKlass java/util/ArrayList$ArrayListSpliterator
instanceKlass  @bci java/util/logging/Level findLevel (Ljava/lang/String;)Ljava/util/logging/Level; 13 <appendix> argL0 ; # java/util/logging/Level$$Lambda$12+0x800000010
instanceKlass java/util/Hashtable$Enumerator
instanceKlass java/util/Collections$3
instanceKlass java/util/logging/LogManager$LoggerContext$1
instanceKlass java/util/logging/LogManager$VisitedLoggers
instanceKlass java/util/logging/LogManager$2
instanceKlass java/lang/System$LoggerFinder
instanceKlass sun/security/util/SecurityProperties
instanceKlass sun/security/util/FilePermCompat
instanceKlass java/util/logging/LogManager$LoggingProviderAccess
instanceKlass sun/util/logging/internal/LoggingProviderImpl$LogManagerAccess
instanceKlass java/util/logging/LogManager$LogNode
instanceKlass java/util/logging/LogManager$LoggerContext
instanceKlass java/util/logging/LogManager$1
instanceKlass java/util/logging/LogManager
instanceKlass java/util/logging/Logger$ConfigurationData
instanceKlass java/util/logging/Logger$LoggerBundle
instanceKlass  @bci java/util/logging/Level$KnownLevel add (Ljava/util/logging/Level;)V 49 <appendix> argL0 ; # java/util/logging/Level$KnownLevel$$Lambda$14+0x800000022
instanceKlass  @bci java/util/logging/Level$KnownLevel add (Ljava/util/logging/Level;)V 19 <appendix> argL0 ; # java/util/logging/Level$KnownLevel$$Lambda$13+0x800000021
instanceKlass java/util/logging/Level
instanceKlass java/util/logging/Handler
instanceKlass java/util/logging/Logger
instanceKlass org/eclipse/lsp4j/jsonrpc/services/GenericEndpoint
# instanceKlass java/lang/invoke/LambdaForm$DMH+0x00000008011a4000
instanceKlass org/eclipse/lsp4j/jsonrpc/json/StreamMessageConsumer
instanceKlass org/eclipse/lsp4j/jsonrpc/json/MessageConstants
instanceKlass com/google/gson/internal/bind/ReflectiveTypeAdapterFactory$BoundField
instanceKlass com/google/gson/internal/bind/ReflectiveTypeAdapterFactory
instanceKlass com/google/gson/internal/bind/JsonAdapterAnnotationTypeAdapterFactory$DummyTypeAdapterFactory
instanceKlass com/google/gson/internal/bind/JsonAdapterAnnotationTypeAdapterFactory
instanceKlass com/google/gson/internal/bind/MapTypeAdapterFactory
instanceKlass com/google/gson/internal/bind/CollectionTypeAdapterFactory
instanceKlass com/google/gson/internal/bind/ArrayTypeAdapter$1
instanceKlass com/google/gson/internal/bind/DefaultDateTypeAdapter$1
instanceKlass java/util/concurrent/atomic/AtomicLongArray
instanceKlass com/google/gson/internal/bind/NumberTypeAdapter$1
instanceKlass com/google/gson/internal/bind/ObjectTypeAdapter$1
instanceKlass com/google/gson/internal/bind/EnumTypeAdapter$1
instanceKlass com/google/gson/internal/bind/TypeAdapters$31
instanceKlass java/util/Currency
instanceKlass java/util/UUID
instanceKlass com/google/gson/internal/bind/TypeAdapters$32
instanceKlass java/util/concurrent/atomic/AtomicIntegerArray
instanceKlass com/google/gson/internal/bind/TypeAdapters$30
instanceKlass java/util/BitSet
instanceKlass com/google/gson/internal/bind/TypeAdapters$29
instanceKlass com/google/gson/internal/bind/TypeAdapters
instanceKlass com/google/gson/internal/ConstructorConstructor
instanceKlass com/google/gson/internal/sql/SqlTimestampTypeAdapter$1
instanceKlass com/google/gson/internal/sql/SqlTimeTypeAdapter$1
instanceKlass com/google/gson/internal/sql/SqlDateTypeAdapter$1
instanceKlass java/text/Format
instanceKlass com/google/gson/internal/bind/DefaultDateTypeAdapter$DateType
instanceKlass com/google/gson/internal/sql/SqlTypesSupport
instanceKlass org/eclipse/lsp4j/jsonrpc/json/adapters/MessageTypeAdapter$Factory
instanceKlass org/eclipse/lsp4j/jsonrpc/json/adapters/EnumTypeAdapter$Factory
instanceKlass org/eclipse/lsp4j/jsonrpc/json/adapters/TupleTypeAdapters$TwoTypeAdapterFactory
instanceKlass org/eclipse/lsp4j/jsonrpc/json/adapters/EitherTypeAdapter$Factory
instanceKlass org/eclipse/lsp4j/jsonrpc/json/adapters/ThrowableTypeAdapter$Factory
instanceKlass org/eclipse/lsp4j/jsonrpc/json/adapters/CollectionTypeAdapter$Factory
instanceKlass com/google/gson/FormattingStyle
instanceKlass com/google/gson/stream/JsonReader
instanceKlass com/google/gson/stream/JsonWriter
instanceKlass com/google/gson/ToNumberStrategy
instanceKlass com/google/gson/Gson
instanceKlass com/google/gson/TypeAdapter
instanceKlass com/google/gson/internal/Excluder
instanceKlass com/google/gson/FieldNamingStrategy
instanceKlass com/google/gson/GsonBuilder
instanceKlass org/eclipse/lsp4j/jsonrpc/messages/CancelParams
instanceKlass com/google/gson/TypeAdapterFactory
instanceKlass com/google/gson/JsonElement
instanceKlass org/eclipse/lsp4j/jsonrpc/json/MessageJsonHandler
instanceKlass org/eclipse/lsp4j/WorkDoneProgressCancelParams
instanceKlass scala/meta/internal/tvp/MetalsTreeViewChildrenResult
instanceKlass scala/meta/internal/tvp/TreeViewParentResult
instanceKlass scala/meta/internal/tvp/TreeViewNodeRevealResult
instanceKlass scala/meta/internal/metals/doctor/DoctorVisibilityDidChangeParams
instanceKlass scala/meta/internal/tvp/TreeViewVisibilityDidChangeParams
instanceKlass scala/meta/internal/tvp/TreeViewNodeCollapseDidChangeParams
instanceKlass scala/meta/internal/metals/findfiles/FindTextInDependencyJarsRequest
instanceKlass scala/meta/internal/tvp/TreeViewChildrenParams
instanceKlass scala/meta/internal/tvp/TreeViewParentParams
instanceKlass org/eclipse/lsp4j/DidChangeWatchedFilesParams
instanceKlass org/eclipse/lsp4j/DidChangeWorkspaceFoldersParams
instanceKlass org/eclipse/lsp4j/DidChangeConfigurationParams
instanceKlass org/eclipse/lsp4j/RenameFilesParams
instanceKlass org/eclipse/lsp4j/CallHierarchyItem
instanceKlass org/eclipse/lsp4j/TypeHierarchyItem
instanceKlass org/eclipse/lsp4j/CallHierarchyIncomingCall
instanceKlass org/eclipse/lsp4j/CallHierarchyOutgoingCall
instanceKlass org/eclipse/lsp4j/CompletionList
instanceKlass org/eclipse/lsp4j/SemanticTokens
instanceKlass org/eclipse/lsp4j/SignatureHelp
instanceKlass org/eclipse/lsp4j/FoldingRange
instanceKlass org/eclipse/lsp4j/SelectionRange
instanceKlass org/eclipse/lsp4j/CodeLens
instanceKlass org/eclipse/lsp4j/Hover
instanceKlass org/eclipse/lsp4j/SymbolInformation
instanceKlass org/eclipse/lsp4j/DocumentSymbol
instanceKlass org/eclipse/lsp4j/jsonrpc/messages/Either
instanceKlass org/eclipse/lsp4j/DocumentHighlight
instanceKlass org/eclipse/lsp4j/Range
instanceKlass org/eclipse/lsp4j/TextEdit
instanceKlass org/eclipse/lsp4j/Location
instanceKlass org/eclipse/lsp4j/WorkspaceEdit
instanceKlass org/eclipse/lsp4j/CompletionItem
instanceKlass org/eclipse/lsp4j/InlayHintParams
instanceKlass org/eclipse/lsp4j/CodeAction
instanceKlass org/eclipse/lsp4j/InlayHint
instanceKlass org/eclipse/lsp4j/DocumentRangeFormattingParams
instanceKlass scala/meta/internal/metals/HoverExtParams
instanceKlass org/eclipse/lsp4j/WorkDoneProgressAndPartialResultParams
instanceKlass org/eclipse/lsp4j/DocumentFormattingParams
instanceKlass org/eclipse/lsp4j/DidSaveTextDocumentParams
instanceKlass org/eclipse/lsp4j/DidCloseTextDocumentParams
instanceKlass org/eclipse/lsp4j/DidChangeTextDocumentParams
instanceKlass org/eclipse/lsp4j/DidOpenTextDocumentParams
instanceKlass org/eclipse/lsp4j/PartialResultParams
instanceKlass org/eclipse/lsp4j/TextDocumentPositionParams
instanceKlass org/eclipse/lsp4j/ClientInfo
instanceKlass scala/runtime/LazyRef
instanceKlass scala/meta/internal/metals/Folder
instanceKlass scala/meta/internal/metals/WorkspaceLspService
instanceKlass scala/meta/internal/metals/MemoryMonitor
instanceKlass org/eclipse/lsp4j/InitializeResult
instanceKlass org/eclipse/lsp4j/InitializedParams
instanceKlass org/eclipse/lsp4j/InitializeParams
instanceKlass jdk/internal/vm/annotation/IntrinsicCandidate
instanceKlass java/lang/annotation/Documented
instanceKlass java/lang/Deprecated
instanceKlass org/eclipse/lsp4j/jsonrpc/json/JsonRpcMethodProvider
instanceKlass org/eclipse/lsp4j/jsonrpc/services/JsonDelegate
instanceKlass  @bci org/eclipse/lsp4j/jsonrpc/services/ServiceEndpoints getSupportedMethods (Ljava/lang/Class;Ljava/util/Set;)Ljava/util/Map; 29 <appendix> member <vmtarget> ; # org/eclipse/lsp4j/jsonrpc/services/ServiceEndpoints$$Lambda$155+0x00000008011813c0
instanceKlass scala/meta/internal/metals/clients/language/MetalsQuickPickParams
instanceKlass scala/meta/internal/metals/clients/language/MetalsStatusParams
instanceKlass scala/meta/internal/metals/clients/language/MetalsInputBoxParams
instanceKlass scala/meta/internal/metals/clients/language/RawMetalsReadClipboardResult
instanceKlass scala/meta/internal/metals/clients/language/RawMetalsQuickPickResult
instanceKlass scala/meta/internal/metals/clients/language/RawMetalsInputBoxResult
instanceKlass org/eclipse/lsp4j/ExecuteCommandParams
instanceKlass org/eclipse/lsp4j/WorkDoneProgressParams
instanceKlass java/lang/invoke/SerializedLambda
instanceKlass scala/meta/internal/tvp/TreeViewDidChangeParams
instanceKlass scala/reflect/ScalaSignature
instanceKlass org/eclipse/lsp4j/ApplyWorkspaceEditResponse
instanceKlass org/eclipse/lsp4j/WorkspaceFolder
instanceKlass org/eclipse/lsp4j/ShowDocumentResult
instanceKlass org/eclipse/lsp4j/MessageActionItem
instanceKlass org/eclipse/lsp4j/jsonrpc/services/JsonNotification
instanceKlass org/eclipse/lsp4j/jsonrpc/json/JsonRpcMethod
instanceKlass org/eclipse/lsp4j/jsonrpc/json/ResponseJsonAdapter
instanceKlass sun/reflect/generics/reflectiveObjects/LazyReflectiveObjectGenerator
instanceKlass sun/reflect/generics/tree/TypeVariableSignature
instanceKlass sun/reflect/generics/tree/ClassSignature
instanceKlass sun/reflect/generics/reflectiveObjects/ParameterizedTypeImpl
instanceKlass java/lang/reflect/ParameterizedType
instanceKlass sun/reflect/generics/tree/MethodTypeSignature
instanceKlass sun/reflect/generics/tree/Signature
instanceKlass sun/reflect/generics/tree/FormalTypeParameter
instanceKlass java/lang/reflect/TypeVariable
instanceKlass sun/reflect/generics/repository/AbstractRepository
instanceKlass  @bci org/eclipse/lsp4j/jsonrpc/services/AnnotationUtil getParameterTypes (Ljava/lang/reflect/Method;)[Ljava/lang/reflect/Type; 17 <appendix> argL0 ; # org/eclipse/lsp4j/jsonrpc/services/AnnotationUtil$$Lambda$154+0x000000080115f768
instanceKlass  @bci org/eclipse/lsp4j/jsonrpc/services/AnnotationUtil getParameterTypes (Ljava/lang/reflect/Method;)[Ljava/lang/reflect/Type; 7 <appendix> argL0 ; # org/eclipse/lsp4j/jsonrpc/services/AnnotationUtil$$Lambda$153+0x000000080115f540
instanceKlass java/lang/annotation/Target
instanceKlass java/lang/reflect/Proxy$ProxyBuilder$1
instanceKlass jdk/internal/org/objectweb/asm/Edge
instanceKlass  @bci java/lang/reflect/ProxyGenerator addProxyMethod (Ljava/lang/reflect/Method;Ljava/lang/Class;)V 23 <appendix> argL0 ; # java/lang/reflect/ProxyGenerator$$Lambda$152+0x000000080117a468
instanceKlass  @bci java/lang/reflect/ProxyGenerator addProxyMethod (Ljava/lang/reflect/ProxyGenerator$ProxyMethod;)V 10 <appendix> argL0 ; # java/lang/reflect/ProxyGenerator$$Lambda$151+0x000000080117a240
instanceKlass java/lang/reflect/ProxyGenerator$ProxyMethod
instanceKlass  @bci java/lang/reflect/Proxy getLoader (Ljava/lang/Module;)Ljava/lang/ClassLoader; 6 <appendix> member <vmtarget> ; # java/lang/reflect/Proxy$$Lambda$150+0x0000000801179b30
instanceKlass  @bci java/lang/WeakPairMap computeIfAbsent (Ljava/lang/Object;Ljava/lang/Object;Ljava/util/function/BiFunction;)Ljava/lang/Object; 18 <appendix> member <vmtarget> ; # java/lang/WeakPairMap$$Lambda$149+0x0000000801179900
instanceKlass  @bci java/lang/Module implAddExportsOrOpens (Ljava/lang/String;Ljava/lang/Module;ZZ)V 143 <appendix> argL0 ; # java/lang/Module$$Lambda$148+0x00000008011796e8
instanceKlass  @bci java/lang/module/ModuleDescriptor$Builder packages (Ljava/util/Set;)Ljava/lang/module/ModuleDescriptor$Builder; 17 <appendix> argL0 ; # java/lang/module/ModuleDescriptor$Builder$$Lambda$1+0x800000002
instanceKlass java/lang/WeakPairMap$Pair$Lookup
instanceKlass java/lang/WeakPairMap$Pair
instanceKlass java/lang/WeakPairMap
instanceKlass java/lang/Module$ReflectionData
instanceKlass java/lang/module/ModuleDescriptor$Builder
instanceKlass  @bci java/lang/reflect/Proxy$ProxyBuilder getDynamicModule (Ljava/lang/ClassLoader;)Ljava/lang/Module; 4 <appendix> argL0 ; # java/lang/reflect/Proxy$ProxyBuilder$$Lambda$146+0x0000000801178df0
instanceKlass java/lang/PublicMethods
instanceKlass java/lang/reflect/Proxy$ProxyBuilder
instanceKlass  @bci java/lang/reflect/Proxy getProxyConstructor (Ljava/lang/Class;Ljava/lang/ClassLoader;[Ljava/lang/Class;)Ljava/lang/reflect/Constructor; 35 <appendix> argL0 ; # java/lang/reflect/Proxy$$Lambda$145+0x00000008011785b8
instanceKlass java/lang/reflect/Proxy
instanceKlass sun/reflect/annotation/AnnotationInvocationHandler
instanceKlass sun/reflect/annotation/AnnotationParser$1
instanceKlass java/lang/annotation/Inherited
instanceKlass java/lang/annotation/Retention
instanceKlass sun/reflect/annotation/ExceptionProxy
instanceKlass sun/reflect/annotation/AnnotationType$1
instanceKlass sun/reflect/annotation/AnnotationType
instanceKlass java/lang/reflect/GenericArrayType
instanceKlass sun/reflect/generics/visitor/Reifier
instanceKlass sun/reflect/generics/visitor/TypeTreeVisitor
instanceKlass sun/reflect/generics/factory/CoreReflectionFactory
instanceKlass sun/reflect/generics/factory/GenericsFactory
instanceKlass sun/reflect/generics/scope/AbstractScope
instanceKlass sun/reflect/generics/scope/Scope
instanceKlass sun/reflect/generics/tree/ClassTypeSignature
instanceKlass sun/reflect/generics/tree/SimpleClassTypeSignature
instanceKlass sun/reflect/generics/tree/FieldTypeSignature
instanceKlass sun/reflect/generics/tree/BaseType
instanceKlass sun/reflect/generics/tree/TypeSignature
instanceKlass sun/reflect/generics/tree/ReturnType
instanceKlass sun/reflect/generics/tree/TypeArgument
instanceKlass sun/reflect/generics/tree/TypeTree
instanceKlass sun/reflect/generics/tree/Tree
instanceKlass sun/reflect/generics/parser/SignatureParser
instanceKlass org/eclipse/lsp4j/jsonrpc/services/JsonRequest
instanceKlass org/eclipse/lsp4j/LogTraceParams
instanceKlass org/eclipse/lsp4j/ApplyWorkspaceEditParams
instanceKlass org/eclipse/lsp4j/RegistrationParams
instanceKlass org/eclipse/lsp4j/ShowDocumentParams
instanceKlass org/eclipse/lsp4j/PublishDiagnosticsParams
instanceKlass org/eclipse/lsp4j/WorkDoneProgressCreateParams
instanceKlass org/eclipse/lsp4j/ProgressParams
instanceKlass org/eclipse/lsp4j/UnregistrationParams
instanceKlass org/eclipse/lsp4j/TextDocumentContentRefreshParams
instanceKlass org/eclipse/lsp4j/MessageParams
instanceKlass java/util/concurrent/CompletableFuture
instanceKlass java/util/concurrent/CompletionStage
instanceKlass org/eclipse/lsp4j/ConfigurationParams
instanceKlass java/lang/Class$AnnotationData
instanceKlass org/eclipse/lsp4j/jsonrpc/services/JsonSegment
instanceKlass org/eclipse/lsp4j/jsonrpc/services/AnnotationUtil
instanceKlass  @bci org/eclipse/lsp4j/jsonrpc/services/ServiceEndpoints getSupportedMethods (Ljava/lang/Class;Ljava/util/Set;)Ljava/util/Map; 11 <appendix> member <vmtarget> ; # org/eclipse/lsp4j/jsonrpc/services/ServiceEndpoints$$Lambda$144+0x000000080115b078
instanceKlass  @cpi tools/jackson/databind/ObjectMapper 1270 form vmentry <vmtarget> ; # java/lang/invoke/LambdaForm$DMH+0x000000080115c400
instanceKlass org/eclipse/lsp4j/jsonrpc/services/AnnotationUtil$MethodInfo
instanceKlass java/lang/reflect/InvocationHandler
instanceKlass org/eclipse/lsp4j/jsonrpc/services/ServiceEndpoints
instanceKlass java/util/Collections$1
instanceKlass org/eclipse/lsp4j/jsonrpc/json/MethodProvider
instanceKlass org/eclipse/lsp4j/jsonrpc/Endpoint
instanceKlass org/eclipse/lsp4j/jsonrpc/Launcher
instanceKlass org/eclipse/lsp4j/jsonrpc/MessageProducer
instanceKlass org/eclipse/lsp4j/jsonrpc/MessageConsumer
instanceKlass org/eclipse/lsp4j/jsonrpc/MessageIssueHandler
instanceKlass org/eclipse/lsp4j/jsonrpc/Launcher$Builder
instanceKlass scala/meta/metals/lsp/DelegatingScalaService
instanceKlass java/util/concurrent/ConcurrentLinkedQueue$Node
instanceKlass scala/meta/internal/metals/MutableCancelable
instanceKlass scala/meta/internal/metals/Cancelable
instanceKlass scala/meta/internal/metals/clients/language/NoopLanguageClient
instanceKlass scala/meta/metals/ServerState$Started$
instanceKlass scala/meta/metals/ServerState
instanceKlass scala/meta/internal/metals/ThreadPools$
instanceKlass  @bci scala/meta/internal/metals/ClasspathSearch$Indexer$ <clinit> ()V 10 <appendix> argL0 ; # scala/meta/internal/metals/ClasspathSearch$Indexer$$$Lambda$143+0x00000008011583f0
instanceKlass  @cpi scala/meta/internal/metals/ClasspathSearch$Indexer$ 33 form vmentry <vmtarget> ; # java/lang/invoke/LambdaForm$DMH+0x000000080115c000
instanceKlass scala/meta/internal/metals/ClasspathSearch
instanceKlass scala/meta/internal/metals/ClasspathSearch$Indexer
instanceKlass scala/meta/internal/metals/ClasspathSearch$Indexer$
instanceKlass  @bci scala/meta/internal/metals/MetalsServerInputs$ productionConfiguration ()Lscala/meta/internal/metals/MetalsServerInputs; 50 <appendix> argL0 ; # scala/meta/internal/metals/MetalsServerInputs$$$Lambda$142+0x0000000801157ac0
instanceKlass scala/meta/internal/metals/MtagsResolver$Default$State
instanceKlass scala/meta/internal/metals/MtagsResolver$Default
instanceKlass scala/meta/internal/metals/MtagsResolver
instanceKlass scala/meta/internal/metals/MtagsResolver$
instanceKlass  @bci scala/meta/internal/bsp/BspServers$ $anonfun$globalInstallDirectories$2 (Ljava/lang/String;)Lscala/Option; 4 <appendix> member <vmtarget> ; # scala/meta/internal/bsp/BspServers$$$Lambda$141+0x0000000801157010
instanceKlass  @bci scala/meta/internal/bsp/BspServers$ globalInstallDirectories (Lscala/concurrent/ExecutionContext;)Lscala/collection/immutable/List; 80 <appendix> argL0 ; # scala/meta/internal/bsp/BspServers$$$Lambda$140+0x0000000801156c60
instanceKlass  @bci scala/meta/internal/bsp/BspServers$ globalInstallDirectories (Lscala/concurrent/ExecutionContext;)Lscala/collection/immutable/List; 72 <appendix> argL0 ; # scala/meta/internal/bsp/BspServers$$$Lambda$139+0x00000008011568b0
instanceKlass scala/collection/mutable/HashSet$Node
instanceKlass scala/collection/mutable/HashSet$
instanceKlass  @bci scala/collection/SeqOps distinct ()Ljava/lang/Object; 1 <appendix> argL0 ; # scala/collection/SeqOps$$Lambda$138+0x0000000801151e30
instanceKlass jdk/internal/util/random/RandomSupport
instanceKlass java/util/concurrent/ForkJoinTask$Aux
instanceKlass java/util/concurrent/ForkJoinTask
instanceKlass  @bci scala/meta/internal/metals/MetalsProjectDirectories$ fromPath (Ljava/lang/String;ZLscala/concurrent/ExecutionContext;)Lscala/Option; 3 <appendix> member <vmtarget> ; # scala/meta/internal/metals/MetalsProjectDirectories$$$Lambda$137+0x0000000801151b88
instanceKlass ujson/Value$Selector
instanceKlass ujson/Readable
instanceKlass scala/meta/internal/bsp/BspServers$
instanceKlass scala/meta/internal/metals/AutoImportBuildKind$Off$
instanceKlass scala/meta/internal/metals/TestUserInterfaceKind$CodeLenses$
instanceKlass scala/meta/internal/metals/BloopJvmProperties$Uninitialized$
instanceKlass scala/math/Ordering$Int$
instanceKlass scala/math/Ordering$CachedReverse
instanceKlass scala/math/Ordering$IntOrdering
instanceKlass  @bci scala/meta/internal/mtags/ScalametaCommonEnrichments $init$ (Lscala/meta/internal/mtags/ScalametaCommonEnrichments;)V 7 <appendix> argL0 ; # scala/meta/internal/mtags/ScalametaCommonEnrichments$$Lambda$136+0x0000000801150000
instanceKlass scalapb/UnrecognizedEnum
instanceKlass scala/meta/internal/semanticdb/SymbolInformation$Property$Recognized
instanceKlass scala/meta/internal/semanticdb/SymbolInformation$Property
instanceKlass scala/meta/internal/semanticdb/SymbolInformation$Property$
instanceKlass scalapb/GeneratedEnumCompanion
instanceKlass scala/meta/internal/semanticdb/Language$Recognized
instanceKlass scala/meta/internal/semanticdb/Language
instanceKlass scalapb/GeneratedEnum
instanceKlass scala/meta/internal/metals/MetalsEnrichments$
instanceKlass scala/meta/internal/mtags/MtagsEnrichments
instanceKlass scala/meta/internal/mtags/ScalametaCommonEnrichments
instanceKlass scala/meta/internal/mtags/CommonMtagsEnrichments
instanceKlass scala/meta/internal/metals/UserConfiguration
instanceKlass  @bci scala/meta/internal/metals/UserConfiguration$ <clinit> ()V 16 <appendix> argL0 ; # scala/meta/internal/metals/UserConfiguration$$$Lambda$135+0x0000000801141878
instanceKlass scala/meta/internal/metals/ExcludedPackagesHandler
instanceKlass scala/meta/internal/metals/ExcludedPackagesHandler$
instanceKlass scala/meta/internal/metals/AutoImportBuildKind
instanceKlass scala/meta/internal/metals/BloopJvmProperties
instanceKlass scala/meta/internal/metals/TestUserInterfaceKind
instanceKlass scala/meta/internal/metals/UserConfiguration$
instanceKlass scala/meta/internal/metals/Time$system$
instanceKlass scala/collection/concurrent/TrieMap$MangledHashing
instanceKlass java/util/concurrent/atomic/AtomicIntegerFieldUpdater$AtomicIntegerFieldUpdaterImpl$1
instanceKlass java/util/concurrent/atomic/AtomicIntegerFieldUpdater
instanceKlass scala/collection/concurrent/KVNode
instanceKlass scala/collection/concurrent/INode$
instanceKlass  @bci scala/math/Equiv$ universal ()Lscala/math/Equiv; 0 <appendix> argL0 ; # scala/math/Equiv$$$Lambda$134+0x0000000801142000
instanceKlass scala/util/hashing/Hashing$Default
instanceKlass scala/util/hashing/Hashing$
instanceKlass scala/util/hashing/Hashing
instanceKlass sun/reflect/misc/ReflectUtil
instanceKlass scala/collection/concurrent/Gen
instanceKlass java/util/concurrent/atomic/AtomicReferenceFieldUpdater$AtomicReferenceFieldUpdaterImpl$1
instanceKlass java/util/concurrent/atomic/AtomicReferenceFieldUpdater
instanceKlass scala/collection/concurrent/BasicNode
instanceKlass scala/collection/concurrent/TrieMap$
instanceKlass scala/meta/internal/metals/Buffers
instanceKlass scala/meta/internal/metals/MetalsServerInputs
instanceKlass scala/meta/internal/metals/Time
instanceKlass scala/meta/internal/metals/ProgressTicks
instanceKlass scala/meta/internal/metals/MetalsServerInputs$
instanceKlass scala/meta/metals/MetalsLanguageServer$
instanceKlass scala/meta/metals/lsp/ScalaLspService
instanceKlass scala/meta/metals/lsp/WindowService
instanceKlass scala/meta/metals/lsp/MetalsService
instanceKlass scala/meta/metals/lsp/WorkspaceService
instanceKlass scala/meta/metals/lsp/TextDocumentService
instanceKlass scala/meta/metals/MetalsLanguageServer
instanceKlass scala/meta/metals/lsp/LanguageServer
instanceKlass java/util/concurrent/RunnableScheduledFuture
instanceKlass java/util/concurrent/ScheduledFuture
instanceKlass java/util/concurrent/Delayed
instanceKlass java/util/concurrent/RunnableFuture
instanceKlass java/util/concurrent/Future
instanceKlass java/util/concurrent/Executors$DelegatedExecutorService
instanceKlass java/util/concurrent/ScheduledExecutorService
instanceKlass  @bci scala/meta/internal/metals/logging/LanguageClientLogger$ write (Lscribe/LogRecord;Lscribe/output/LogOutput;Lscribe/output/format/OutputFormat;)V 5 <appendix> member <vmtarget> ; # scala/meta/internal/metals/logging/LanguageClientLogger$$$Lambda$133+0x000000080113f500
instanceKlass scala/meta/internal/metals/clients/language/MetalsLanguageClient
instanceKlass scala/meta/internal/tvp/TreeViewClient
instanceKlass org/eclipse/lsp4j/services/LanguageClient
instanceKlass sun/security/util/ManifestEntryVerifier$SunProviderHolder
instanceKlass java/util/Base64$Encoder
instanceKlass java/util/Base64$Decoder
instanceKlass java/util/Base64
instanceKlass javax/crypto/SecretKey
instanceKlass sun/security/util/Length
instanceKlass sun/security/util/KeyUtil
instanceKlass java/security/interfaces/XECKey
instanceKlass java/security/interfaces/ECKey
instanceKlass sun/security/util/JarConstraintsParameters
instanceKlass sun/security/util/ConstraintsParameters
instanceKlass java/security/Timestamp
instanceKlass sun/security/timestamp/TimestampToken
instanceKlass java/security/cert/CertPath
instanceKlass java/math/MutableBigInteger
instanceKlass sun/security/rsa/RSAPadding
instanceKlass sun/security/rsa/RSACore
instanceKlass java/security/interfaces/RSAPrivateCrtKey
instanceKlass sun/security/pkcs/PKCS8Key
instanceKlass java/security/interfaces/RSAPrivateKey
instanceKlass java/security/PrivateKey
instanceKlass javax/security/auth/Destroyable
instanceKlass sun/security/jca/ServiceId
instanceKlass java/security/Signature$1
instanceKlass jdk/internal/access/JavaSecuritySignatureAccess
instanceKlass java/security/SignatureSpi
instanceKlass jdk/internal/icu/util/CodePointTrie$Data
instanceKlass jdk/internal/icu/util/CodePointTrie$1
instanceKlass jdk/internal/icu/util/CodePointMap
instanceKlass jdk/internal/icu/util/VersionInfo
instanceKlass  @bci jdk/internal/module/SystemModuleFinders$SystemModuleReader open (Ljava/lang/String;)Ljava/util/Optional; 6 <appendix> member <vmtarget> ; # jdk/internal/module/SystemModuleFinders$SystemModuleReader$$Lambda$132+0x0000000801167bd8
instanceKlass jdk/internal/module/Checks
instanceKlass jdk/internal/icu/impl/ICUBinary$1
instanceKlass jdk/internal/icu/impl/ICUBinary
instanceKlass jdk/internal/icu/impl/NormalizerImpl$IsAcceptable
instanceKlass jdk/internal/icu/impl/ICUBinary$Authenticate
instanceKlass jdk/internal/icu/impl/NormalizerImpl
instanceKlass jdk/internal/icu/impl/Norm2AllModes$Norm2AllModesSingleton
instanceKlass jdk/internal/icu/impl/Norm2AllModes$NFKCSingleton
instanceKlass jdk/internal/icu/impl/Norm2AllModes
instanceKlass jdk/internal/icu/text/Normalizer2
instanceKlass jdk/internal/icu/text/NormalizerBase$ModeImpl
instanceKlass jdk/internal/icu/text/NormalizerBase$NFKDModeImpl
instanceKlass jdk/internal/icu/text/NormalizerBase$1
instanceKlass jdk/internal/icu/text/NormalizerBase$Mode
instanceKlass jdk/internal/icu/text/NormalizerBase
instanceKlass java/text/Normalizer
instanceKlass sun/security/x509/AVAKeyword
instanceKlass java/util/StringJoiner
instanceKlass sun/security/util/SignatureUtil
instanceKlass sun/security/pkcs/ESSCertId
instanceKlass sun/security/pkcs/SigningCertificateInfo
instanceKlass sun/security/pkcs/PKCS9Attribute
instanceKlass sun/security/pkcs/PKCS9Attributes
instanceKlass java/time/Instant
instanceKlass java/time/zone/ZoneOffsetTransition
instanceKlass java/time/LocalTime
instanceKlass java/time/temporal/ValueRange
instanceKlass java/time/Duration
instanceKlass java/time/temporal/TemporalAmount
instanceKlass java/time/temporal/TemporalUnit
instanceKlass java/time/temporal/TemporalField
instanceKlass java/time/LocalDate
instanceKlass java/time/chrono/ChronoLocalDate
instanceKlass java/time/ZonedDateTime
instanceKlass java/time/chrono/ChronoZonedDateTime
instanceKlass java/time/LocalDateTime
instanceKlass java/time/chrono/ChronoLocalDateTime
instanceKlass java/time/temporal/Temporal
instanceKlass java/time/zone/ZoneOffsetTransitionRule
instanceKlass java/time/zone/ZoneRules
instanceKlass java/time/temporal/TemporalAdjuster
instanceKlass java/time/temporal/TemporalAccessor
instanceKlass java/time/ZoneId
instanceKlass  @bci java/util/regex/CharPredicates ASCII_DIGIT ()Ljava/util/regex/Pattern$BmpCharPredicate; 0 <appendix> argL0 ; # java/util/regex/CharPredicates$$Lambda$16+0x800000024
instanceKlass sun/security/util/DisabledAlgorithmConstraints$Constraints$Holder
instanceKlass sun/security/util/DisabledAlgorithmConstraints$1
instanceKlass sun/security/util/DisabledAlgorithmConstraints$Constraint
instanceKlass java/security/spec/ECFieldF2m
instanceKlass java/security/spec/ECParameterSpec
instanceKlass java/security/spec/ECPoint
instanceKlass java/security/spec/EllipticCurve
instanceKlass java/security/spec/ECFieldFp
instanceKlass java/security/spec/ECField
instanceKlass sun/security/util/CurveDB
instanceKlass sun/security/util/DisabledAlgorithmConstraints$Constraints
instanceKlass sun/security/util/AbstractAlgorithmConstraints$1
instanceKlass sun/security/util/AlgorithmDecomposer
instanceKlass sun/security/util/DisabledAlgorithmConstraints$JarHolder
instanceKlass  @bci java/util/regex/Pattern DOT ()Ljava/util/regex/Pattern$CharPredicate; 0 <appendix> argL0 ; # java/util/regex/Pattern$$Lambda$130+0x000000080107dc88
instanceKlass sun/security/util/AbstractAlgorithmConstraints
instanceKlass java/security/AlgorithmConstraints
instanceKlass sun/security/pkcs/SignerInfo
instanceKlass java/security/cert/PolicyQualifierInfo
instanceKlass sun/security/x509/CertificatePolicyId
instanceKlass sun/security/x509/PolicyInformation
instanceKlass sun/security/x509/DistributionPoint
instanceKlass sun/security/x509/DNSName
instanceKlass sun/security/x509/URIName
instanceKlass sun/security/x509/GeneralName
instanceKlass sun/security/x509/AccessDescription
instanceKlass sun/security/x509/GeneralNames
instanceKlass java/lang/System$Logger
instanceKlass jdk/internal/event/EventHelper
instanceKlass jdk/internal/event/Event
instanceKlass sun/security/util/MemoryCache$CacheEntry
instanceKlass sun/security/x509/X509AttributeName
instanceKlass sun/security/x509/KeyIdentifier
# instanceKlass java/lang/invoke/LambdaForm$MH+0x0000000801140400
instanceKlass sun/security/x509/OIDMap$OIDInfo
instanceKlass sun/security/x509/PKIXExtensions
instanceKlass sun/security/x509/OIDMap
instanceKlass sun/security/x509/Extension
instanceKlass java/security/cert/Extension
instanceKlass java/util/Collections$SynchronizedMap
instanceKlass sun/security/x509/CertificateExtensions
instanceKlass sun/security/rsa/RSAUtil
instanceKlass sun/security/util/IOUtils
instanceKlass java/security/interfaces/RSAPublicKey
instanceKlass java/security/interfaces/RSAKey
instanceKlass java/security/spec/PSSParameterSpec
instanceKlass java/security/spec/AlgorithmParameterSpec
instanceKlass java/security/spec/RSAPrivateKeySpec
instanceKlass java/security/spec/RSAPublicKeySpec
instanceKlass java/security/KeyFactorySpi
instanceKlass sun/security/rsa/SunRsaSignEntries
instanceKlass sun/security/jca/ProviderList$ServiceList$1
instanceKlass java/security/KeyFactory
instanceKlass java/security/spec/EncodedKeySpec$1
instanceKlass jdk/internal/access/JavaSecuritySpecAccess
instanceKlass java/security/spec/EncodedKeySpec
instanceKlass java/security/spec/KeySpec
instanceKlass sun/security/util/BitArray
instanceKlass sun/security/x509/X509Key
instanceKlass java/security/PublicKey
instanceKlass java/security/Key
instanceKlass sun/security/x509/CertificateX509Key
instanceKlass java/util/Date
instanceKlass sun/security/x509/CertificateValidity
instanceKlass sun/security/x509/AVA
instanceKlass sun/security/x509/RDN
instanceKlass javax/security/auth/x500/X500Principal
instanceKlass sun/security/x509/X500Name$1
instanceKlass sun/security/x509/X500Name
instanceKlass sun/security/x509/GeneralNameInterface
instanceKlass sun/security/x509/CertificateAlgorithmId
instanceKlass sun/security/x509/SerialNumber
instanceKlass sun/security/x509/CertificateSerialNumber
instanceKlass sun/security/x509/CertificateVersion
instanceKlass sun/security/x509/X509CertInfo
instanceKlass sun/security/x509/CertAttrSet
instanceKlass sun/security/util/Cache$EqualByteArray
instanceKlass java/security/cert/X509Extension
instanceKlass java/lang/Byte$ByteCache
instanceKlass  @bci sun/security/util/DerInputStream seeOptionalContextSpecific (I)Z 2 <appendix> member <vmtarget> ; # sun/security/util/DerInputStream$$Lambda$129+0x000000080106f990
instanceKlass  @cpi sun/security/util/DerInputStream 302 form vmentry <vmtarget> ; # java/lang/invoke/LambdaForm$DMH+0x0000000801140000
instanceKlass sun/security/util/Cache
instanceKlass java/security/cert/CertificateFactorySpi
instanceKlass java/security/cert/CertificateFactory
instanceKlass sun/security/x509/AlgorithmId
instanceKlass sun/security/util/ByteArrayTagOrder
instanceKlass sun/security/util/ByteArrayLexOrder
instanceKlass sun/security/util/DerEncoder
instanceKlass sun/security/util/DerValue
instanceKlass sun/security/util/ObjectIdentifier
instanceKlass sun/security/pkcs/ContentInfo
instanceKlass sun/security/util/DerInputStream
instanceKlass sun/security/pkcs/PKCS7
instanceKlass  @bci sun/security/util/ManifestDigester <init> ([B)V 350 <appendix> argL0 ; # sun/security/util/ManifestDigester$$Lambda$128+0x000000080106cd60
instanceKlass sun/security/util/ManifestDigester$Section
instanceKlass sun/security/util/ManifestDigester$Entry
instanceKlass sun/security/util/ManifestDigester$Position
instanceKlass sun/security/util/ManifestDigester
instanceKlass sun/security/util/SignatureFileVerifier
instanceKlass sun/security/util/ManifestEntryVerifier
instanceKlass jdk/internal/misc/ThreadTracker
instanceKlass java/util/jar/JarFile$ThreadTrackHolder
instanceKlass  @bci scribe/file/PathBuilder after (Lscribe/file/FileWriter;)V 5 <appendix> member <vmtarget> ; # scribe/file/PathBuilder$$Lambda$127+0x000000080113eb90
instanceKlass  @bci scribe/file/FileWriter write (Lscribe/LogRecord;Lscribe/output/LogOutput;Lscribe/output/format/OutputFormat;)V 124 <appendix> member <vmtarget> ; # scribe/file/FileWriter$$Lambda$126+0x000000080113e7d8
instanceKlass java/io/PrintWriter$1
instanceKlass jdk/internal/access/JavaIOPrintWriterAccess
instanceKlass  @bci scribe/file/writer/LogFileWriter$ <clinit> ()V 10 <appendix> argL0 ; # scribe/file/writer/LogFileWriter$$$Lambda$125+0x000000080113e428
instanceKlass scribe/file/writer/IOLogFileWriter
instanceKlass scribe/file/writer/LogFileWriter
instanceKlass scribe/file/writer/LogFileWriter$
instanceKlass  @bci scribe/file/LogFile writer$lzycompute ()Lscribe/file/writer/LogFileWriter; 57 <appendix> argL0 ; # scribe/file/LogFile$$Lambda$124+0x000000080113da68
instanceKlass scribe/file/LogFileStatus$Active$
instanceKlass  @bci scribe/file/LogFile writer$lzycompute ()Lscribe/file/writer/LogFileWriter; 29 <appendix> argL0 ; # scribe/file/LogFile$$Lambda$123+0x000000080113d428
instanceKlass scribe/output/TextOutput$
instanceKlass  @bci scribe/output/CompositeOutput plainText$lzycompute ()Ljava/lang/String; 16 <appendix> argL0 ; # scribe/output/CompositeOutput$$Lambda$122+0x000000080113ce88
instanceKlass  @bci scribe/file/FileWriter write (Lscribe/LogRecord;Lscribe/output/LogOutput;Lscribe/output/format/OutputFormat;)V 111 <appendix> member <vmtarget> ; # scribe/file/FileWriter$$Lambda$121+0x000000080113cad0
instanceKlass  @bci scribe/file/FileWriter write (Lscribe/LogRecord;Lscribe/output/LogOutput;Lscribe/output/format/OutputFormat;)V 97 <appendix> member <vmtarget> ; # scribe/file/FileWriter$$Lambda$120+0x000000080113c718
instanceKlass  @bci scribe/file/LogFile$ request (Ljava/io/File;Lscribe/file/FileWriter;)Lscribe/file/LogFile; 275 <appendix> argL0 ; # scribe/file/LogFile$$$Lambda$119+0x000000080113c478
instanceKlass scribe/file/LogFileStatus$Inactive$
instanceKlass scribe/file/LogFileStatus
instanceKlass scribe/file/LogFile
instanceKlass java/lang/ApplicationShutdownHooks$1
instanceKlass java/lang/ApplicationShutdownHooks
instanceKlass  @bci scribe/mdc/MDCThreadLocal$$anon$1 childValue (Lscribe/mdc/MDC;)Lscribe/mdc/MDC; 13 <appendix> argL0 ; # scribe/mdc/MDCThreadLocal$$anon$1$$Lambda$118+0x00000008011378d8
instanceKlass java/lang/Thread$ThreadNumbering
instanceKlass  @bci scribe/file/LogFile$ <clinit> ()V 49 <appendix> argL0 ; # scribe/file/LogFile$$$Lambda$117+0x0000000801137618
instanceKlass  @cpi scala/meta/internal/metals/Cancelable$ 28 form vmentry <vmtarget> ; # java/lang/invoke/LambdaForm$DMH+0x000000080113bc00
instanceKlass scala/runtime/java8/JFunction0$mcV$sp
instanceKlass scribe/file/Platform$
instanceKlass scribe/file/LogFile$
instanceKlass  @bci scribe/file/PathBuilder before (Lscribe/file/FileWriter;)V 5 <appendix> member <vmtarget> ; # scribe/file/PathBuilder$$Lambda$116+0x0000000801136998
instanceKlass  @bci org/flywaydb/core/internal/command/DbMigrate migrateGroup (Z)Ljava/lang/Integer; 100 <appendix> form vmentry <vmtarget> ; # java/lang/invoke/LambdaForm$MH+0x000000080113b800
instanceKlass java/lang/invoke/LambdaFormEditor$1
# instanceKlass java/lang/invoke/LambdaForm$MH+0x000000080113b400
instanceKlass  @bci org/flywaydb/core/internal/command/DbMigrate migrateGroup (Z)Ljava/lang/Integer; 100 <appendix> argL3 form vmentry <vmtarget> ; # java/lang/invoke/LambdaForm$MH+0x000000080113b000
instanceKlass java/lang/invoke/MethodHandles$1
instanceKlass  @bci org/flywaydb/core/internal/resource/ResourceName getFilenameWithoutSuffix ()Ljava/lang/String; 66 <appendix> argL3 argL2 form vmentry <vmtarget> ; # java/lang/invoke/LambdaForm$MH+0x000000080113ac00
# instanceKlass java/lang/invoke/LambdaForm$MH+0x000000080113a800
# instanceKlass java/lang/invoke/LambdaForm$MH+0x000000080113a400
# instanceKlass java/lang/invoke/LambdaForm$MH+0x000000080113a000
instanceKlass  @bci org/flywaydb/core/internal/command/DbMigrate migrateGroup (Z)Ljava/lang/Integer; 100 <appendix> argL1 form vmentry <vmtarget> ; # java/lang/invoke/LambdaForm$MH+0x0000000801139c00
# instanceKlass java/lang/invoke/LambdaForm$MH+0x0000000801139800
instanceKlass  @bci scala/meta/internal/metals/Messages$ImportBuild$ params (Ljava/lang/String;)Lorg/eclipse/lsp4j/ShowMessageRequestParams; 10 <appendix> argL1 form vmentry <vmtarget> ; # java/lang/invoke/LambdaForm$MH+0x0000000801139400
# instanceKlass java/lang/invoke/LambdaForm$MH+0x0000000801139000
# instanceKlass java/lang/invoke/LambdaForm$MH+0x0000000801138c00
# instanceKlass java/lang/invoke/LambdaForm$MH+0x0000000801138800
instanceKlass scribe/output/TextOutput
instanceKlass perfolation/NumberFormatUtil$
instanceKlass perfolation/JVMCrossDate$
instanceKlass perfolation/JVMCrossDate
instanceKlass sun/util/calendar/CalendarUtils
instanceKlass sun/util/calendar/CalendarDate
instanceKlass sun/util/resources/Bundles$CacheKeyReference
instanceKlass  @bci java/util/ResourceBundle$ResourceBundleProviderHelper newResourceBundle (Ljava/lang/Class;)Ljava/util/ResourceBundle; 22 <appendix> member <vmtarget> ; # java/util/ResourceBundle$ResourceBundleProviderHelper$$Lambda$11+0x80000000f
instanceKlass java/util/ResourceBundle$ResourceBundleProviderHelper
instanceKlass  @bci sun/util/cldr/CLDRLocaleProviderAdapter applyAliases (Ljava/util/Locale;)Ljava/util/Locale; 4 <appendix> argL0 ; # sun/util/cldr/CLDRLocaleProviderAdapter$$Lambda$57+0x800000062
instanceKlass sun/util/resources/Bundles$CacheKey
instanceKlass java/util/ResourceBundle$1
instanceKlass jdk/internal/access/JavaUtilResourceBundleAccess
instanceKlass sun/util/resources/Bundles
instanceKlass sun/util/resources/LocaleData$LocaleDataStrategy
instanceKlass sun/util/resources/Bundles$Strategy
instanceKlass sun/util/resources/LocaleData$1
instanceKlass sun/util/resources/LocaleData
instanceKlass java/util/regex/Pattern$BitClass
instanceKlass sun/util/locale/provider/LocaleResources
instanceKlass java/util/stream/Sink$ChainedReference
instanceKlass java/util/stream/Node$Builder
instanceKlass java/util/stream/Sink
instanceKlass java/util/stream/Nodes$ArrayNode
instanceKlass java/util/stream/Node$OfDouble
instanceKlass java/util/stream/Node$OfLong
instanceKlass java/util/stream/Node$OfInt
instanceKlass java/util/stream/Node$OfPrimitive
instanceKlass java/util/stream/Nodes$EmptyNode
instanceKlass java/util/stream/Node
instanceKlass java/util/stream/Nodes
instanceKlass  @bci sun/util/locale/provider/LocaleProviderAdapter toLocaleArray (Ljava/util/Set;)[Ljava/util/Locale; 16 <appendix> argL0 ; # sun/util/locale/provider/LocaleProviderAdapter$$Lambda$66+0x80000006c
instanceKlass java/util/function/IntFunction
instanceKlass  @bci sun/util/locale/provider/LocaleProviderAdapter toLocaleArray (Ljava/util/Set;)[Ljava/util/Locale; 6 <appendix> argL0 ; # sun/util/locale/provider/LocaleProviderAdapter$$Lambda$65+0x80000006b
instanceKlass java/util/Spliterators$IteratorSpliterator
instanceKlass  @bci sun/util/cldr/CLDRLocaleProviderAdapter getCalendarDataProvider ()Ljava/util/spi/CalendarDataProvider; 8 <appendix> member <vmtarget> ; # sun/util/cldr/CLDRLocaleProviderAdapter$$Lambda$59+0x800000065
instanceKlass java/util/ResourceBundle
instanceKlass java/util/ResourceBundle$Control
instanceKlass sun/util/locale/provider/CalendarDataUtility$CalendarWeekParameterGetter
instanceKlass sun/util/locale/provider/LocaleServiceProviderPool$LocalizedObjectGetter
instanceKlass sun/util/locale/provider/LocaleServiceProviderPool
instanceKlass java/util/Locale$Builder
instanceKlass sun/util/locale/provider/CalendarDataUtility
instanceKlass sun/util/calendar/CalendarSystem$GregorianHolder
instanceKlass sun/util/calendar/CalendarSystem
instanceKlass java/util/Calendar$Builder
instanceKlass  @bci java/util/regex/Pattern Single (I)Ljava/util/regex/Pattern$BmpCharPredicate; 1 <appendix> member <vmtarget> ; # java/util/regex/Pattern$$Lambda$18+0x800000028
instanceKlass sun/util/locale/provider/AvailableLanguageTags
instanceKlass  @bci sun/util/locale/provider/JRELocaleProviderAdapter getCalendarProvider ()Lsun/util/spi/CalendarProvider; 8 <appendix> member <vmtarget> ; # sun/util/locale/provider/JRELocaleProviderAdapter$$Lambda$60+0x800000066
instanceKlass sun/util/resources/cldr/provider/CLDRLocaleDataMetaInfo
instanceKlass jdk/internal/module/ModulePatcher$PatchedModuleReader
instanceKlass java/util/concurrent/CopyOnWriteArrayList$COWIterator
instanceKlass  @bci sun/util/cldr/CLDRLocaleProviderAdapter <init> ()V 4 <appendix> argL0 ; # sun/util/cldr/CLDRLocaleProviderAdapter$$Lambda$58+0x800000064
instanceKlass sun/util/locale/LocaleObjectCache
instanceKlass sun/util/locale/BaseLocale$Key
instanceKlass sun/util/locale/InternalLocaleBuilder$CaseInsensitiveChar
instanceKlass sun/util/locale/InternalLocaleBuilder
instanceKlass sun/util/locale/StringTokenIterator
instanceKlass sun/util/locale/ParseStatus
instanceKlass sun/util/locale/LanguageTag
instanceKlass sun/util/cldr/CLDRBaseLocaleDataMetaInfo
instanceKlass sun/util/locale/provider/LocaleDataMetaInfo
instanceKlass sun/util/locale/provider/ResourceBundleBasedAdapter
instanceKlass sun/util/locale/provider/LocaleProviderAdapter$1
instanceKlass sun/util/locale/provider/LocaleProviderAdapter
instanceKlass java/util/spi/LocaleServiceProvider
instanceKlass sun/util/calendar/ZoneInfoFile$ZoneOffsetTransitionRule
instanceKlass sun/util/calendar/ZoneInfoFile$1
instanceKlass sun/util/calendar/ZoneInfoFile
instanceKlass java/util/TimeZone
instanceKlass java/util/Calendar
instanceKlass perfolation/Platform$
instanceKlass perfolation/CrossDate
instanceKlass perfolation/CrossDate$
instanceKlass perfolation/package$
instanceKlass perfolation/numeric/RoundingMode
instanceKlass perfolation/LongImplicits$
instanceKlass  @bci scribe/format/FormatBlocksFormatter format (Lscribe/LogRecord;)Lscribe/output/LogOutput; 9 <appendix> member <vmtarget> ; # scribe/format/FormatBlocksFormatter$$Lambda$107+0x00000008011350b8
instanceKlass scribe/output/CompositeOutput
instanceKlass  @bci scribe/handler/SynchronousLogHandle$ log (Lscribe/handler/LogHandlerBuilder;Lscribe/LogRecord;)V 10 <appendix> member <vmtarget> ; # scribe/handler/SynchronousLogHandle$$$Lambda$106+0x0000000801134ab0
instanceKlass  @bci scribe/Logger $anonfun$log$4 (Lscribe/LogRecord;Lscribe/Logger;)V 2 <appendix> member <vmtarget> ; # scribe/Logger$$Lambda$105+0x0000000801134808
instanceKlass  @bci scribe/Logger $anonfun$log$1 (Lscribe/Logger;Lscribe/LogRecord;)V 26 <appendix> member <vmtarget> ; # scribe/Logger$$Lambda$104+0x0000000801134450
instanceKlass  @bci scribe/Logger $anonfun$log$1 (Lscribe/Logger;Lscribe/LogRecord;)V 17 <appendix> argL0 ; # scribe/Logger$$Lambda$103+0x00000008011340a0
instanceKlass  @bci scribe/Logger $anonfun$log$1 (Lscribe/Logger;Lscribe/LogRecord;)V 5 <appendix> member <vmtarget> ; # scribe/Logger$$Lambda$102+0x0000000801133ce8
instanceKlass  @bci scribe/Logger log (Lscala/Function0;)V 156 <appendix> member <vmtarget> ; # scribe/Logger$$Lambda$101+0x0000000801133930
instanceKlass  @bci scribe/LoggerSupport log (Lscribe/Level;Lscribe/mdc/MDC;Lscala/collection/immutable/Seq;Lsourcecode/Pkg;Lsourcecode/FileName;Lsourcecode/Name;Lsourcecode/Line;)Ljava/lang/Object; 42 <appendix> member <vmtarget> ; # scribe/LoggerSupport$$Lambda$100+0x0000000801133688
instanceKlass  @bci scribe/LoggerSupport log (Lscribe/Level;Lscribe/mdc/MDC;Lscala/collection/immutable/Seq;Lsourcecode/Pkg;Lsourcecode/FileName;Lsourcecode/Name;Lsourcecode/Line;)Ljava/lang/Object; 24 <appendix> argL0 ; # scribe/LoggerSupport$$Lambda$99+0x0000000801132f18
instanceKlass scala/collection/convert/AsScalaExtensions$ConcurrentMapHasAsScala
instanceKlass  @bci scribe/Logger shouldLog (Lscribe/LogRecord;)Z 78 <appendix> member <vmtarget> ; # scribe/Logger$$Lambda$98+0x0000000801130de8
instanceKlass  @bci scribe/Logger shouldLog (Lscribe/LogRecord;)Z 68 <appendix> argL0 ; # scribe/Logger$$Lambda$97+0x0000000801130a38
instanceKlass  @bci scribe/LogRecord$ simple (Ljava/lang/String;Ljava/lang/String;Ljava/lang/String;Lscala/Option;Lscala/Option;Lscala/Option;Lscribe/Level;Ljava/lang/Thread;Lscala/collection/immutable/Map;J)Lscribe/LogRecord; 19 <appendix> member <vmtarget> ; # scribe/LogRecord$$$Lambda$96+0x0000000801130790
instanceKlass scribe/LogRecord$
instanceKlass  @bci scribe/Logger$ get (Ljava/lang/String;)Lscala/Option; 14 <appendix> argL0 ; # scribe/Logger$$$Lambda$95+0x00000008011301f0
instanceKlass scribe/LoggerSupport$
instanceKlass scribe/message/LoggableMessage$$anon$1
instanceKlass scribe/message/LazyMessage
instanceKlass scribe/message/Message
instanceKlass  @bci scribe/message/LoggableMessage$ string2LoggableMessage (Lscala/Function0;)Lscribe/message/LoggableMessage; 1 <appendix> argL0 ; # scribe/message/LoggableMessage$$$Lambda$94+0x000000080112c800
instanceKlass scribe/message/LoggableMessage
instanceKlass scribe/Loggable
instanceKlass scribe/message/LoggableMessage$
instanceKlass scribe/LogFeature$
instanceKlass  @bci scribe/mdc/MDC$ <clinit> ()V 16 <appendix> argL0 ; # scribe/mdc/MDC$$$Lambda$93+0x000000080112d2a8
instanceKlass scribe/mdc/MDCMap
instanceKlass scribe/mdc/MDCThreadLocal$
instanceKlass scribe/mdc/MDC
instanceKlass scribe/mdc/MDCManager
instanceKlass scribe/mdc/MDC$
instanceKlass sourcecode/SourceValue
instanceKlass  @bci scala/meta/internal/metals/Trace$ setupPrintWriter$1 (Lscala/collection/immutable/List;Ljava/lang/String;Lscala/collection/immutable/List;)Lscala/Option; 190 <appendix> member <vmtarget> ; # scala/meta/internal/metals/Trace$$$Lambda$92+0x000000080112e660
instanceKlass scribe/package$
instanceKlass scala/meta/internal/io/PlatformFileIO$
instanceKlass scala/meta/internal/io/FileIO$
instanceKlass  @bci scala/meta/internal/builds/ScalaCliBuildTool$ $anonfun$pathsToScalaCliBsp$1 (Lscala/meta/io/AbsolutePath;Ljava/lang/String;)Lscala/meta/io/AbsolutePath; 11 <appendix> form vmentry <vmtarget> ; # java/lang/invoke/LambdaForm$MH+0x000000080112c000
instanceKlass  @bci scala/meta/internal/metals/Trace$ setupTracePrinter (Ljava/lang/String;Lscala/meta/io/AbsolutePath;Lscala/concurrent/ExecutionContext;)Lscala/Option; 26 <appendix> member <vmtarget> ; # scala/meta/internal/metals/Trace$$$Lambda$91+0x000000080112bab8
instanceKlass scala/meta/internal/metals/logging/LanguageClientLogger$
instanceKlass scribe/Priority
instanceKlass java/util/TimSort
instanceKlass java/util/Arrays$LegacyMergeSort
instanceKlass scala/meta/internal/metals/logging/MetalsLogger$MetalsFilter
instanceKlass  @bci scribe/format/package$FormatterInterpolator$ formatter$extension (Lscala/StringContext;Lscala/collection/immutable/Seq;)Lscribe/format/Formatter; 30 <appendix> member <vmtarget> ; # scribe/format/package$FormatterInterpolator$$$Lambda$90+0x000000080112ac20
instanceKlass scala/collection/IterableOnce$
instanceKlass scala/collection/mutable/Builder$$anon$1
instanceKlass  @bci scala/collection/immutable/ArraySeq$ newBuilder (Lscala/reflect/ClassTag;)Lscala/collection/mutable/Builder; 12 <appendix> member <vmtarget> ; # scala/collection/immutable/ArraySeq$$$Lambda$89+0x000000080112a3d0
instanceKlass scala/collection/mutable/IndexedBuffer
instanceKlass scala/collection/mutable/GrowableBuilder
instanceKlass scala/collection/mutable/ArrayBuffer$
instanceKlass scala/runtime/ClassValueCompat$
instanceKlass scala/runtime/ClassValueCompat
instanceKlass scala/runtime/ClassValueCompat$ClassValueInterface
instanceKlass scala/collection/mutable/ListBuffer$
instanceKlass scala/collection/ClassTagIterableFactory$AnyIterableDelegate
instanceKlass scala/collection/immutable/ArraySeq$
instanceKlass scala/collection/StrictOptimizedClassTagSeqFactory
instanceKlass scala/collection/ClassTagSeqFactory
instanceKlass scribe/format/FormatBlock$Level$PaddedRight$
instanceKlass scribe/format/FormatBlock$Date$Standard$
instanceKlass scribe/format/CachingFormatBlock
instanceKlass scala/StringContext
instanceKlass scribe/format/package$FormatterInterpolator$
instanceKlass scribe/file/FlushMode$AlwaysFlush$
instanceKlass  @bci scribe/file/PathBuilder file (J)Ljava/io/File; 11 <appendix> form vmentry <vmtarget> ; # java/lang/invoke/LambdaForm$DMH+0x0000000801124400
instanceKlass  @bci scribe/file/PathBuilder file (J)Ljava/io/File; 11 <appendix> member <vmtarget> ; # scribe/file/PathBuilder$$Lambda$88+0x0000000801126000
instanceKlass  @cpi scribe/file/PathBuilder 113 form vmentry <vmtarget> ; # java/lang/invoke/LambdaForm$DMH+0x0000000801124000
instanceKlass  @bci scribe/util/Time$ reset ()V 1 <appendix> argL0 ; # scribe/util/Time$$$Lambda$87+0x0000000801123c38
instanceKlass  @cpi scribe/util/Time$ 61 form vmentry <vmtarget> ; # java/lang/invoke/LambdaForm$DMH+0x0000000801118c00
instanceKlass scribe/util/Time$
instanceKlass scribe/Execution$
instanceKlass scribe/file/FlushMode$AsynchronousFlush$
instanceKlass scribe/file/FlushMode$AsynchronousFlush
instanceKlass scala/runtime/AbstractFunction4
instanceKlass scala/Function4
instanceKlass scribe/file/path/PathPart$SetPath
instanceKlass scribe/file/path/PathPart
instanceKlass scribe/file/PathBuilder
instanceKlass scribe/file/PathBuilder$
instanceKlass scribe/file/FlushMode
instanceKlass scribe/file/FileWriter
instanceKlass  @bci scala/meta/internal/metals/logging/MetalsLogger$ configureWithFileHandlers (Lscala/collection/immutable/List;)Lscribe/Logger; 13 <appendix> argL0 ; # scala/meta/internal/metals/logging/MetalsLogger$$$Lambda$86+0x0000000801121898
instanceKlass  @bci moduload/Moduload$ load ()V 75 <appendix> argL0 ; # moduload/Moduload$$$Lambda$85+0x00000008011214e8
instanceKlass  @bci moduload/Priority$ <clinit> ()V 16 <appendix> argL0 ; # moduload/Priority$$$Lambda$84+0x0000000801121138
instanceKlass moduload/Priority$
instanceKlass  @bci moduload/Moduload$ load ()V 56 <appendix> argL0 ; # moduload/Moduload$$$Lambda$83+0x0000000801120b98
instanceKlass moduload/Moduload
instanceKlass  @bci moduload/Moduload$ load ()V 48 <appendix> argL0 ; # moduload/Moduload$$$Lambda$82+0x0000000801119b80
instanceKlass  @bci moduload/Moduload$ load ()V 38 <appendix> argL0 ; # moduload/Moduload$$$Lambda$81+0x00000008011197d0
instanceKlass scala/collection/convert/JavaCollectionWrappers$IteratorWrapper
instanceKlass scala/collection/convert/AsScalaExtensions$EnumerationHasAsScala
instanceKlass java/util/concurrent/atomic/AtomicBoolean
instanceKlass moduload/Moduload$
instanceKlass scribe/LoggerId$
instanceKlass scribe/handler/LogHandlerBuilder
instanceKlass scala/math/Ordering$$anon$1
instanceKlass  @bci scribe/handler/LogHandler$ apply (Lscribe/format/Formatter;Lscribe/writer/Writer;Lscala/Option;Lscala/collection/immutable/List;Lscribe/output/format/OutputFormat;Lscribe/handler/LogHandle;)Lscribe/handler/LogHandlerBuilder; 21 <appendix> argL0 ; # scribe/handler/LogHandler$$$Lambda$80+0x000000080111b5d8
instanceKlass  @bci scribe/handler/LogHandler$ apply (Lscribe/format/Formatter;Lscribe/writer/Writer;Lscala/Option;Lscala/collection/immutable/List;Lscribe/output/format/OutputFormat;Lscribe/handler/LogHandle;)Lscribe/handler/LogHandlerBuilder; 1 <appendix> argL0 ; # scribe/handler/LogHandler$$$Lambda$79+0x000000080111b228
instanceKlass scribe/handler/LogHandler$
instanceKlass scribe/handler/SynchronousLogHandle$
instanceKlass scribe/output/format/ASCIIOutputFormat$
instanceKlass  @bci scribe/PlatformImplementation outputFormat ()Lscribe/output/format/OutputFormat; 18 <appendix> argL0 ; # scribe/PlatformImplementation$$Lambda$78+0x000000080111f348
instanceKlass  @bci scala/sys/package$ env ()Lscala/collection/immutable/Map; 33 <appendix> argL0 ; # scala/sys/package$$$Lambda$77+0x000000080111ef98
instanceKlass java/util/Collections$UnmodifiableMap$UnmodifiableEntrySet$UnmodifiableEntry
instanceKlass java/util/Collections$UnmodifiableMap$UnmodifiableEntrySet$1
instanceKlass scribe/output/format/OutputFormat
instanceKlass scribe/Platform$
instanceKlass scribe/PlatformImplementation
instanceKlass scribe/output/format/OutputFormat$
instanceKlass scribe/writer/ConsoleWriter$
instanceKlass scribe/format/FormatBlocksFormatter
instanceKlass scribe/format/FormatBlock$MDCAll$
instanceKlass scribe/format/FormatBlock$Messages$
instanceKlass  @bci scribe/format/package$ groupBySecond (Lscala/collection/immutable/Seq;)Lscribe/format/FormatBlock; 79 <appendix> form vmentry <vmtarget> ; # java/lang/invoke/LambdaForm$DMH+0x0000000801118800
instanceKlass  @bci scribe/format/package$ groupBySecond (Lscala/collection/immutable/Seq;)Lscribe/format/FormatBlock; 79 <appendix> member <vmtarget> ; # scribe/format/package$$$Lambda$76+0x000000080111da58
instanceKlass scala/runtime/ObjectRef
instanceKlass scala/runtime/LongRef
instanceKlass scribe/format/FormatBlock$NewLine$
instanceKlass scribe/output/Color$Green$
instanceKlass scribe/format/FormatBlock$Position$
instanceKlass  @bci scribe/format/package$ levelColored ()Lscribe/format/FormatBlock; 3 <appendix> argL0 ; # scribe/format/package$$$Lambda$75+0x000000080111cad0
instanceKlass  @bci scribe/format/package$ italic (Lscribe/format/FormatBlock;)Lscribe/format/FormatBlock; 4 <appendix> member <vmtarget> ; # scribe/format/package$$$Lambda$74+0x000000080111c718
instanceKlass scribe/format/FormatBlock$ThreadName$
instanceKlass scribe/format/FormatBlock$RawString
instanceKlass  @bci scribe/format/package$ fg (Lscribe/output/Color;Lscribe/format/FormatBlock;)Lscribe/format/FormatBlock; 5 <appendix> member <vmtarget> ; # scribe/format/package$$$Lambda$73+0x000000080111c000
instanceKlass scribe/output/ColoredOutput
instanceKlass scribe/output/Color$Cyan$
instanceKlass scribe/format/FormatBlock$$anon$1
instanceKlass  @bci scribe/format/package$ bold (Lscribe/format/FormatBlock;)Lscribe/format/FormatBlock; 4 <appendix> member <vmtarget> ; # scribe/format/package$$$Lambda$72+0x0000000801117238
instanceKlass scribe/LogRecord
instanceKlass scribe/format/FormatBlock$
instanceKlass scribe/format/FormatBlock$Date$Full$
instanceKlass scribe/output/LogOutput
instanceKlass scribe/output/Color
instanceKlass scribe/format/package$
instanceKlass scribe/format/FormatBlock
instanceKlass scribe/format/Formatter
instanceKlass scribe/format/Formatter$
instanceKlass  @bci scribe/Logger withModifier (Lscribe/modify/LogModifier;)Lscribe/Logger; 6 <appendix> member <vmtarget> ; # scribe/Logger$$Lambda$71+0x00000008011158e0
instanceKlass  @bci scribe/modify/LevelFilter$ $greater$eq (Lscribe/Level;)Lscribe/modify/LevelFilter; 10 <appendix> argL0 ; # scribe/modify/LevelFilter$$$Lambda$70+0x0000000801115510
instanceKlass  @cpi coursier/cache/CacheDefaults$ 349 form vmentry <vmtarget> ; # java/lang/invoke/LambdaForm$DMH+0x0000000801118400
instanceKlass  @bci scribe/modify/LevelFilter$ $greater$eq (Lscribe/Level;)Lscribe/modify/LevelFilter; 5 <appendix> member <vmtarget> ; # scribe/modify/LevelFilter$$$Lambda$69+0x0000000801115138
instanceKlass  @cpi scribe/modify/LevelFilter$ 130 form vmentry <vmtarget> ; # java/lang/invoke/LambdaForm$DMH+0x0000000801118000
instanceKlass scala/runtime/java8/JFunction1$mcZD$sp
instanceKlass scribe/modify/LevelFilter
instanceKlass scribe/filter/Filter
instanceKlass scribe/modify/LevelFilter$
instanceKlass  @bci scribe/Logger$ DefaultRootMinimumLevel$lzycompute ()Lscribe/Level; 29 <appendix> argL0 ; # scribe/Logger$$$Lambda$68+0x0000000801114550
instanceKlass  @bci scribe/Logger$ DefaultRootMinimumLevel$lzycompute ()Lscribe/Level; 21 <appendix> argL0 ; # scribe/Logger$$$Lambda$67+0x00000008011141a0
instanceKlass java/lang/ProcessEnvironment$CheckedEntry
instanceKlass java/lang/ProcessEnvironment$CheckedEntrySet$1
instanceKlass java/lang/ProcessEnvironment$EntryComparator
instanceKlass java/lang/ProcessEnvironment$NameComparator
instanceKlass  @bci scribe/Priority$ <clinit> ()V 16 <appendix> argL0 ; # scribe/Priority$$$Lambda$66+0x0000000801113df0
instanceKlass scribe/Priority$
instanceKlass  @bci scribe/modify/LogModifier$ <clinit> ()V 16 <appendix> argL0 ; # scribe/modify/LogModifier$$$Lambda$65+0x0000000801113850
instanceKlass scribe/modify/LogModifier$
instanceKlass scribe/modify/LogModifier
instanceKlass scribe/handler/LogHandler
instanceKlass scribe/handler/LogHandle
instanceKlass scribe/Logger
instanceKlass scribe/LoggerId
instanceKlass scribe/Logger$
instanceKlass java/nio/channels/NetworkChannel
instanceKlass sun/nio/ch/SelChImpl
instanceKlass sun/nio/ch/Streams
instanceKlass sun/nio/ch/FileChannelImpl$Closer
instanceKlass sun/nio/fs/WindowsChannelFactory$2
instanceKlass sun/nio/fs/WindowsChannelFactory$Flags
instanceKlass sun/nio/fs/WindowsChannelFactory$1
instanceKlass sun/nio/fs/WindowsChannelFactory
instanceKlass  @bci scala/meta/internal/metals/logging/MetalsLogger$ redirectSystemOut (Lscala/collection/immutable/List;)V 10 <appendix> argL0 ; # scala/meta/internal/metals/logging/MetalsLogger$$$Lambda$64+0x0000000801112350
instanceKlass sun/nio/fs/WindowsSecurityDescriptor
instanceKlass  @bci scala/meta/internal/metals/logging/MetalsLogger$ redirectSystemOut (Lscala/collection/immutable/List;)V 1 <appendix> argL0 ; # scala/meta/internal/metals/logging/MetalsLogger$$$Lambda$63+0x0000000801111fa0
instanceKlass  @bci scala/meta/internal/metals/Trace$ metalsLog (Lscala/concurrent/ExecutionContext;)Lscala/meta/io/AbsolutePath; 5 <appendix> argL0 ; # scala/meta/internal/metals/Trace$$$Lambda$62+0x0000000801111d00
instanceKlass scala/runtime/AbstractFunction1
instanceKlass scala/runtime/AbstractPartialFunction
instanceKlass java/util/ServiceLoader$ProviderImpl
instanceKlass java/util/ServiceLoader$Provider
instanceKlass java/util/ServiceLoader$1
instanceKlass java/io/Reader
instanceKlass jdk/internal/loader/URLClassPath$1
instanceKlass java/lang/CompoundEnumeration
instanceKlass jdk/internal/loader/BuiltinClassLoader$1
instanceKlass java/util/Collections$EmptyEnumeration
instanceKlass java/util/ServiceLoader$3
instanceKlass java/util/ServiceLoader$2
instanceKlass java/util/ServiceLoader$LazyClassPathLookupIterator
instanceKlass java/util/Spliterators$1Adapter
instanceKlass java/util/function/Consumer
# instanceKlass java/lang/invoke/LambdaForm$MH+0x000000080110dc00
instanceKlass sun/reflect/annotation/AnnotationParser
instanceKlass java/lang/Class$3
instanceKlass java/util/EnumMap$1
instanceKlass java/util/stream/StreamOpFlag$MaskBuilder
instanceKlass java/util/stream/Stream
instanceKlass java/util/stream/BaseStream
instanceKlass java/util/stream/PipelineHelper
instanceKlass java/util/stream/StreamSupport
instanceKlass java/util/Spliterators$ArraySpliterator
instanceKlass java/util/Spliterator$OfDouble
instanceKlass java/util/Spliterator$OfLong
instanceKlass java/util/Spliterator$OfInt
instanceKlass java/util/Spliterator$OfPrimitive
instanceKlass java/util/Spliterator
instanceKlass java/util/Spliterators$EmptySpliterator
instanceKlass java/util/Spliterators
instanceKlass java/util/ServiceLoader$ModuleServicesLookupIterator
instanceKlass java/util/ServiceLoader
instanceKlass java/io/FileOutputStream$1
instanceKlass java/nio/DirectByteBuffer$Deallocator
instanceKlass sun/nio/ch/Util$BufferCache
instanceKlass sun/nio/ch/Util
instanceKlass sun/nio/ch/IOStatus
instanceKlass sun/nio/ch/NativeThread
instanceKlass java/nio/channels/spi/AbstractInterruptibleChannel$1
instanceKlass sun/nio/ch/Interruptible
instanceKlass sun/nio/ch/NativeDispatcher
instanceKlass sun/nio/ch/NativeThreadSet
instanceKlass sun/nio/ch/IOUtil
instanceKlass java/nio/file/attribute/FileAttribute
instanceKlass java/nio/channels/ScatteringByteChannel
instanceKlass java/nio/channels/GatheringByteChannel
instanceKlass java/nio/channels/SeekableByteChannel
instanceKlass java/nio/channels/ByteChannel
instanceKlass java/nio/channels/WritableByteChannel
instanceKlass java/lang/Shutdown$Lock
instanceKlass java/lang/Shutdown
instanceKlass java/io/DeleteOnExitHook$1
instanceKlass java/io/DeleteOnExitHook
instanceKlass sun/security/provider/AbstractDrbg$NonceProvider
instanceKlass  @bci sun/security/provider/AbstractDrbg$SeederHolder <clinit> ()V 42 <appendix> member <vmtarget> ; # sun/security/provider/AbstractDrbg$SeederHolder$$Lambda$61+0x000000080105ed70
instanceKlass  @cpi sun/security/provider/AbstractDrbg$SeederHolder 98 form vmentry <vmtarget> ; # java/lang/invoke/LambdaForm$DMH+0x000000080110d800
# instanceKlass java/lang/invoke/LambdaForm$DMH+0x000000080110d400
instanceKlass sun/nio/fs/BasicFileAttributesHolder
instanceKlass sun/nio/fs/WindowsDirectoryStream$WindowsDirectoryIterator
instanceKlass sun/nio/fs/WindowsDirectoryStream
instanceKlass java/nio/file/DirectoryStream
instanceKlass java/nio/file/Files$AcceptAllFilter
instanceKlass java/nio/file/DirectoryStream$Filter
instanceKlass java/net/NetworkInterface$1
instanceKlass java/net/DefaultInterface
instanceKlass java/net/Inet6Address$Inet6AddressHolder
instanceKlass java/net/InetAddress$PlatformResolver
instanceKlass java/net/spi/InetAddressResolver
instanceKlass java/net/spi/InetAddressResolver$LookupPolicy
instanceKlass java/net/Inet4AddressImpl
instanceKlass java/net/Inet6AddressImpl
instanceKlass java/net/InetAddressImpl
instanceKlass java/util/concurrent/ConcurrentSkipListMap$Node
instanceKlass java/util/concurrent/ConcurrentSkipListMap$Index
instanceKlass java/util/concurrent/ConcurrentNavigableMap
instanceKlass java/net/InetAddress$InetAddressHolder
instanceKlass java/net/InetAddress$1
instanceKlass jdk/internal/access/JavaNetInetAddressAccess
instanceKlass java/net/InetAddress
instanceKlass java/net/InterfaceAddress
instanceKlass java/net/NetworkInterface
instanceKlass java/lang/constant/DynamicConstantDesc
instanceKlass java/lang/constant/DirectMethodHandleDesc$1
instanceKlass java/lang/constant/DirectMethodHandleDescImpl$1
instanceKlass java/lang/constant/DirectMethodHandleDescImpl
instanceKlass java/lang/constant/DirectMethodHandleDesc
instanceKlass java/lang/constant/MethodHandleDesc$1
instanceKlass java/lang/constant/MethodHandleDesc
instanceKlass java/lang/constant/MethodTypeDescImpl
instanceKlass java/lang/constant/MethodTypeDesc
instanceKlass java/lang/constant/ReferenceClassDescImpl
instanceKlass java/lang/constant/ConstantUtils
instanceKlass java/lang/constant/ClassDesc
instanceKlass java/lang/constant/ConstantDescs
instanceKlass java/lang/invoke/VarHandle$1
instanceKlass sun/security/provider/ByteArrayAccess$BE
instanceKlass sun/security/provider/ByteArrayAccess
instanceKlass java/util/Collections$UnmodifiableCollection$1
instanceKlass java/util/concurrent/ConcurrentHashMap$MapEntry
instanceKlass java/util/Collections$SynchronizedCollection
instanceKlass java/util/Properties$EntrySet
instanceKlass sun/security/provider/SeedGenerator$1
instanceKlass sun/security/util/MessageDigestSpi2
instanceKlass sun/security/jca/GetInstance$Instance
instanceKlass sun/security/jca/GetInstance
instanceKlass java/security/MessageDigestSpi
instanceKlass sun/security/provider/SeedGenerator
instanceKlass sun/security/provider/AbstractDrbg$SeederHolder
instanceKlass java/security/DrbgParameters$NextBytes
instanceKlass  @bci sun/security/provider/AbstractDrbg <clinit> ()V 12 <appendix> argL0 ; # sun/security/provider/AbstractDrbg$$Lambda$60+0x0000000801057790
instanceKlass  @cpi sun/security/provider/AbstractDrbg 396 form vmentry <vmtarget> ; # java/lang/invoke/LambdaForm$DMH+0x000000080110d000
# instanceKlass java/lang/invoke/LambdaForm$DMH+0x000000080110cc00
instanceKlass sun/security/provider/EntropySource
instanceKlass sun/security/provider/AbstractDrbg
instanceKlass java/security/DrbgParameters$Instantiation
instanceKlass java/security/DrbgParameters
instanceKlass sun/security/provider/MoreDrbgParameters
instanceKlass  @bci sun/security/provider/DRBG <init> (Ljava/security/SecureRandomParameters;)V 26 <appendix> argL0 ; # sun/security/provider/DRBG$$Lambda$59+0x0000000801056320
# instanceKlass java/lang/invoke/LambdaForm$MH+0x000000080110c800
instanceKlass  @bci org/flywaydb/core/internal/command/DbSchemas lambda$create$1 (Z)Ljava/lang/Object; 102 <appendix> form vmentry <vmtarget> ; # java/lang/invoke/LambdaForm$MH+0x000000080110c400
instanceKlass jdk/internal/reflect/MethodHandleAccessorFactory$LazyStaticHolder
instanceKlass java/security/SecureRandomSpi
instanceKlass java/security/SecureRandomParameters
instanceKlass java/util/Collections$EmptyIterator
instanceKlass java/util/LinkedHashMap$LinkedHashIterator
instanceKlass sun/security/util/SecurityProviderConstants
instanceKlass java/security/Provider$UString
instanceKlass java/security/Provider$Service
instanceKlass sun/security/provider/NativePRNG$NonBlocking
instanceKlass sun/security/provider/NativePRNG$Blocking
instanceKlass sun/security/provider/NativePRNG
instanceKlass sun/security/provider/SunEntries$1
instanceKlass sun/security/provider/SunEntries
instanceKlass sun/security/util/SecurityConstants
instanceKlass java/util/AbstractList$Itr
instanceKlass java/io/FileInputStream$1
instanceKlass java/util/Properties$LineReader
instanceKlass java/security/Security$1
instanceKlass java/security/Security
instanceKlass sun/security/jca/ProviderList$2
instanceKlass java/security/Provider$EngineDescription
instanceKlass java/security/Provider$ServiceKey
instanceKlass sun/security/jca/ProviderConfig
instanceKlass sun/security/jca/ProviderList
instanceKlass sun/security/jca/Providers
instanceKlass java/util/Random
instanceKlass java/util/random/RandomGenerator
instanceKlass java/io/File$TempDirectory
instanceKlass java/nio/channels/spi/AbstractInterruptibleChannel
instanceKlass java/nio/channels/InterruptibleChannel
instanceKlass java/nio/channels/ReadableByteChannel
instanceKlass java/nio/channels/Channel
instanceKlass java/nio/channels/Channels
instanceKlass sun/net/www/MessageHeader
instanceKlass sun/net/www/protocol/jar/JarFileFactory
instanceKlass sun/net/www/protocol/jar/URLJarFile$URLJarFileCloseController
instanceKlass java/net/URLConnection
instanceKlass scala/math/Ordering$Long$
instanceKlass scala/math/Ordering$LongOrdering
instanceKlass jdk/internal/jimage/ImageLocation
instanceKlass jdk/internal/jimage/decompressor/Decompressor
instanceKlass jdk/internal/jimage/ImageStringsReader
instanceKlass jdk/internal/jimage/ImageStrings
instanceKlass scala/runtime/RichLong$
instanceKlass jdk/internal/jimage/ImageHeader
instanceKlass scala/runtime/RichLong
instanceKlass jdk/internal/jimage/NativeImageBuffer$1
instanceKlass jdk/internal/jimage/NativeImageBuffer
instanceKlass jdk/internal/jimage/BasicImageReader$1
instanceKlass jdk/internal/jimage/BasicImageReader
instanceKlass jdk/internal/jimage/ImageReader
instanceKlass scala/runtime/IntegralProxy
instanceKlass jdk/internal/jimage/ImageReaderFactory$1
instanceKlass jdk/internal/jimage/ImageReaderFactory
instanceKlass jdk/internal/module/SystemModuleFinders$SystemImage
instanceKlass jdk/internal/module/SystemModuleFinders$SystemModuleReader
instanceKlass scala/runtime/RangedProxy
instanceKlass java/lang/module/ModuleReader
instanceKlass jdk/internal/loader/BuiltinClassLoader$5
instanceKlass jdk/internal/loader/BuiltinClassLoader$2
instanceKlass scala/runtime/ScalaWholeNumberProxy
instanceKlass jdk/internal/module/Resources
instanceKlass scala/runtime/ScalaNumberProxy
instanceKlass coursier/jniutils/DllName
instanceKlass scala/concurrent/AwaitPermission$
instanceKlass coursier/jniutils/LoadWindowsLibrary
instanceKlass scala/concurrent/BlockContext$DefaultBlockContext$
instanceKlass scala/concurrent/BlockContext$
instanceKlass  @bci scala/concurrent/Await$ result (Lscala/concurrent/Awaitable;Lscala/concurrent/duration/Duration;)Ljava/lang/Object; 64 <appendix> member <vmtarget> ; # scala/concurrent/Await$$$Lambda$58+0x000000080110b558
instanceKlass coursier/jniutils/NativeApi
instanceKlass coursier/jniutils/WindowsKnownFolders
instanceKlass scala/concurrent/package$
instanceKlass dev/dirs/Constants
instanceKlass scala/concurrent/Await$FutureValue$
instanceKlass dev/dirs/impl/Util
instanceKlass scala/concurrent/duration/package$DurationInt$
instanceKlass scala/concurrent/duration/package$
instanceKlass  @bci dev/dirs/jni/WindowsJni getJdkAwareSupplier ()Ljava/util/function/Supplier; 69 <appendix> argL0 ; # dev/dirs/jni/WindowsJni$$Lambda$57+0x000000080110a178
instanceKlass scala/concurrent/duration/package$DurationInt
instanceKlass scala/concurrent/duration/DurationConversions
instanceKlass dev/dirs/jni/WindowsJni
instanceKlass dev/dirs/impl/Windows
instanceKlass scala/concurrent/CanAwait
instanceKlass scala/concurrent/Await$
instanceKlass java/lang/invoke/VarHandle$AccessDescriptor
instanceKlass scala/concurrent/impl/Promise$ManyCallbacks
instanceKlass  @bci scala/concurrent/Future$ apply (Lscala/Function0;Lscala/concurrent/ExecutionContext;)Lscala/concurrent/Future; 5 <appendix> member <vmtarget> ; # scala/concurrent/Future$$$Lambda$56+0x0000000801108ed0
instanceKlass  @bci scala/concurrent/Future$ <clinit> ()V 444 <appendix> argL0 ; # scala/concurrent/Future$$$Lambda$55+0x0000000801108940
instanceKlass  @bci scala/concurrent/Future$ <clinit> ()V 436 <appendix> argL0 ; # scala/concurrent/Future$$$Lambda$54+0x00000008011083b0
instanceKlass  @cpi tools/jackson/databind/ext/javatime/deser/InstantDeserializer 633 form vmentry <vmtarget> ; # java/lang/invoke/LambdaForm$DMH+0x000000080110c000
instanceKlass  @bci scala/concurrent/Future$ <clinit> ()V 428 <appendix> argL0 ; # scala/concurrent/Future$$$Lambda$53+0x0000000801108000
instanceKlass  @bci scala/concurrent/Future$ <clinit> ()V 404 <appendix> argL0 ; # scala/concurrent/Future$$$Lambda$52+0x00000008010ec400
instanceKlass scala/concurrent/ExecutionContext$parasitic$
instanceKlass scala/concurrent/BatchingExecutor
instanceKlass scala/concurrent/Batchable
instanceKlass scala/concurrent/impl/Promise$
instanceKlass scala/concurrent/impl/Promise$Callbacks
instanceKlass scala/concurrent/Promise$
instanceKlass scala/util/control/NoStackTrace$
instanceKlass  @bci scala/concurrent/Future$ <clinit> ()V 350 <appendix> argL0 ; # scala/concurrent/Future$$$Lambda$51+0x00000008011061e8
instanceKlass  @bci scala/concurrent/Future$ <clinit> ()V 342 <appendix> argL0 ; # scala/concurrent/Future$$$Lambda$50+0x0000000801105e38
instanceKlass scala/runtime/BoxedUnit
instanceKlass java/util/concurrent/atomic/AtomicReference
instanceKlass scala/concurrent/Promise
instanceKlass scala/concurrent/Future
instanceKlass scala/util/control/NoStackTrace
instanceKlass scala/concurrent/Future$
instanceKlass  @bci scala/meta/internal/metals/MetalsProjectDirectories$ wrap (ZLscala/Function0;Lscala/concurrent/ExecutionContext;)Lscala/Option; 11 <appendix> member <vmtarget> ; # scala/meta/internal/metals/MetalsProjectDirectories$$$Lambda$49+0x0000000801103df0
instanceKlass  @bci scala/meta/internal/metals/MetalsProjectDirectories$ from (Ljava/lang/String;Ljava/lang/String;Ljava/lang/String;ZLscala/concurrent/ExecutionContext;)Lscala/Option; 6 <appendix> member <vmtarget> ; # scala/meta/internal/metals/MetalsProjectDirectories$$$Lambda$48+0x0000000801103b48
instanceKlass dev/dirs/ProjectDirectories
instanceKlass scala/meta/internal/metals/MetalsProjectDirectories$
instanceKlass  @bci scala/meta/internal/metals/Trace$ globalDirectory (Lscala/concurrent/ExecutionContext;)Lscala/Option; 4 <appendix> member <vmtarget> ; # scala/meta/internal/metals/Trace$$$Lambda$47+0x00000008011034b8
instanceKlass scala/util/Try
instanceKlass scala/util/Try$
instanceKlass  @bci scala/meta/io/AbsolutePath <init> (Ljava/nio/file/Path;)V 23 <appendix> member <vmtarget> ; # scala/meta/io/AbsolutePath$$Lambda$46+0x00000008011026b0
instanceKlass scala/meta/internal/io/PlatformPathIO$
instanceKlass scala/meta/io/AbsolutePath
instanceKlass scala/meta/io/AbsolutePath$
instanceKlass scala/meta/internal/io/PathIO$
instanceKlass scala/meta/internal/metals/Trace$
instanceKlass sun/nio/fs/WindowsPath$1
instanceKlass  @bci scala/meta/io/RelativePath <init> (Ljava/nio/file/Path;)V 31 <appendix> member <vmtarget> ; # scala/meta/io/RelativePath$$Lambda$45+0x00000008010ff408
instanceKlass java/net/URI$Parser
instanceKlass java/nio/file/FileSystems$DefaultFileSystemHolder$1
instanceKlass java/nio/file/FileSystems$DefaultFileSystemHolder
instanceKlass java/nio/file/FileSystems
instanceKlass java/nio/file/Paths
instanceKlass scala/meta/io/RelativePath
instanceKlass scala/meta/io/RelativePath$
instanceKlass java/util/StringTokenizer
instanceKlass java/security/CodeSigner
instanceKlass java/util/jar/JarVerifier
instanceKlass java/nio/charset/CoderResult
instanceKlass java/lang/Readable
instanceKlass scala/reflect/ClassTag$
instanceKlass scala/collection/immutable/MapNode$
instanceKlass scala/collection/immutable/HashMap$
instanceKlass scala/collection/immutable/VectorInline$
instanceKlass scala/collection/immutable/VectorBuilder
instanceKlass java/lang/Character$CharacterCache
instanceKlass  @bci scribe/Level$ add (Lscribe/Level;)V 62 <appendix> argL0 ; # scribe/Level$$$Lambda$44+0x00000008010ec800
instanceKlass scala/math/Ordering$Reverse
instanceKlass scala/math/Ordering$$anon$5
instanceKlass scala/math/Ordering$DeprecatedDoubleOrdering$
instanceKlass scala/math/Ordering$Double$TotalOrdering
instanceKlass  @bci scribe/Level$ <clinit> ()V 44 <appendix> argL0 ; # scribe/Level$$$Lambda$43+0x00000008010ed000
instanceKlass scribe/Level
instanceKlass scribe/LogFeature
instanceKlass scribe/Level$
instanceKlass  @bci scala/meta/internal/metals/MetalsServerConfig$ apply$default$30 ()I 28 <appendix> argL0 ; # scala/meta/internal/metals/MetalsServerConfig$$$Lambda$42+0x00000008010ef440
instanceKlass  @bci scala/meta/internal/metals/MetalsServerConfig$ apply$default$30 ()I 20 <appendix> argL0 ; # scala/meta/internal/metals/MetalsServerConfig$$$Lambda$41+0x00000008010ef090
instanceKlass  @bci scala/meta/internal/metals/MetalsServerConfig$ apply$default$30 ()I 12 <appendix> argL0 ; # scala/meta/internal/metals/MetalsServerConfig$$$Lambda$40+0x00000008010eece0
instanceKlass  @bci scala/meta/internal/metals/MetalsServerConfig$ apply$default$28 ()I 28 <appendix> argL0 ; # scala/meta/internal/metals/MetalsServerConfig$$$Lambda$39+0x00000008010eea20
instanceKlass  @bci scala/meta/internal/metals/MetalsServerConfig$ apply$default$28 ()I 20 <appendix> argL0 ; # scala/meta/internal/metals/MetalsServerConfig$$$Lambda$38+0x00000008010ee670
instanceKlass  @bci scala/meta/internal/metals/MetalsServerConfig$ apply$default$28 ()I 12 <appendix> argL0 ; # scala/meta/internal/metals/MetalsServerConfig$$$Lambda$37+0x00000008010ee2c0
instanceKlass  @bci scala/meta/internal/metals/MetalsServerConfig$ apply$default$27 ()I 28 <appendix> argL0 ; # scala/meta/internal/metals/MetalsServerConfig$$$Lambda$36+0x00000008010ee000
instanceKlass  @bci scala/meta/internal/metals/MetalsServerConfig$ apply$default$27 ()I 20 <appendix> argL0 ; # scala/meta/internal/metals/MetalsServerConfig$$$Lambda$35+0x00000008010ebbf0
instanceKlass  @bci scala/meta/internal/metals/MetalsServerConfig$ apply$default$27 ()I 12 <appendix> argL0 ; # scala/meta/internal/metals/MetalsServerConfig$$$Lambda$34+0x00000008010eb840
instanceKlass  @bci scala/meta/internal/metals/MetalsServerConfig$ apply$default$26 ()I 28 <appendix> argL0 ; # scala/meta/internal/metals/MetalsServerConfig$$$Lambda$33+0x00000008010eb580
instanceKlass  @bci scala/meta/internal/metals/MetalsServerConfig$ apply$default$26 ()I 20 <appendix> argL0 ; # scala/meta/internal/metals/MetalsServerConfig$$$Lambda$32+0x00000008010eb1d0
instanceKlass  @bci scala/meta/internal/metals/MetalsServerConfig$ apply$default$26 ()I 12 <appendix> argL0 ; # scala/meta/internal/metals/MetalsServerConfig$$$Lambda$31+0x00000008010eae20
instanceKlass  @bci scala/meta/internal/metals/MetalsServerConfig$ apply$default$25 ()Lscala/concurrent/duration/Duration; 20 <appendix> argL0 ; # scala/meta/internal/metals/MetalsServerConfig$$$Lambda$30+0x00000008010eab80
instanceKlass  @bci scala/meta/internal/metals/MetalsServerConfig$ apply$default$25 ()Lscala/concurrent/duration/Duration; 12 <appendix> argL0 ; # scala/meta/internal/metals/MetalsServerConfig$$$Lambda$29+0x00000008010ea7d0
instanceKlass java/lang/Long$LongCache
instanceKlass scala/collection/StringParsers$
instanceKlass scala/runtime/RichInt$
instanceKlass  @bci scala/collection/StringOps$ <clinit> ()V 10 <appendix> argL0 ; # scala/collection/StringOps$$$Lambda$28+0x00000008010ea040
instanceKlass scala/collection/StringOps$
instanceKlass scala/runtime/RichChar$
instanceKlass scala/runtime/OrderedProxy
instanceKlass scala/Proxy$Typed
instanceKlass scala/Proxy
# instanceKlass java/lang/invoke/LambdaForm$DMH+0x00000008010ec000
instanceKlass java/lang/invoke/MethodHandle$1
instanceKlass java/util/regex/ASCII
instanceKlass java/util/regex/IntHashSet
instanceKlass java/util/regex/Matcher
instanceKlass java/util/regex/MatchResult
instanceKlass java/util/regex/Pattern$TreeInfo
instanceKlass  @bci java/util/regex/CharPredicates ASCII_SPACE ()Ljava/util/regex/Pattern$BmpCharPredicate; 0 <appendix> argL0 ; # java/util/regex/CharPredicates$$Lambda$17+0x800000025
instanceKlass java/util/regex/Pattern$BmpCharPredicate
instanceKlass java/util/regex/Pattern$CharPredicate
instanceKlass java/util/regex/CharPredicates
instanceKlass java/util/regex/Pattern$Node
instanceKlass java/util/regex/Pattern
instanceKlass  @bci scala/collection/MapView$MapValues iterator ()Lscala/collection/Iterator; 10 <appendix> member <vmtarget> ; # scala/collection/MapView$MapValues$$Lambda$26+0x00000008010e5a18
instanceKlass  @bci scala/concurrent/duration/Duration$ <clinit> ()V 280 <appendix> argL0 ; # scala/concurrent/duration/Duration$$$Lambda$25+0x00000008010e3098
instanceKlass scala/collection/MapViewFactory
instanceKlass scala/Function2
instanceKlass scala/collection/immutable/Node$
instanceKlass scala/collection/Hashing$
instanceKlass scala/Array$
instanceKlass scala/collection/immutable/Node
instanceKlass scala/collection/immutable/HashMapBuilder
instanceKlass scala/util/hashing/MurmurHash3
instanceKlass scala/collection/immutable/MapBuilderImpl
instanceKlass scala/collection/immutable/SeqMap$SeqMap4
instanceKlass scala/collection/immutable/SeqMap$SeqMap3
instanceKlass scala/collection/immutable/SeqMap$SeqMap2
instanceKlass scala/collection/immutable/SeqMap$SeqMap1
instanceKlass scala/collection/immutable/SeqMap
instanceKlass scala/collection/SeqMap
instanceKlass scala/collection/immutable/StrictOptimizedMapOps
instanceKlass scala/$less$colon$less$
instanceKlass scala/Predef$ArrowAssoc$
instanceKlass scala/concurrent/duration/Duration$
instanceKlass  @bci scala/meta/internal/metals/MetalsServerConfig$ apply$default$24 ()Lscala/concurrent/duration/Duration; 20 <appendix> argL0 ; # scala/meta/internal/metals/MetalsServerConfig$$$Lambda$24+0x00000008010ce8b8
instanceKlass  @bci scala/meta/internal/metals/MetalsServerConfig$ apply$default$24 ()Lscala/concurrent/duration/Duration; 12 <appendix> argL0 ; # scala/meta/internal/metals/MetalsServerConfig$$$Lambda$23+0x00000008010ce508
instanceKlass  @bci scala/meta/internal/metals/MetalsServerConfig$ apply$default$23 ()I 28 <appendix> argL0 ; # scala/meta/internal/metals/MetalsServerConfig$$$Lambda$22+0x00000008010ce248
instanceKlass  @bci scala/meta/internal/metals/MetalsServerConfig$ apply$default$23 ()I 20 <appendix> argL0 ; # scala/meta/internal/metals/MetalsServerConfig$$$Lambda$21+0x00000008010cde98
instanceKlass  @bci scala/meta/internal/metals/MetalsServerConfig$ apply$default$23 ()I 12 <appendix> argL0 ; # scala/meta/internal/metals/MetalsServerConfig$$$Lambda$20+0x00000008010cdae8
instanceKlass  @bci scala/meta/internal/metals/MetalsServerConfig$ apply$default$22 ()J 28 <appendix> argL0 ; # scala/meta/internal/metals/MetalsServerConfig$$$Lambda$19+0x00000008010cd828
instanceKlass  @cpi scala/meta/internal/metals/MetalsServerConfig$ 1293 form vmentry <vmtarget> ; # java/lang/invoke/LambdaForm$DMH+0x00000008010c8800
instanceKlass scala/runtime/java8/JFunction0$mcJ$sp
instanceKlass  @bci scala/meta/internal/metals/MetalsServerConfig$ apply$default$22 ()J 20 <appendix> argL0 ; # scala/meta/internal/metals/MetalsServerConfig$$$Lambda$18+0x00000008010cd290
instanceKlass scala/Option$WithFilter
instanceKlass  @bci scala/meta/internal/metals/MetalsServerConfig$ apply$default$22 ()J 12 <appendix> argL0 ; # scala/meta/internal/metals/MetalsServerConfig$$$Lambda$17+0x00000008010cccc0
instanceKlass  @bci scala/meta/internal/metals/MetalsServerConfig$ apply$default$21 ()Ljava/lang/String; 20 <appendix> argL0 ; # scala/meta/internal/metals/MetalsServerConfig$$$Lambda$16+0x00000008010cca20
instanceKlass  @bci scala/meta/internal/metals/MetalsServerConfig$ apply$default$21 ()Ljava/lang/String; 12 <appendix> argL0 ; # scala/meta/internal/metals/MetalsServerConfig$$$Lambda$15+0x00000008010cc670
instanceKlass  @bci scala/meta/internal/metals/MetalsServerConfig$ apply$default$20 ()I 27 <appendix> argL0 ; # scala/meta/internal/metals/MetalsServerConfig$$$Lambda$14+0x00000008010cc3b0
instanceKlass scala/runtime/java8/JFunction0$mcI$sp
instanceKlass  @bci scala/meta/internal/metals/MetalsServerConfig$ apply$default$20 ()I 19 <appendix> argL0 ; # scala/meta/internal/metals/MetalsServerConfig$$$Lambda$13+0x00000008010cc000
instanceKlass  @bci scala/meta/internal/metals/MetalsServerConfig$ apply$default$20 ()I 11 <appendix> argL0 ; # scala/meta/internal/metals/MetalsServerConfig$$$Lambda$12+0x00000008010c78c0
instanceKlass  @bci scala/collection/Map$ <clinit> ()V 20 <appendix> argL0 ; # scala/collection/Map$$$Lambda$11+0x00000008010c7620
instanceKlass  @cpi jdk/internal/jrtfs/SystemImage 225 form vmentry <vmtarget> ; # java/lang/invoke/LambdaForm$DMH+0x00000008010c8400
instanceKlass scala/collection/MapFactory$Delegate
instanceKlass  @bci scala/collection/Map equals (Ljava/lang/Object;)Z 44 <appendix> member <vmtarget> ; # scala/collection/Map$$Lambda$10+0x00000008010c6410
instanceKlass scala/meta/internal/pc/PresentationCompilerConfigImpl
instanceKlass  @bci scala/meta/internal/pc/PresentationCompilerConfigImpl$ apply$default$14 ()Lscala/Function0; 0 <appendix> argL0 ; # scala/meta/internal/pc/PresentationCompilerConfigImpl$$$Lambda$9+0x00000008010c5030
instanceKlass  @cpi scala/meta/internal/semver/SemVer$Version 185 form vmentry <vmtarget> ; # java/lang/invoke/LambdaForm$DMH+0x00000008010c8000
instanceKlass scala/runtime/java8/JFunction0$mcZ$sp
instanceKlass scala/collection/convert/JavaCollectionWrappers$JMapWrapperLike
instanceKlass scala/collection/StrictOptimizedMapOps
instanceKlass scala/collection/concurrent/Map
instanceKlass scala/collection/mutable/Set
instanceKlass scala/collection/mutable/SetOps
instanceKlass scala/collection/mutable/Buffer
instanceKlass scala/jdk/javaapi/CollectionConverters$
instanceKlass scala/collection/convert/AsJavaConverters
instanceKlass scala/collection/convert/AsScalaConverters
instanceKlass scala/collection/convert/AsScalaExtensions$MapHasAsScala
instanceKlass scala/meta/pc/PresentationCompilerConfig
instanceKlass scala/jdk/CollectionConverters$
instanceKlass scala/collection/convert/AsJavaExtensions
instanceKlass scala/meta/internal/jdk/package$
instanceKlass scala/runtime/AbstractFunction21
instanceKlass scala/Function21
instanceKlass scala/meta/internal/metals/Configs$CompilersConfig$
instanceKlass scala/meta/internal/metals/StatisticsConfig
instanceKlass scala/meta/internal/metals/StatisticsConfig$
instanceKlass scala/meta/internal/metals/Icons$
instanceKlass scala/meta/internal/metals/ExecuteClientCommandConfig
instanceKlass scala/meta/internal/metals/ExecuteClientCommandConfig$
instanceKlass scala/meta/internal/metals/StatusBarConfig
instanceKlass scala/meta/internal/metals/StatusBarConfig$
instanceKlass  @bci scala/meta/internal/metals/MetalsServerConfig$ commaSeparatedProperty (Ljava/lang/String;)Lscala/collection/immutable/Set; 18 <appendix> argL0 ; # scala/meta/internal/metals/MetalsServerConfig$$$Lambda$8+0x00000008010bfb18
instanceKlass  @bci scala/meta/internal/metals/MetalsServerConfig$ commaSeparatedProperty (Ljava/lang/String;)Lscala/collection/immutable/Set; 10 <appendix> argL0 ; # scala/meta/internal/metals/MetalsServerConfig$$$Lambda$7+0x00000008010bf768
instanceKlass  @bci scala/sys/SystemProperties get (Ljava/lang/String;)Lscala/Option; 2 <appendix> member <vmtarget> ; # scala/sys/SystemProperties$$Lambda$6+0x00000008010bf4c0
instanceKlass scala/collection/MapView
instanceKlass scala/collection/convert/AsScalaExtensions
instanceKlass scala/sys/package$
instanceKlass scala/meta/internal/metals/Configs$GlobSyntaxConfig
instanceKlass scala/meta/internal/metals/Configs$GlobSyntaxConfig$
instanceKlass scala/meta/internal/metals/MetalsServerConfig
instanceKlass scala/meta/internal/metals/MetalsServerConfig$MetalsClientType$
instanceKlass  @bci scala/meta/internal/metals/MetalsServerConfig$ default ()Lscala/meta/internal/metals/MetalsServerConfig; 4 <appendix> argL0 ; # scala/meta/internal/metals/MetalsServerConfig$$$Lambda$5+0x00000008010b7ca0
instanceKlass scala/Option$
instanceKlass scala/Function0
instanceKlass scala/meta/internal/metals/Icons
instanceKlass scala/meta/internal/metals/MetalsServerConfig$
instanceKlass scribe/writer/Writer
instanceKlass scribe/LoggerSupport
instanceKlass java/util/TreeMap$PrivateEntryIterator
instanceKlass java/util/TreeMap$Entry
instanceKlass java/util/NavigableMap
instanceKlass java/util/SortedMap
instanceKlass java/util/NavigableSet
instanceKlass java/util/SortedSet
instanceKlass scala/meta/internal/metals/logging/MetalsLogger$
instanceKlass scala/concurrent/impl/ExecutionContextImpl
instanceKlass java/util/concurrent/Executors$DefaultThreadFactory
instanceKlass java/util/concurrent/SynchronousQueue$TransferStack$SNode
instanceKlass java/util/concurrent/SynchronousQueue$Transferer
instanceKlass java/util/concurrent/BlockingQueue
instanceKlass java/util/concurrent/ThreadPoolExecutor$AbortPolicy
instanceKlass java/util/concurrent/RejectedExecutionHandler
instanceKlass java/util/concurrent/Executors
instanceKlass scala/runtime/BoxesRunTime
instanceKlass  @bci scala/runtime/Statics releaseFence ()V 3 <adapter> ; # java/lang/invoke/LambdaForm$MH+0x00000008010b8000
instanceKlass scala/runtime/Statics$VM
instanceKlass scala/runtime/Statics
instanceKlass scala/collection/immutable/SetBuilderImpl
instanceKlass scala/collection/MapOps$GenKeySet
instanceKlass scala/collection/immutable/StrictOptimizedSetOps
instanceKlass scala/collection/StrictOptimizedSetOps
instanceKlass scala/collection/ClassTagIterableFactory
instanceKlass scala/collection/EvidenceIterableFactory
instanceKlass scala/collection/EvidenceIterableFactoryDefaults
instanceKlass scala/runtime/ScalaRunTime$
instanceKlass scala/reflect/NoManifest$
instanceKlass scala/reflect/ManifestFactory$ClassTypeManifest
instanceKlass scala/runtime/Null$
instanceKlass scala/collection/mutable/IndexedSeq
instanceKlass scala/collection/mutable/IndexedSeqOps
instanceKlass scala/collection/mutable/Seq
instanceKlass scala/collection/mutable/SeqOps
instanceKlass scala/reflect/AnyValManifest
instanceKlass scala/reflect/ManifestFactory$
instanceKlass scala/reflect/Manifest
instanceKlass scala/reflect/ClassTag
instanceKlass scala/reflect/ClassManifestDeprecatedApis
instanceKlass scala/reflect/OptManifest
instanceKlass scala/reflect/Manifest$
instanceKlass scala/Tuple2$
instanceKlass scala/collection/immutable/Set
instanceKlass scala/collection/immutable/SetOps
instanceKlass scala/collection/Set
instanceKlass scala/collection/SetOps
instanceKlass scala/collection/immutable/Set$
instanceKlass scala/collection/immutable/Map$
instanceKlass scala/util/Right$
instanceKlass scala/util/Left$
instanceKlass scala/util/Either$
instanceKlass scala/math/Ordering$
instanceKlass scala/math/LowPriorityOrderingImplicits
instanceKlass scala/math/Ordered$
instanceKlass scala/math/Numeric$
instanceKlass scala/math/Integral$
instanceKlass scala/math/Fractional$
instanceKlass scala/math/Equiv$
instanceKlass scala/math/LowPriorityEquiv
instanceKlass scala/math/Integral
instanceKlass scala/math/ScalaNumericConversions
instanceKlass scala/math/ScalaNumericAnyConversions
instanceKlass scala/math/BigInt$
instanceKlass java/math/MathContext
instanceKlass scala/math/BigDecimal$
instanceKlass scala/collection/immutable/Range$
instanceKlass scala/collection/mutable/StringBuilder$
instanceKlass  @bci scala/collection/immutable/LazyList$ <clinit> ()V 31 <appendix> argL0 ; # scala/collection/immutable/LazyList$$$Lambda$4+0x000000080103c298
instanceKlass scala/collection/immutable/LazyList$EmptyMarker$
instanceKlass scala/collection/immutable/LazyList$
instanceKlass scala/collection/immutable/Stream$
instanceKlass scala/collection/package$$colon$plus$
instanceKlass scala/collection/package$$plus$colon$
instanceKlass scala/collection/immutable/$colon$colon$
instanceKlass scala/collection/Iterator$
instanceKlass scala/collection/immutable/VectorStatics$
instanceKlass scala/collection/BufferedIterator
instanceKlass scala/collection/AbstractIterator
instanceKlass scala/collection/immutable/Vector$
instanceKlass scala/collection/SeqFactory$Delegate
instanceKlass scala/collection/immutable/List$$anon$1
instanceKlass scala/collection/mutable/Map
instanceKlass scala/collection/mutable/MapOps
instanceKlass scala/collection/mutable/Shrinkable
instanceKlass scala/collection/mutable/Cloneable
instanceKlass scala/collection/mutable/Iterable
instanceKlass scala/collection/Searching$SearchResult
instanceKlass scala/collection/WithFilter
instanceKlass scala/collection/MapFactory
instanceKlass scala/collection/immutable/Map
instanceKlass scala/collection/immutable/MapOps
instanceKlass scala/collection/Map
instanceKlass scala/collection/MapFactoryDefaults
instanceKlass scala/collection/MapOps
instanceKlass scala/Product2$mcJJ$sp
instanceKlass scala/Product2$mcJI$sp
instanceKlass scala/Product2$mcDJ$sp
instanceKlass scala/Product2$mcII$sp
instanceKlass scala/Product2$mcID$sp
instanceKlass scala/Product2$mcIJ$sp
instanceKlass scala/Product2$mcDI$sp
instanceKlass scala/Product2$mcJD$sp
instanceKlass scala/Product2$mcDD$sp
instanceKlass scala/Tuple2
instanceKlass scala/Product2
instanceKlass scala/collection/generic/DefaultSerializable
instanceKlass scala/collection/StrictOptimizedLinearSeqOps
instanceKlass scala/collection/immutable/LinearSeq
instanceKlass scala/collection/immutable/LinearSeqOps
instanceKlass scala/collection/LinearSeq
instanceKlass scala/collection/LinearSeqOps
instanceKlass scala/collection/immutable/List$
instanceKlass scala/collection/StrictOptimizedSeqFactory
instanceKlass scala/collection/SeqFactory
instanceKlass scala/collection/BuildFrom
instanceKlass scala/collection/Factory
instanceKlass scala/collection/IterableFactory$Delegate
instanceKlass scala/collection/IterableFactory
instanceKlass scala/package$$anon$1
instanceKlass scala/Specializable
instanceKlass scala/package$
instanceKlass scala/LowPriorityImplicits2
instanceKlass  @bci scala/collection/ArrayOps$ <clinit> ()V 10 <appendix> argL0 ; # scala/collection/ArrayOps$$$Lambda$3+0x0000000801016978
instanceKlass scala/collection/IndexedSeqView
instanceKlass scala/collection/SeqView
instanceKlass scala/collection/View
instanceKlass scala/collection/AbstractIterable
instanceKlass scala/collection/immutable/StrictOptimizedSeqOps
instanceKlass scala/collection/DoubleStepper
instanceKlass scala/collection/Stepper$mcD$sp
instanceKlass scala/collection/LongStepper
instanceKlass scala/collection/Stepper$mcJ$sp
instanceKlass scala/collection/IntStepper
instanceKlass scala/collection/Stepper$mcI$sp
instanceKlass scala/collection/AnyStepper
instanceKlass scala/collection/Stepper
instanceKlass scala/collection/convert/impl/IndexedStepperBase
instanceKlass scala/collection/Stepper$EfficientSplit
instanceKlass scala/collection/StrictOptimizedSeqOps
instanceKlass scala/collection/StrictOptimizedIterableOps
instanceKlass scala/collection/immutable/IndexedSeq
instanceKlass scala/collection/immutable/IndexedSeqOps
instanceKlass scala/collection/IndexedSeq
instanceKlass scala/collection/IndexedSeqOps
instanceKlass scala/collection/Iterator
instanceKlass scala/collection/mutable/ArrayBuilder
instanceKlass scala/collection/mutable/ReusableBuilder
instanceKlass scala/collection/mutable/Builder
instanceKlass scala/collection/mutable/Growable
instanceKlass scala/collection/mutable/Clearable
instanceKlass scala/collection/ArrayOps$
instanceKlass java/util/concurrent/ForkJoinPool$2
instanceKlass jdk/internal/access/JavaUtilConcurrentFJPAccess
instanceKlass java/util/concurrent/atomic/Striped64$1
instanceKlass jdk/internal/vm/ThreadContainers
instanceKlass java/lang/invoke/VarForm
instanceKlass java/lang/invoke/VarHandleGuards
instanceKlass java/lang/ClassValue$Version
instanceKlass java/lang/ClassValue$Identity
instanceKlass java/lang/ClassValue
instanceKlass java/lang/invoke/VarHandles
instanceKlass java/util/concurrent/ForkJoinPool$DefaultForkJoinWorkerThreadFactory
instanceKlass jdk/internal/vm/StackableScope
instanceKlass java/util/function/Predicate
instanceKlass java/util/concurrent/ForkJoinPool$WorkQueue
instanceKlass java/util/concurrent/AbstractExecutorService
instanceKlass java/util/concurrent/Semaphore
instanceKlass  @bci scala/concurrent/impl/ExecutionContextImpl$ fromExecutor (Ljava/util/concurrent/Executor;Lscala/Function1;)Lscala/concurrent/ExecutionContextExecutor; 55 <appendix> member <vmtarget> ; # scala/concurrent/impl/ExecutionContextImpl$$$Lambda$2+0x0000000801007308
instanceKlass  @cpi org/h2/table/Plan 89 form vmentry <vmtarget> ; # java/lang/invoke/LambdaForm$DMH+0x0000000801008800
instanceKlass scala/concurrent/BlockContext
instanceKlass scala/concurrent/impl/ExecutionContextImpl$DefaultThreadFactory
instanceKlass java/util/concurrent/ForkJoinPool$ForkJoinWorkerThreadFactory
instanceKlass jdk/internal/math/FloatingDecimal$ASCIIToBinaryBuffer
instanceKlass jdk/internal/math/FloatingDecimal$PreparedASCIIToBinaryBuffer
instanceKlass jdk/internal/math/FloatingDecimal$ASCIIToBinaryConverter
instanceKlass jdk/internal/math/FloatingDecimal$BinaryToASCIIBuffer
instanceKlass jdk/internal/math/FloatingDecimal$ExceptionalBinaryToASCIIBuffer
instanceKlass jdk/internal/math/FloatingDecimal$BinaryToASCIIConverter
instanceKlass jdk/internal/math/FloatingDecimal
instanceKlass scala/math/Fractional
instanceKlass scala/math/Numeric
instanceKlass scala/runtime/RichDouble$
instanceKlass scala/math/package$
instanceKlass scala/concurrent/ExecutionContextExecutorService
instanceKlass java/util/concurrent/ExecutorService
instanceKlass scala/concurrent/impl/ExecutionContextImpl$
instanceKlass  @bci scala/meta/internal/metals/TrigramSubstrings$ <clinit> ()V 40 <appendix> form vmentry <vmtarget> ; # java/lang/invoke/LambdaForm$MH+0x0000000801008400
instanceKlass java/lang/invoke/LambdaFormBuffer
instanceKlass java/lang/invoke/LambdaFormEditor$TransformKey
instanceKlass java/lang/invoke/LambdaFormEditor
instanceKlass sun/invoke/util/Wrapper$1
instanceKlass java/lang/invoke/DirectMethodHandle$2
instanceKlass java/lang/invoke/ClassSpecializer$Factory
instanceKlass java/lang/invoke/ClassSpecializer$SpeciesData
instanceKlass java/lang/invoke/ClassSpecializer$1
instanceKlass java/lang/invoke/ClassSpecializer
instanceKlass  @bci scala/concurrent/ExecutionContext$ <clinit> ()V 10 <appendix> argL0 ; # scala/concurrent/ExecutionContext$$$Lambda$1+0x0000000801005c88
instanceKlass jdk/internal/org/objectweb/asm/ClassReader
instanceKlass java/lang/invoke/LambdaProxyClassArchive
instanceKlass java/lang/invoke/InfoFromMemberName
instanceKlass java/lang/invoke/MethodHandleInfo
instanceKlass jdk/internal/org/objectweb/asm/ConstantDynamic
instanceKlass jdk/internal/org/objectweb/asm/Handle
instanceKlass sun/security/action/GetBooleanAction
instanceKlass java/lang/invoke/AbstractValidatingLambdaMetafactory
instanceKlass  @bci java/lang/invoke/BootstrapMethodInvoker invoke (Ljava/lang/Class;Ljava/lang/invoke/MethodHandle;Ljava/lang/String;Ljava/lang/Object;Ljava/lang/Object;Ljava/lang/Class;)Ljava/lang/Object; 462 <adapter> ; # java/lang/invoke/LambdaForm$MH+0x0000000801008000
instanceKlass java/lang/invoke/MethodHandles$Lookup$ClassDefiner
instanceKlass java/lang/invoke/MethodHandles$Lookup$ClassFile
instanceKlass jdk/internal/org/objectweb/asm/Handler
instanceKlass jdk/internal/org/objectweb/asm/Attribute
instanceKlass jdk/internal/org/objectweb/asm/FieldVisitor
instanceKlass sun/invoke/empty/Empty
instanceKlass sun/invoke/util/VerifyType
instanceKlass java/lang/invoke/InvokerBytecodeGenerator$ClassData
instanceKlass jdk/internal/org/objectweb/asm/AnnotationVisitor
instanceKlass jdk/internal/org/objectweb/asm/Frame
instanceKlass jdk/internal/org/objectweb/asm/Label
instanceKlass jdk/internal/org/objectweb/asm/Type
instanceKlass jdk/internal/org/objectweb/asm/MethodVisitor
instanceKlass sun/invoke/util/BytecodeDescriptor
instanceKlass jdk/internal/org/objectweb/asm/ByteVector
instanceKlass jdk/internal/org/objectweb/asm/Symbol
instanceKlass jdk/internal/org/objectweb/asm/SymbolTable
instanceKlass jdk/internal/org/objectweb/asm/ClassVisitor
instanceKlass java/lang/invoke/BootstrapMethodInvoker
instanceKlass java/lang/invoke/Invokers$Holder
instanceKlass java/lang/invoke/DelegatingMethodHandle$Holder
instanceKlass java/lang/invoke/MethodHandleImpl$1
instanceKlass jdk/internal/access/JavaLangInvokeAccess
instanceKlass java/lang/invoke/InvokerBytecodeGenerator$2
instanceKlass java/lang/invoke/InvokerBytecodeGenerator
instanceKlass java/lang/invoke/LambdaForm$Holder
instanceKlass java/lang/invoke/LambdaForm$Name
instanceKlass java/lang/invoke/Invokers
instanceKlass java/lang/invoke/MethodHandleImpl
instanceKlass sun/invoke/util/ValueConversions
instanceKlass java/lang/invoke/DirectMethodHandle$Holder
instanceKlass java/lang/invoke/LambdaForm$NamedFunction
instanceKlass sun/invoke/util/Wrapper$Format
instanceKlass java/lang/invoke/MethodTypeForm
instanceKlass java/lang/invoke/MethodType$ConcurrentWeakInternSet
instanceKlass java/lang/invoke/LambdaMetafactory
instanceKlass scala/concurrent/ExecutionContextExecutor
instanceKlass java/util/concurrent/Executor
instanceKlass scala/concurrent/ExecutionContext$
instanceKlass scala/$less$colon$less
instanceKlass scala/math/Ordering
instanceKlass scala/math/PartialOrdering
instanceKlass scala/math/Equiv
instanceKlass scala/Option
instanceKlass scala/collection/immutable/Seq
instanceKlass scala/collection/immutable/SeqOps
instanceKlass scala/collection/Seq
instanceKlass scala/collection/SeqOps
instanceKlass scala/PartialFunction
instanceKlass scala/Function1
instanceKlass scala/collection/immutable/Iterable
instanceKlass scala/collection/Iterable
instanceKlass scala/collection/IterableFactoryDefaults
instanceKlass scala/collection/IterableOps
instanceKlass scala/collection/IterableOnceOps
instanceKlass scala/concurrent/Awaitable
instanceKlass scala/collection/IterableOnce
instanceKlass scala/meta/metals/SupportedScalaVersions
instanceKlass java/lang/Void
instanceKlass java/lang/PublicMethods$Key
instanceKlass java/lang/PublicMethods$MethodList
instanceKlass scala/util/Either
instanceKlass scala/Product
instanceKlass scala/Equals
instanceKlass scala/concurrent/duration/Duration
instanceKlass scala/math/Ordered
instanceKlass scala/concurrent/ExecutionContext
instanceKlass java/util/ArrayList$Itr
instanceKlass scala/meta/metals/Main
instanceKlass sun/security/util/Debug
instanceKlass java/security/SecureClassLoader$DebugHolder
instanceKlass java/security/Permission
instanceKlass java/security/Guard
instanceKlass java/security/PermissionCollection
instanceKlass java/security/SecureClassLoader$1
instanceKlass java/security/SecureClassLoader$CodeSourceKey
instanceKlass java/util/zip/Checksum$1
instanceKlass java/util/zip/CRC32
instanceKlass java/util/zip/Checksum
instanceKlass sun/nio/ByteBuffered
instanceKlass java/lang/Package$VersionInfo
instanceKlass java/lang/NamedPackage
instanceKlass java/lang/reflect/Array
instanceKlass java/util/jar/Attributes$Name
instanceKlass java/util/jar/Attributes
instanceKlass jdk/internal/loader/Resource
instanceKlass java/util/zip/ZipFile$InflaterCleanupAction
instanceKlass java/util/zip/Inflater$InflaterZStreamRef
instanceKlass java/util/zip/Inflater
instanceKlass java/util/zip/ZipEntry
instanceKlass java/nio/Bits$1
instanceKlass jdk/internal/misc/VM$BufferPool
instanceKlass java/nio/Bits
instanceKlass sun/nio/ch/DirectBuffer
instanceKlass jdk/internal/perf/PerfCounter$CoreCounters
instanceKlass jdk/internal/perf/Perf
instanceKlass jdk/internal/perf/Perf$GetPerfAction
instanceKlass jdk/internal/perf/PerfCounter
instanceKlass java/nio/file/attribute/FileTime
instanceKlass java/util/zip/ZipUtils
instanceKlass java/util/zip/ZipFile$Source$End
instanceKlass java/io/RandomAccessFile$2
instanceKlass jdk/internal/access/JavaIORandomAccessFileAccess
instanceKlass java/io/RandomAccessFile
instanceKlass java/io/DataInput
instanceKlass java/io/DataOutput
instanceKlass sun/nio/fs/WindowsNativeDispatcher$CompletionStatus
instanceKlass sun/nio/fs/WindowsNativeDispatcher$AclInformation
instanceKlass sun/nio/fs/WindowsNativeDispatcher$Account
instanceKlass sun/nio/fs/WindowsNativeDispatcher$DiskFreeSpace
instanceKlass sun/nio/fs/WindowsNativeDispatcher$VolumeInformation
instanceKlass sun/nio/fs/WindowsNativeDispatcher$FirstStream
instanceKlass sun/nio/fs/WindowsNativeDispatcher$FirstFile
instanceKlass java/util/Enumeration
instanceKlass java/util/concurrent/ConcurrentHashMap$Traverser
instanceKlass jdk/internal/loader/NativeLibraries$3
instanceKlass jdk/internal/loader/NativeLibrary
instanceKlass java/util/ArrayDeque$DeqIterator
instanceKlass jdk/internal/loader/NativeLibraries$NativeLibraryContext$1
instanceKlass jdk/internal/loader/NativeLibraries$NativeLibraryContext
instanceKlass jdk/internal/loader/NativeLibraries$2
instanceKlass jdk/internal/loader/NativeLibraries$1
instanceKlass jdk/internal/loader/NativeLibraries$LibraryPaths
instanceKlass sun/nio/fs/WindowsNativeDispatcher
instanceKlass sun/nio/fs/NativeBuffer$Deallocator
instanceKlass sun/nio/fs/NativeBuffer
instanceKlass java/lang/ThreadLocal$ThreadLocalMap
instanceKlass java/lang/ThreadLocal
instanceKlass sun/nio/fs/NativeBuffers
instanceKlass sun/nio/fs/WindowsFileAttributes
instanceKlass java/nio/file/attribute/DosFileAttributes
instanceKlass sun/nio/fs/AbstractBasicFileAttributeView
instanceKlass sun/nio/fs/DynamicFileAttributeView
instanceKlass sun/nio/fs/WindowsFileAttributeViews
instanceKlass sun/nio/fs/Util
instanceKlass java/nio/file/attribute/BasicFileAttributeView
instanceKlass java/nio/file/attribute/FileAttributeView
instanceKlass java/nio/file/attribute/AttributeView
instanceKlass java/nio/file/Files
instanceKlass java/nio/file/CopyOption
instanceKlass java/nio/file/attribute/BasicFileAttributes
instanceKlass sun/nio/fs/WindowsPath
instanceKlass java/nio/file/Path
instanceKlass java/nio/file/Watchable
instanceKlass java/util/zip/ZipFile$Source$Key
instanceKlass sun/nio/fs/WindowsPathParser$Result
instanceKlass sun/nio/fs/WindowsPathParser
instanceKlass java/util/Collections$UnmodifiableCollection
instanceKlass java/util/Arrays$ArrayItr
instanceKlass java/util/concurrent/ForkJoinPool$ManagedBlocker
instanceKlass java/util/concurrent/locks/AbstractQueuedSynchronizer$Node
instanceKlass java/nio/file/FileSystem
instanceKlass java/nio/file/OpenOption
instanceKlass java/nio/file/spi/FileSystemProvider
instanceKlass sun/nio/fs/DefaultFileSystemProvider
instanceKlass java/util/zip/ZipFile$Source
instanceKlass java/lang/ref/Cleaner$Cleanable
instanceKlass jdk/internal/ref/CleanerImpl
instanceKlass java/lang/ref/Cleaner$1
instanceKlass java/lang/ref/Cleaner
instanceKlass jdk/internal/ref/CleanerFactory$1
instanceKlass java/util/concurrent/ThreadFactory
instanceKlass jdk/internal/ref/CleanerFactory
instanceKlass java/util/zip/ZipCoder
instanceKlass java/util/zip/ZipFile$CleanableResource
instanceKlass java/lang/Runtime$Version
instanceKlass java/util/jar/JavaUtilJarAccessImpl
instanceKlass jdk/internal/access/JavaUtilJarAccess
instanceKlass jdk/internal/loader/FileURLMapper
instanceKlass jdk/internal/loader/URLClassPath$JarLoader$1
instanceKlass java/util/zip/ZipFile$1
instanceKlass jdk/internal/access/JavaUtilZipFileAccess
instanceKlass java/util/zip/ZipFile
instanceKlass java/util/zip/ZipConstants
instanceKlass jdk/internal/loader/URLClassPath$Loader
instanceKlass jdk/internal/loader/URLClassPath$3
instanceKlass java/security/PrivilegedExceptionAction
instanceKlass sun/net/util/URLUtil
instanceKlass java/lang/StringCoding
instanceKlass sun/nio/cs/ArrayDecoder
instanceKlass java/nio/charset/CharsetDecoder
instanceKlass sun/launcher/LauncherHelper
instanceKlass jdk/internal/vm/PostVMInitHook$1
instanceKlass jdk/internal/util/EnvUtils
instanceKlass jdk/internal/vm/PostVMInitHook$2
instanceKlass sun/util/locale/LocaleUtils
instanceKlass sun/util/locale/BaseLocale
instanceKlass java/util/Locale
instanceKlass jdk/internal/vm/PostVMInitHook
instanceKlass java/lang/invoke/StringConcatFactory
instanceKlass java/lang/ModuleLayer$Controller
instanceKlass java/util/concurrent/CopyOnWriteArrayList
instanceKlass jdk/internal/module/ServicesCatalog$ServiceProvider
instanceKlass jdk/internal/loader/AbstractClassLoaderValue$Memoizer
instanceKlass java/util/ImmutableCollections$ListItr
instanceKlass java/util/ListIterator
instanceKlass java/lang/ModuleLayer
instanceKlass jdk/internal/module/ModuleLoaderMap$Modules
instanceKlass jdk/internal/module/ModuleLoaderMap$Mapper
instanceKlass jdk/internal/module/ModuleLoaderMap
instanceKlass java/util/AbstractMap$1$1
instanceKlass java/lang/module/ResolvedModule
instanceKlass java/lang/module/Configuration
instanceKlass jdk/internal/loader/BuiltinClassLoader$LoadedModule
instanceKlass jdk/internal/loader/AbstractClassLoaderValue
instanceKlass jdk/internal/module/ServicesCatalog
instanceKlass java/util/Deque
instanceKlass java/util/Queue
instanceKlass sun/net/util/IPAddressUtil
instanceKlass java/net/URLStreamHandler
instanceKlass java/util/HexFormat
instanceKlass sun/net/www/ParseUtil
instanceKlass java/net/URL$3
instanceKlass jdk/internal/access/JavaNetURLAccess
instanceKlass java/net/URL$DefaultFactory
instanceKlass java/net/URLStreamHandlerFactory
instanceKlass jdk/internal/loader/URLClassPath
instanceKlass java/security/Principal
instanceKlass java/security/ProtectionDomain$Key
instanceKlass java/security/ProtectionDomain$JavaSecurityAccessImpl
instanceKlass jdk/internal/access/JavaSecurityAccess
instanceKlass java/lang/ClassLoader$ParallelLoaders
instanceKlass java/security/cert/Certificate
instanceKlass jdk/internal/loader/ArchivedClassLoaders
instanceKlass java/util/concurrent/ConcurrentHashMap$CollectionView
instanceKlass jdk/internal/loader/ClassLoaderHelper
instanceKlass jdk/internal/loader/NativeLibraries
instanceKlass jdk/internal/loader/BootLoader
instanceKlass java/util/Optional
instanceKlass jdk/internal/module/SystemModuleFinders$SystemModuleFinder
instanceKlass java/lang/module/ModuleFinder
instanceKlass jdk/internal/module/SystemModuleFinders$3
instanceKlass jdk/internal/module/ModuleHashes$HashSupplier
instanceKlass jdk/internal/module/SystemModuleFinders$2
instanceKlass java/util/function/Supplier
instanceKlass java/lang/module/ModuleReference
instanceKlass jdk/internal/module/ModuleResolution
instanceKlass java/util/Collections$UnmodifiableMap
instanceKlass jdk/internal/module/ModuleHashes$Builder
instanceKlass jdk/internal/module/ModuleHashes
instanceKlass jdk/internal/module/ModuleTarget
instanceKlass java/util/ImmutableCollections$Set12$1
instanceKlass java/lang/module/ModuleDescriptor$Version
instanceKlass java/lang/module/ModuleDescriptor$Provides
instanceKlass java/lang/module/ModuleDescriptor$Opens
instanceKlass java/util/ImmutableCollections$SetN$SetNIterator
instanceKlass java/lang/module/ModuleDescriptor$Exports
instanceKlass java/lang/module/ModuleDescriptor$Requires
instanceKlass jdk/internal/module/Builder
instanceKlass jdk/internal/module/SystemModules$default
instanceKlass jdk/internal/module/SystemModules
instanceKlass jdk/internal/module/SystemModulesMap
instanceKlass java/net/URI$1
instanceKlass jdk/internal/access/JavaNetUriAccess
instanceKlass java/net/URI
instanceKlass jdk/internal/module/SystemModuleFinders
instanceKlass jdk/internal/module/ArchivedModuleGraph
instanceKlass jdk/internal/module/ArchivedBootLayer
instanceKlass jdk/internal/module/ModuleBootstrap$Counters
instanceKlass jdk/internal/module/ModulePatcher
instanceKlass java/io/FileSystem
instanceKlass java/io/DefaultFileSystem
instanceKlass java/io/File
instanceKlass java/lang/module/ModuleDescriptor$1
instanceKlass jdk/internal/access/JavaLangModuleAccess
instanceKlass sun/invoke/util/VerifyAccess
instanceKlass java/util/KeyValueHolder
instanceKlass java/util/ImmutableCollections$MapN$MapNIterator
instanceKlass java/lang/StrictMath
instanceKlass java/lang/invoke/MethodHandles$Lookup
instanceKlass java/lang/invoke/MemberName$Factory
instanceKlass java/lang/invoke/MethodHandles
instanceKlass java/lang/module/ModuleDescriptor
instanceKlass jdk/internal/module/ModuleBootstrap
instanceKlass java/lang/invoke/MethodHandleStatics
instanceKlass java/util/concurrent/locks/AbstractQueuedSynchronizer$ConditionObject
instanceKlass java/util/concurrent/locks/Condition
instanceKlass jdk/internal/misc/Blocker
instanceKlass java/util/Collections
instanceKlass java/lang/Thread$ThreadIdentifiers
instanceKlass sun/io/Win32ErrorMode
instanceKlass jdk/internal/misc/OSEnvironment
instanceKlass java/lang/Integer$IntegerCache
instanceKlass jdk/internal/misc/Signal$NativeHandler
instanceKlass java/util/Hashtable$Entry
instanceKlass jdk/internal/misc/Signal
instanceKlass java/lang/Terminator$1
instanceKlass jdk/internal/misc/Signal$Handler
instanceKlass java/lang/Terminator
instanceKlass java/nio/ByteOrder
instanceKlass java/nio/Buffer$1
instanceKlass jdk/internal/access/JavaNioAccess
instanceKlass jdk/internal/misc/ScopedMemoryAccess
instanceKlass java/nio/charset/CodingErrorAction
instanceKlass sun/nio/cs/SingleByte
instanceKlass java/lang/StringUTF16
instanceKlass sun/nio/cs/MS1252$Holder
instanceKlass sun/nio/cs/ArrayEncoder
instanceKlass java/nio/charset/CharsetEncoder
instanceKlass java/io/Writer
instanceKlass java/io/PrintStream$1
instanceKlass jdk/internal/access/JavaIOPrintStreamAccess
instanceKlass jdk/internal/misc/InternalLock
instanceKlass java/io/OutputStream
instanceKlass java/io/Flushable
instanceKlass java/io/FileDescriptor$1
instanceKlass jdk/internal/access/JavaIOFileDescriptorAccess
instanceKlass java/io/FileDescriptor
instanceKlass sun/security/action/GetPropertyAction
instanceKlass jdk/internal/util/StaticProperty
instanceKlass jdk/internal/reflect/MethodHandleAccessorFactory
instanceKlass java/lang/reflect/Modifier
instanceKlass java/lang/Class$1
instanceKlass java/lang/Class$Atomic
instanceKlass java/lang/Class$ReflectionData
instanceKlass jdk/internal/util/ArraysSupport
instanceKlass java/nio/charset/StandardCharsets
instanceKlass sun/nio/cs/HistoricallyNamedCharset
instanceKlass java/nio/charset/spi/CharsetProvider
instanceKlass java/nio/charset/Charset
instanceKlass java/util/HashMap$HashIterator
instanceKlass java/util/concurrent/locks/LockSupport
instanceKlass java/util/concurrent/ConcurrentHashMap$Node
instanceKlass java/util/concurrent/ConcurrentHashMap$CounterCell
instanceKlass java/util/concurrent/locks/ReentrantLock
instanceKlass java/util/concurrent/locks/Lock
instanceKlass java/lang/CharacterData
instanceKlass java/util/Arrays
instanceKlass jdk/internal/util/Preconditions$3
instanceKlass jdk/internal/util/Preconditions$2
instanceKlass jdk/internal/util/Preconditions$4
instanceKlass java/util/function/BiFunction
instanceKlass jdk/internal/util/Preconditions$1
instanceKlass java/util/function/Function
instanceKlass jdk/internal/util/Preconditions
instanceKlass java/lang/Runtime
instanceKlass java/lang/VersionProps
instanceKlass java/lang/StringConcatHelper
instanceKlass java/util/HashMap$Node
instanceKlass java/util/Map$Entry
instanceKlass jdk/internal/util/SystemProps$Raw
instanceKlass jdk/internal/util/SystemProps
instanceKlass java/lang/System$2
instanceKlass jdk/internal/access/JavaLangAccess
instanceKlass java/lang/ref/NativeReferenceQueue$Lock
instanceKlass java/lang/ref/ReferenceQueue
instanceKlass java/lang/ref/Reference$1
instanceKlass jdk/internal/access/JavaLangRefAccess
instanceKlass jdk/internal/reflect/ReflectionFactory
instanceKlass java/lang/Math
instanceKlass java/lang/StringLatin1
instanceKlass jdk/internal/reflect/Reflection
instanceKlass jdk/internal/reflect/ReflectionFactory$GetReflectionFactoryAction
instanceKlass java/security/PrivilegedAction
instanceKlass jdk/internal/access/SharedSecrets
instanceKlass java/lang/reflect/ReflectAccess
instanceKlass jdk/internal/access/JavaLangReflectAccess
instanceKlass java/util/ImmutableCollections
instanceKlass java/util/Objects
instanceKlass java/util/Set
instanceKlass jdk/internal/misc/CDS
instanceKlass java/lang/Module$ArchivedData
instanceKlass jdk/internal/misc/VM
instanceKlass java/lang/String$CaseInsensitiveComparator
instanceKlass java/util/Comparator
instanceKlass java/io/ObjectStreamField
instanceKlass jdk/internal/vm/FillerObject
instanceKlass jdk/internal/vm/vector/VectorSupport$VectorPayload
instanceKlass jdk/internal/vm/vector/VectorSupport
instanceKlass java/lang/reflect/RecordComponent
instanceKlass java/util/Iterator
instanceKlass java/lang/Number
instanceKlass java/lang/Character
instanceKlass java/lang/Boolean
instanceKlass java/util/concurrent/locks/AbstractOwnableSynchronizer
instanceKlass java/lang/LiveStackFrame
instanceKlass java/lang/StackFrameInfo
instanceKlass java/lang/StackWalker$StackFrame
instanceKlass java/lang/StackStreamFactory$AbstractStackWalker
instanceKlass java/lang/StackWalker
instanceKlass java/nio/Buffer
instanceKlass java/lang/StackTraceElement
instanceKlass java/util/RandomAccess
instanceKlass java/util/List
instanceKlass java/util/AbstractCollection
instanceKlass java/util/Collection
instanceKlass java/lang/Iterable
instanceKlass java/util/concurrent/ConcurrentMap
instanceKlass java/util/AbstractMap
instanceKlass java/security/CodeSource
instanceKlass jdk/internal/loader/ClassLoaders
instanceKlass java/util/jar/Manifest
instanceKlass java/lang/Enum
instanceKlass java/net/URL
instanceKlass java/io/InputStream
instanceKlass java/io/Closeable
instanceKlass java/lang/AutoCloseable
instanceKlass jdk/internal/module/Modules
instanceKlass jdk/internal/misc/Unsafe
instanceKlass jdk/internal/misc/UnsafeConstants
instanceKlass java/lang/AbstractStringBuilder
instanceKlass java/lang/Appendable
instanceKlass java/lang/AssertionStatusDirectives
instanceKlass java/lang/invoke/MethodHandleNatives$CallSiteContext
instanceKlass jdk/internal/foreign/abi/VMStorage
instanceKlass jdk/internal/foreign/abi/ABIDescriptor
instanceKlass jdk/internal/foreign/abi/NativeEntryPoint
instanceKlass java/lang/invoke/CallSite
instanceKlass java/lang/invoke/MethodType
instanceKlass java/lang/invoke/TypeDescriptor$OfMethod
instanceKlass java/lang/invoke/LambdaForm
instanceKlass java/lang/invoke/MethodHandleNatives
instanceKlass java/lang/invoke/ResolvedMethodName
instanceKlass java/lang/invoke/MemberName
instanceKlass java/lang/invoke/VarHandle
instanceKlass java/lang/invoke/MethodHandle
instanceKlass jdk/internal/reflect/CallerSensitive
instanceKlass java/lang/annotation/Annotation
instanceKlass jdk/internal/reflect/FieldAccessor
instanceKlass jdk/internal/reflect/ConstantPool
instanceKlass jdk/internal/reflect/ConstructorAccessor
instanceKlass jdk/internal/reflect/MethodAccessor
instanceKlass jdk/internal/reflect/MagicAccessorImpl
instanceKlass jdk/internal/vm/StackChunk
instanceKlass jdk/internal/vm/Continuation
instanceKlass jdk/internal/vm/ContinuationScope
instanceKlass java/lang/reflect/Parameter
instanceKlass java/lang/reflect/Member
instanceKlass java/lang/reflect/AccessibleObject
instanceKlass java/lang/Module
instanceKlass java/util/Map
instanceKlass java/util/Dictionary
instanceKlass java/lang/ThreadGroup
instanceKlass java/lang/Thread$UncaughtExceptionHandler
instanceKlass java/lang/Thread$Constants
instanceKlass java/lang/Thread$FieldHolder
instanceKlass java/lang/Thread
instanceKlass java/lang/Runnable
instanceKlass java/lang/ref/Reference
instanceKlass java/lang/Record
instanceKlass java/security/AccessController
instanceKlass java/security/AccessControlContext
instanceKlass java/security/ProtectionDomain
instanceKlass java/lang/SecurityManager
instanceKlass java/lang/Throwable
instanceKlass java/lang/System
instanceKlass java/lang/ClassLoader
instanceKlass java/lang/Cloneable
instanceKlass java/lang/Class
instanceKlass java/lang/invoke/TypeDescriptor$OfField
instanceKlass java/lang/invoke/TypeDescriptor
instanceKlass java/lang/reflect/Type
instanceKlass java/lang/reflect/GenericDeclaration
instanceKlass java/lang/reflect/AnnotatedElement
instanceKlass java/lang/String
instanceKlass java/lang/constant/ConstantDesc
instanceKlass java/lang/constant/Constable
instanceKlass java/lang/CharSequence
instanceKlass java/lang/Comparable
instanceKlass java/io/Serializable
ciInstanceKlass java/lang/Object 1 1 124 7 1 10 12 1 1 10 7 12 1 1 1 10 7 12 1 1 1 10 12 1 1 8 1 10 12 1 1 10 7 12 1 1 1 10 12 1 10 12 1 1 10 7 12 1 1 1 10 12 1 10 12 1 7 1 10 100 12 1 1 1 10 12 1 1 10 12 1 100 1 8 1 10 12 1 3 8 1 100 1 5 0 1 1 1 1 1 1 1 1 1 1 1 1 1 1 1 1 7 1 1 1 1 1 1 1 1 1 1 7 1 1 1 1 1 1 1 1 1 1 3 1 1
ciInstanceKlass java/io/Serializable 1 0 7 100 1 100 1 1 1
ciInstanceKlass java/lang/System 1 1 826 10 100 12 1 1 1 9 7 12 1 1 1 10 12 1 10 12 1 1 10 12 1 1 10 12 1 9 12 1 1 10 7 12 1 1 1 11 100 12 1 1 1 10 100 12 1 1 1 10 12 1 1 10 12 1 1 100 1 8 1 10 12 1 10 100 12 1 1 1 10 100 12 1 1 1 18 12 1 1 10 100 12 1 1 1 100 1 10 12 1 1 10 100 12 1 1 1 10 12 1 10 7 12 1 1 1 9 100 12 1 1 1 10 100 12 1 1 1 11 7 12 1 1 1 10 12 1 1 10 100 12 1 1 1 100 1 10 10 12 1 1 8 1 10 12 1 8 1 10 12 1 9 12 1 1 8 1 10 7 12 1 1 1 10 12 1 1 100 1 8 1 10 9 12 1 1 8 1 10 12 1 1 10 100 12 1 1 1 8 1 10 12 1 100 1 10 12 1 8 1 10 12 1 10 12 1 1 100 1 10 12 10 12 1 9 12 1 1 9 12 1 1 10 7 12 1 1 1 10 7 12 1 1 1 10 12 1 1 10 12 1 10 12 1 10 7 12 1 1 1 10 12 1 100 1 100 1 8 1 10 12 1 10 12 1 1 7 1 10 12 1 100 1 8 1 10 10 12 1 100 1 8 1 10 8 1 10 7 12 1 1 8 1 10 12 100 1 8 1 10 10 12 1 1 10 100 12 1 1 1 100 1 18 12 1 100 1 9 100 12 1 1 1 10 12 1 100 1 10 12 1 1 10 12 1 1 10 7 12 1 1 1 10 12 1 1 10 12 1 10 12 1 10 12 1 1 10 12 1 7 1 10 12 1 9 7 12 1 1 1 10 7 12 1 1 1 10 12 1 10 12 1 10 7 12 1 1 1 100 1 8 1 10 9 12 1 9 12 1 10 12 1 10 100 12 1 1 10 12 1 10 12 1 1 8 1 10 12 1 1 8 1 11 12 1 10 12 11 12 1 1 11 7 12 1 1 1 11 7 12 1 1 11 12 1 1 7 1 11 12 1 10 12 1 8 1 10 12 1 1 8 1 8 1 8 1 8 1 11 12 1 10 12 1 10 12 1 10 12 1 8 1 10 12 1 1 8 1 9 12 1 8 1 10 7 12 1 1 8 1 7 1 9 7 12 1 1 1 10 12 1 7 1 9 12 10 9 12 7 1 10 12 8 1 10 12 1 1 8 1 10 7 12 1 1 10 12 1 10 12 1 1 11 7 12 1 1 10 12 10 7 12 1 1 1 9 12 1 1 100 1 8 1 10 12 1 1 10 7 12 1 1 1 7 1 10 12 1 1 8 1 10 8 1 8 1 8 1 8 1 10 10 7 12 1 1 10 12 1 10 12 1 1 10 12 1 1 10 12 1 10 100 12 1 1 1 10 100 1 8 1 10 10 10 12 1 1 10 12 1 1 8 1 10 12 1 8 1 8 1 10 12 1 10 7 12 1 1 1 10 12 1 1 7 1 10 10 12 1 10 12 1 9 12 1 1 1 3 1 3 1 1 1 1 1 1 1 1 1 1 1 1 100 1 1 100 1 1 1 1 1 1 1 1 1 1 1 100 1 100 1 1 1 1 1 1 1 1 1 1 1 1 1 1 1 1 1 1 1 1 1 1 1 1 1 1 1 1 1 1 1 1 1 1 1 1 1 1 1 1 1 1 1 1 1 1 1 1 1 1 1 1 1 1 1 1 1 1 100 1 1 1 1 1 1 1 1 1 1 1 1 1 1 1 1 1 1 1 1 1 1 1 1 1 1 1 1 1 1 1 1 1 100 1 1 15 10 100 12 1 1 1 16 15 10 12 1 1 16 15 10 12 16 1 1 1 1 1 1 1 100 1 100 1 1
staticfield java/lang/System in Ljava/io/InputStream; java/io/BufferedInputStream
staticfield java/lang/System out Ljava/io/PrintStream; java/io/PrintStream
staticfield java/lang/System err Ljava/io/PrintStream; java/io/PrintStream
instanceKlass org/h2/util/SortedProperties
instanceKlass java/security/Provider
ciInstanceKlass java/util/Properties 1 1 690 10 7 12 1 1 1 100 1 10 7 12 1 1 7 1 10 12 1 9 12 1 1 9 12 1 1 9 12 1 1 10 7 12 1 1 1 10 12 1 1 8 1 10 7 12 1 1 1 7 1 10 12 1 10 12 1 1 8 1 10 12 1 7 1 10 12 10 12 1 1 9 12 1 1 10 12 1 1 7 1 10 12 1 10 12 1 10 12 1 1 100 1 8 1 10 12 1 10 12 1 10 12 1 1 10 12 1 100 1 3 10 10 7 12 1 1 1 10 12 1 10 12 1 1 8 1 10 12 1 10 12 1 1 8 1 10 7 12 1 1 10 12 1 1 10 12 1 10 12 1 1 100 1 10 12 1 10 12 1 1 7 1 9 7 12 1 1 1 10 12 1 10 12 1 1 10 12 1 1 10 12 1 1 7 1 9 12 1 1 7 1 7 1 10 12 1 7 1 11 7 12 1 1 1 11 12 1 1 11 7 12 1 1 1 11 7 12 1 1 1 11 12 1 1 11 12 1 11 12 1 10 12 1 1 8 1 10 12 1 10 7 12 1 1 10 12 1 7 1 10 10 12 1 10 12 1 100 1 10 10 12 1 1 10 100 12 1 1 9 100 12 1 1 10 12 1 1 10 100 12 1 1 1 100 1 100 1 100 1 10 8 1 8 1 10 12 1 10 12 1 10 12 1 1 10 10 12 1 1 10 12 1 1 7 1 10 10 12 1 11 7 12 1 1 10 7 12 1 1 1 8 1 10 100 12 1 1 11 11 7 1 8 1 10 100 1 11 10 12 1 10 10 12 1 10 12 1 1 10 12 1 1 10 12 1 1 10 12 1 10 12 1 10 10 12 1 10 12 1 10 12 1 10 10 12 1 1 10 12 1 1 10 10 12 1 10 12 1 10 12 1 10 12 1 10 12 1 1 10 12 1 1 10 12 1 10 12 1 10 12 1 1 10 12 10 12 1 1 10 12 1 1 10 12 1 10 12 1 1 10 12 1 1 10 12 10 11 12 1 4 11 10 12 1 1 10 100 12 1 1 11 12 1 10 12 1 1 10 100 12 1 1 10 12 1 100 1 8 1 10 12 1 10 10 100 12 1 1 1 100 1 6 0 10 12 1 1 11 100 12 1 1 1 10 12 1 10 12 1 1 1 1 1 5 0 1 1 1 1 1 1 1 1 1 1 1 1 1 1 1 1 1 1 1 1 1 1 1 1 1 1 1 1 1 1 1 1 1 1 1 1 1 1 1 100 1 1 1 1 1 1 1 1 1 1 1 1 1 1 1 1 1 1 1 1 100 1 1 1 1 1 1 1 1 1 1 1 1 100 1 100 1 1 1 1 1 100 1 1 1 1 1 1 1 1 1 1 1 1 1 1 1 1 1 1 1 1 1 1 1 1 1 1 1 1 1 1 1 1 1 1 1 1 1 1 1 1 1 1 1 1 1 1 1 1 1 1 1 1 1 1 1 1 1 1 1 1 1 1 1 1 1 1 1 1 1 1 1 1 1 1 1 1 1 100 1 1 1 1 1 1 1 1 1 1 1 100 1 1
staticfield java/util/Properties UNSAFE Ljdk/internal/misc/Unsafe; jdk/internal/misc/Unsafe
instanceKlass scala/collection/convert/JavaCollectionWrappers$DictionaryWrapper
instanceKlass java/util/Hashtable
ciInstanceKlass java/util/Dictionary 1 1 36 10 7 12 1 1 1 100 1 1 1 1 1 1 1 1 1 1 1 1 1 1 1 1 1 1 1 1 1 1 1 1 1 1 1 1
instanceKlass java/util/Properties
ciInstanceKlass java/util/Hashtable 1 1 514 100 1 10 7 12 1 1 1 9 7 12 1 1 1 100 1 100 1 10 8 1 10 12 1 1 10 12 1 10 12 1 1 10 12 1 10 7 12 1 1 1 8 1 10 12 1 9 12 1 1 7 1 9 12 1 1 4 10 7 12 1 1 1 9 12 1 4 10 12 1 11 100 12 1 1 1 10 12 1 1 10 12 1 1 9 12 1 10 12 1 1 100 1 10 9 12 1 1 10 7 12 1 1 1 9 12 1 1 10 12 1 10 12 1 3 9 12 1 9 12 1 3 10 12 1 10 12 1 10 12 1 1 11 12 1 1 11 100 12 1 1 1 11 100 12 1 1 1 11 12 1 100 1 11 12 1 11 12 1 10 12 1 1 10 12 1 1 10 12 1 9 12 1 1 9 12 9 12 1 1 10 100 1 100 1 10 12 1 10 8 1 10 10 12 1 8 1 10 8 1 10 100 12 1 1 1 7 1 10 12 1 10 12 1 100 1 10 12 1 10 12 1 1 100 1 10 100 1 10 10 12 1 1 11 12 1 1 11 12 1 100 1 10 10 10 100 12 1 1 11 100 12 1 1 1 100 1 10 11 100 12 1 1 11 100 12 1 10 12 1 10 12 1 1 10 100 12 1 1 10 12 1 1 10 12 1 1 10 12 1 1 10 100 12 1 1 1 8 10 100 12 1 1 100 1 8 1 10 4 10 12 4 10 12 1 8 1 4 10 12 10 100 12 1 1 1 100 1 11 100 12 1 1 1 10 100 12 1 1 1 10 12 1 10 12 1 1 10 100 1 100 1 1 1 1 1 1 5 0 1 1 1 1 1 3 1 3 1 3 1 1 1 1 1 1 1 1 1 1 1 1 1 1 1 1 1 1 1 1 1 1 1 1 1 100 1 1 1 1 1 1 1 1 1 1 1 1 1 1 1 1 1 1 1 1 1 1 1 1 1 1 1 1 1 100 1 1 1 1 1 1 1 1 1 1 1 1 1 1 100 1 1 1 1 1 1 1 1 1 1 1 1 1 1 1 1 1 1 1 1 1 1 1 1 1 1 1 1 1 1 1 1 1 1 1 1 1 1 1 1 1 1 1 1 100 1 1 1 100 1 1 1 1 1 100 1 1 1 1 1 1 1 1 1 1 1 1 1 1 1 1 1 1
ciInstanceKlass java/lang/String 1 1 1404 10 7 12 1 1 1 8 1 9 7 12 1 1 1 9 12 1 1 9 12 1 1 9 12 1 1 10 12 1 10 12 1 1 10 12 1 1 9 12 1 10 7 12 1 1 1 10 7 1 10 7 12 1 1 1 10 12 1 1 10 12 1 1 10 12 1 10 12 1 1 10 12 1 10 7 12 1 1 1 9 7 12 1 1 1 10 7 12 1 1 1 10 7 12 1 1 1 10 12 1 1 10 12 1 1 10 12 1 1 10 12 1 1 9 7 12 1 1 10 12 9 7 12 1 1 10 12 1 1 3 10 7 12 1 1 1 7 1 11 12 1 1 11 12 1 11 12 1 1 10 100 12 1 1 1 10 12 1 1 9 100 12 1 1 1 10 12 1 1 10 12 1 11 12 1 1 10 12 1 1 10 12 10 12 1 1 10 100 12 1 1 1 10 12 1 1 10 12 1 1 100 1 100 1 10 12 1 10 12 1 10 12 1 1 100 1 10 12 1 1 100 1 10 12 1 1 10 12 1 1 10 10 12 1 100 1 100 1 100 1 10 12 1 10 12 1 1 10 12 1 1 10 12 1 10 12 1 1 10 12 1 1 10 100 12 1 1 100 1 11 11 12 1 11 12 1 10 12 1 1 10 12 1 10 12 10 12 1 1 10 10 100 12 1 1 1 10 100 12 1 1 10 12 1 1 10 100 12 1 1 10 12 1 10 12 1 1 10 12 1 1 10 12 1 10 12 1 10 12 1 1 100 1 10 12 1 1 10 12 10 12 1 10 12 1 1 10 100 12 1 1 1 10 12 1 10 12 1 1 10 12 1 10 12 1 3 3 10 12 1 1 10 12 1 10 12 1 1 10 12 1 1 10 12 1 1 10 12 1 10 12 1 1 10 12 1 1 10 12 1 10 12 1 10 12 1 10 12 1 1 10 12 1 10 12 1 10 12 1 10 12 1 10 12 1 10 12 1 10 100 1 10 8 1 10 12 1 1 10 12 1 8 1 10 12 1 1 10 12 10 12 1 8 1 10 10 12 1 1 10 12 1 1 10 12 1 10 12 1 1 10 12 10 100 1 10 10 12 1 10 12 1 10 12 1 10 10 12 1 10 12 1 10 12 1 10 12 1 10 12 1 1 10 12 1 100 1 10 10 12 1 1 10 12 1 10 12 1 1 10 10 12 1 1 10 10 12 1 100 1 10 10 12 1 1 10 12 1 1 10 7 1 10 12 1 10 12 1 10 12 1 10 12 1 1 10 12 1 11 7 1 11 12 10 12 1 10 12 1 1 10 12 1 1 10 10 12 1 10 12 1 9 12 1 1 11 7 12 1 1 1 10 10 12 1 10 12 1 1 10 10 12 1 10 12 1 10 12 1 1 10 12 1 1 10 10 12 1 1 10 12 10 10 12 1 10 12 10 10 12 10 10 12 1 10 12 1 10 12 10 10 12 10 12 1 10 12 10 12 10 10 12 1 10 12 1 1 10 12 1 10 10 12 1 10 7 12 1 1 1 10 12 1 1 10 10 7 12 1 1 1 11 10 12 1 10 12 1 1 10 12 1 1 10 7 12 1 1 1 10 12 1 10 10 12 1 10 12 1 10 12 1 10 100 12 1 1 10 12 1 100 1 100 1 8 1 10 10 10 12 1 8 1 10 12 1 3 3 7 1 10 10 12 1 10 12 1 10 12 1 1 10 12 1 1 11 7 12 1 1 1 7 1 10 12 1 1 10 12 1 10 12 1 1 10 12 1 1 8 1 10 12 1 1 10 12 1 11 100 12 1 1 1 11 100 12 1 1 11 12 1 1 10 12 1 10 12 1 1 10 10 7 12 1 1 1 10 12 1 10 12 1 10 10 12 10 12 1 1 10 10 12 1 10 10 12 1 10 10 12 1 10 10 12 1 10 12 1 1 10 10 12 1 8 1 10 12 1 1 18 12 1 1 11 100 12 1 1 1 7 1 3 18 12 1 18 12 1 8 1 10 100 12 1 1 1 11 12 1 1 10 12 10 10 12 1 10 11 12 1 1 10 12 1 1 11 12 1 18 3 11 10 12 1 11 11 10 12 1 10 12 1 1 8 1 10 12 1 10 12 1 10 12 1 1 10 10 12 1 11 100 12 1 7 1 100 1 10 12 1 7 1 10 10 7 12 1 1 1 100 1 10 7 1 10 10 12 1 10 10 12 1 8 1 10 10 12 1 8 1 8 1 10 12 1 10 12 1 10 10 12 10 100 12 1 1 10 100 12 1 1 10 100 12 1 1 8 1 10 12 1 10 9 12 1 10 12 9 7 12 1 1 1 10 12 1 10 12 1 10 12 1 10 12 1 10 12 1 8 1 10 100 12 1 1 1 10 12 10 12 1 1 10 12 10 10 12 10 12 7 1 9 12 1 1 7 1 10 100 1 100 1 100 1 100 1 1 1 1 1 1 5 0 1 1 1 1 1 3 1 3 1 1 1 1 1 1 1 1 1 1 1 1 1 1 1 100 1 1 1 100 1 1 1 1 1 1 1 1 1 1 1 1 1 1 1 1 1 1 1 1 1 1 1 1 1 1 1 100 1 1 1 1 1 1 1 1 1 100 1 1 1 1 1 1 1 1 1 1 1 1 1 1 1 1 1 1 1 1 1 1 1 1 1 1 1 1 1 1 1 1 1 1 1 1 1 1 1 1 1 1 1 1 1 1 1 1 1 1 1 1 1 1 1 1 1 1 1 1 1 1 1 1 1 1 1 1 1 1 1 1 1 1 1 1 1 1 1 1 1 1 1 1 1 1 1 1 1 1 1 1 1 1 1 1 1 1 1 1 1 1 1 1 1 1 1 1 1 1 1 1 1 1 1 1 1 1 1 1 1 1 1 1 1 1 1 1 1 1 1 1 1 1 1 1 1 1 1 1 1 1 1 1 1 1 1 1 1 1 1 1 1 1 1 1 1 1 1 1 1 1 1 1 1 1 1 100 1 1 1 1 1 1 1 1 1 1 1 1 1 1 1 1 1 1 1 1 1 1 1 1 100 1 1 1 1 1 1 1 1 1 1 1 1 1 1 100 1 1 1 1 1 1 1 1 1 1 1 1 1 1 1 15 10 100 12 1 1 1 16 15 10 12 16 15 10 12 15 10 12 15 10 12 1 1 1 1 100 1 100 1 1 1
staticfield java/lang/String COMPACT_STRINGS Z 1
staticfield java/lang/String serialPersistentFields [Ljava/io/ObjectStreamField; 0 [Ljava/io/ObjectStreamField;
staticfield java/lang/String CASE_INSENSITIVE_ORDER Ljava/util/Comparator; java/lang/String$CaseInsensitiveComparator
ciInstanceKlass java/lang/CharSequence 1 1 131 11 100 12 1 1 1 18 12 1 1 100 1 10 100 12 1 1 1 18 10 100 12 1 1 1 11 12 1 1 11 100 1 11 12 1 1 10 100 12 1 1 1 11 12 1 1 100 1 10 12 1 1 10 100 12 1 1 1 100 1 10 10 12 1 1 100 1 1 1 1 1 1 1 1 1 1 1 1 1 1 1 1 1 1 1 1 1 1 1 1 1 1 1 1 1 1 1 1 1 15 10 100 12 1 1 1 16 1 15 11 12 16 15 11 12 1 1 100 1 100 1 1 100 1 1 100 1 100 1 1
ciMethod java/lang/String length ()I 536 0 838134 0 96
ciMethod java/lang/String charAt (I)C 540 0 1448924 0 192
ciInstanceKlass java/util/Iterator 1 1 53 100 1 8 1 10 12 1 1 10 7 12 1 1 1 11 7 12 1 1 1 11 12 1 1 11 7 12 1 1 1 100 1 1 1 1 1 1 1 1 1 1 1 1 1 1 1 1 1 1 1 1 1
instanceKlass com/google/protobuf/IterableByteBufferInputStream
instanceKlass sun/nio/ch/NioSocketImpl$1
instanceKlass java/net/Socket$SocketInputStream
instanceKlass java/io/ObjectInputStream
instanceKlass org/h2/mvstore/StreamStore$Stream
instanceKlass org/h2/store/CountingReaderInputStream
instanceKlass java/io/SequenceInputStream
instanceKlass sun/nio/ch/ChannelInputStream
instanceKlass java/util/jar/JarVerifier$VerifierStream
instanceKlass java/util/zip/ZipFile$ZipFileInputStream
instanceKlass java/io/FilterInputStream
instanceKlass java/io/FileInputStream
instanceKlass java/io/ByteArrayInputStream
ciInstanceKlass java/io/InputStream 1 1 184 100 1 10 7 12 1 1 1 100 1 10 10 7 12 1 1 1 10 7 12 1 1 1 10 12 1 100 1 3 10 12 1 1 100 1 8 1 10 12 1 10 7 12 1 1 1 3 100 1 8 1 10 10 7 12 1 1 1 7 1 10 11 7 12 1 1 1 10 12 1 1 11 12 1 1 11 7 12 1 1 1 11 12 1 1 7 1 10 7 12 1 1 1 5 0 10 12 1 10 12 1 1 100 1 10 8 1 10 8 1 8 1 10 12 1 1 10 100 12 1 1 1 100 1 1 1 1 3 1 3 1 1 1 1 1 1 1 1 1 1 1 1 1 1 1 1 1 1 1 1 1 1 1 1 1 1 1 1 1 1 1 1 1 1 1 1 1 1 1 1 1 1 1 1 1 1 1 1 1 1 1 1 1
ciInstanceKlass jdk/internal/misc/Unsafe 1 1 1287 10 7 12 1 1 1 9 7 12 1 1 1 9 12 1 1 10 12 1 1 10 7 12 1 1 1 10 12 1 1 10 12 1 1 10 12 1 1 10 12 1 1 10 12 1 1 10 12 1 1 10 12 1 1 10 12 1 1 10 12 1 1 10 12 1 1 10 12 1 1 10 12 1 1 10 12 1 1 10 12 1 10 12 1 100 1 10 10 12 1 1 10 12 1 1 5 0 10 12 1 1 10 12 1 1 10 7 12 1 1 1 10 12 1 1 10 12 1 10 12 1 10 12 1 1 10 12 1 1 10 12 1 10 12 1 100 1 100 1 10 8 1 10 12 1 1 10 12 1 8 1 10 12 1 1 10 12 1 10 12 1 10 12 1 1 10 12 1 10 12 1 1 10 12 1 1 10 12 1 10 12 1 10 12 1 10 12 1 1 10 12 1 10 12 1 10 12 1 1 10 12 1 5 0 5 0 5 0 10 12 1 10 12 1 10 12 1 10 12 1 10 12 1 10 12 1 10 12 1 10 12 1 10 12 1 1 10 12 1 10 12 1 100 1 8 1 10 100 1 10 10 12 1 1 10 12 1 1 10 12 1 10 12 1 1 10 12 1 1 10 12 1 10 12 1 1 10 12 1 9 7 12 1 1 9 12 1 100 1 10 10 12 1 1 8 1 10 8 1 8 1 10 12 1 1 9 7 12 1 1 1 9 100 1 9 7 1 9 7 1 9 9 100 1 9 7 1 9 100 1 10 12 1 1 10 12 1 1 10 12 1 1 10 12 1 1 5 0 5 0 9 12 1 1 10 12 1 10 12 1 10 12 1 1 10 12 1 1 10 12 1 8 1 3 10 12 1 1 10 12 1 1 10 12 1 10 12 1 1 10 12 1 1 10 12 1 10 12 1 10 12 1 10 12 1 10 12 1 10 12 1 1 10 12 1 1 10 12 1 10 12 1 10 12 1 10 12 1 10 12 1 10 12 1 1 10 12 1 1 10 12 1 10 12 1 10 12 1 10 12 1 10 12 1 10 12 1 1 10 12 1 1 10 12 1 1 10 12 1 1 10 12 1 10 12 1 10 12 1 10 12 1 10 12 1 10 12 1 10 12 1 1 10 12 1 1 10 12 1 10 12 1 10 12 1 10 12 1 10 12 1 10 12 1 10 12 1 1 10 12 1 1 10 12 1 10 12 1 10 12 1 10 12 1 10 12 1 10 12 1 10 12 1 10 12 1 1 10 12 1 10 12 1 10 12 1 10 12 1 10 12 1 1 10 12 1 10 12 1 10 12 1 10 12 1 10 12 1 10 12 1 10 12 1 10 12 1 1 10 12 1 10 12 1 10 12 1 10 12 1 10 12 1 10 12 1 1 10 12 1 10 12 1 10 12 1 1 10 12 1 10 12 1 10 12 1 10 12 1 10 12 1 10 12 1 10 12 1 10 12 1 10 12 1 10 12 1 10 12 1 10 12 1 10 12 1 10 12 1 10 12 1 10 12 1 10 12 1 10 12 1 10 12 1 10 12 1 10 12 1 10 12 1 10 12 1 100 1 10 100 1 10 9 12 1 5 0 10 12 1 1 5 0 10 12 1 5 0 10 12 1 10 12 1 10 12 1 1 10 12 1 1 10 12 1 10 12 1 10 12 1 10 12 1 1 10 12 1 10 12 1 10 12 1 10 12 1 10 12 1 1 10 12 1 10 12 1 10 12 1 10 12 1 1 10 12 1 10 12 1 10 12 1 1 10 12 1 10 12 1 10 12 1 10 12 1 1 10 12 1 10 10 12 1 1 10 12 1 10 12 1 1 10 12 1 10 12 5 0 5 0 5 0 10 12 1 1 10 12 1 10 12 1 10 12 10 100 12 1 1 8 1 100 1 11 12 1 1 8 1 11 12 1 1 10 100 12 1 1 10 12 1 10 12 1 10 12 1 10 12 1 10 12 1 1 10 12 1 10 12 1 10 12 1 10 12 1 10 12 1 10 12 1 10 7 1 10 12 1 9 12 1 7 1 9 12 1 7 1 9 12 1 7 1 9 12 1 7 1 9 12 1 7 1 9 12 1 7 1 9 12 1 7 1 9 12 1 7 1 9 12 1 10 12 1 9 12 1 9 12 1 9 12 1 9 12 1 9 12 1 9 12 1 9 12 1 9 12 1 9 12 1 9 12 1 1 1 3 1 1 1 1 1 1 1 1 1 1 1 1 1 1 1 1 1 1 1 1 1 1 1 1 1 1 1 1 1 1 1 1 1 1 1 1 1 1 1 1 1 1 1 1 1 1 1 1 1 1 1 1 1 1 1 1 1 1 1 1 1 1 1 1 1 1 1 1 1 1 1 1 1 1 1 1 1 1 1 1 1 1 1 1 1 1 1 1 1 100 1 1 1 1 1 1 1 1 1 1 1 1 1 1 1 1 1 1 1 1 1 1 1 1 1 1 1 1 1 1 1 1 1 1 1 1 1 1 1 1 1 1 1 1 1 1 1 1 1 1 1 1 1 1 1 1 1 1 1 1 1 1 1 1 1 1 1 1 1 1 1 1 1 1 1 1 1 1 1 1 1 1 1 1 1 1 1 1 1 1 1 1 1 1 1 1 1 1 1 1 1 1 1 1 1 1 1 1 1 1 1 1 1 1 1 1 1 1 1 1 1 1 1 1 1 1 1 1 1 1 1 1 1 1 1 1 1 1 1 1 1 1 1 1 1 1 1 1 1 1 1 1 1 1 1 1 1 1 1 1 1 1 1 1 1 1 1 1 1 1 1 1 1 1 1 1 1 1 1 1 1 1 1 1 1 1 1 1 1 1 1 1 1 1 1 1 1 1 1 1 1 1 1 1 1 1 3 1 1 1 1 1 1 1 1 1 1 1 1 1 1 1 1 1 1 1 1 1
staticfield jdk/internal/misc/Unsafe theUnsafe Ljdk/internal/misc/Unsafe; jdk/internal/misc/Unsafe
staticfield jdk/internal/misc/Unsafe ARRAY_BOOLEAN_BASE_OFFSET I 16
staticfield jdk/internal/misc/Unsafe ARRAY_BYTE_BASE_OFFSET I 16
staticfield jdk/internal/misc/Unsafe ARRAY_SHORT_BASE_OFFSET I 16
staticfield jdk/internal/misc/Unsafe ARRAY_CHAR_BASE_OFFSET I 16
staticfield jdk/internal/misc/Unsafe ARRAY_INT_BASE_OFFSET I 16
staticfield jdk/internal/misc/Unsafe ARRAY_LONG_BASE_OFFSET I 16
staticfield jdk/internal/misc/Unsafe ARRAY_FLOAT_BASE_OFFSET I 16
staticfield jdk/internal/misc/Unsafe ARRAY_DOUBLE_BASE_OFFSET I 16
staticfield jdk/internal/misc/Unsafe ARRAY_OBJECT_BASE_OFFSET I 16
staticfield jdk/internal/misc/Unsafe ARRAY_BOOLEAN_INDEX_SCALE I 1
staticfield jdk/internal/misc/Unsafe ARRAY_BYTE_INDEX_SCALE I 1
staticfield jdk/internal/misc/Unsafe ARRAY_SHORT_INDEX_SCALE I 2
staticfield jdk/internal/misc/Unsafe ARRAY_CHAR_INDEX_SCALE I 2
staticfield jdk/internal/misc/Unsafe ARRAY_INT_INDEX_SCALE I 4
staticfield jdk/internal/misc/Unsafe ARRAY_LONG_INDEX_SCALE I 8
staticfield jdk/internal/misc/Unsafe ARRAY_FLOAT_INDEX_SCALE I 4
staticfield jdk/internal/misc/Unsafe ARRAY_DOUBLE_INDEX_SCALE I 8
staticfield jdk/internal/misc/Unsafe ARRAY_OBJECT_INDEX_SCALE I 4
staticfield jdk/internal/misc/Unsafe ADDRESS_SIZE I 8
instanceKlass scalafix/internal/interfaces/ScalafixInterfacesClassloader
instanceKlass scala/meta/internal/worksheets/MdocClassLoader
instanceKlass scala/meta/internal/metals/PresentationCompilerClassLoader
instanceKlass jdk/internal/reflect/DelegatingClassLoader
instanceKlass java/security/SecureClassLoader
ciInstanceKlass java/lang/ClassLoader 1 1 1108 9 7 12 1 1 1 10 7 12 1 1 1 9 12 1 1 10 7 12 1 1 1 7 1 10 12 1 1 10 12 1 1 9 12 1 1 10 12 1 1 100 1 10 12 1 10 12 1 1 10 7 12 1 1 1 100 1 8 1 10 12 1 10 7 12 1 1 1 10 100 12 1 10 7 1 10 7 1 7 1 7 1 10 12 1 10 12 1 9 12 1 1 10 10 7 12 1 1 1 9 12 1 1 9 12 1 9 12 1 1 9 12 1 9 12 1 1 9 12 1 1 7 1 10 12 1 9 12 1 1 10 12 1 1 10 7 12 1 1 1 9 12 1 9 12 1 1 9 12 1 10 12 1 1 9 12 10 12 1 1 7 1 10 8 1 10 12 1 1 10 12 1 10 7 1 7 1 10 12 1 1 10 100 12 1 1 1 8 1 10 12 1 10 12 1 10 12 1 1 10 12 1 1 10 12 1 1 10 12 1 1 10 12 1 1 10 12 1 100 1 10 12 1 10 100 12 1 1 1 10 12 1 1 10 12 1 10 12 1 10 12 1 10 12 1 10 12 1 1 10 10 12 1 10 12 1 10 100 12 1 1 10 12 1 1 10 12 1 1 10 12 1 100 1 10 12 1 100 1 10 12 1 10 100 12 1 1 1 10 10 12 1 1 10 12 1 1 100 1 8 1 10 8 1 10 12 1 10 12 1 100 1 8 1 10 12 1 1 10 12 1 1 10 10 12 1 1 10 12 1 1 10 12 1 1 10 7 1 10 12 1 1 10 12 1 1 10 12 1 1 10 12 1 1 10 12 1 1 10 12 1 1 10 12 1 10 7 12 1 1 1 10 12 1 10 12 1 10 12 1 1 10 12 1 10 12 1 10 12 1 10 12 1 1 10 12 1 10 12 1 1 8 1 9 12 1 10 12 1 1 8 1 8 1 10 7 12 1 1 100 1 10 10 12 10 12 1 10 12 1 10 12 1 10 12 1 1 10 7 12 1 1 10 12 1 10 7 1 7 1 10 12 1 1 10 12 1 10 7 1 10 12 1 100 1 18 12 1 10 100 12 1 1 1 10 100 12 1 1 1 10 7 12 1 1 10 12 1 10 12 1 100 1 10 12 1 8 1 10 10 12 1 1 10 12 1 10 12 1 1 100 1 10 12 1 10 12 1 1 10 7 12 1 1 10 12 1 8 1 100 1 10 10 12 1 9 12 1 10 7 12 1 1 10 12 1 100 1 8 1 10 12 1 10 8 1 8 1 10 12 1 1 10 12 1 1 10 12 1 1 10 100 12 1 1 100 1 100 1 10 12 1 1 100 1 100 1 10 100 12 1 1 10 12 1 10 12 1 1 10 12 1 10 12 1 1 10 12 1 1 9 100 12 1 1 1 10 12 1 1 10 12 1 10 12 1 10 12 1 1 10 12 1 8 1 7 1 18 12 1 1 10 12 1 1 10 12 1 10 12 1 10 12 1 8 1 10 12 1 10 12 1 18 12 1 11 100 12 1 1 1 100 1 10 12 1 1 10 12 1 10 11 12 1 1 10 18 10 12 1 1 11 100 12 1 18 12 1 11 12 1 1 10 12 10 12 1 1 10 12 1 1 100 1 8 1 10 10 12 1 8 1 8 1 10 100 12 1 1 10 12 1 100 1 10 10 12 1 8 1 8 1 8 1 10 12 1 10 12 1 1 10 12 1 10 100 12 1 1 1 11 100 12 1 1 100 1 10 11 10 12 1 10 12 1 10 12 1 1 9 100 12 1 1 9 12 1 1 9 12 9 12 1 9 12 1 9 12 1 8 10 12 1 1 10 7 12 1 1 1 10 12 1 1 10 12 1 1 10 12 1 10 10 12 1 11 12 1 1 10 100 12 1 1 1 100 1 10 12 1 10 12 1 10 12 1 1 1 1 1 1 1 1 1 1 1 1 1 1 1 1 1 1 1 1 1 1 1 1 1 1 1 1 100 1 1 1 1 1 1 1 1 1 1 1 1 1 1 1 1 1 1 1 1 1 100 1 1 1 1 1 1 1 1 1 1 100 1 1 1 1 1 1 1 1 1 1 1 1 1 1 1 1 1 1 1 1 1 1 1 1 1 1 1 1 1 1 1 1 1 1 1 1 1 1 1 1 1 100 1 1 1 1 1 1 1 1 1 1 1 1 1 1 1 1 1 1 1 100 1 1 1 1 1 1 1 1 1 1 1 1 1 1 1 1 1 1 1 1 1 1 1 1 1 1 1 1 1 1 1 1 1 1 1 1 1 1 1 1 1 1 1 1 1 1 1 1 1 1 100 1 1 1 1 1 1 1 1 1 1 1 1 1 1 1 1 1 1 1 1 1 1 1 1 1 1 1 1 1 1 1 1 1 1 1 1 1 1 1 1 1 1 1 1 1 1 15 10 100 12 1 1 1 16 1 15 10 12 16 1 16 15 10 12 16 1 16 1 15 10 12 16 15 10 12 16 15 10 12 16 1 1 100 1 100 1 1
staticfield java/lang/ClassLoader nocerts [Ljava/security/cert/Certificate; 0 [Ljava/security/cert/Certificate;
staticfield java/lang/ClassLoader $assertionsDisabled Z 1
instanceKlass org/h2/engine/OnExitDatabaseCloser
instanceKlass org/h2/mvstore/FileStore$BackgroundWriterThread
instanceKlass scala/meta/internal/worksheets/WorksheetProvider$$anon$1
instanceKlass java/util/logging/LogManager$Cleaner
instanceKlass scribe/file/Platform$$anon$1
instanceKlass jdk/internal/misc/InnocuousThread
instanceKlass java/util/concurrent/ForkJoinWorkerThread
instanceKlass java/lang/ref/Finalizer$FinalizerThread
instanceKlass java/lang/ref/Reference$ReferenceHandler
instanceKlass java/lang/BaseVirtualThread
ciInstanceKlass java/lang/Thread 1 1 954 10 7 12 1 1 1 9 12 1 1 10 7 12 1 1 10 12 1 10 100 12 1 1 8 1 10 100 12 1 1 1 9 12 1 9 12 1 1 9 12 1 1 7 1 10 12 1 1 10 12 1 100 1 8 1 10 12 1 9 100 12 1 1 1 10 12 1 1 10 12 1 1 10 7 12 1 1 1 10 12 9 12 1 1 10 12 1 10 12 1 10 12 1 3 8 1 100 1 5 0 10 7 12 1 1 1 10 12 1 9 12 1 10 12 1 1 10 12 1 10 7 12 1 1 1 10 7 12 1 1 1 10 12 1 1 10 12 1 1 9 12 1 1 10 12 1 1 10 7 12 1 1 10 100 1 8 1 10 7 1 10 12 1 9 12 1 1 10 100 12 1 1 1 10 10 12 1 1 9 100 12 1 1 1 10 12 1 1 10 12 1 1 10 7 12 1 1 10 12 1 10 12 1 10 7 12 1 1 9 12 1 10 7 12 1 1 1 10 12 1 1 9 12 1 1 9 12 1 1 10 7 12 1 1 1 9 7 12 1 1 1 9 12 1 9 12 1 9 100 12 1 1 10 12 1 10 7 12 1 1 1 10 12 1 10 12 1 8 1 9 12 1 9 12 1 1 5 0 100 1 10 10 100 12 1 1 100 1 10 100 1 10 7 1 10 8 1 10 12 1 1 10 7 12 1 10 12 1 10 12 1 100 1 8 1 10 10 12 1 10 12 1 1 10 100 12 1 1 1 10 100 12 1 1 1 10 12 1 7 1 9 12 1 1 100 1 10 10 12 1 10 12 1 1 10 12 1 1 10 12 1 10 12 1 9 12 1 1 11 7 12 1 1 9 12 1 1 9 12 1 1 10 100 12 1 1 10 12 1 1 9 7 12 1 1 1 10 7 12 1 1 10 12 1 10 12 1 10 12 9 12 1 10 12 1 100 1 10 10 12 1 100 1 10 10 12 1 1 9 12 1 1 10 12 1 11 100 12 1 1 10 12 1 10 12 1 10 12 1 10 12 1 10 12 1 10 12 1 10 10 12 1 1 9 12 1 9 12 10 12 1 8 1 10 12 1 10 12 1 10 12 1 10 12 1 10 12 1 1 10 12 1 10 12 1 1 10 12 1 10 12 1 10 12 1 10 12 1 10 12 1 1 9 7 12 1 1 1 8 1 10 9 12 1 100 1 8 1 10 10 12 1 8 1 10 12 1 1 9 12 10 12 8 1 10 10 12 1 10 12 1 8 1 10 12 1 10 8 1 10 100 12 1 1 10 12 1 1 100 1 8 1 10 8 1 10 10 7 12 1 1 9 12 1 9 12 1 1 10 12 1 1 10 10 12 1 10 12 1 100 10 7 12 1 1 1 9 12 1 10 12 1 1 10 12 1 1 10 100 12 1 1 1 11 100 12 1 1 1 9 100 12 1 1 1 10 100 12 1 1 1 100 1 10 12 1 100 1 10 12 1 10 12 1 1 11 100 12 1 1 18 12 1 1 11 100 12 1 1 1 11 12 1 1 18 12 1 1 11 12 1 1 100 1 10 12 1 1 8 1 9 12 1 10 12 1 10 12 1 1 11 7 12 1 1 1 9 12 1 1 10 12 1 1 1 1 1 3 1 3 1 3 1 3 1 3 1 1 1 1 1 1 1 1 1 1 1 1 1 1 1 1 1 100 1 1 1 1 1 1 1 1 1 1 1 1 1 1 1 1 1 1 1 1 1 100 1 1 1 1 1 1 1 1 1 1 1 1 1 1 1 1 1 1 100 1 100 1 1 1 1 1 1 1 1 1 1 1 1 1 1 1 1 1 1 1 1 1 1 1 1 1 1 1 1 1 1 1 1 1 1 1 1 1 1 1 1 1 1 1 1 1 1 1 1 1 1 1 1 1 1 1 1 1 1 1 1 1 1 1 1 1 1 1 1 1 1 1 1 1 1 1 1 100 1 1 1 1 1 1 1 1 1 1 1 1 1 1 1 1 1 1 1 1 1 1 1 1 1 1 1 1 1 1 100 1 100 1 100 1 100 1 100 1 100 1 100 1 1 15 10 100 12 1 1 1 16 15 16 1 16 1 15 10 12 16 1 100 1 1 1 1 1 1 1 1 1 1 1 1 1 1 100 1 100 1 1 1 100 1 100 1 1
staticfield java/lang/Thread EMPTY_STACK_TRACE [Ljava/lang/StackTraceElement; 0 [Ljava/lang/StackTraceElement;
ciInstanceKlass java/lang/Runnable 1 0 11 100 1 100 1 1 1 1 1 1 1
ciMethod java/lang/System arraycopy (Ljava/lang/Object;ILjava/lang/Object;II)V 512 0 256 0 -1
ciInstanceKlass java/lang/Class 1 1 1640 10 7 12 1 1 1 9 7 12 1 1 1 9 12 1 1 10 12 1 1 8 1 10 12 1 8 1 8 1 10 12 1 1 10 7 12 1 1 1 10 12 1 7 1 10 10 12 1 10 12 1 1 10 12 1 1 10 12 1 1 10 7 12 1 1 10 12 1 10 12 1 10 12 1 8 1 10 12 1 8 1 10 12 1 8 1 8 1 10 12 1 1 10 7 12 1 1 1 18 12 1 1 11 7 12 1 1 1 8 1 8 1 8 1 10 7 12 1 1 1 11 12 1 1 8 1 10 12 1 10 11 100 12 1 1 1 11 100 12 1 1 1 11 8 1 18 8 1 10 12 1 10 7 12 1 1 10 12 1 1 10 7 12 1 1 1 10 12 1 1 10 12 1 1 10 7 12 1 1 1 10 12 9 100 12 1 1 1 10 100 12 1 1 1 10 12 1 10 7 12 1 1 1 10 12 1 1 18 12 1 1 10 7 12 1 1 1 10 7 12 1 10 12 1 1 10 7 1 100 1 10 12 1 1 9 12 1 1 7 1 8 1 10 12 1 10 12 1 1 10 12 1 1 10 7 12 1 1 1 7 1 10 12 1 7 1 7 1 10 10 12 1 1 10 12 1 1 100 1 10 100 12 1 1 1 10 12 1 1 10 12 1 1 9 12 1 1 10 12 1 10 12 1 1 9 12 1 1 9 12 1 1 10 12 1 1 10 7 1 10 12 1 10 12 1 10 12 1 1 10 9 12 1 10 12 1 8 1 10 12 1 1 10 12 1 1 10 12 1 10 12 1 1 10 12 1 1 10 12 1 1 9 7 12 1 1 1 10 7 12 1 1 10 12 10 12 1 10 12 1 1 10 100 12 1 1 10 12 1 10 12 1 1 10 100 12 1 1 1 10 12 1 10 12 1 1 10 12 1 10 12 1 10 12 1 1 10 7 1 10 10 10 12 1 1 10 12 1 1 10 12 10 10 12 1 1 100 1 8 1 10 10 12 1 1 10 12 1 100 1 11 12 1 10 100 12 1 1 10 12 1 10 12 1 10 100 12 1 1 10 10 12 1 1 8 1 10 12 1 10 12 1 1 8 1 9 12 1 10 12 1 10 12 1 10 12 1 10 12 100 1 9 12 1 10 12 1 9 12 1 10 12 1 10 12 1 10 12 1 10 10 12 1 10 12 1 10 12 1 10 12 1 10 12 1 10 12 1 100 1 10 12 1 10 12 1 1 10 12 1 1 10 12 1 1 10 12 1 1 10 12 1 1 10 12 1 1 7 1 10 10 12 1 1 10 12 1 1 10 12 1 1 10 10 12 1 10 12 1 1 10 12 1 1 10 12 1 1 10 12 1 1 7 1 10 10 12 11 100 12 1 1 10 12 1 10 12 1 10 7 12 1 1 1 10 12 1 1 10 10 12 1 1 100 1 10 10 12 1 1 10 100 12 1 1 1 100 1 7 1 10 12 1 1 10 12 1 10 10 12 1 1 10 12 1 10 12 1 10 12 1 10 100 12 1 1 1 11 7 12 1 1 10 12 1 10 12 1 9 12 1 10 12 1 1 10 12 1 9 12 1 1 7 1 10 9 12 1 1 10 12 7 1 10 12 1 9 12 1 10 100 12 1 1 1 10 12 1 10 12 1 10 100 12 1 1 1 10 12 1 10 12 10 12 1 1 100 1 10 8 1 10 12 1 11 11 12 1 1 11 7 12 1 1 11 12 1 8 1 10 12 1 10 12 1 1 9 12 1 9 12 1 1 10 7 12 1 1 9 12 1 10 12 1 1 10 10 12 1 10 7 12 1 1 1 10 7 12 1 1 10 7 12 1 1 9 12 1 1 10 12 1 9 12 1 10 12 1 10 12 1 1 9 12 1 1 9 12 1 10 12 1 10 12 1 1 9 12 1 100 1 10 10 12 1 1 7 1 10 12 1 1 100 11 100 1 9 12 1 1 9 12 1 7 1 10 12 1 9 12 1 1 9 12 1 10 12 1 10 12 1 1 9 12 1 7 1 10 10 12 1 1 10 10 12 1 1 10 12 10 10 12 1 9 12 1 10 12 1 1 10 7 12 1 1 1 10 12 1 1 10 12 1 8 10 7 8 1 18 8 1 8 1 10 12 1 9 12 1 9 12 1 1 10 12 1 7 1 7 1 10 12 1 9 12 1 1 7 1 10 10 12 1 10 7 1 9 12 1 8 1 10 12 1 7 1 10 12 1 10 12 1 1 9 12 1 100 1 8 1 10 10 7 12 1 1 1 10 12 11 7 12 1 1 1 10 12 1 100 1 10 12 1 1 10 8 1 8 1 10 12 1 1 9 7 12 1 1 11 12 7 1 11 100 12 1 1 9 12 1 10 100 12 1 1 1 10 7 12 1 1 10 12 1 1 9 12 1 9 10 12 1 1 10 12 1 1 10 12 1 1 10 12 1 1 10 12 1 1 11 12 1 100 1 11 12 1 10 100 12 1 1 1 10 12 1 11 12 1 10 100 12 1 1 1 10 12 1 10 100 12 1 1 1 11 12 1 11 12 1 1 10 12 1 10 12 1 1 9 12 1 1 9 100 12 1 1 10 12 1 10 100 12 1 1 1 10 12 1 1 10 12 1 10 12 1 10 12 1 10 7 12 1 1 1 10 12 1 8 1 10 12 1 10 12 1 10 12 1 100 1 10 12 10 100 12 1 1 1 11 100 12 1 1 1 10 12 1 1 10 12 1 18 12 1 1 11 12 1 1 18 11 12 1 18 12 1 11 12 1 10 12 1 1 10 12 1 10 12 1 10 12 10 12 1 8 1 10 12 1 7 1 9 12 1 1 100 1 100 1 100 1 100 1 1 1 3 1 3 1 3 1 1 1 1 1 1 1 5 0 1 1 1 1 1 1 1 1 1 1 1 1 1 1 1 1 1 1 1 1 1 1 1 1 100 1 1 1 1 1 1 1 100 1 1 1 1 1 7 1 1 1 1 1 1 1 1 1 1 1 1 1 1 1 1 1 1 1 1 1 1 1 1 1 1 1 1 1 1 1 1 1 1 1 1 1 1 1 1 1 1 1 100 1 1 1 1 1 1 1 1 1 1 1 1 1 1 1 1 1 1 1 1 1 1 1 1 1 1 1 1 100 1 1 1 1 1 1 1 1 1 1 1 1 1 1 1 1 1 1 1 1 1 1 1 1 1 1 1 1 1 1 1 1 1 1 1 1 1 1 1 1 1 1 1 1 1 1 1 1 1 1 1 1 1 100 1 100 1 1 1 1 1 1 1 1 1 1 1 1 1 1 1 1 1 1 1 1 1 1 1 1 1 1 1 1 1 1 1 1 1 1 1 1 1 1 1 1 1 1 1 1 1 1 1 1 1 1 1 1 1 1 1 1 1 1 1 1 1 1 1 100 1 1 1 1 1 1 1 1 1 1 1 1 1 1 1 1 1 1 1 1 1 1 1 1 1 1 1 1 1 1 1 1 1 1 1 1 1 1 1 1 1 1 1 1 1 1 1 1 1 1 1 1 1 1 1 1 1 1 1 1 1 1 1 1 1 1 1 1 1 1 15 10 7 12 1 1 1 16 15 10 12 16 15 11 12 16 1 16 15 16 15 10 12 16 16 15 10 12 16 15 16 1 15 10 12 16 1 1 1 1 1 1 1 1 100 1 1 100 1 100 1 1 100 1 100 1 1
staticfield java/lang/Class EMPTY_CLASS_ARRAY [Ljava/lang/Class; 0 [Ljava/lang/Class;
staticfield java/lang/Class serialPersistentFields [Ljava/io/ObjectStreamField; 0 [Ljava/io/ObjectStreamField;
ciInstanceKlass java/lang/Module 1 1 961 10 7 12 1 1 1 9 7 12 1 1 1 10 7 12 1 1 1 9 12 1 9 12 1 1 9 12 1 1 10 12 1 1 10 12 1 10 12 1 1 10 7 12 1 1 1 7 1 10 7 12 1 1 1 10 12 1 1 11 7 12 1 1 1 10 12 1 1 10 7 12 1 1 1 10 12 1 1 10 7 12 1 1 1 9 100 12 1 1 1 10 100 12 1 1 1 10 12 1 8 1 10 7 12 1 1 1 10 7 12 1 1 1 9 12 1 1 9 12 1 1 10 12 1 9 12 1 1 11 12 1 9 7 12 1 1 10 7 12 1 1 1 10 100 12 1 1 1 10 12 1 1 100 1 100 1 10 10 12 1 1 8 1 10 12 1 10 12 10 12 1 10 12 1 1 10 12 1 1 10 12 1 1 9 7 12 1 1 1 10 12 1 1 10 12 1 1 9 12 1 10 12 1 10 12 1 9 12 1 1 11 7 12 1 1 10 12 1 1 9 12 1 9 12 1 10 12 1 10 12 1 100 1 8 1 10 10 12 1 1 10 12 1 8 1 10 12 1 1 8 1 8 1 10 12 1 1 10 12 1 10 12 1 1 18 12 1 1 10 12 1 1 11 12 1 9 12 1 11 12 10 100 12 1 1 100 1 8 1 10 11 12 1 1 10 7 12 1 1 1 10 12 1 10 12 1 1 11 12 1 1 11 7 12 1 1 11 12 1 1 9 12 1 11 12 1 10 12 1 1 10 12 1 1 9 12 1 10 12 10 7 12 1 1 10 7 12 1 1 10 7 1 18 12 1 1 11 100 12 1 1 1 18 12 1 11 12 1 1 10 100 12 1 1 1 11 12 1 1 10 7 12 1 1 7 1 11 12 1 7 1 7 1 10 12 1 10 7 12 1 1 1 10 11 7 12 1 8 1 10 10 12 1 1 10 7 12 1 1 10 12 1 10 12 1 7 1 10 12 1 10 11 12 1 1 10 12 10 12 1 1 9 12 1 100 1 10 10 12 1 1 11 100 1 10 12 1 1 11 12 1 10 10 12 1 11 10 12 1 1 10 12 1 1 10 12 1 1 10 7 12 1 1 10 12 1 10 12 1 1 10 10 12 1 1 10 12 1 18 12 1 11 12 1 18 12 1 10 12 1 10 12 1 10 12 7 1 10 12 1 10 12 1 10 12 1 9 12 1 7 1 10 10 10 10 12 1 10 12 1 10 12 1 10 12 1 1 10 12 1 1 10 12 1 9 12 1 18 12 1 1 10 100 12 1 1 1 100 1 8 1 10 12 1 1 10 12 1 1 10 100 12 1 1 100 1 10 12 1 1 100 1 8 1 100 1 10 100 1 100 1 3 10 12 1 100 1 10 12 1 10 12 1 1 10 12 1 1 100 1 10 12 1 10 12 1 1 100 1 100 1 10 12 8 1 10 12 1 1 10 12 1 1 10 100 12 1 1 10 12 1 1 10 12 1 10 12 10 12 1 1 100 1 10 10 12 1 1 10 100 12 1 1 1 100 1 8 1 10 12 1 1 10 100 12 1 1 8 1 10 12 1 8 1 10 12 1 10 12 10 12 1 8 1 10 10 100 12 1 1 7 1 10 10 12 1 10 7 12 1 1 9 12 1 9 12 1 9 12 1 9 12 1 10 12 11 12 1 10 12 1 100 1 1 1 1 1 1 1 1 1 1 1 1 1 1 1 1 1 1 100 1 1 1 1 1 1 1 1 1 1 1 1 1 1 1 1 1 1 1 1 1 1 1 1 1 1 1 1 1 1 1 1 1 1 1 1 1 1 1 1 1 1 1 1 1 1 1 1 1 1 1 1 1 1 1 1 1 1 1 1 1 1 1 1 1 1 1 1 1 1 1 1 1 1 1 1 1 1 1 1 1 100 100 1 1 1 1 1 1 1 1 1 1 1 1 1 1 1 1 1 1 1 1 1 1 1 1 1 1 1 1 1 1 1 1 1 1 100 1 100 1 100 1 1 1 1 1 1 1 1 1 1 1 1 1 1 1 1 1 1 1 1 1 1 1 1 1 1 1 1 15 10 7 12 1 1 1 16 15 10 12 16 16 15 10 12 16 16 15 10 16 1 15 10 12 16 1 15 10 12 16 1 16 15 10 12 16 1 1 1 1 1 1 1 100 1 100 1 1
staticfield java/lang/Module ALL_UNNAMED_MODULE Ljava/lang/Module; java/lang/Module
staticfield java/lang/Module ALL_UNNAMED_MODULE_SET Ljava/util/Set; java/util/ImmutableCollections$Set12
staticfield java/lang/Module EVERYONE_MODULE Ljava/lang/Module; java/lang/Module
staticfield java/lang/Module EVERYONE_SET Ljava/util/Set; java/util/ImmutableCollections$Set12
staticfield java/lang/Module $assertionsDisabled Z 1
ciInstanceKlass java/lang/StringLatin1 1 1 377 7 1 10 100 12 1 1 1 10 12 1 1 10 7 12 1 1 1 10 7 12 1 1 1 10 12 1 10 7 12 1 1 1 10 12 1 1 10 7 12 1 1 1 10 12 1 1 10 12 1 1 10 10 12 1 10 12 1 10 9 7 12 1 1 1 10 12 1 1 10 7 12 1 1 1 10 12 10 12 1 1 10 12 1 1 10 12 1 1 10 7 12 1 1 1 10 12 1 10 12 1 1 9 12 1 1 100 1 10 10 100 12 1 1 1 10 7 12 1 1 1 10 12 1 10 12 1 100 1 100 1 8 1 10 12 1 8 1 100 1 10 10 12 10 7 12 1 1 1 8 1 8 1 8 1 10 12 1 1 10 100 12 1 1 10 12 1 10 12 1 1 10 12 1 1 10 12 1 1 10 12 1 10 12 10 12 10 12 1 10 12 10 10 12 1 10 12 1 10 12 1 10 100 12 1 1 1 10 100 12 1 1 1 10 12 1 1 10 12 1 1 10 10 7 12 1 1 1 1 1 1 1 1 1 1 1 1 1 1 1 1 1 1 1 1 1 1 1 1 1 1 1 1 1 1 1 1 1 1 1 1 1 1 1 1 1 1 1 1 1 1 1 1 1 1 1 1 100 1 1 1 1 1 1 1 1 1 1 1 1 1 1 1 1 1 1 1 1 1 1 1 1 1 1 1 1 1 1 1 1 1 1 1 1 1 1 1 1 1 1 1 1 100 1 1 1 1 1 1 1 1 1 1 1 1 1 1 1 1 1 1 1 1 1 100 1 1 1 1 1 1 1 1 1 1 1 1 1 1 1 1 1 1 1 1 1 1 1 1 1 1 100 1 1 1 1
staticfield java/lang/StringLatin1 $assertionsDisabled Z 1
ciInstanceKlass java/lang/Math 1 1 406 7 1 10 100 12 1 1 1 10 7 12 1 1 1 10 12 1 10 12 1 10 12 1 10 12 1 10 12 1 6 0 6 0 10 12 1 10 12 1 10 12 1 10 12 1 10 12 1 10 12 1 1 10 12 1 10 12 1 10 12 1 10 12 1 10 12 1 10 7 12 1 1 1 100 1 3 3 3 10 7 12 1 1 1 100 1 5 0 5 0 5 0 5 0 5 0 9 100 12 1 1 1 10 100 12 1 1 1 100 1 8 1 10 12 1 8 1 10 12 1 1 10 12 1 1 100 1 5 0 5 0 100 1 3 5 0 3 5 0 10 12 1 10 12 1 10 12 1 10 12 1 10 12 1 8 1 10 12 1 8 1 10 12 1 1 10 12 1 1 9 12 1 1 9 12 1 10 12 1 1 6 0 10 12 1 9 12 1 1 100 1 10 10 12 1 100 1 10 12 1 10 12 1 1 10 12 1 10 12 1 10 12 1 10 12 1 1 10 12 1 1 10 12 1 1 10 12 6 0 10 12 1 1 10 12 10 12 1 4 10 12 1 10 12 1 10 12 10 12 1 10 12 1 10 12 1 10 12 1 10 12 1 10 12 1 10 12 1 5 0 6 0 4 6 0 4 6 0 4 10 12 1 1 9 12 1 1 10 12 1 9 12 1 10 7 12 1 1 1 4 6 0 1 1 6 0 1 6 0 1 6 0 1 1 1 1 1 1 1 1 1 1 1 1 1 1 1 1 1 1 1 1 1 1 1 1 1 1 1 1 1 1 1 1 1 1 1 1 1 1 1 1 1 1 1 1 1 1 1 1 1 1 1 1 1 1 1 1 1 1 1 1 1 1 1 1 1 1 1 1 1 1 1 1 1 1 1 1 1 1 1 1 1 1 1 1 1 1 1 1 1 1 1 1 1
staticfield java/lang/Math negativeZeroFloatBits J -2147483648
staticfield java/lang/Math negativeZeroDoubleBits J -9223372036854775808
staticfield java/lang/Math $assertionsDisabled Z 1
ciInstanceKlass java/util/Arrays 1 1 988 10 7 12 1 1 1 10 100 12 1 1 1 10 7 12 1 1 1 10 12 1 10 12 1 10 12 1 10 12 1 10 12 1 10 12 1 10 100 12 1 1 1 100 1 100 1 10 8 1 10 12 1 1 10 12 1 8 1 8 1 10 12 1 1 10 12 1 100 1 10 12 1 9 100 12 1 1 1 10 7 12 1 1 100 1 10 12 1 1 10 7 12 1 1 10 7 12 1 1 1 100 1 10 12 1 10 12 1 1 7 1 9 7 12 1 1 1 10 12 1 1 10 7 12 1 1 10 12 1 10 12 1 1 10 12 1 10 12 1 1 7 1 11 12 1 1 10 12 1 10 7 12 1 1 1 10 12 10 12 1 10 12 1 10 12 10 12 1 11 100 12 1 1 1 10 7 12 1 1 1 100 1 10 12 1 10 100 1 10 12 1 10 100 1 10 12 1 10 100 1 10 12 1 10 10 12 1 1 10 12 1 10 12 1 10 12 1 10 12 1 10 12 1 10 100 12 1 1 1 10 12 1 10 100 12 1 1 1 10 12 1 10 12 1 10 7 12 1 1 1 10 12 1 10 12 1 10 12 1 10 12 1 10 12 1 10 12 1 10 12 1 10 12 1 10 12 1 10 12 1 10 12 1 10 12 1 10 12 1 10 12 1 10 12 1 10 12 1 1 10 12 1 1 10 7 12 1 1 1 10 12 1 8 1 7 1 10 12 10 12 1 10 12 1 1 10 12 1 1 9 100 12 1 1 1 100 1 10 12 1 9 100 1 100 1 10 12 1 9 100 1 100 1 10 12 1 9 100 1 100 1 10 12 1 9 100 1 100 1 10 12 1 9 100 1 100 1 10 12 1 9 100 1 10 12 1 100 1 10 12 1 10 12 1 9 12 1 100 1 10 10 12 1 1 10 12 1 10 12 1 10 12 1 10 12 1 10 12 1 10 12 1 10 12 1 10 12 1 10 12 1 8 1 8 1 10 12 1 10 12 1 8 1 10 12 1 10 12 1 10 12 1 10 100 12 1 1 1 3 10 100 1 10 10 12 1 1 11 100 12 1 1 10 12 1 1 10 12 1 10 12 1 10 12 1 10 12 1 10 12 1 10 12 1 10 12 1 10 12 1 11 12 1 8 1 10 11 12 1 11 100 12 1 1 1 11 100 12 1 1 1 11 12 1 1 18 12 1 1 11 12 1 1 11 100 12 1 1 1 18 12 1 11 100 12 1 1 1 18 12 1 11 100 12 1 1 1 18 12 1 100 1 10 7 12 1 1 1 10 12 1 10 12 1 10 12 1 10 12 1 10 12 1 10 12 1 10 12 1 10 12 1 1 10 12 1 10 7 12 1 1 10 12 1 10 12 1 10 12 1 1 10 12 1 10 12 1 10 12 1 1 10 12 1 10 12 1 10 12 1 1 10 12 1 10 12 1 10 12 1 10 12 1 10 12 10 12 1 10 12 10 12 10 12 1 10 12 10 12 1 10 12 1 10 12 1 1 1 1 3 1 3 1 1 1 1 1 1 1 1 1 1 1 1 1 1 1 1 1 1 1 1 1 1 1 1 1 1 1 1 1 1 1 1 1 1 1 1 1 1 1 1 1 1 1 1 1 1 1 1 1 1 1 1 1 1 1 1 1 1 1 1 1 1 1 1 1 1 1 1 1 1 1 1 1 1 1 1 1 1 1 1 1 1 1 1 1 1 1 1 1 1 1 1 1 1 1 1 1 1 1 1 1 1 1 1 1 1 1 1 1 1 1 1 1 1 1 1 1 1 1 1 1 1 1 1 1 1 1 1 1 1 1 1 1 1 1 1 1 1 1 1 1 1 1 1 1 1 1 1 1 1 1 1 1 1 1 1 1 1 1 1 1 1 1 1 1 1 1 1 1 1 1 1 1 1 1 1 1 1 1 1 1 1 1 1 1 1 1 1 1 1 1 1 1 1 1 1 1 1 1 1 1 1 1 1 1 1 1 1 1 1 1 1 1 1 1 1 1 1 1 1 1 1 1 1 1 1 1 1 1 1 1 1 1 1 1 1 1 1 1 1 1 1 1 1 1 1 1 1 1 1 1 1 1 1 1 1 1 1 1 1 1 100 1 1 15 10 100 12 1 1 1 16 15 10 12 15 10 12 15 10 12 15 10 12 1 1 100 1 100 1 1 1 1 100 1 1 1 1 1 1 100 1 1 100 1 1 100 1 1 1 100 1 100 1 1
staticfield java/util/Arrays $assertionsDisabled Z 1
ciMethod java/lang/StringLatin1 inflate ([BI[BII)V 0 0 7 0 -1
ciMethod java/lang/StringLatin1 charAt ([BI)C 540 0 1457572 0 0
ciMethod java/lang/StringLatin1 canEncode (I)Z 514 0 63676 0 96
ciMethod java/lang/StringLatin1 fillNull ([BII)V 0 0 1 0 -1
ciInstanceKlass java/lang/StringUTF16 1 1 598 100 1 7 1 10 100 12 1 1 1 100 1 10 7 1 3 100 1 100 1 10 8 1 10 12 1 1 10 12 1 8 1 10 12 1 1 10 12 1 9 12 1 1 10 12 1 1 100 1 8 1 10 12 1 9 12 1 1 9 12 1 10 10 12 1 1 10 12 1 1 10 100 12 1 1 1 10 12 1 10 12 1 1 10 12 1 1 10 12 1 1 10 12 1 1 10 12 1 10 12 1 1 10 12 1 1 10 12 1 1 10 12 1 1 10 12 1 10 12 1 10 12 1 1 10 12 1 100 1 10 12 1 10 10 12 1 1 10 12 1 10 12 1 1 10 12 1 10 100 12 1 1 1 10 100 12 1 1 1 10 12 10 12 1 1 10 12 1 10 12 1 1 10 12 1 1 10 12 1 10 12 1 10 12 1 3 10 12 1 1 10 12 1 10 12 1 10 12 1 10 12 1 10 12 1 10 12 1 1 9 12 1 10 12 1 10 12 1 10 12 1 10 12 1 10 12 1 10 10 12 10 12 10 10 100 12 1 1 1 10 100 12 1 1 1 10 12 1 10 12 1 100 1 8 1 8 1 10 12 1 1 100 1 10 10 100 12 1 1 1 10 100 12 1 1 8 1 8 1 8 1 10 12 1 1 10 12 1 1 10 12 10 12 1 10 100 12 1 1 10 12 1 1 10 12 1 1 10 12 1 10 12 10 12 10 12 1 10 12 10 12 1 10 12 1 10 12 1 10 12 1 10 12 1 10 100 12 1 1 1 10 100 12 1 1 1 10 12 1 1 10 12 1 1 11 100 12 1 1 10 12 1 10 12 1 10 12 1 1 9 12 1 1 9 12 1 5 0 5 0 10 12 1 10 12 10 12 10 7 12 1 1 1 10 12 1 1 1 1 1 1 1 1 1 1 1 1 1 1 1 1 1 1 1 1 1 1 1 1 1 1 1 1 1 1 1 100 1 1 1 1 1 1 1 1 1 1 1 1 1 1 1 1 1 1 1 1 1 1 1 1 1 1 1 1 1 1 1 1 1 1 1 1 1 1 1 1 1 1 1 1 1 1 1 1 1 1 1 1 1 1 1 1 1 1 1 1 1 1 1 1 1 1 1 1 1 1 1 1 1 1 1 1 1 1 1 1 1 1 100 1 1 1 1 1 1 1 1 1 1 1 1 1 1 1 1 1 100 1 1 1 1 1 1 1 1 1 1 1 1 1 1 1 1 1 1 1 1 1 1 1 1 1 1 1 1 1 1 1 1 1 1 1 1 1 1 1 1 1 1 1 1 1 1 1 1 1 1 1 1 1 1 1 1 1 1 1 1 1 100 1 100 1 1 1 1 1
staticfield java/lang/StringUTF16 HI_BYTE_SHIFT I 0
staticfield java/lang/StringUTF16 LO_BYTE_SHIFT I 8
staticfield java/lang/StringUTF16 $assertionsDisabled Z 1
ciMethod java/lang/StringUTF16 checkIndex (I[B)V 0 0 70 0 -1
ciMethod java/lang/StringUTF16 compress ([BII)[B 0 0 1 0 -1
ciMethod java/lang/StringUTF16 getChar ([BI)C 1024 0 10117 0 -1
ciMethod java/lang/StringUTF16 putChar ([BII)V 1024 0 13380 0 -1
ciMethod java/lang/StringUTF16 newBytesFor (I)[B 0 0 7 0 -1
ciMethod java/lang/StringUTF16 charAt ([BI)C 0 0 8 0 0
ciMethod java/lang/StringUTF16 fillNull ([BII)V 0 0 1 0 -1
ciMethod java/lang/StringUTF16 putCharSB ([BII)V 0 0 62 0 0
ciInstanceKlass java/lang/Thread$FieldHolder 1 1 49 10 7 12 1 1 1 9 7 12 1 1 1 9 12 1 1 9 12 1 1 9 12 1 1 9 12 1 1 1 1 1 1 1 1 1 1 1 100 1 100 1 1 1 1 100 1 1 1
ciInstanceKlass java/lang/Thread$Constants 0 0 71 100 1 10 100 12 1 1 1 100 1 10 10 100 12 1 1 1 100 1 8 1 10 12 1 9 100 12 1 1 1 100 1 100 1 10 12 1 10 12 1 9 12 1 1 100 1 10 100 1 9 12 1 1 1 1 1 1 1 1 1 1 1 1 1 1 1 1 1 1 1
ciInstanceKlass java/lang/ThreadGroup 1 1 410 10 7 12 1 1 1 9 7 12 1 1 1 8 1 9 12 1 1 7 1 9 12 1 1 9 12 1 1 10 7 12 1 1 1 10 12 1 1 10 12 1 10 12 1 10 12 1 10 12 1 1 10 12 1 1 10 12 1 10 12 1 1 10 12 1 10 12 1 10 100 12 1 1 1 10 12 1 1 18 12 1 1 11 100 12 1 1 1 10 7 12 1 1 1 10 100 12 1 10 12 1 1 10 12 1 1 10 12 1 1 10 100 12 1 1 1 10 12 1 11 12 1 1 11 100 12 1 1 11 12 1 1 10 12 1 1 10 12 1 10 12 1 11 12 1 11 12 1 1 100 1 10 10 12 1 100 1 10 18 12 1 1 11 100 12 1 1 1 11 12 1 1 9 12 1 1 10 12 1 1 8 1 10 100 12 1 1 1 10 7 12 1 1 1 10 12 1 1 11 12 10 12 1 1 10 12 1 1 11 100 1 7 1 9 12 1 7 1 10 8 1 10 12 1 1 10 12 1 1 8 1 10 12 1 10 7 12 1 1 1 10 12 1 1 10 7 1 8 1 10 8 1 10 12 1 10 12 1 8 1 9 12 1 1 9 12 1 10 100 12 1 1 1 100 9 12 1 1 7 1 9 12 1 10 12 10 12 1 1 100 10 12 9 12 1 10 12 1 100 1 10 100 1 10 10 12 1 10 12 1 1 1 1 1 1 1 1 1 1 1 1 1 1 1 1 1 1 3 1 1 1 1 1 1 1 1 1 1 1 1 100 1 1 1 1 1 1 1 1 1 1 1 1 1 1 1 1 1 1 1 1 1 1 1 1 1 1 1 1 1 1 1 1 1 1 1 1 1 1 1 1 1 1 1 1 15 10 100 12 1 1 1 16 15 10 12 16 16 15 10 12 16 1 1 100 1 100 1 1
staticfield java/lang/ThreadGroup $assertionsDisabled Z 1
instanceKlass java/lang/VirtualThread
ciInstanceKlass java/lang/BaseVirtualThread 0 0 36 10 100 12 1 1 1 100 1 1 1 1 1 1 1 1 1 1 1 1 1 1 1 1 1 1 1 1 100 1 100 1 1 100 1 1
ciInstanceKlass java/lang/VirtualThread 0 0 858 100 1 9 12 1 1 10 100 12 1 1 1 10 100 12 1 1 1 10 100 12 1 1 1 9 12 1 1 9 12 1 1 100 1 10 12 1 9 12 1 1 18 12 1 1 9 12 1 1 10 12 1 1 100 1 10 12 1 10 12 1 1 10 12 1 1 10 12 1 1 9 12 1 1 10 12 1 10 100 12 1 10 12 1 10 12 1 10 12 1 100 1 10 100 12 1 1 1 10 12 1 1 11 100 12 1 1 1 100 1 100 1 10 10 12 1 10 12 1 1 9 12 1 1 10 12 1 1 9 12 1 1 10 12 1 10 12 1 9 12 1 9 12 1 100 1 10 10 12 1 10 12 1 10 100 12 1 1 10 9 10 11 100 1 10 100 12 1 1 10 100 1 10 9 10 10 12 1 10 12 1 10 12 1 1 100 1 10 12 1 1 10 12 1 10 12 1 1 9 12 1 10 12 1 10 12 1 9 12 1 1 10 12 1 10 12 1 9 12 1 1 10 12 1 1 10 12 1 9 12 1 10 12 1 9 12 1 1 10 100 12 1 1 10 12 1 10 12 1 1 10 100 12 1 1 10 12 1 100 1 8 1 10 12 1 10 12 1 1 10 12 1 10 12 1 10 12 10 100 12 1 1 10 12 1 10 12 1 1 10 12 1 10 12 1 1 10 100 12 1 1 10 12 1 1 10 12 1 1 100 1 5 0 100 1 10 10 12 1 9 12 1 1 10 100 12 1 1 10 9 12 1 1 18 9 100 12 1 1 1 11 100 12 1 1 1 11 100 1 11 12 10 12 1 1 10 12 1 1 10 100 1 10 9 12 1 10 10 12 1 1 10 10 12 1 100 1 10 10 12 1 10 12 1 10 12 1 1 10 12 1 10 12 1 10 12 1 9 12 1 1 11 100 12 1 1 10 12 9 100 12 1 1 1 9 12 1 10 12 1 1 9 12 1 9 12 1 100 1 10 10 12 1 1 10 12 1 10 12 10 12 1 100 1 100 1 8 1 10 10 12 1 1 10 12 1 10 100 12 1 1 8 1 10 12 1 8 1 10 12 1 9 100 12 1 1 1 10 12 1 1 10 12 1 10 10 10 10 12 9 12 1 10 12 1 1 9 12 1 10 12 1 1 9 12 1 10 12 1 1 18 12 1 1 18 12 1 10 100 12 1 1 1 8 1 10 100 12 1 1 1 10 100 12 1 1 1 18 12 1 10 100 12 1 1 1 100 1 10 12 1 8 1 10 12 1 8 1 10 12 1 1 8 1 8 1 10 100 12 1 1 8 1 10 12 1 8 1 8 1 10 100 12 1 1 1 10 12 1 10 12 1 1 10 12 1 18 12 1 1 18 12 1 1 5 0 9 12 1 10 12 1 18 12 1 100 1 100 1 10 12 1 10 100 12 1 1 10 12 1 1 100 1 8 1 10 10 12 1 1 10 12 1 1 10 12 1 9 12 1 8 10 12 1 1 8 8 9 12 1 8 10 12 1 1 3 1 3 3 1 3 1 3 1 3 1 3 1 3 3 1 3 1 3 1 3 1 1 1 1 1 1 1 1 1 1 1 1 1 1 1 1 1 1 1 1 1 1 1 1 1 1 1 1 1 100 1 1 1 1 1 1 1 1 1 1 1 1 1 1 1 1 1 1 1 1 1 1 1 1 1 1 1 1 1 1 1 1 1 1 1 1 100 1 1 1 1 1 1 1 1 1 1 1 1 1 1 1 1 1 1 1 1 1 1 1 1 1 1 1 1 1 1 1 1 1 100 1 1 1 1 1 1 1 1 1 1 1 1 1 1 1 1 1 15 10 100 12 1 1 1 16 15 10 12 15 10 12 16 15 10 12 16 15 10 12 16 16 15 10 12 16 15 10 12 16 15 10 12 16 15 10 12 16 1 1 1 1 1 100 1 1 100 1 100 1 1
instanceKlass coursier/util/Task$WrappedException
instanceKlass scala/concurrent/Future$$anon$4
instanceKlass scala/util/control/ControlThrowable
instanceKlass scala/runtime/Nothing$
instanceKlass java/lang/Exception
instanceKlass java/lang/Error
ciInstanceKlass java/lang/Throwable 1 1 404 10 7 12 1 1 1 9 7 12 1 1 1 9 12 1 1 9 12 1 9 12 1 1 9 12 1 10 12 1 1 9 12 1 1 10 12 1 1 10 12 1 100 1 7 1 10 8 1 10 12 1 1 8 1 10 100 12 1 1 10 10 12 1 100 1 8 1 10 10 12 1 1 10 7 12 1 1 10 12 1 8 1 9 100 12 1 1 1 10 12 1 1 7 1 10 12 10 12 1 10 7 12 1 1 1 7 1 10 12 10 12 1 10 12 1 7 1 10 10 7 12 1 1 1 11 7 12 1 1 1 10 12 1 1 10 12 1 1 8 1 10 12 1 10 12 1 1 8 1 8 1 10 12 1 1 10 12 1 8 1 8 1 9 12 1 1 10 12 1 1 100 1 10 11 12 1 8 1 8 1 10 7 12 1 1 8 1 10 12 1 8 1 7 1 10 12 1 9 12 1 1 10 12 1 10 100 12 1 9 12 1 1 10 12 1 1 100 1 8 1 10 12 1 10 100 12 1 1 10 12 1 1 100 1 10 100 12 1 1 1 10 12 1 11 100 12 1 1 1 11 100 12 1 1 11 12 1 8 1 10 12 1 1 8 1 10 10 9 100 12 1 1 1 8 1 10 12 1 1 11 10 100 1 8 1 10 11 12 1 1 8 1 9 12 1 10 100 12 1 1 11 9 12 1 1 11 12 1 1 100 10 12 1 10 12 1 1 100 1 1 1 1 5 0 1 1 1 1 1 1 1 1 1 1 1 1 1 100 1 1 1 1 1 1 1 1 1 1 1 1 1 1 1 1 1 1 1 1 1 1 1 1 1 1 1 1 1 1 1 1 1 1 1 1 1 1 1 1 1 1 1 1 100 1 100 1 1 1 1 1 1 1 1 1 1 1 1 1 1 1 1 1 1
staticfield java/lang/Throwable UNASSIGNED_STACK [Ljava/lang/StackTraceElement; 0 [Ljava/lang/StackTraceElement;
staticfield java/lang/Throwable SUPPRESSED_SENTINEL Ljava/util/List; java/util/Collections$EmptyList
staticfield java/lang/Throwable EMPTY_THROWABLE_ARRAY [Ljava/lang/Throwable; 0 [Ljava/lang/Throwable;
staticfield java/lang/Throwable $assertionsDisabled Z 1
ciInstanceKlass java/lang/ThreadDeath 0 0 21 10 100 12 1 1 1 100 1 1 1 1 5 0 1 1 1 1 1 1 1
instanceKlass java/util/ServiceConfigurationError
instanceKlass com/google/common/util/concurrent/ExecutionError
instanceKlass org/scalafmt/dynamic/ScalafmtDynamicError$ScalafmtInterfaceMethodDeprecated
instanceKlass org/scalafmt/dynamic/ScalafmtDynamicError
instanceKlass scala/NotImplementedError
instanceKlass java/lang/AssertionError
instanceKlass java/lang/VirtualMachineError
instanceKlass java/lang/LinkageError
instanceKlass java/lang/ThreadDeath
ciInstanceKlass java/lang/Error 1 1 40 10 7 12 1 1 1 10 12 1 10 12 1 10 12 1 10 12 1 100 1 1 1 1 5 0 1 1 1 1 1 1 1 1 1 1 1 1 1 1
ciInstanceKlass jdk/internal/vm/ContinuationScope 0 0 50 10 100 12 1 1 1 10 100 12 1 1 1 100 1 9 100 12 1 1 1 10 12 1 1 10 100 12 1 1 1 10 12 1 1 10 12 1 1 1 1 1 1 1 1 1 1 1 1 1
ciInstanceKlass jdk/internal/vm/StackChunk 0 0 34 10 100 12 1 1 1 9 100 12 1 1 1 9 12 1 1 9 12 1 9 12 1 1 1 1 1 1 1 1 1 1 1 1
ciInstanceKlass java/lang/Boolean 1 1 151 10 7 12 1 1 1 9 7 12 1 1 1 10 12 1 1 10 12 1 8 1 10 7 12 1 1 9 12 1 1 9 12 1 10 12 1 1 10 12 1 1 10 12 1 1 10 7 12 1 1 1 100 1 100 1 10 12 1 1 9 100 12 1 1 9 12 10 100 12 1 1 1 10 12 1 1 8 1 10 7 12 1 1 1 9 12 1 1 100 1 100 1 100 1 1 1 1 1 1 5 0 1 1 1 1 1 1 1 1 1 1 3 1 1 1 1 1 1 1 1 1 1 1 1 1 1 1 1 1 1 100 1 1 1 1 1 1 1 1 1 1 100 1 1 1 1 1 1 1 1
staticfield java/lang/Boolean TRUE Ljava/lang/Boolean; java/lang/Boolean
staticfield java/lang/Boolean FALSE Ljava/lang/Boolean; java/lang/Boolean
staticfield java/lang/Boolean TYPE Ljava/lang/Class; java/lang/Class
ciMethod java/lang/Boolean valueOf (Z)Ljava/lang/Boolean; 712 0 80937 0 0
ciInstanceKlass java/lang/Character 1 1 585 7 1 100 1 100 1 9 12 1 1 8 1 9 12 1 1 100 1 9 12 1 1 10 100 12 1 1 1 10 100 12 1 1 1 10 100 12 1 1 1 10 7 12 1 1 1 9 7 12 1 1 1 10 12 1 10 12 1 1 10 12 1 1 10 7 12 1 1 10 12 1 1 3 3 3 3 3 10 12 1 1 10 12 1 3 11 7 12 1 1 1 11 12 1 1 10 12 1 1 10 12 1 1 100 1 10 10 12 1 3 10 12 1 1 10 12 1 10 12 1 1 100 1 8 1 10 12 1 1 10 12 1 10 12 1 10 12 1 10 100 12 1 1 1 10 12 1 10 12 1 10 12 1 1 10 12 1 10 7 12 1 1 10 10 12 1 10 10 12 1 10 12 1 1 10 12 1 10 10 12 1 10 12 1 10 12 1 10 12 1 10 12 1 10 12 1 10 12 1 10 12 10 10 12 10 10 12 1 10 10 12 1 10 10 12 1 10 10 12 1 10 10 12 1 10 10 12 1 10 10 12 1 1 10 10 12 1 10 5 0 10 12 1 10 12 1 10 10 12 1 10 10 12 1 1 10 10 12 1 10 10 12 1 9 12 1 1 100 1 10 10 12 1 10 12 1 1 3 10 100 12 1 1 1 10 12 1 10 100 12 1 1 100 1 10 10 12 1 1 10 12 1 1 10 12 1 1 8 1 10 12 1 9 100 12 1 1 1 10 12 1 10 10 12 1 10 12 1 1 10 12 1 10 10 12 1 1 10 10 12 1 1 100 1 8 1 10 12 1 1 10 7 12 1 1 1 8 1 10 12 1 1 9 12 1 1 100 1 100 1 100 1 1 1 1 3 1 3 1 3 1 3 1 1 1 1 1 3 1 1 3 1 3 1 3 1 3 1 3 1 3 1 3 1 3 1 3 1 3 1 3 1 3 1 3 1 3 1 3 1 3 1 3 1 3 1 3 1 3 1 3 1 3 1 3 1 3 1 3 1 3 1 3 1 3 1 1 1 1 1 1 1 1 1 1 1 1 1 1 1 1 1 1 1 3 1 1 1 1 1 1 1 3 1 1 3 1 1 1 1 1 3 1 1 5 0 1 1 1 1 1 1 1 1 1 1 1 1 1 1 1 1 1 1 1 1 1 1 1 1 1 1 1 1 1 1 1 1 1 1 1 1 1 1 1 1 1 1 1 1 1 1 1 1 1 1 1 1 1 1 1 1 1 1 1 1 1 1 1 1 1 1 1 1 1 1 1 1 1 1 1 1 1 1 1 1 1 1 1 1 1 1 1 1 1 100 1 100 1 1 1 1 1 1
staticfield java/lang/Character TYPE Ljava/lang/Class; java/lang/Class
staticfield java/lang/Character $assertionsDisabled Z 1
ciMethod java/lang/Character isDigit (I)Z 160 0 1601 0 0
ciMethod java/lang/Character isDigit (C)Z 160 0 1601 0 0
ciMethod java/lang/Character isUpperCase (C)Z 1024 0 30367 0 0
ciMethod java/lang/Character isUpperCase (I)Z 1024 0 30377 0 0
ciInstanceKlass java/lang/CharacterDataLatin1 1 1 130 9 7 12 1 1 1 9 12 1 1 10 12 1 1 10 12 1 10 12 1 1 3 3 3 10 12 1 9 12 1 100 1 3 3 9 12 1 1 10 7 12 1 1 1 10 9 12 1 1 3 3 3 3 3 3 3 3 3 3 3 3 3 3 3 3 3 3 3 3 3 3 3 3 3 3 3 3 3 3 3 3 3 3 3 1 1 1 1 1 1 1 1 1 1 1 1 1 1 1 1 1 1 1 1 1 1 1 1 1 1 1 1 1 1 1 1 1 1 1 1 1 1 1 1 1 100 1 1 1
staticfield java/lang/CharacterDataLatin1 DIGITS [B 256
staticfield java/lang/CharacterDataLatin1 instance Ljava/lang/CharacterDataLatin1; java/lang/CharacterDataLatin1
staticfield java/lang/CharacterDataLatin1 A [I 256
staticfield java/lang/CharacterDataLatin1 B [B 256
instanceKlass java/lang/CharacterData00
instanceKlass java/lang/CharacterDataLatin1
ciInstanceKlass java/lang/CharacterData 1 1 80 10 7 12 1 1 1 10 100 12 1 1 1 9 7 12 1 1 1 9 7 12 1 1 9 100 12 1 1 9 100 1 9 100 1 9 100 1 9 100 1 9 100 1 1 1 1 1 1 1 1 1 1 1 1 1 1 1 1 1 1 1 1 1 1 1 1 1 1 1 1 1 1 1 1 1 1 1 1 1
ciMethod java/lang/CharacterData isDigit (I)Z 0 0 1 0 -1
ciMethod java/lang/CharacterData isUpperCase (I)Z 0 0 1 0 -1
ciMethod java/lang/CharacterData of (I)Ljava/lang/CharacterData; 988 0 29412 0 128
ciMethod java/lang/CharacterDataLatin1 isDigit (I)Z 778 0 1600 0 0
ciMethod java/lang/CharacterDataLatin1 isUpperCase (I)Z 1026 0 16149 0 128
ciMethod java/lang/CharacterDataLatin1 getPropertiesEx (I)I 522 0 16283 0 128
ciInstanceKlass java/lang/Float 1 1 225 7 1 100 1 10 100 12 1 1 1 10 100 12 1 1 1 4 100 1 10 12 1 1 10 12 1 1 8 1 8 1 10 100 12 1 1 1 10 12 1 1 10 12 1 1 10 100 1 4 4 4 10 7 12 1 1 9 12 1 1 10 12 1 1 10 12 1 10 10 12 1 1 10 12 1 10 12 1 3 10 12 1 1 10 12 1 1 10 12 1 10 100 12 1 1 1 10 12 1 1 10 12 1 1 8 1 10 7 12 1 1 1 9 12 1 1 100 1 100 1 100 1 1 1 1 1 4 1 1 1 4 1 1 3 1 3 1 3 1 3 1 3 1 1 1 1 5 0 1 1 1 1 1 1 1 1 1 1 100 1 1 1 1 1 1 1 1 1 1 1 1 1 3 1 1 1 1 1 1 1 1 1 1 1 1 1 1 1 1 1 1 1 1 1 1 1 1 1 1 1 1 1 1 1 1 1 1 1 1 1 1 100 1 1 1 1 1 1 1 100 1 100 1 1
staticfield java/lang/Float TYPE Ljava/lang/Class; java/lang/Class
instanceKlass java/math/BigDecimal
instanceKlass com/google/gson/internal/LazilyParsedNumber
instanceKlass scala/math/ScalaNumber
instanceKlass java/math/BigInteger
instanceKlass java/util/concurrent/atomic/Striped64
instanceKlass java/util/concurrent/atomic/AtomicLong
instanceKlass java/util/concurrent/atomic/AtomicInteger
instanceKlass java/lang/Long
instanceKlass java/lang/Integer
instanceKlass java/lang/Short
instanceKlass java/lang/Byte
instanceKlass java/lang/Double
instanceKlass java/lang/Float
ciInstanceKlass java/lang/Number 1 1 37 10 7 12 1 1 1 10 100 12 1 1 1 100 1 1 1 1 5 0 1 1 1 1 1 1 1 1 1 1 1 1 1 1 1 1 1
ciMethod java/lang/Number <init> ()V 768 0 15996 0 0
ciInstanceKlass java/lang/Double 1 1 289 7 1 100 1 10 100 12 1 1 1 10 12 1 1 10 100 1 10 12 1 1 10 100 12 1 1 1 6 0 8 1 10 12 1 1 8 1 10 12 1 1 8 1 6 0 10 12 1 1 100 1 5 0 5 0 8 1 8 1 10 100 12 1 1 1 10 100 12 1 1 1 8 1 10 12 1 1 8 1 8 1 8 1 10 12 1 1 10 12 1 10 12 1 1 10 12 1 10 12 1 10 12 1 1 10 12 1 10 7 1 6 0 6 0 6 0 10 7 12 1 1 9 12 1 1 10 12 1 10 12 1 10 12 1 10 12 1 10 12 1 5 0 10 12 1 1 10 12 1 10 12 1 10 100 12 1 1 1 10 12 1 1 10 12 1 1 8 1 10 7 12 1 1 1 9 12 1 1 100 1 100 1 100 1 1 1 1 1 6 0 1 1 1 6 0 1 1 3 1 3 1 3 1 3 1 3 1 1 1 1 5 0 1 1 1 1 1 1 1 1 1 1 1 1 1 1 1 1 100 1 1 1 1 1 1 1 1 1 1 1 1 3 1 1 1 1 1 1 1 1 1 1 1 1 1 1 1 1 1 1 1 1 1 1 1 1 1 1 1 1 1 1 1 1 1 100 1 1 1 1 1 1 1 100 1 100 1 1
staticfield java/lang/Double TYPE Ljava/lang/Class; java/lang/Class
ciInstanceKlass java/lang/Byte 1 1 212 7 1 100 1 10 100 12 1 1 1 9 12 1 1 8 1 9 12 1 1 100 1 10 12 1 1 10 12 1 1 10 100 12 1 1 1 10 100 12 1 1 1 9 7 12 1 1 1 10 12 1 1 100 1 100 1 10 12 1 1 8 1 10 12 1 1 8 1 10 12 1 10 12 1 10 12 1 10 12 1 1 10 12 1 10 12 1 10 12 1 1 10 8 1 8 1 10 7 1 9 12 1 1 10 12 1 1 10 12 1 1 10 12 1 1 10 12 1 5 0 10 12 1 1 8 1 10 7 12 1 1 1 9 12 1 1 100 1 100 1 1 1 3 1 3 1 1 1 1 3 1 3 1 1 5 0 1 1 1 1 1 1 1 1 1 1 1 1 1 1 1 1 1 1 1 1 1 1 1 1 1 1 1 1 1 1 1 1 1 1 1 1 1 1 1 1 1 1 1 1 1 1 1 1 1 1 1 1 1 1 1
staticfield java/lang/Byte TYPE Ljava/lang/Class; java/lang/Class
ciInstanceKlass java/lang/Short 1 1 221 7 1 100 1 100 1 10 100 12 1 1 1 10 12 1 1 100 1 100 1 10 12 1 1 8 1 10 12 1 1 8 1 10 12 1 10 12 1 10 12 1 10 12 1 1 10 12 1 1 10 12 1 9 12 1 1 8 1 9 12 1 1 100 1 10 12 1 1 10 12 1 10 100 12 1 1 1 10 100 12 1 1 1 9 100 12 1 1 1 10 12 1 10 12 1 1 10 8 1 8 1 10 100 1 9 12 1 1 10 12 1 1 10 12 1 1 10 12 1 1 10 12 1 3 3 5 0 10 12 1 1 8 1 10 7 12 1 1 1 9 12 1 1 100 1 100 1 1 1 3 1 3 1 1 1 1 3 1 3 1 1 5 0 1 1 1 1 1 1 1 1 1 1 1 1 1 1 1 1 1 1 1 1 1 1 1 1 1 1 1 3 1 1 1 1 1 1 1 1 1 1 1 1 1 1 1 1 1 1 1 1 1 1 1 1 1 1 1 1 1
staticfield java/lang/Short TYPE Ljava/lang/Class; java/lang/Class
ciInstanceKlass java/lang/Integer 1 1 461 7 1 100 1 7 1 7 1 10 12 1 1 9 12 1 1 9 12 1 1 10 100 12 1 1 1 10 12 1 1 10 100 12 1 1 1 10 10 12 1 1 10 100 12 1 1 1 10 12 1 10 12 1 1 10 7 12 1 1 1 10 12 1 1 10 12 1 1 10 12 1 10 12 1 10 12 1 1 10 10 12 1 9 12 1 1 9 12 1 100 1 8 1 10 12 1 100 1 10 12 1 8 1 10 12 1 1 10 12 1 8 1 10 12 1 8 1 10 12 1 1 3 10 12 1 1 3 10 12 1 1 10 12 1 1 10 7 12 1 1 1 11 7 1 10 12 1 1 11 10 12 1 1 8 1 10 12 1 1 8 1 100 1 10 12 1 1 10 12 1 1 5 0 8 1 10 12 1 10 12 1 10 12 1 10 12 1 1 7 1 9 12 1 1 9 12 1 1 10 12 1 10 7 1 9 12 1 10 12 1 10 12 1 10 12 1 1 10 7 12 1 1 1 100 1 100 1 10 12 1 1 10 12 1 1 8 1 8 1 10 12 1 1 8 1 8 1 8 1 8 1 8 1 8 1 10 12 1 10 12 1 5 0 3 3 3 3 10 12 1 10 12 1 3 10 12 1 10 100 12 1 1 1 10 12 1 1 10 12 1 1 8 1 10 7 12 1 1 1 9 12 1 1 3 3 3 3 3 3 9 12 1 1 100 1 100 1 100 1 1 1 1 1 1 1 3 1 3 1 1 5 0 1 1 1 1 1 1 1 1 1 100 1 1 1 1 1 1 1 1 1 1 1 1 1 1 1 1 1 1 1 1 1 1 1 1 1 1 1 1 1 1 1 1 1 1 1 1 1 1 1 1 3 1 1 1 1 1 1 1 1 1 1 1 1 1 1 1 1 100 1 1 1 1 1 1 1 1 1 1 1 1 1 1 1 1 1 1 1 1 1 1 1 1 1 1 1 1 1 1 1 1 1 1 1 1 1 1 1 1 1 1 1 1 1 100 1 1 1 1 1 1 1 1 1 100 1 100 1 1
staticfield java/lang/Integer TYPE Ljava/lang/Class; java/lang/Class
staticfield java/lang/Integer digits [C 36
staticfield java/lang/Integer DigitTens [B 100
staticfield java/lang/Integer DigitOnes [B 100
staticfield java/lang/Integer sizeTable [I 10
ciInstanceKlass java/lang/Long 1 1 523 7 1 100 1 7 1 7 1 10 12 1 1 9 12 1 1 9 7 12 1 1 1 10 100 12 1 1 1 10 12 1 1 10 100 12 1 1 1 10 10 12 10 12 1 10 12 1 10 12 1 5 0 5 0 7 1 10 12 1 1 10 12 1 1 10 12 1 10 12 1 10 12 1 10 12 1 1 10 100 12 1 1 10 12 1 10 12 1 1 10 12 1 1 10 12 1 1 10 12 1 1 10 7 12 1 1 1 10 12 1 1 10 12 1 10 12 1 10 12 1 10 12 1 1 10 10 12 1 5 0 5 0 9 12 1 1 9 12 1 5 0 100 1 8 1 10 12 1 8 1 10 12 1 8 1 8 1 10 12 1 1 5 0 10 12 1 1 5 0 10 12 1 1 10 12 1 1 10 100 12 1 1 1 11 100 1 10 12 1 1 11 10 12 1 1 8 1 10 12 1 1 8 1 100 1 10 12 1 1 10 12 1 8 1 8 1 11 12 1 1 10 12 1 10 12 1 10 12 1 5 0 5 0 9 7 12 1 1 1 10 12 1 10 12 1 1 8 1 8 1 10 12 1 1 8 1 8 1 8 1 8 1 8 1 8 1 10 12 1 10 7 1 9 12 1 1 10 12 1 10 12 1 1 10 12 1 1 10 7 12 1 1 1 100 1 100 1 10 12 1 1 10 12 1 1 5 0 10 12 1 10 12 1 5 0 5 0 5 0 10 12 1 1 10 12 1 5 0 5 0 10 12 1 10 12 1 10 100 12 1 1 1 10 12 1 1 10 12 1 1 8 1 10 7 12 1 1 1 9 12 1 1 100 1 100 1 100 1 1 1 1 5 0 1 1 1 1 3 1 3 1 5 0 1 1 1 1 1 1 1 1 1 100 1 1 1 1 1 1 1 1 1 1 1 1 1 1 1 1 1 1 1 1 1 1 1 1 1 1 1 1 1 1 1 1 1 1 1 1 1 1 1 1 1 1 1 1 1 1 1 1 1 1 1 1 1 1 1 3 1 1 1 1 1 1 1 1 1 1 1 1 1 1 1 100 1 1 1 1 1 1 1 1 1 1 1 1 1 1 1 1 1 1 1 1 1 1 1 1 1 1 1 1 1 1 1 1 1 1 1 1 1 1 1 1 1 1 100 1 1 1 1 1 1 1 1 1 100 1 100 1 1
staticfield java/lang/Long TYPE Ljava/lang/Class; java/lang/Class
ciMethod java/lang/Long <init> (J)V 514 0 9791 0 0
ciMethod java/lang/Long valueOf (J)Ljava/lang/Long; 64 0 10335 0 224
ciMethod java/lang/Long rotateLeft (JI)J 1028 0 10954 0 -1
ciInstanceKlass java/lang/Long$LongCache 1 1 48 10 100 12 1 1 1 7 1 10 7 12 1 1 1 9 12 1 1 7 1 5 0 10 12 1 9 12 1 1 1 1 1 1 1 1 1 1 1 1 1 1 100 1 1 1 1 1
staticfield java/lang/Long$LongCache cache [Ljava/lang/Long; 256 [Ljava/lang/Long;
ciInstanceKlass jdk/internal/vm/vector/VectorSupport 0 0 561 100 1 10 100 12 1 1 1 9 12 1 1 10 12 1 1 100 1 10 12 1 11 100 12 1 1 1 11 100 12 1 1 1 11 100 12 1 1 11 100 12 1 1 1 11 100 12 1 1 11 100 12 1 1 11 100 12 1 1 11 100 12 1 1 11 100 12 1 1 11 100 12 1 1 11 100 12 1 1 1 11 100 12 1 1 11 100 12 1 1 1 11 100 12 1 1 1 11 100 12 1 1 11 100 12 1 1 1 11 100 12 1 1 100 1 10 12 1 1 11 100 12 1 1 11 100 12 1 1 11 100 12 1 1 11 100 12 1 1 11 100 12 1 1 11 100 12 1 1 9 12 1 1 10 100 12 1 1 11 100 12 1 1 10 12 1 1 10 100 12 1 1 1 10 12 1 10 12 1 1 10 12 1 1 1 1 1 3 1 3 1 3 1 3 1 3 1 3 1 3 1 3 1 3 1 3 1 3 1 3 1 3 1 3 1 3 1 3 1 3 1 3 1 3 1 3 1 3 1 3 1 3 1 3 1 3 1 3 1 3 1 3 1 3 1 3 1 3 1 3 1 3 1 3 1 3 1 3 1 3 1 3 1 3 1 3 1 3 1 3 1 3 1 3 1 3 1 3 1 3 1 3 1 3 1 3 1 3 1 3 1 3 1 1 1 1 1 1 1 1 1 1 1 1 1 1 1 1 1 1 1 1 1 1 1 1 1 1 1 1 1 1 1 1 1 1 1 1 1 1 1 1 1 1 1 1 1 1 1 1 1 1 1 1 1 1 1 1 1 1 1 1 1 1 1 1 1 1 1 1 1 1 1 1 1 1 1 1 1 1 1 1 1 1 1 1 1 1 1 1 1 1 1 1 1 1 1 1 1 1 1 1 1 1 1 1 1 1 1 1 1 1 1 1 1 1 1 1 1 1 1 1 1 1 1 1 1 1 1 1 1 1 1 1 1 1 1 1 1 1 1 1 1 1 1 1 1 1 1 1 1 1 1 1 1 1 1 1 1 1 1 1 1 1 1 1 1 1 1 1 1 1 1 1 1 1 1 1 1 1 1 1 1 1 1 1 1 1 1 1 1 1 1 1 1 1 1 1 1 1 1 1 1 1 1 1 1 1 1 1 1 1 1 1 1 1 1 1 1 1 1 1 1 1 1 1 1 1 1 1 1 100 1 100 1 100 1 100 1 100 1 1 1 1 1 1 1 1 1 1 1 1 1 1 1 1 1 1 1 1 1 1 1 1 1 1 1 1 1 1
instanceKlass jdk/internal/vm/vector/VectorSupport$VectorShuffle
instanceKlass jdk/internal/vm/vector/VectorSupport$VectorMask
instanceKlass jdk/internal/vm/vector/VectorSupport$Vector
ciInstanceKlass jdk/internal/vm/vector/VectorSupport$VectorPayload 0 0 32 10 100 12 1 1 1 9 100 12 1 1 1 10 100 12 1 1 1 1 1 1 1 1 1 1 1 1 1 1 1 1
ciInstanceKlass jdk/internal/vm/vector/VectorSupport$Vector 0 0 28 10 100 12 1 1 1 100 1 1 1 1 1 1 1 1 1 1 1 1 1 1 1 100 1 1 1 1
ciInstanceKlass jdk/internal/vm/vector/VectorSupport$VectorMask 0 0 28 10 100 12 1 1 1 100 1 1 1 1 1 1 1 1 1 1 1 1 1 1 1 100 1 1 1 1
ciInstanceKlass jdk/internal/vm/vector/VectorSupport$VectorShuffle 0 0 28 10 100 12 1 1 1 100 1 1 1 1 1 1 1 1 1 1 1 1 1 1 1 100 1 1 1 1
ciInstanceKlass jdk/internal/vm/FillerObject 0 0 16 10 100 12 1 1 1 100 1 1 1 1 1 1 1 1
instanceKlass java/lang/ref/PhantomReference
instanceKlass java/lang/ref/FinalReference
instanceKlass java/lang/ref/WeakReference
instanceKlass java/lang/ref/SoftReference
ciInstanceKlass java/lang/ref/Reference 1 1 190 9 7 12 1 1 1 9 7 12 1 1 10 12 1 1 10 12 1 1 9 12 1 1 10 12 1 1 9 12 1 1 9 12 1 1 7 1 10 12 1 10 7 12 1 1 10 12 1 10 12 1 1 10 12 1 7 1 8 1 10 12 1 1 7 1 10 12 1 1 10 12 1 1 10 12 1 9 12 1 10 12 1 1 10 12 1 10 12 1 9 12 1 100 1 100 1 10 12 9 12 1 9 12 1 100 1 10 10 12 1 10 10 7 12 1 1 7 1 10 10 7 12 1 1 1 1 1 1 1 1 1 1 1 1 1 1 1 1 1 1 1 100 1 1 1 100 1 1 1 1 1 1 1 1 1 1 1 1 1 1 1 1 1 1 1 1 1 1 1 1 1 1 1 1 1 1 1 1 1 1 1 100 1 100 1 100 1 1 1
staticfield java/lang/ref/Reference processPendingLock Ljava/lang/Object; java/lang/Object
staticfield java/lang/ref/Reference $assertionsDisabled Z 1
instanceKlass sun/security/util/MemoryCache$SoftCacheEntry
instanceKlass sun/util/locale/provider/LocaleResources$ResourceReference
instanceKlass sun/util/resources/Bundles$BundleReference
instanceKlass sun/util/locale/LocaleObjectCache$CacheEntry
instanceKlass java/lang/invoke/LambdaFormEditor$Transform
ciInstanceKlass java/lang/ref/SoftReference 1 1 47 10 7 12 1 1 1 9 7 12 1 1 1 9 12 1 10 12 1 10 12 1 1 1 1 1 1 1 1 1 1 1 1 1 1 1 1 1 1 1 1 100 1 1 1 1 1
instanceKlass sun/nio/ch/FileLockTable$FileLockReference
instanceKlass concurrentrefhashmap/ConcurrentReferenceHashMap$WeakValueReference
instanceKlass concurrentrefhashmap/ConcurrentReferenceHashMap$WeakKeyReference
instanceKlass java/util/logging/LogManager$LoggerWeakRef
instanceKlass java/util/logging/Level$KnownLevel
instanceKlass java/lang/WeakPairMap$WeakRefPeer
instanceKlass java/lang/ClassValue$Entry
instanceKlass java/lang/invoke/MethodType$ConcurrentWeakInternSet$WeakEntry
instanceKlass java/lang/ThreadLocal$ThreadLocalMap$Entry
instanceKlass java/util/WeakHashMap$Entry
ciInstanceKlass java/lang/ref/WeakReference 1 1 31 10 7 12 1 1 1 10 12 1 100 1 1 1 1 1 1 1 1 1 1 1 1 1 1 1 1 1 1 1 1
instanceKlass java/lang/ref/Finalizer
ciInstanceKlass java/lang/ref/FinalReference 1 1 50 10 7 12 1 1 1 10 100 12 1 1 1 10 12 1 1 100 1 8 1 10 12 1 1 1 1 1 1 1 1 1 1 1 1 1 1 1 1 1 1 1 1 1 1 1 1 1 100 1
instanceKlass org/h2/util/CloseWatcher
instanceKlass jdk/internal/ref/PhantomCleanable
instanceKlass jdk/internal/ref/Cleaner
ciInstanceKlass java/lang/ref/PhantomReference 1 1 39 10 100 12 1 1 1 10 7 12 1 1 1 1 1 1 1 1 1 1 1 1 1 1 1 1 1 1 1 1 1 1 1 1 1 1 1 1 1
ciInstanceKlass java/lang/ref/Finalizer 1 1 155 9 7 12 1 1 1 10 7 12 1 1 1 9 12 1 1 9 12 1 1 9 12 1 9 12 1 9 12 1 1 10 12 1 100 1 8 1 10 12 1 10 12 1 1 9 12 1 100 1 10 12 1 100 1 11 100 12 1 1 10 12 1 100 1 10 12 1 100 1 10 12 1 10 100 12 1 1 1 10 100 12 1 1 1 100 1 10 10 12 1 7 1 10 12 1 7 1 10 12 1 1 10 12 1 1 10 12 1 10 7 12 1 1 1 7 1 10 7 1 10 10 12 1 1 1 1 1 1 1 1 1 1 1 1 1 1 1 1 1 1 1 1 1 1 1 1 1 1 1 1 1 1 1 1
staticfield java/lang/ref/Finalizer lock Ljava/lang/Object; java/lang/Object
staticfield java/lang/ref/Finalizer ENABLED Z 1
staticfield java/lang/ref/Finalizer $assertionsDisabled Z 1
instanceKlass java/lang/reflect/Executable
instanceKlass java/lang/reflect/Field
ciInstanceKlass java/lang/reflect/AccessibleObject 1 1 400 10 7 12 1 1 1 9 100 12 1 1 1 10 100 12 1 1 1 10 7 12 1 1 10 7 12 1 1 1 10 100 12 1 1 1 10 12 1 1 10 12 1 1 9 12 1 1 7 1 10 7 12 1 1 1 11 12 1 100 1 10 12 1 7 1 100 1 10 12 1 10 12 1 1 10 12 1 1 10 12 1 1 10 12 1 1 7 1 10 100 12 1 1 1 10 12 1 1 11 10 7 12 1 1 1 10 12 1 1 10 12 1 10 12 1 10 12 1 1 10 12 1 8 1 100 1 100 1 10 10 12 1 1 8 1 10 12 1 10 12 1 8 1 8 1 8 1 8 1 8 1 8 1 8 1 8 1 8 1 100 1 10 12 1 10 12 1 9 12 1 1 10 12 1 1 10 12 1 10 100 1 100 1 8 1 10 8 1 10 12 1 8 1 10 12 1 10 12 1 1 10 100 1 8 1 10 11 7 12 1 1 1 10 12 1 1 10 12 1 1 10 12 1 1 9 12 1 1 100 1 10 12 1 7 1 10 12 1 10 12 1 1 10 100 1 10 12 1 10 12 10 12 1 10 12 1 10 12 1 1 10 12 1 9 12 1 10 100 12 1 1 8 1 10 100 12 1 1 1 8 1 10 100 12 1 1 1 9 12 1 100 1 10 7 1 10 10 7 12 1 1 1 7 1 10 10 7 12 1 1 1 7 1 9 12 1 1 1 1 1 1 1 1 1 1 1 1 1 1 1 1 1 1 1 1 1 1 1 1 1 1 1 1 1 1 1 1 1 1 1 1 1 1 1 1 1 1 1 1 1 1 1 1 1 1 1 1 1 1 1 1 1 1 1 1 1 1 1 1 1 1 1 1 1 1 1 1 1 1 1 1 1 1 1 1 1 1 1 1
staticfield java/lang/reflect/AccessibleObject reflectionFactory Ljdk/internal/reflect/ReflectionFactory; jdk/internal/reflect/ReflectionFactory
ciInstanceKlass java/lang/reflect/Method 1 1 481 9 7 12 1 1 1 10 7 12 1 1 1 10 7 12 1 1 9 12 1 1 10 12 1 1 10 12 1 1 10 7 12 1 1 10 7 12 1 1 1 9 12 1 1 9 12 1 9 12 1 1 9 12 1 9 12 1 9 12 1 1 9 12 1 9 12 1 1 9 12 1 9 12 1 9 12 1 1 100 1 8 1 10 12 1 10 12 1 9 12 1 1 8 1 10 7 12 1 1 10 7 12 1 1 1 10 12 1 1 10 12 1 1 10 12 1 10 12 1 1 10 12 1 1 9 100 12 1 1 1 10 12 1 1 10 12 10 7 12 1 1 10 12 1 1 10 12 1 10 12 1 10 12 1 10 7 12 1 1 1 10 12 1 1 10 7 1 10 100 12 1 1 1 10 7 12 1 1 10 12 1 1 10 12 1 1 10 12 1 10 7 12 1 1 1 10 12 1 10 8 1 10 12 1 10 12 1 7 1 8 1 8 1 8 1 10 12 1 10 12 1 1 10 12 1 1 10 10 12 1 1 10 12 1 11 100 1 10 12 1 9 12 1 1 10 12 1 1 10 12 1 10 12 1 1 10 12 1 1 11 7 12 1 1 1 11 12 1 9 12 1 1 10 12 1 10 7 12 1 1 1 10 12 1 10 12 1 10 12 1 10 12 1 10 12 1 10 12 1 9 12 1 1 10 7 12 1 1 1 10 7 12 1 1 10 12 1 1 10 7 12 1 1 1 10 7 12 1 1 1 10 7 12 1 1 1 11 7 12 1 1 1 10 7 12 1 1 1 7 1 100 1 100 1 10 12 1 10 12 1 1 10 12 1 100 1 8 1 10 12 1 10 10 12 1 1 10 12 1 1 10 12 1 1 10 12 1 1 8 1 10 12 1 1 1 1 1 1 1 1 1 1 1 1 1 1 1 1 1 1 1 1 1 1 1 1 1 1 1 1 1 1 1 1 1 1 1 1 1 1 1 1 1 1 1 1 1 1 1 1 1 1 1 1 1 100 1 100 1 100 1 1 1 1 1 1 1 1 1 1 1 1 1 1 1 1 1 1 1 1 1 1 1 1 1 1 1 1 1 1
instanceKlass java/lang/reflect/Constructor
instanceKlass java/lang/reflect/Method
ciInstanceKlass java/lang/reflect/Executable 1 1 548 10 7 12 1 1 1 10 7 12 1 1 1 10 7 12 1 1 1 11 7 12 1 1 1 10 7 12 1 1 1 10 12 1 1 10 7 12 1 1 1 10 7 12 1 1 1 10 12 1 8 1 10 10 12 1 1 10 12 1 1 10 100 12 1 1 1 18 12 1 1 11 100 12 1 1 1 8 1 8 1 8 1 10 100 12 1 1 1 11 12 1 1 7 1 8 1 8 1 10 12 1 100 1 8 1 10 12 1 8 1 11 100 12 1 1 1 100 1 11 7 12 1 1 1 11 12 1 8 1 18 8 1 10 12 1 10 12 1 1 18 8 1 10 12 1 100 1 10 12 1 10 12 1 11 12 1 10 12 1 1 8 1 8 1 10 12 1 1 10 12 1 1 10 10 12 1 100 1 10 10 12 1 10 12 1 1 10 7 12 1 1 10 12 1 10 12 1 10 12 1 1 10 7 12 1 1 10 12 1 10 12 1 10 7 12 1 1 1 10 12 1 8 1 10 12 1 10 12 1 3 100 1 8 1 10 12 1 10 12 1 10 10 12 1 10 12 1 1 8 1 8 1 8 1 9 12 1 10 12 1 100 1 8 1 9 12 1 10 12 1 10 12 1 1 10 12 1 1 10 12 1 10 12 10 12 1 100 1 10 12 1 10 12 1 1 100 1 10 100 12 1 1 1 7 1 10 7 12 1 1 1 10 12 1 1 11 7 12 1 1 10 7 12 1 1 10 100 12 1 1 1 10 12 1 1 9 12 1 10 12 1 1 10 12 1 10 12 1 1 9 100 12 1 1 1 10 100 12 1 1 1 10 12 1 10 12 1 1 9 12 1 10 10 10 10 100 12 1 1 1 10 12 1 9 12 1 10 12 1 1 9 12 1 100 1 100 1 1 1 1 1 1 1 1 1 1 1 1 1 1 1 1 1 1 1 1 1 1 1 1 1 1 1 1 1 1 1 1 1 1 100 1 1 1 1 1 1 1 1 100 1 1 1 1 1 1 1 1 1 1 1 1 100 1 1 1 1 1 1 1 1 1 1 1 1 1 1 1 1 1 1 1 1 1 1 1 1 1 1 1 1 1 1 1 1 1 1 1 1 1 1 1 1 1 100 1 1 1 1 1 1 1 1 1 1 1 1 1 1 1 1 1 1 1 1 1 100 1 100 1 1 15 10 100 12 1 1 1 16 15 16 1 16 1 15 10 12 16 1 100 1 1 100 1 100 1 1
ciInstanceKlass java/lang/reflect/Constructor 1 1 439 10 100 12 1 1 1 10 100 12 1 1 9 7 12 1 1 1 10 12 1 1 10 12 1 1 10 100 12 1 1 9 12 1 1 10 7 12 1 1 1 9 12 1 1 9 12 1 1 9 12 1 9 12 1 1 9 12 1 9 12 1 1 9 12 1 1 9 12 1 100 1 8 1 10 12 1 10 12 1 9 12 1 1 10 7 12 1 1 10 7 12 1 1 1 10 12 1 1 10 12 1 1 10 12 1 7 1 100 1 8 1 10 10 12 1 10 12 1 10 12 1 1 10 12 1 1 9 100 12 1 1 1 10 7 12 1 1 10 12 1 1 10 12 1 10 12 1 1 10 100 12 1 1 1 10 100 12 1 1 10 12 1 1 10 12 1 10 100 12 1 1 1 8 1 10 10 12 1 100 1 8 1 10 12 1 10 12 1 1 10 12 1 1 10 12 1 10 12 1 10 12 1 1 10 12 1 1 9 12 1 1 10 12 1 1 10 12 1 1 10 12 1 1 11 7 12 1 1 1 10 12 1 1 10 12 1 10 12 1 10 12 1 8 1 9 12 1 1 10 7 12 1 1 1 10 7 12 1 1 10 12 1 1 10 12 1 1 10 12 1 1 10 12 1 1 10 12 1 9 100 12 1 1 10 12 1 10 12 1 10 12 1 100 1 8 1 10 10 12 1 1 10 12 1 10 10 12 1 1 10 12 1 1 10 100 12 1 1 1 11 100 12 1 1 1 10 12 1 1 9 100 12 1 1 1 10 100 12 1 1 1 10 12 1 1 1 1 1 1 1 1 1 1 1 1 1 1 1 1 1 1 1 1 1 1 1 1 1 1 1 1 1 1 1 1 1 1 1 1 1 1 1 1 1 1 1 1 1 1 1 1 1 1 1 1 100 1 100 1 100 1 100 1 1 1 1 1 1 1 1 1 1 1 1 1 1 1 1 1 1 1 1 1 1 1 1 1 1 1 1 1 1 1 1 1 100 1 1
ciInstanceKlass java/lang/reflect/Field 1 1 442 9 7 12 1 1 1 10 12 1 1 10 7 12 1 1 1 10 7 12 1 1 9 12 1 1 10 12 1 1 10 12 1 1 10 7 12 1 1 10 7 12 1 1 1 9 12 1 1 9 12 1 9 12 1 9 12 1 1 9 12 1 1 9 12 1 9 12 1 1 9 12 1 1 100 1 8 1 10 12 1 10 12 1 9 12 1 1 9 12 1 10 12 1 10 7 12 1 1 10 12 1 1 10 12 1 1 10 12 1 10 12 1 1 7 1 10 12 1 1 10 12 1 1 10 12 1 1 10 12 1 10 12 1 10 7 1 10 100 12 1 1 100 1 10 8 1 10 12 1 1 10 12 1 1 8 1 10 12 10 12 1 8 1 8 1 10 11 100 1 9 12 1 10 12 1 1 10 12 1 1 11 7 12 1 1 1 10 12 1 11 12 1 1 11 12 1 1 11 12 1 1 11 12 1 1 11 12 1 1 11 12 1 1 11 12 1 1 11 12 1 1 11 12 1 1 11 12 1 1 11 12 1 1 11 12 1 1 11 12 1 1 11 12 1 1 11 12 1 1 11 12 1 1 11 12 1 1 10 12 1 10 100 12 1 1 10 12 1 10 12 1 10 12 1 9 12 1 1 10 7 12 1 1 1 10 12 1 1 10 12 1 10 7 12 1 1 10 12 1 1 11 7 1 10 12 1 100 1 10 100 12 1 1 1 10 7 12 1 1 1 9 12 1 10 7 12 1 1 1 11 7 12 1 1 1 10 12 1 1 10 12 1 1 9 100 12 1 1 1 10 100 12 1 1 1 10 12 1 1 100 1 1 1 1 1 1 1 1 1 1 1 1 1 1 1 1 1 1 1 1 1 1 1 1 1 1 1 1 1 1 1 1 1 1 1 1 100 1 1 1 1 1 1 1 1 1 1 1 1 1 1 1 1 1 1 1 1 1 1 1 1 1 1 1 1 1 1 1 1 100 1 1 1 1 1 1 1 1 100 1 1
ciInstanceKlass java/lang/reflect/Parameter 1 1 226 10 7 12 1 1 1 9 7 12 1 1 1 9 12 1 1 9 12 1 1 9 12 1 10 12 1 1 10 12 1 1 10 7 12 1 1 1 100 1 10 10 12 1 1 11 100 12 1 1 1 10 12 1 10 7 12 1 1 1 10 12 1 1 10 12 1 10 12 1 8 1 8 1 10 100 12 1 1 1 10 12 1 10 12 10 12 1 8 1 10 12 1 9 12 1 1 10 12 1 1 9 12 1 1 10 12 1 1 10 12 1 1 10 12 1 1 10 12 1 10 10 12 1 10 100 12 1 1 1 10 12 1 1 11 100 12 1 1 10 100 12 1 1 100 1 10 100 12 1 1 1 10 12 1 1 10 12 1 1 10 12 1 1 10 12 1 1 9 12 1 100 1 10 11 12 1 1 11 12 1 1 100 1 1 1 1 1 1 1 1 1 1 1 1 1 1 1 1 1 1 1 1 1 1 1 1 1 1 1 1 1 1 1 1 1 1 1 1 1 1 100 1 1 1 1
ciInstanceKlass java/lang/reflect/RecordComponent 1 1 196 10 100 12 1 1 1 9 100 12 1 1 1 9 12 1 1 9 12 1 10 12 1 1 10 12 1 1 10 100 12 1 1 1 10 12 1 1 9 12 1 1 10 12 1 1 10 12 1 1 10 12 1 10 100 12 1 1 10 100 12 1 1 9 12 1 1 10 100 12 1 1 1 11 100 12 1 1 1 10 9 100 12 1 1 1 10 100 12 1 1 1 9 12 1 1 10 100 12 1 1 1 10 12 1 1 11 100 12 1 1 10 100 12 1 1 100 1 9 12 1 9 12 1 1 9 12 1 10 100 12 1 1 1 10 12 1 1 10 12 1 1 100 1 10 10 12 1 10 12 1 1 8 1 10 12 1 10 12 1 9 12 1 100 1 1 1 1 1 1 1 1 1 1 1 1 1 1 1 1 1 1 1 1 1 1 100 1 1 1 1 1 1 100 1 1
ciInstanceKlass java/lang/StringBuffer 1 1 468 10 7 12 1 1 1 10 12 1 10 12 1 10 12 1 1 9 7 12 1 1 1 10 12 1 1 10 12 1 10 12 1 1 9 12 1 1 10 12 1 10 12 1 1 10 12 1 1 10 12 1 10 12 1 1 10 12 1 10 12 1 1 10 12 1 1 10 7 12 1 1 1 10 12 1 1 10 12 1 10 12 1 10 12 1 10 12 1 10 12 1 10 12 1 10 12 1 10 12 1 10 12 1 10 12 1 10 12 1 10 12 1 10 12 1 10 12 1 1 10 12 1 10 12 1 1 10 12 1 1 10 10 12 1 1 10 12 1 10 12 1 10 12 1 10 12 1 10 12 1 10 12 1 10 12 10 12 1 10 12 1 10 12 1 10 12 1 1 10 12 1 10 12 1 10 10 12 1 1 10 12 1 10 10 100 12 1 1 1 10 10 12 1 1 9 12 1 1 10 100 12 1 1 10 100 1 8 10 100 12 1 1 1 8 10 12 1 8 1 10 12 1 10 12 1 10 100 12 1 1 1 10 100 12 1 1 1 7 1 10 12 100 1 8 1 10 10 12 1 1 10 12 1 1 10 12 1 1 10 12 1 10 12 1 10 12 1 10 12 1 10 12 1 10 12 1 10 12 1 10 12 1 10 12 1 10 12 1 10 12 1 10 12 1 10 12 1 10 12 1 10 12 1 10 12 1 10 12 10 12 10 12 1 10 12 1 10 12 1 10 12 10 12 1 10 12 1 10 12 1 10 12 1 10 12 1 10 12 1 10 12 1 10 12 1 10 12 1 10 12 1 10 12 1 7 1 10 12 1 9 7 12 1 1 1 9 7 1 9 12 1 1 100 1 100 1 100 1 1 1 1 5 0 1 1 1 1 1 1 1 1 1 1 1 1 1 1 1 1 1 1 1 1 1 1 1 1 1 1 1 1 1 1 1 1 1 1 1 1 1 1 1 1 1 1 1 1 1 1 1 1 1 1 1 1 1 1 1 1 1 1 1 1 100 1 1 1 1 1 100 1 1 1 1 1 1 1 1 1 1 1 1 1 1 1 1 1
staticfield java/lang/StringBuffer serialPersistentFields [Ljava/io/ObjectStreamField; 3 [Ljava/io/ObjectStreamField;
instanceKlass java/lang/StringBuilder
instanceKlass java/lang/StringBuffer
ciInstanceKlass java/lang/AbstractStringBuilder 1 1 566 7 1 10 7 12 1 1 1 9 7 12 1 1 1 9 12 1 9 12 1 1 9 12 1 1 10 7 12 1 1 1 10 12 1 1 7 1 3 3 10 12 1 10 12 1 1 11 7 1 100 1 100 1 10 8 1 10 12 1 10 12 1 10 12 1 1 10 12 1 10 12 1 9 12 1 10 12 1 9 12 1 1 10 12 1 1 10 7 12 1 1 1 10 10 12 1 10 12 1 10 12 1 1 10 12 1 1 10 7 12 1 1 1 10 7 12 1 1 1 100 1 8 1 10 10 12 1 1 100 1 10 12 10 12 1 1 10 10 12 1 1 10 12 1 1 10 12 1 1 10 12 1 1 10 10 7 12 1 1 1 10 12 1 100 1 10 10 7 12 1 1 1 9 12 1 1 9 12 1 10 12 1 1 10 10 12 1 1 10 12 10 12 1 10 12 1 1 10 12 1 1 10 12 1 1 10 12 1 10 12 1 1 10 12 1 1 10 12 1 10 12 1 1 8 1 10 12 1 1 10 12 1 10 12 1 10 12 1 10 12 1 10 12 1 10 12 1 10 7 12 1 1 10 12 1 10 12 1 10 100 12 1 1 1 100 1 100 1 10 12 1 10 100 12 1 1 10 12 1 10 12 1 10 12 1 10 12 1 1 10 12 1 10 12 1 1 10 12 1 1 10 10 7 12 1 1 1 10 12 1 10 12 1 10 12 1 1 10 12 1 10 12 1 10 12 1 10 12 1 10 12 1 10 12 1 10 12 1 10 12 1 10 12 1 1 10 12 1 10 12 1 10 12 10 12 1 1 18 12 1 1 100 1 10 100 12 1 1 1 18 10 12 1 1 10 12 1 10 12 1 1 11 12 1 1 10 12 1 10 12 10 12 1 10 10 10 12 1 10 100 1 10 12 1 100 1 10 100 1 10 100 1 1 1 1 1 1 1 1 1 1 1 100 1 1 1 1 1 1 1 1 1 1 1 1 1 1 1 1 1 1 1 1 1 1 1 1 1 1 1 1 1 1 1 1 1 1 1 1 1 1 1 1 1 1 1 1 1 1 1 1 1 1 1 1 1 1 1 1 1 1 1 1 1 1 1 1 1 1 1 1 1 1 1 1 1 1 1 1 1 1 1 1 1 1 1 1 1 1 1 1 1 1 1 1 1 1 1 1 1 1 1 1 100 1 1 1 1 1 1 100 1 1 1 1 1 1 100 1 1 15 10 100 12 1 1 1 16 1 15 10 12 16 15 10 12 1 1 1 1 100 1 100 1 1
staticfield java/lang/AbstractStringBuilder EMPTYVALUE [B 0
ciMethod java/lang/AbstractStringBuilder length ()I 256 0 128 0 0
ciMethod java/lang/AbstractStringBuilder append (C)Ljava/lang/AbstractStringBuilder; 652 0 24479 0 608
ciMethod java/lang/AbstractStringBuilder setLength (I)V 394 0 3685 0 0
ciMethod java/lang/AbstractStringBuilder <init> (I)V 492 0 7427 0 544
ciMethod java/lang/AbstractStringBuilder inflate ()V 0 0 6 0 0
ciMethod java/lang/AbstractStringBuilder isLatin1 ()Z 892 0 59687 0 0
ciMethod java/lang/AbstractStringBuilder getValue ()[B 256 0 128 0 0
ciMethod java/lang/AbstractStringBuilder newCapacity (I)I 248 0 7313 0 192
ciMethod java/lang/AbstractStringBuilder ensureCapacityInternal (I)V 514 0 6104 0 1120
ciInstanceKlass java/lang/StringBuilder 1 1 407 10 7 12 1 1 1 10 12 1 10 12 1 10 12 1 1 10 7 12 1 1 1 10 7 12 1 1 1 10 12 1 10 12 1 10 12 1 10 12 1 10 12 1 10 12 1 10 12 1 10 12 1 10 12 1 10 12 1 10 12 1 10 12 1 10 12 1 10 12 1 1 10 12 1 10 12 1 1 10 12 1 1 10 12 1 10 12 1 10 12 1 10 12 1 10 12 1 10 12 1 10 12 1 10 12 10 12 1 10 12 1 10 12 1 10 12 1 1 10 12 1 10 12 1 10 12 10 12 1 1 10 12 1 10 100 12 1 1 1 9 12 1 1 10 12 1 10 12 1 1 10 12 1 1 9 12 1 1 10 100 12 1 1 1 10 100 1 10 12 1 1 10 100 12 1 1 10 12 1 10 12 1 1 100 1 100 1 8 1 10 10 12 1 1 10 12 1 1 10 12 1 10 12 1 10 12 1 10 12 1 10 12 1 10 12 1 10 12 1 10 12 1 10 12 1 10 12 1 10 12 1 10 12 1 10 12 1 10 12 1 10 12 1 1 10 12 1 1 10 12 1 10 12 1 10 12 1 10 12 10 12 10 12 1 10 12 1 10 12 1 10 12 10 12 1 10 12 1 10 12 1 10 12 1 10 12 1 10 12 1 10 12 1 10 12 1 10 12 1 1 10 12 1 10 12 1 1 10 12 1 10 12 1 1 10 12 1 10 12 1 1 10 12 1 10 12 1 10 12 1 10 10 12 1 10 12 1 100 1 100 1 100 1 1 1 1 5 0 1 1 1 1 1 1 1 1 1 1 1 1 1 1 1 1 1 1 1 1 1 1 1 1 1 1 1 1 1 1 1 1 1 1 1 1 1 1 1 1 1 1 1 100 1 1 1 100 1 1 1 1 1 1 1 1 1 1
ciMethod java/lang/StringBuilder toString ()Ljava/lang/String; 490 0 153250 0 1120
ciMethod java/lang/StringBuilder length ()I 746 0 12149 0 64
ciMethod java/lang/StringBuilder setLength (I)V 274 0 3625 0 0
ciMethod java/lang/StringBuilder <init> ()V 482 0 73647 0 384
ciMethod java/lang/StringBuilder append (C)Ljava/lang/StringBuilder; 652 0 300493 0 576
ciInstanceKlass java/lang/SecurityManager 0 0 576 10 100 12 1 1 1 9 100 12 1 1 1 10 100 12 1 1 1 100 1 8 1 10 12 1 10 12 1 1 10 100 12 1 1 1 10 100 1 10 100 1 10 9 100 12 1 1 1 10 100 12 1 1 1 10 12 1 1 10 100 12 1 1 100 1 8 1 10 9 12 1 1 9 12 1 8 1 9 12 1 100 1 10 8 1 10 12 1 1 10 12 1 10 12 1 1 100 1 10 10 12 1 1 100 1 8 1 10 12 1 8 1 8 1 8 1 8 1 8 1 8 1 10 12 1 8 1 8 1 8 1 8 1 8 1 10 100 12 1 1 1 10 12 1 1 8 1 100 1 8 1 10 8 1 8 1 8 1 8 1 8 1 10 100 12 1 1 8 1 100 1 8 1 8 1 10 8 1 10 12 1 100 1 8 1 10 10 12 1 1 10 12 1 10 12 1 10 12 1 10 100 12 1 1 1 10 12 1 10 100 12 1 1 11 100 12 1 1 1 18 12 1 1 11 100 12 1 1 1 18 12 1 1 11 12 1 1 18 18 11 12 1 18 12 1 11 12 1 1 9 12 1 1 9 12 1 9 12 1 9 12 1 100 1 10 100 12 1 1 10 12 1 10 12 1 18 12 1 18 10 100 12 1 1 1 18 12 1 10 12 1 18 18 8 1 10 12 1 9 12 1 1 11 100 12 1 1 1 8 1 100 1 10 12 1 10 12 1 1 10 12 1 1 9 12 1 1 10 12 1 10 12 1 1 8 1 100 1 10 9 12 1 8 1 10 12 1 8 1 100 1 10 10 100 12 1 1 10 100 1 9 100 12 1 1 1 11 12 1 1 10 12 1 11 12 1 10 12 1 100 1 10 10 12 1 1 10 12 1 1 1 1 1 1 1 1 1 1 1 100 1 1 1 1 1 1 1 1 1 1 1 1 1 1 1 1 1 1 1 1 1 1 1 1 1 1 1 1 1 1 1 1 1 1 1 1 1 1 1 1 1 1 1 1 1 1 1 1 1 1 1 1 1 1 1 1 3 1 1 1 1 1 1 1 1 1 1 100 1 1 1 1 1 1 1 1 1 1 1 1 1 1 1 1 1 1 1 1 1 1 1 1 1 1 1 1 1 1 1 1 1 1 1 1 1 1 15 10 100 12 1 1 1 16 15 10 100 12 1 1 1 16 1 16 15 10 12 16 1 15 10 12 16 15 11 100 1 16 1 16 1 15 10 12 16 15 10 12 16 15 10 12 1 16 1 15 11 12 1 15 10 12 16 15 10 16 1 1 1 1 100 1 100 1 1
ciInstanceKlass java/security/AccessControlContext 1 1 374 9 7 12 1 1 1 9 12 1 1 10 100 12 1 1 1 8 1 10 100 12 1 1 1 10 7 12 1 1 1 9 12 1 9 12 1 1 9 12 1 1 10 7 12 1 1 100 1 10 12 1 11 100 12 1 1 1 11 12 1 11 12 1 11 12 1 1 7 1 11 12 1 1 10 12 1 10 7 12 1 1 1 9 100 12 1 1 1 10 100 12 1 1 1 11 100 12 1 1 1 10 7 1 100 1 8 1 10 12 1 10 12 1 1 7 1 10 7 12 1 1 1 9 12 1 9 12 1 9 12 1 9 12 1 1 9 12 1 1 9 12 1 9 12 1 10 7 12 1 1 1 9 12 1 10 12 1 1 10 12 1 1 8 1 10 12 1 1 10 12 1 1 10 100 12 1 1 1 100 1 10 10 12 1 1 10 100 12 1 1 1 10 8 1 10 100 12 1 1 8 1 10 100 12 1 1 8 1 8 1 10 12 1 8 1 10 12 1 8 1 10 12 1 10 12 1 10 12 1 1 8 1 8 1 100 1 10 12 1 10 12 1 1 100 1 10 12 1 8 1 10 12 1 10 12 1 10 8 1 10 12 1 1 10 12 1 1 10 12 1 1 10 12 1 1 10 12 1 10 12 1 11 10 12 1 10 12 1 1 10 10 10 12 1 1 1 1 1 1 1 1 1 1 1 1 1 1 1 1 1 1 1 1 1 1 1 1 100 1 1 1 1 1 1 1 1 1 1 1 1 1 1 1 1 1 1 1 1 1 1 1 1 1 1 1 1 1 1 1 1 1 1 1 1 1 1 1 1 1 1 1 1 1 1 1 1 1 1 1 1 3 1 1
ciInstanceKlass java/security/AccessController 1 1 295 10 100 12 1 1 1 10 7 12 1 1 1 10 7 12 1 1 1 10 12 1 1 10 12 1 1 10 7 12 1 1 1 10 12 1 1 10 12 1 10 12 1 1 10 12 1 100 1 8 1 10 12 1 10 12 1 10 12 1 1 10 12 1 7 1 7 1 10 12 1 1 10 12 1 10 12 1 10 12 1 1 10 7 12 1 1 1 10 12 1 1 9 100 12 1 1 1 10 100 12 1 1 1 10 12 1 10 12 1 9 100 12 1 1 1 10 12 1 10 12 1 1 9 12 1 1 10 100 1 10 11 7 12 1 1 1 10 7 12 1 1 11 7 1 7 1 10 12 1 10 12 1 10 12 1 8 1 10 12 1 1 8 1 10 100 12 1 1 1 8 1 100 1 10 10 12 1 1 10 12 1 10 7 12 1 1 1 10 12 1 8 1 10 100 12 1 1 8 1 8 1 10 12 1 8 1 10 12 1 10 12 1 1 10 12 1 1 1 1 1 1 1 1 1 1 1 1 1 1 1 1 1 1 1 1 1 1 1 1 1 1 1 1 100 1 1 1 1 1 1 1 1 1 1 1 1 1 1 1 1 1 1 1 1 1 1 1 1 1 1 1 1 1 1 1 1 1 1 100 1 100 1 1 1 1 1 1 1 1 1 3 1 1 1
staticfield java/security/AccessController $assertionsDisabled Z 1
ciInstanceKlass java/security/CodeSource 1 1 395 10 7 12 1 1 1 9 7 12 1 1 1 9 12 1 1 9 12 1 1 9 12 1 1 10 7 12 1 1 1 9 12 1 1 10 7 12 1 1 10 7 10 100 12 1 1 1 10 100 12 1 1 1 10 12 1 1 7 1 10 10 7 12 1 1 1 10 7 12 1 1 1 10 12 1 1 10 12 1 100 1 10 12 1 1 10 12 1 1 10 12 1 1 10 12 1 10 10 10 12 1 1 10 100 12 1 1 1 10 12 1 10 12 1 10 12 1 8 1 10 12 1 10 12 1 10 12 1 1 10 12 1 8 1 10 12 1 1 10 100 1 10 10 12 1 1 8 1 10 12 1 10 12 1 10 12 1 8 1 8 1 9 12 1 1 100 1 8 1 10 12 1 10 12 1 1 8 1 10 12 1 8 1 8 1 8 1 10 100 12 1 1 10 12 1 1 10 12 1 10 12 1 1 10 12 1 1 10 12 1 1 100 1 100 1 10 12 1 10 12 10 12 1 1 10 100 12 1 1 10 12 1 100 1 10 12 10 8 1 10 12 1 10 12 1 10 12 1 1 100 1 10 12 1 1 100 1 100 1 8 1 8 1 10 10 12 1 1 10 100 12 1 1 1 100 1 10 12 10 12 1 1 11 100 12 1 1 10 10 12 1 11 10 12 1 8 1 100 1 10 12 1 10 12 1 1 10 12 1 11 12 1 1 11 100 1 1 1 1 5 0 1 1 1 1 1 1 1 1 1 1 1 1 1 1 1 1 1 1 1 1 1 1 1 1 1 1 1 1 1 1 1 1 1 1 1 1 1 1 1 1 1 1 1 1 1 1 1 1 1 1 1 1 1 1 1 1 1 1 1 1 1 1 1 1 1 100 1 1 1 1 1 1 1
ciInstanceKlass java/security/ProtectionDomain 1 1 325 10 7 12 1 1 1 9 7 12 1 1 1 7 1 10 9 12 1 1 9 12 1 1 9 12 1 1 10 7 12 1 1 7 1 9 12 1 9 12 1 1 7 1 9 12 1 1 9 12 1 10 100 12 1 1 10 100 12 1 1 1 10 12 1 1 10 12 1 9 12 1 9 100 12 1 1 10 12 1 1 10 100 1 10 12 1 1 8 1 100 1 8 1 10 12 1 10 11 10 100 12 1 1 1 10 12 1 1 8 1 11 8 1 10 12 1 8 1 8 1 10 12 1 1 10 12 1 10 12 1 1 10 12 1 8 1 10 12 1 8 1 8 1 10 100 12 1 1 1 9 100 12 1 1 1 10 12 1 1 9 100 12 1 1 1 10 100 12 1 1 1 100 1 100 1 10 12 1 10 100 12 1 1 1 10 100 1 10 12 1 10 12 1 1 11 100 12 1 1 11 12 1 100 1 11 100 12 1 1 1 10 12 1 10 11 12 1 1 11 12 1 1 10 12 1 10 7 12 1 1 10 100 12 1 1 11 12 1 10 12 8 1 8 1 10 7 12 1 1 1 7 1 10 10 7 12 1 1 1 1 1 1 1 1 1 1 100 1 1 100 1 1 1 1 1 1 1 1 1 1 1 1 1 1 1 1 1 1 1 1 1 1 1 1 1 1 1 1 1 1 1 1 1 1 1 1 1 1 1 1 1 1 100 1 1 1 1 1 100 1 1 1 1 1
staticfield java/security/ProtectionDomain filePermCompatInPD Z 0
instanceKlass jdk/internal/loader/BuiltinClassLoader
instanceKlass java/net/URLClassLoader
ciInstanceKlass java/security/SecureClassLoader 1 1 102 10 7 12 1 1 1 7 1 10 12 1 9 7 12 1 1 1 10 12 1 10 12 1 10 12 1 1 10 12 1 1 10 12 1 7 1 10 7 1 10 12 1 7 1 10 12 1 11 7 12 1 1 1 7 1 11 12 1 10 12 1 1 1 1 1 1 1 1 1 1 1 1 1 1 1 1 1 1 1 1 1 1 1 1 1 1 1 1 1 1 1 1 1 1 1 1 100 1 1 1 1
ciInstanceKlass java/net/URL 1 1 753 10 7 12 1 1 1 10 12 1 10 7 12 1 1 9 12 1 1 9 12 1 10 100 12 1 1 1 10 12 1 1 10 12 1 1 9 12 1 1 10 7 12 1 1 1 8 1 10 12 1 1 100 1 10 10 12 1 1 8 1 10 12 1 1 9 12 1 100 1 8 1 10 12 1 10 12 1 8 1 9 12 1 10 12 1 1 9 12 1 10 12 1 10 12 1 9 12 1 9 12 1 8 1 9 12 1 10 12 1 1 8 1 9 12 1 1 10 12 1 1 10 7 12 1 1 1 8 1 10 12 1 7 1 10 12 1 10 12 1 10 12 1 10 12 1 1 10 12 1 1 8 1 10 12 1 1 10 12 1 8 1 9 12 1 8 1 10 12 1 10 7 12 1 1 1 100 1 10 12 1 10 12 1 1 10 7 12 1 1 1 100 1 8 1 10 10 12 1 8 1 10 12 1 1 10 12 1 10 12 1 10 12 1 10 12 1 10 12 1 8 1 10 12 1 10 10 7 12 1 1 1 10 12 1 9 100 12 1 1 1 10 100 12 1 1 1 9 12 1 1 10 12 1 10 100 12 1 1 1 100 1 100 1 10 12 1 10 12 1 10 12 1 10 12 1 10 12 1 10 12 10 10 10 12 1 100 1 10 12 1 10 12 1 1 8 1 9 100 12 1 1 1 10 100 12 1 1 1 10 12 1 1 9 100 12 1 1 1 10 12 1 1 100 1 10 12 1 10 12 1 10 10 12 1 1 10 12 1 1 10 12 1 10 12 1 10 12 1 10 7 12 1 1 1 10 12 1 1 10 12 1 9 12 1 1 9 12 1 1 100 1 8 1 10 10 12 1 9 12 1 1 10 7 12 1 1 8 1 10 7 12 1 1 8 1 10 12 1 1 10 12 1 8 1 8 1 10 7 12 1 1 1 100 1 10 100 12 1 1 1 10 12 1 10 12 1 100 1 10 9 100 12 1 1 1 10 100 12 1 1 10 12 1 1 10 12 1 8 1 100 1 10 10 100 12 1 1 1 10 12 1 8 9 100 12 1 1 1 10 12 1 10 12 1 10 12 1 1 10 12 1 10 7 12 1 1 11 7 12 1 1 10 12 1 10 12 1 9 12 1 10 12 1 1 10 100 12 1 1 10 100 12 1 1 1 8 10 100 12 1 1 100 1 10 8 8 10 12 1 8 8 8 100 1 10 12 1 9 12 1 1 10 12 1 10 12 1 1 10 12 1 10 12 10 12 1 1 10 12 1 1 10 10 10 12 1 10 12 1 10 12 1 10 12 1 10 12 1 10 10 12 1 100 1 8 1 10 10 10 12 1 1 10 12 1 10 12 1 1 8 1 7 1 10 10 7 1 10 12 1 9 7 12 1 1 1 9 12 1 1 7 1 10 10 7 12 1 1 1 100 1 1 1 1 1 5 0 1 1 1 1 1 1 1 1 1 1 1 1 1 1 1 1 1 1 1 1 1 1 1 1 1 1 1 1 1 1 1 1 1 1 1 1 1 1 1 100 1 1 1 1 1 1 1 1 1 1 1 1 1 1 1 1 1 1 1 1 1 1 1 1 1 1 1 1 1 1 1 1 1 1 1 1 1 100 1 1 1 1 1 1 1 1 1 1 1 1 1 1 1 1 1 100 1 1 1 1 1 1 1 1 1 1 1 1 1 1 1 1 1 1 1
staticfield java/net/URL defaultFactory Ljava/net/URLStreamHandlerFactory; java/net/URL$DefaultFactory
staticfield java/net/URL streamHandlerLock Ljava/lang/Object; java/lang/Object
staticfield java/net/URL serialPersistentFields [Ljava/io/ObjectStreamField; 7 [Ljava/io/ObjectStreamField;
ciInstanceKlass java/net/URLClassLoader 0 0 600 10 100 12 1 1 1 100 1 10 12 1 9 100 12 1 1 1 10 100 12 1 1 1 9 12 1 1 100 1 10 12 1 9 12 1 1 10 12 1 10 10 12 1 10 100 12 1 1 1 10 12 1 1 10 100 12 1 1 1 10 100 12 1 1 1 100 1 10 12 1 1 10 12 1 1 10 12 1 1 100 1 100 1 10 100 12 1 1 1 100 1 8 1 10 12 1 10 100 12 1 1 1 10 12 1 1 10 12 1 1 11 100 12 1 1 1 11 100 12 1 1 1 11 12 1 1 100 1 11 12 1 11 100 12 1 1 10 12 1 11 12 1 11 12 1 1 11 10 12 1 1 10 12 1 1 10 12 1 1 100 1 10 12 1 10 12 1 1 100 1 100 1 10 12 1 1 100 1 10 10 12 1 1 10 100 12 1 1 10 12 1 100 1 100 1 10 8 1 10 12 1 1 8 1 10 12 1 1 10 10 12 1 8 1 8 1 10 12 1 1 10 100 12 1 1 1 10 100 12 1 1 1 10 12 1 1 10 12 1 1 10 12 1 1 10 12 1 10 12 1 100 1 100 1 8 1 10 12 1 10 12 1 1 10 12 1 1 100 1 10 12 1 10 100 12 1 1 1 10 12 1 1 10 12 1 1 10 12 1 1 10 12 1 10 100 12 1 1 1 10 12 1 1 8 1 10 12 1 1 11 100 12 1 1 1 9 100 12 1 1 1 10 100 12 1 1 1 9 12 1 9 12 1 9 12 1 9 12 1 9 12 1 9 12 1 10 100 12 1 1 1 8 1 10 12 1 1 100 1 10 10 12 1 10 12 1 1 10 12 1 1 100 1 10 12 1 10 12 1 1 10 12 1 10 12 1 1 100 1 10 100 12 1 1 9 100 12 1 1 1 10 12 1 8 1 100 1 8 1 10 12 1 10 12 1 8 1 10 12 1 10 12 1 9 12 1 1 10 100 12 1 1 10 12 1 10 12 1 10 100 1 8 1 10 100 1 10 12 1 10 100 12 1 100 1 10 12 1 10 12 1 100 1 10 10 100 12 1 1 1 1 1 1 1 1 1 1 1 1 1 1 1 1 1 1 1 1 1 1 1 1 1 1 1 1 1 1 1 1 1 1 1 1 1 100 1 100 1 100 1 100 1 1 1 1 1 1 1 1 1 1 1 1 1 1 1 1 1 1 1 1 1 1 1 1 1 1 1 1 1 1 1 1 1 1 1 1 1 1 1 1 1 1 1 1 1 1 100 1 1 1 1 1 1 1 1 1 1 1 1 1 1 1 1 1 1 1 1 1 1 1 1 1 1 1 1 1 1 1 1 1 1 1 1 1 100 1 1 1
ciInstanceKlass java/util/jar/Manifest 1 1 336 10 7 12 1 1 1 7 1 10 9 7 12 1 1 1 7 1 10 9 12 1 1 9 12 1 1 10 12 1 10 12 1 1 10 12 1 1 10 12 1 1 10 12 1 1 11 7 1 11 12 1 1 10 12 1 1 10 100 12 1 1 1 100 1 100 1 10 8 1 10 12 1 1 10 12 1 1 10 12 1 10 12 1 11 100 1 10 12 1 10 12 1 1 11 12 1 1 10 12 1 11 12 1 1 11 100 12 1 1 1 11 100 12 1 1 11 12 1 1 100 1 10 12 1 8 1 11 12 1 7 1 10 12 1 1 11 12 1 10 12 1 10 12 1 10 100 12 1 1 1 8 1 10 12 1 1 10 9 7 12 1 1 1 10 12 1 1 10 100 12 1 10 12 1 10 12 1 9 100 12 1 1 1 8 1 10 12 1 8 1 8 1 7 1 10 12 1 10 12 1 10 12 1 1 100 1 8 1 10 12 1 1 8 1 10 10 12 1 1 8 1 10 12 1 1 10 7 12 1 1 1 10 12 1 10 11 12 1 1 10 12 1 10 7 12 1 1 1 10 12 1 1 10 12 1 1 11 10 12 1 11 10 12 1 100 1 1 1 1 1 1 1 1 1 1 1 1 1 1 1 1 1 1 1 1 1 1 1 1 1 1 1 1 1 1 1 1 1 1 1 1 1 1 1 1 1 1 1 100 1 1 1 1 1 1 1 1 1 1 1 1 1 1 100 1 1 1 1 1 1 1 1 1 1 1
ciInstanceKlass java/io/ByteArrayInputStream 1 1 96 10 7 12 1 1 1 9 7 12 1 1 1 9 12 1 1 9 12 1 9 12 1 10 100 12 1 1 1 10 7 12 1 1 1 10 7 12 1 1 1 10 100 12 1 1 1 10 12 1 1 10 100 12 1 1 1 1 1 1 1 1 1 1 1 1 1 1 1 1 1 1 1 1 1 1 1 1 1 1 1 100 1 1 1 1 1 1 1 1 1 1 1 1 1 1
instanceKlass java/nio/IntBuffer
instanceKlass java/nio/CharBuffer
instanceKlass java/nio/LongBuffer
instanceKlass java/nio/ByteBuffer
ciInstanceKlass java/nio/Buffer 1 1 245 100 1 10 7 12 1 1 1 9 7 12 1 1 1 9 12 1 9 12 1 1 9 12 1 9 12 1 1 10 12 1 1 10 12 1 1 10 12 100 1 100 1 10 8 1 10 12 1 1 10 12 1 8 1 8 1 10 12 1 1 10 12 1 8 1 9 12 1 1 100 1 8 1 10 12 1 8 1 8 1 9 12 10 12 1 8 1 8 1 8 1 10 12 1 8 1 8 1 8 1 100 1 10 100 1 10 100 1 10 10 7 12 1 1 1 100 1 10 100 1 10 12 1 1 10 12 1 10 100 12 1 1 10 7 12 1 1 1 10 7 12 1 1 1 9 12 1 1 10 7 12 1 1 1 9 12 1 1 7 1 10 10 7 12 1 1 1 1 1 3 1 1 1 1 1 1 1 1 1 1 1 1 100 1 1 1 1 1 1 1 100 1 1 1 1 1 1 1 1 1 1 1 1 1 1 1 1 1 1 1 1 1 1 1 1 1 1 1 1 1 1 1 1 1 1 1 1 1 1 100 1 100 1 100 1 100 1 100 1 100 1 100 1 1
staticfield java/nio/Buffer UNSAFE Ljdk/internal/misc/Unsafe; jdk/internal/misc/Unsafe
staticfield java/nio/Buffer SCOPED_MEMORY_ACCESS Ljdk/internal/misc/ScopedMemoryAccess; jdk/internal/misc/ScopedMemoryAccess
staticfield java/nio/Buffer $assertionsDisabled Z 1
ciInstanceKlass jdk/internal/util/Preconditions 1 1 194 10 100 12 1 1 1 11 100 12 1 1 1 11 100 12 1 1 1 100 1 100 1 10 7 12 1 1 1 10 12 1 8 1 100 1 10 100 12 1 1 1 10 12 1 1 8 1 8 1 10 100 12 1 1 7 1 10 12 1 8 1 10 100 12 1 1 1 8 1 10 12 1 1 10 12 1 1 11 12 1 8 1 8 1 11 12 1 1 8 1 8 1 8 1 10 12 1 1 10 12 1 1 10 12 1 10 12 1 10 12 1 10 12 7 1 10 10 12 1 1 9 12 1 1 7 1 10 9 12 1 7 1 10 9 12 1 1 1 1 1 1 1 1 1 1 1 1 1 1 1 1 1 1 1 1 1 1 1 1 1 1 1 1 1 1 1 1 1 1 1 1 1 1 1 1 1 1 1 1 1 1 1 1 1 1 1 1 1 1 1 1 1 1
staticfield jdk/internal/util/Preconditions SIOOBE_FORMATTER Ljava/util/function/BiFunction; jdk/internal/util/Preconditions$4
staticfield jdk/internal/util/Preconditions AIOOBE_FORMATTER Ljava/util/function/BiFunction; jdk/internal/util/Preconditions$4
staticfield jdk/internal/util/Preconditions IOOBE_FORMATTER Ljava/util/function/BiFunction; jdk/internal/util/Preconditions$4
instanceKlass java/util/AbstractSequentialList
instanceKlass scala/collection/convert/JavaCollectionWrappers$SeqWrapper
instanceKlass scala/collection/convert/JavaCollectionWrappers$MutableBufferWrapper
instanceKlass java/util/Collections$SingletonList
instanceKlass java/util/Vector
instanceKlass sun/security/jca/ProviderList$ServiceList
instanceKlass sun/security/jca/ProviderList$3
instanceKlass java/util/ArrayList$SubList
instanceKlass java/util/Arrays$ArrayList
instanceKlass java/util/Collections$EmptyList
instanceKlass java/util/ArrayList
ciInstanceKlass java/util/AbstractList 1 1 218 10 7 12 1 1 1 9 7 12 1 1 1 10 12 1 1 10 12 1 1 100 1 10 10 12 1 1 11 100 12 1 1 1 11 12 1 1 11 12 1 10 7 12 1 1 1 10 12 1 11 12 1 11 12 1 11 12 1 10 12 1 1 10 12 1 1 11 100 12 1 1 1 11 7 1 11 7 1 10 12 1 100 1 10 12 1 10 12 1 1 100 1 100 1 10 12 1 100 1 10 100 1 100 1 10 8 1 10 12 1 1 10 12 1 10 12 1 1 10 12 1 8 1 100 1 8 1 8 1 8 1 10 100 1 11 10 10 12 1 11 12 1 10 12 1 1 8 1 8 1 1 1 1 1 1 1 1 1 1 1 1 1 1 1 1 1 1 1 1 1 1 1 1 1 1 1 1 1 1 1 1 1 1 1 1 1 1 1 1 1 1 1 1 1 1 1 1 1 1 1 1 1 1 1 1 1 1 100 1 100 1 1 1 1 1 1 1
instanceKlass scala/collection/convert/JavaCollectionWrappers$IterableWrapper
instanceKlass java/util/TreeMap$Values
instanceKlass tools/jackson/databind/util/internal/LinkedDeque
instanceKlass java/util/concurrent/ConcurrentLinkedDeque
instanceKlass java/util/IdentityHashMap$Values
instanceKlass java/util/LinkedHashMap$LinkedValues
instanceKlass java/util/HashMap$Values
instanceKlass java/util/AbstractQueue
instanceKlass java/util/ArrayDeque
instanceKlass java/util/AbstractSet
instanceKlass java/util/ImmutableCollections$AbstractImmutableCollection
instanceKlass java/util/AbstractList
ciInstanceKlass java/util/AbstractCollection 1 1 160 10 7 12 1 1 1 10 7 12 1 1 1 10 12 1 1 11 7 12 1 1 1 11 12 1 1 10 12 1 1 10 100 12 1 1 1 10 12 1 1 10 12 1 1 10 7 12 1 1 10 7 12 1 1 1 7 1 10 100 12 1 1 1 10 100 12 1 1 1 100 1 10 11 12 1 11 7 1 10 12 1 10 12 1 10 100 12 1 1 1 11 8 1 100 1 10 10 12 1 1 8 1 10 12 1 10 12 1 1 1 1 1 1 1 1 1 1 1 1 1 1 1 1 1 1 1 1 1 1 1 1 1 1 1 1 1 1 1 1 1 1 1 1 1 1 1 1 1 1 1 1 1 1 1 1 1 1 1 1
ciInstanceKlass java/lang/AssertionStatusDirectives 0 0 24 10 100 12 1 1 1 100 1 1 1 1 1 1 1 1 1 1 1 1 1 1 1 1
instanceKlass jdk/net/UnixDomainPrincipal
instanceKlass sun/security/pkcs/SignerInfo$AlgorithmInfo
instanceKlass jdk/internal/misc/ThreadTracker$ThreadRef
instanceKlass jdk/internal/reflect/ReflectionFactory$Config
instanceKlass jdk/internal/foreign/abi/UpcallLinker$CallRegs
ciInstanceKlass java/lang/Record 1 1 22 10 7 12 1 1 1 100 1 1 1 1 1 1 1 1 1 1 1 1 1 1
instanceKlass tools/jackson/core/util/InternCache
instanceKlass org/h2/value/CaseInsensitiveConcurrentMap
ciInstanceKlass java/util/concurrent/ConcurrentHashMap 1 1 1210 7 1 7 1 3 10 12 1 1 3 100 1 10 7 12 1 1 1 100 1 10 100 12 1 1 1 100 1 11 12 1 1 11 12 1 11 12 1 1 9 12 1 1 9 12 1 1 9 12 1 10 7 12 1 1 1 7 1 10 12 1 1 10 12 1 1 10 7 12 1 1 1 4 10 12 1 9 12 1 10 12 1 1 100 1 10 5 0 10 12 1 10 12 1 1 5 0 10 12 1 1 10 12 1 9 12 1 1 10 12 1 1 9 12 1 9 12 1 1 10 12 1 1 9 12 1 10 12 1 1 9 12 1 1 10 12 1 1 100 1 10 7 1 10 12 1 10 12 1 1 10 12 1 1 10 12 1 1 10 12 1 10 12 1 1 10 12 1 1 100 1 10 12 1 1 7 1 100 1 8 1 10 12 1 10 12 1 1 10 12 1 1 11 7 12 1 1 10 12 1 1 11 12 1 1 11 7 12 1 1 1 11 7 12 1 1 1 11 12 1 7 1 11 12 1 11 12 1 10 12 1 1 10 12 1 1 9 12 1 1 10 100 12 1 1 1 9 10 12 1 1 9 12 1 10 12 1 1 5 0 9 12 1 1 7 1 10 12 1 9 12 1 1 7 1 10 12 1 9 12 1 7 1 10 100 1 10 10 12 1 1 8 1 10 12 1 10 12 1 1 11 100 1 10 12 1 10 100 12 1 1 1 8 1 10 100 12 1 1 1 8 1 10 12 1 8 1 10 12 1 10 12 1 1 10 100 12 1 1 10 12 1 10 12 1 10 12 1 9 12 1 9 10 12 1 9 12 1 1 11 100 12 1 1 1 11 7 12 1 1 1 100 1 10 12 11 100 12 1 1 10 11 7 12 1 10 12 1 7 1 10 12 1 100 1 10 10 9 7 12 1 1 1 10 12 3 10 100 12 1 1 9 12 1 10 12 1 1 9 12 1 1 9 12 1 10 12 1 1 10 100 12 1 1 9 12 1 9 7 12 1 1 10 12 1 1 10 12 1 3 9 12 1 9 12 1 10 12 1 1 7 1 9 3 9 12 1 100 1 10 12 1 9 12 1 10 12 1 9 12 1 10 12 1 9 12 1 10 100 12 1 1 1 100 10 12 1 100 1 5 0 10 100 12 1 1 100 1 10 12 1 1 10 12 1 10 12 1 100 1 10 12 1 10 100 1 100 1 10 10 12 1 10 100 1 10 12 1 10 100 1 10 12 1 10 100 1 10 12 1 1 100 1 10 12 1 10 10 12 1 100 1 10 12 1 10 10 12 1 100 1 10 12 1 10 100 1 10 12 1 10 100 1 10 12 1 10 100 1 10 12 1 10 100 1 10 12 1 10 100 1 10 12 1 10 100 1 10 12 1 10 100 1 10 12 1 10 100 1 10 10 100 1 10 10 100 1 10 10 100 1 10 12 1 10 100 1 10 12 1 10 100 1 10 12 1 10 100 1 10 12 1 10 100 1 10 12 1 10 100 1 10 10 100 1 10 10 100 1 10 10 100 1 10 12 1 10 100 1 10 12 1 10 100 1 10 12 1 10 100 1 10 12 1 10 100 1 10 12 1 10 10 12 1 10 7 12 1 1 1 10 12 1 7 1 7 1 10 12 1 9 12 1 1 9 12 1 1 10 12 1 1 8 10 12 1 1 8 8 8 8 7 10 12 1 1 10 12 1 100 1 8 1 10 7 1 100 1 100 1 1 1 5 0 1 1 3 1 3 1 1 1 1 3 1 3 1 3 1 1 1 1 1 3 1 3 1 3 1 1 1 1 1 1 1 1 1 1 1 1 1 1 1 1 1 1 1 1 1 1 1 1 1 100 1 1 1 1 1 1 1 1 1 1 1 1 1 1 1 1 1 1 1 1 1 1 1 1 1 1 1 1 1 1 1 1 1 1 1 1 1 1 1 1 1 1 1 1 1 1 1 1 1 1 1 1 1 1 1 1 1 1 1 1 1 1 1 1 1 1 1 1 1 1 1 1 1 1 1 1 1 1 1 1 1 1 1 1 100 1 1 1 1 1 1 1 1 1 1 1 100 1 1 1 1 1 1 1 1 1 1 1 1 1 1 1 1 1 1 1 1 1 1 1 1 1 1 1 1 1 1 1 1 1 1 1 1 1 1 1 1 1 1 1 1 1 1 1 1 1 1 1 1 1 1 1 1 1 1 1 1 1 1 1 1 1 1 1 1 1 1 1 1 1 1 1 1 1 1 1 1 1 1 1 1 1 1 1 1 1 1 1 1 1 1 1 1 1 1 1 1 1 1 1 1 1 1 1 1 1 1 1 1 1 1 1 1 1 1 1 1 1 1 1 1 1 1 1 1 1 1 1 1 1 1 1 1 1 1 1 1 1 1 1 1 1 1 1 1 1 1 1 1 1 1 1 1 1 1 1 1 1 1 1 1 1 1 1 1 1 1 1 1 1 1 1 1 1 1 1 1 1 1 1 1 1 1 1 1 1 1 1 1 1 1 1 1 1 1 1 1 1 1 1 1 1 1 1 1 1 1 1 1 1 1 1 1 1 1 1 1 1 1 1 100 1 100 1 100 1 100 1 100 1 100 1 100 1 100 1 100 1 1 1 1 1 1 1 1 1 1 1 1 1 1 1 1 1 1 1 1 1 1 1 1 1 1 1 1 1 1 1 1 1 1 1 1 1 1 1 1 1 1 1 1 1 1 1 1 1 1 1 1 1 1 1 1 1 1
staticfield java/util/concurrent/ConcurrentHashMap NCPU I 8
staticfield java/util/concurrent/ConcurrentHashMap serialPersistentFields [Ljava/io/ObjectStreamField; 3 [Ljava/io/ObjectStreamField;
staticfield java/util/concurrent/ConcurrentHashMap U Ljdk/internal/misc/Unsafe; jdk/internal/misc/Unsafe
staticfield java/util/concurrent/ConcurrentHashMap SIZECTL J 20
staticfield java/util/concurrent/ConcurrentHashMap TRANSFERINDEX J 32
staticfield java/util/concurrent/ConcurrentHashMap BASECOUNT J 24
staticfield java/util/concurrent/ConcurrentHashMap CELLSBUSY J 36
staticfield java/util/concurrent/ConcurrentHashMap CELLVALUE J 144
staticfield java/util/concurrent/ConcurrentHashMap ABASE I 16
staticfield java/util/concurrent/ConcurrentHashMap ASHIFT I 2
instanceKlass tools/jackson/databind/util/internal/PrivateMaxEntriesMap
instanceKlass org/h2/mvstore/tx/TransactionMap
instanceKlass org/h2/mvstore/MVMap
instanceKlass java/util/Collections$SingletonMap
instanceKlass com/google/common/cache/LocalCache
instanceKlass concurrentrefhashmap/ConcurrentReferenceHashMap
instanceKlass com/google/gson/internal/LinkedTreeMap
instanceKlass java/util/EnumMap
instanceKlass java/util/concurrent/ConcurrentSkipListMap
instanceKlass scala/collection/convert/JavaCollectionWrappers$MapWrapper
instanceKlass java/util/TreeMap
instanceKlass java/util/IdentityHashMap
instanceKlass java/util/WeakHashMap
instanceKlass java/util/Collections$EmptyMap
instanceKlass sun/util/PreHashedMap
instanceKlass java/util/HashMap
instanceKlass java/util/ImmutableCollections$AbstractImmutableMap
instanceKlass java/util/concurrent/ConcurrentHashMap
ciInstanceKlass java/util/AbstractMap 1 1 193 10 7 12 1 1 1 10 7 12 1 1 1 11 7 12 1 1 1 10 11 12 1 1 11 7 12 1 1 1 11 12 1 1 7 1 11 12 1 10 12 1 1 11 12 1 100 1 10 11 12 1 11 7 1 10 12 1 1 11 12 1 9 12 1 1 7 1 10 12 1 9 12 1 1 100 1 10 11 11 12 1 1 11 12 1 100 1 100 1 11 12 1 8 1 100 1 10 10 12 1 1 8 1 10 12 1 10 12 1 1 10 12 1 1 1 1 1 1 1 1 1 1 1 1 1 1 1 1 1 1 1 1 1 1 1 1 1 1 1 1 1 1 1 1 1 1 1 1 1 1 1 1 100 1 1 1 1 1 1 1 100 1 1 1 1 1 1 1 1 1 100 1 1 1 1 1 1 1 1 1 100 1 100 1 100 1 100 1 1 1 1 1
instanceKlass jdk/internal/loader/ClassLoaders$BootClassLoader
instanceKlass jdk/internal/loader/ClassLoaders$PlatformClassLoader
instanceKlass jdk/internal/loader/ClassLoaders$AppClassLoader
ciInstanceKlass jdk/internal/loader/BuiltinClassLoader 1 1 737 9 7 12 1 1 1 10 7 12 1 1 1 10 7 12 1 1 1 9 12 1 1 9 12 1 1 7 1 10 12 1 9 12 1 10 12 1 9 12 1 10 7 12 1 1 1 10 7 12 1 1 1 10 7 12 1 1 1 11 7 12 1 1 1 100 1 100 1 10 10 12 1 1 8 1 10 12 1 10 12 7 1 10 12 1 10 12 1 1 11 7 12 1 1 1 11 7 12 1 1 1 11 12 1 1 7 1 8 1 8 1 10 9 12 1 1 10 7 12 1 1 11 12 1 1 10 12 1 1 10 12 1 1 10 12 1 1 10 7 12 1 1 1 10 12 1 10 7 12 1 1 1 10 12 1 1 11 7 12 1 1 1 10 7 12 1 1 7 1 10 7 12 1 1 1 10 12 1 100 1 8 1 10 12 1 1 10 8 1 10 12 1 1 10 12 1 1 10 12 1 1 11 7 12 1 1 11 12 1 7 1 10 11 12 1 1 11 10 12 1 1 7 1 10 12 1 10 7 12 1 10 12 1 7 1 10 12 1 10 7 12 1 1 1 100 1 10 12 1 1 11 12 1 100 1 100 1 10 12 1 10 12 1 1 100 1 100 1 10 12 1 10 12 1 18 12 1 1 10 12 1 10 12 1 1 18 100 1 10 7 12 1 1 1 7 1 10 10 12 1 1 10 12 1 1 10 12 1 1 10 12 1 9 12 1 1 100 1 10 10 12 1 1 10 12 1 1 10 12 1 10 12 10 12 1 1 10 12 1 1 10 12 1 1 10 12 1 10 12 1 1 18 12 1 7 1 10 12 1 1 10 12 1 10 12 1 1 10 12 1 100 1 10 12 1 7 1 10 12 1 10 7 12 1 1 1 10 12 1 11 12 1 7 1 10 12 1 7 1 100 1 10 12 1 10 12 1 11 12 1 1 10 12 1 1 10 12 1 1 10 12 1 1 10 12 1 1 10 12 1 10 12 1 10 12 1 10 12 1 8 1 10 12 1 1 10 7 12 1 1 10 12 1 100 1 8 1 8 1 10 10 12 1 8 1 8 1 10 7 12 1 1 1 11 7 12 1 1 1 9 7 12 1 1 1 10 7 12 1 1 1 9 12 1 9 12 1 9 12 1 9 12 1 9 12 1 9 12 1 10 7 12 1 1 1 8 1 10 12 1 7 1 10 12 1 1 10 12 1 7 1 10 11 12 1 1 10 12 10 12 1 10 12 1 100 1 10 12 1 10 12 1 10 10 12 1 10 7 12 1 1 8 1 10 7 12 1 1 10 12 1 1 1 1 1 1 1 1 1 1 1 1 1 1 1 1 1 1 1 1 1 1 1 1 1 1 1 1 1 1 1 1 1 1 1 1 1 1 1 1 1 1 1 1 1 1 1 1 1 1 1 1 1 1 1 1 100 1 1 1 1 1 1 1 1 1 1 1 1 1 1 1 1 1 1 100 1 100 1 1 1 1 1 1 1 1 1 1 1 1 1 1 1 1 1 1 1 1 1 1 1 1 1 1 1 1 1 1 1 1 1 1 1 1 1 1 1 1 1 1 1 1 1 1 1 1 1 1 1 100 1 1 15 10 100 12 1 1 1 16 15 10 12 16 15 10 12 16 15 10 12 16 1 1 1 100 1 1 1 1 1 100 1 100 1 1
staticfield jdk/internal/loader/BuiltinClassLoader packageToModule Ljava/util/Map; java/util/concurrent/ConcurrentHashMap
staticfield jdk/internal/loader/BuiltinClassLoader $assertionsDisabled Z 1
ciInstanceKlass jdk/internal/loader/ClassLoaders$AppClassLoader 1 1 119 8 1 10 7 12 1 1 1 10 7 12 1 1 1 10 100 12 1 1 1 10 12 1 1 10 100 12 1 1 1 10 12 1 1 10 12 1 1 7 1 8 1 10 12 10 7 12 1 1 1 10 100 12 1 1 10 12 1 1 10 12 1 1 10 7 12 1 1 1 100 1 10 12 1 1 1 1 1 1 1 1 1 1 1 1 1 1 1 1 1 1 1 1 1 100 1 1 1 1 1 1 1 1 1 1 1 1 1 1 1 1 1 1 1 100 1 1 1
ciInstanceKlass jdk/internal/loader/ClassLoaders$PlatformClassLoader 1 1 42 8 1 10 7 12 1 1 1 10 7 12 1 1 1 100 1 10 12 1 100 1 1 1 1 1 1 1 1 1 1 1 1 1 1 100 1 1 1 100 1 1
ciInstanceKlass java/lang/ArithmeticException 1 1 26 10 100 12 1 1 1 10 12 1 100 1 1 1 1 5 0 1 1 1 1 1 1 1 1 1
instanceKlass com/google/protobuf/Utf8$UnpairedSurrogateException
instanceKlass org/h2/security/auth/AuthenticationException
instanceKlass scala/meta/internal/metals/debug/DiscoveryFailures$NoRunOptionException$
instanceKlass scala/meta/internal/metals/debug/DiscoveryFailures$SemanticDbNotFoundException$
instanceKlass scala/meta/internal/metals/debug/DiscoveryFailures$UndefinedPositionException
instanceKlass scala/meta/internal/metals/debug/DiscoveryFailures$BuildTargetContainsNoMainException
instanceKlass scala/meta/internal/metals/debug/DiscoveryFailures$NothingToRun$
instanceKlass scala/meta/internal/metals/debug/DiscoveryFailures$UndefinedPathException
instanceKlass scala/meta/internal/metals/debug/DiscoveryFailures$NoBuildTargetSpecified$
instanceKlass scala/meta/internal/metals/debug/DiscoveryFailures$NoTestsFoundException
instanceKlass scala/meta/internal/metals/config/RunType$UnknownRunTypeException
instanceKlass scala/meta/internal/metals/debug/DiscoveryFailures$BuildTargetNotFoundForPathException
instanceKlass scala/meta/internal/metals/debug/DiscoveryFailures$WorkspaceErrorsException$
instanceKlass scala/meta/internal/metals/debug/DiscoveryFailures$ClassNotFoundInBuildTargetException
instanceKlass scala/meta/internal/metals/debug/DiscoveryFailures$BuildTargetNotFoundException
instanceKlass scala/meta/internal/metals/debug/DiscoveryFailures$NoMainClassFoundException
instanceKlass scala/meta/internal/metals/codeactions/ExtractRenameMember$CodeActionCommandNotFoundException
instanceKlass scala/meta/internal/metals/ScalafixProvider$ScalafixRunException
instanceKlass org/eclipse/jface/text/BadLocationException
instanceKlass coursier/error/CoursierError
instanceKlass coursier/paths/CachePath$StructureLockException
instanceKlass coursier/cache/ArtifactError
instanceKlass coursier/error/DependencyError
instanceKlass coursier/paths/Mirror$MirrorPropertiesException
instanceKlass scala/cli/config/ConfigDb$ConfigDbFormatError
instanceKlass scalafix/interfaces/ScalafixException
instanceKlass org/scalafmt/interfaces/PositionException
instanceKlass coursierapi/error/CoursierError
instanceKlass scala/meta/inputs/InputException
instanceKlass scala/meta/internal/mtags/IndexingExceptions$InvalidSymbolException
instanceKlass java/sql/SQLException
instanceKlass scala/meta/internal/metals/debug/DiscoveryFailures$WorkspaceResetException$
instanceKlass java/text/ParseException
instanceKlass java/lang/CloneNotSupportedException
instanceKlass java/security/GeneralSecurityException
instanceKlass sun/nio/fs/WindowsException
instanceKlass java/net/URISyntaxException
instanceKlass java/lang/InterruptedException
instanceKlass java/util/concurrent/ExecutionException
instanceKlass java/util/concurrent/TimeoutException
instanceKlass java/security/PrivilegedActionException
instanceKlass java/io/IOException
instanceKlass java/lang/ReflectiveOperationException
instanceKlass java/lang/RuntimeException
ciInstanceKlass java/lang/Exception 1 1 40 10 7 12 1 1 1 10 12 1 10 12 1 10 12 1 10 12 1 100 1 1 1 1 5 0 1 1 1 1 1 1 1 1 1 1 1 1 1 1
instanceKlass java/nio/BufferOverflowException
instanceKlass java/time/DateTimeException
instanceKlass java/lang/reflect/MalformedParametersException
instanceKlass tools/jackson/core/JacksonException
instanceKlass org/h2/mvstore/MVStoreException
instanceKlass java/nio/file/FileSystemNotFoundException
instanceKlass java/util/concurrent/RejectedExecutionException
instanceKlass org/h2/message/DbException
instanceKlass java/io/UncheckedIOException
instanceKlass scala/meta/internal/metals/Interruptable$MetalsCancelException$
instanceKlass org/eclipse/text/edits/MalformedTreeException
instanceKlass com/google/common/util/concurrent/UncheckedExecutionException
instanceKlass com/google/common/cache/CacheLoader$InvalidCacheLoadException
instanceKlass com/github/plokhotnyuk/jsoniter_scala/core/JsonReaderException
instanceKlass com/typesafe/config/ConfigException
instanceKlass coursier/core/shaded/jsoniter/core/JsonReaderException
instanceKlass org/scalafmt/interfaces/ScalafmtException
instanceKlass scala/meta/internal/metals/BatchedFunction$BatchedFunctionCancelation
instanceKlass org/flywaydb/core/api/FlywayException
instanceKlass java/util/ConcurrentModificationException
instanceKlass org/eclipse/lsp4j/jsonrpc/ResponseErrorException
instanceKlass org/eclipse/lsp4j/jsonrpc/JsonRpcException
instanceKlass org/eclipse/lsp4j/jsonrpc/MessageIssueException
instanceKlass com/google/gson/JsonParseException
instanceKlass java/lang/reflect/UndeclaredThrowableException
instanceKlass java/nio/file/FileSystemAlreadyExistsException
instanceKlass java/lang/IllegalStateException
instanceKlass java/lang/IndexOutOfBoundsException
instanceKlass java/lang/UnsupportedOperationException
instanceKlass java/util/NoSuchElementException
instanceKlass java/lang/SecurityException
instanceKlass scala/MatchError
instanceKlass java/lang/IllegalArgumentException
instanceKlass java/lang/ArithmeticException
instanceKlass java/lang/NullPointerException
instanceKlass java/lang/IllegalMonitorStateException
instanceKlass java/lang/ArrayStoreException
instanceKlass java/lang/ClassCastException
ciInstanceKlass java/lang/RuntimeException 1 1 40 10 7 12 1 1 1 10 12 1 10 12 1 10 12 1 10 12 1 100 1 1 1 1 5 0 1 1 1 1 1 1 1 1 1 1 1 1 1 1
ciInstanceKlass java/lang/ArrayStoreException 1 1 26 10 100 12 1 1 1 10 12 1 100 1 1 1 1 5 0 1 1 1 1 1 1 1 1 1
ciInstanceKlass java/lang/ClassCastException 1 1 26 10 100 12 1 1 1 10 12 1 100 1 1 1 1 5 0 1 1 1 1 1 1 1 1 1
ciInstanceKlass java/lang/ClassNotFoundException 1 1 96 7 1 10 7 12 1 1 1 10 12 1 10 12 1 1 10 100 12 1 1 1 8 1 10 100 12 1 1 1 10 7 12 1 1 10 100 12 1 1 1 10 100 12 1 1 1 10 12 1 1 7 1 10 12 1 9 12 1 1 1 1 1 5 0 1 1 1 1 1 1 1 1 1 1 1 1 1 1 1 1 1 1 100 1 1 1 1 1 1 1 1 1 1 1 1
staticfield java/lang/ClassNotFoundException serialPersistentFields [Ljava/io/ObjectStreamField; 1 [Ljava/io/ObjectStreamField;
instanceKlass java/lang/reflect/InvocationTargetException
instanceKlass java/lang/InstantiationException
instanceKlass java/lang/IllegalAccessException
instanceKlass java/lang/NoSuchFieldException
instanceKlass java/lang/NoSuchMethodException
instanceKlass java/lang/ClassNotFoundException
ciInstanceKlass java/lang/ReflectiveOperationException 1 1 34 10 7 12 1 1 1 10 12 1 10 12 1 10 12 1 100 1 1 1 1 5 0 1 1 1 1 1 1 1 1 1 1 1
instanceKlass java/util/regex/PatternSyntaxException
instanceKlass java/nio/file/ProviderMismatchException
instanceKlass java/lang/NumberFormatException
ciInstanceKlass java/lang/IllegalArgumentException 1 1 35 10 100 12 1 1 1 10 12 1 10 12 1 10 12 1 100 1 1 1 1 5 0 1 1 1 1 1 1 1 1 1 1 1 1
ciInstanceKlass java/lang/IllegalMonitorStateException 1 1 26 10 100 12 1 1 1 10 12 1 100 1 1 1 1 5 0 1 1 1 1 1 1 1 1 1
ciInstanceKlass java/lang/BootstrapMethodError 0 0 45 10 100 12 1 1 1 10 12 1 10 12 1 10 100 12 1 1 1 10 100 12 1 1 1 1 1 1 5 0 1 1 1 1 1 1 1 1 1 1 1 100 1 1 1
instanceKlass java/lang/ExceptionInInitializerError
instanceKlass java/lang/IncompatibleClassChangeError
instanceKlass java/lang/BootstrapMethodError
instanceKlass java/lang/NoClassDefFoundError
ciInstanceKlass java/lang/LinkageError 1 1 31 10 7 12 1 1 1 10 12 1 10 12 1 100 1 1 1 1 5 0 1 1 1 1 1 1 1 1 1 1 1
ciInstanceKlass java/lang/NullPointerException 1 1 52 10 7 12 1 1 1 10 12 1 9 7 12 1 1 1 10 12 1 1 9 12 1 1 10 12 1 1 10 12 1 1 1 1 5 0 1 1 1 1 1 1 1 1 100 1 100 1 100 1 1 1
instanceKlass java/util/zip/ZipError
ciInstanceKlass java/lang/InternalError 0 0 34 10 100 12 1 1 1 10 12 1 10 12 1 10 12 1 100 1 1 1 1 5 0 1 1 1 1 1 1 1 1 1 1 1
instanceKlass java/lang/StackOverflowError
instanceKlass java/lang/OutOfMemoryError
instanceKlass java/lang/InternalError
ciInstanceKlass java/lang/VirtualMachineError 1 1 34 10 7 12 1 1 1 10 12 1 10 12 1 10 12 1 100 1 1 1 1 5 0 1 1 1 1 1 1 1 1 1 1 1
ciInstanceKlass java/lang/NoClassDefFoundError 0 0 26 10 100 12 1 1 1 10 12 1 100 1 1 1 1 5 0 1 1 1 1 1 1 1 1 1
ciInstanceKlass java/lang/OutOfMemoryError 1 1 26 10 7 12 1 1 1 10 12 1 100 1 1 1 1 5 0 1 1 1 1 1 1 1 1 1
ciInstanceKlass java/lang/StackOverflowError 1 1 26 10 100 12 1 1 1 10 12 1 100 1 1 1 1 5 0 1 1 1 1 1 1 1 1 1
ciInstanceKlass java/lang/StackTraceElement 1 1 226 10 7 12 1 1 1 10 7 12 1 1 9 12 1 1 9 12 1 1 9 12 1 9 12 1 8 1 10 7 12 1 1 1 7 1 9 12 1 8 1 9 12 1 9 12 1 9 12 1 1 8 1 10 12 1 1 10 12 1 7 1 10 10 12 1 1 8 1 10 12 1 1 10 12 1 8 1 8 1 8 1 10 12 1 8 1 8 1 10 12 1 8 1 8 1 10 12 1 1 10 12 1 10 12 1 1 10 12 1 9 12 1 1 10 7 12 1 1 1 10 12 1 1 7 1 10 12 1 1 10 7 12 1 1 10 7 12 1 1 1 10 7 12 1 1 10 7 12 1 1 10 10 12 1 1 10 12 1 1 10 12 1 1 10 12 1 100 1 1 1 1 1 3 1 3 1 1 5 0 1 1 1 1 1 1 1 1 1 1 1 1 1 1 1 1 1 1 1 1 1 1 1 1 1 1 100 1 100 1 1 1 1 1 1 1 100 1 1 1 1 1 1 1 1 1
instanceKlass java/util/concurrent/locks/AbstractQueuedSynchronizer
ciInstanceKlass java/util/concurrent/locks/AbstractOwnableSynchronizer 1 1 32 10 7 12 1 1 1 9 7 12 1 1 1 100 1 1 1 1 5 0 1 1 1 1 1 1 1 1 1 1 1 1
ciInstanceKlass jdk/internal/util/ArraysSupport 1 1 271 7 1 100 1 8 1 10 12 1 1 10 12 1 1 10 100 12 1 1 9 7 12 1 1 1 9 12 1 1 10 7 12 1 1 1 9 12 1 1 10 100 12 1 1 1 9 12 1 10 12 9 12 1 10 12 1 1 10 12 9 12 1 9 12 1 10 12 1 1 9 12 1 9 12 1 9 12 1 9 12 1 9 12 1 9 12 1 9 12 1 10 12 1 1 10 100 12 1 1 1 9 12 1 9 12 1 10 12 1 1 10 12 1 9 12 1 10 12 1 10 100 12 1 1 1 9 12 1 9 12 1 10 12 1 10 12 1 10 7 12 1 1 1 3 10 12 1 100 1 100 1 10 8 1 10 12 1 1 10 12 1 8 1 8 1 10 12 1 1 10 10 12 1 1 10 12 1 1 9 12 1 10 12 1 9 12 1 9 12 1 9 12 1 9 12 1 9 12 1 9 12 1 9 12 1 100 1 1 1 1 1 1 1 1 1 1 1 1 1 1 1 1 1 1 1 1 1 1 1 1 1 1 1 1 1 1 1 1 1 1 1 1 1 1 1 1 1 1 1 1 1 1 1 1 1 1 1 1 1 1 1 1 1 1 1 1 1 1 1 1
staticfield jdk/internal/util/ArraysSupport U Ljdk/internal/misc/Unsafe; jdk/internal/misc/Unsafe
staticfield jdk/internal/util/ArraysSupport BIG_ENDIAN Z 0
staticfield jdk/internal/util/ArraysSupport LOG2_ARRAY_BOOLEAN_INDEX_SCALE I 0
staticfield jdk/internal/util/ArraysSupport LOG2_ARRAY_BYTE_INDEX_SCALE I 0
staticfield jdk/internal/util/ArraysSupport LOG2_ARRAY_CHAR_INDEX_SCALE I 1
staticfield jdk/internal/util/ArraysSupport LOG2_ARRAY_SHORT_INDEX_SCALE I 1
staticfield jdk/internal/util/ArraysSupport LOG2_ARRAY_INT_INDEX_SCALE I 2
staticfield jdk/internal/util/ArraysSupport LOG2_ARRAY_LONG_INDEX_SCALE I 3
staticfield jdk/internal/util/ArraysSupport LOG2_ARRAY_FLOAT_INDEX_SCALE I 2
staticfield jdk/internal/util/ArraysSupport LOG2_ARRAY_DOUBLE_INDEX_SCALE I 3
staticfield jdk/internal/util/ArraysSupport LOG2_BYTE_BIT_SIZE I 3
ciMethod jdk/internal/util/ArraysSupport newLength (III)I 538 0 8984 0 -1
ciInstanceKlass jdk/internal/vm/Continuation 0 0 570 9 100 12 1 1 1 9 12 1 9 12 1 100 1 100 1 10 12 1 1 8 1 10 12 1 1 10 12 1 10 12 1 1 10 12 1 9 100 12 1 1 1 11 100 12 1 1 1 10 100 1 9 12 1 1 9 12 1 1 9 12 1 1 10 8 1 10 12 1 9 12 1 1 10 11 12 1 1 100 1 10 100 12 1 1 1 10 12 1 1 10 12 1 10 12 1 1 11 12 1 1 9 12 1 1 10 12 1 1 18 12 1 1 10 100 12 1 1 1 100 1 10 12 1 11 100 12 1 1 1 10 12 1 9 12 1 10 12 1 1 100 1 8 1 10 12 1 10 12 1 1 9 12 1 1 11 12 1 1 9 12 1 8 1 10 11 12 1 1 11 12 1 1 10 12 1 1 10 12 1 1 9 12 1 10 12 1 10 10 12 1 8 1 10 12 1 8 1 8 1 10 100 12 1 1 1 10 100 12 1 1 1 10 12 1 9 12 1 11 12 1 100 1 10 12 1 10 12 1 1 9 12 1 1 100 1 10 12 1 1 9 12 1 1 100 1 8 1 10 10 12 1 10 12 1 11 100 12 1 1 10 100 1 10 12 1 8 1 9 12 1 10 12 1 1 9 12 1 1 10 100 12 1 1 8 1 8 1 8 1 8 1 10 12 1 1 10 12 1 10 12 1 10 12 1 10 12 1 1 10 12 1 1 8 1 10 12 1 1 9 12 1 1 10 100 12 1 1 1 8 1 10 100 12 1 1 1 10 12 1 8 1 100 1 8 1 10 9 12 1 1 8 1 10 100 12 1 1 10 100 12 1 1 8 1 8 1 10 12 10 100 12 1 1 1 10 100 1 10 100 12 1 1 1 18 11 100 12 1 1 1 18 12 1 11 12 1 1 100 1 10 100 12 1 1 10 12 1 1 10 100 12 1 1 1 10 100 12 1 1 10 100 12 1 1 10 12 1 8 1 10 12 1 10 100 12 1 1 1 8 9 12 1 1 10 100 12 1 1 1 100 1 100 1 10 12 1 1 1 1 1 1 1 1 1 1 1 1 1 1 1 1 1 1 1 1 1 1 1 1 1 1 1 1 1 1 1 1 1 1 1 1 1 1 1 1 1 1 1 1 1 1 1 1 1 1 1 1 1 1 1 1 1 1 1 1 1 1 1 1 1 1 1 1 1 1 1 1 1 1 1 1 100 1 1 15 10 100 12 1 1 1 16 1 15 10 12 16 15 11 100 12 1 1 1 16 1 16 1 15 10 12 16 1 1 1 1 1 1
ciInstanceKlass jdk/internal/misc/UnsafeConstants 1 1 34 10 100 12 1 1 1 9 7 12 1 1 1 9 12 1 9 12 1 1 9 12 1 9 12 1 1 1 1 1 1 1 1 1
staticfield jdk/internal/misc/UnsafeConstants ADDRESS_SIZE0 I 8
staticfield jdk/internal/misc/UnsafeConstants PAGE_SIZE I 4096
staticfield jdk/internal/misc/UnsafeConstants BIG_ENDIAN Z 0
staticfield jdk/internal/misc/UnsafeConstants UNALIGNED_ACCESS Z 1
staticfield jdk/internal/misc/UnsafeConstants DATA_CACHE_LINE_FLUSH_SIZE I 0
ciInstanceKlass java/lang/invoke/MethodHandleImpl 1 1 1352 10 7 12 1 1 1 100 1 10 100 12 1 1 1 10 7 12 1 1 1 100 1 10 8 1 10 12 1 1 10 12 1 10 12 1 1 10 7 12 1 1 1 9 100 12 1 1 1 10 100 12 1 1 1 100 1 10 12 1 1 10 12 1 1 10 12 1 1 10 7 12 1 1 1 9 7 12 1 1 1 10 7 12 1 1 1 100 1 10 9 12 1 1 9 12 1 10 12 1 1 10 12 1 10 12 1 1 10 12 1 1 10 12 1 1 8 1 8 1 10 12 1 1 10 12 1 1 10 12 1 1 10 12 1 1 10 12 1 10 12 1 1 10 7 12 1 1 1 10 12 1 7 1 10 100 12 1 1 1 10 12 1 1 10 12 1 1 11 7 12 1 1 1 11 7 12 1 1 11 12 1 1 7 1 11 12 1 10 12 1 1 10 12 1 1 11 12 1 10 7 12 1 1 10 12 1 1 10 7 12 1 1 10 12 1 10 12 1 1 10 7 12 1 1 1 10 7 12 1 1 1 10 12 1 1 10 12 1 1 9 7 12 1 1 1 10 10 12 1 1 10 12 1 1 10 10 12 1 1 10 12 1 1 10 7 12 1 1 1 10 12 1 1 10 12 1 10 12 1 10 7 12 1 1 1 10 7 12 1 1 1 10 12 1 1 10 12 1 10 12 1 10 12 1 10 12 1 1 10 12 1 10 12 1 1 10 12 1 10 12 1 8 1 100 1 10 12 1 10 12 1 1 10 12 1 10 12 1 1 10 12 1 1 7 1 10 12 1 100 1 8 1 10 12 1 10 100 12 1 1 1 8 1 10 12 1 10 100 12 1 1 1 100 1 9 100 1 10 12 1 1 10 12 1 1 9 12 1 10 12 1 1 10 100 12 1 1 10 12 1 1 10 12 1 1 10 12 1 10 12 1 100 1 10 12 1 1 9 12 1 1 10 12 1 9 100 12 1 1 1 11 100 12 1 1 100 1 9 12 1 100 1 10 12 1 10 12 1 1 100 1 10 12 1 1 10 12 1 10 12 1 1 10 100 12 1 1 1 10 12 1 1 10 12 1 10 12 1 1 10 12 1 10 12 1 1 7 1 9 100 12 1 1 1 10 12 1 9 100 12 1 1 1 10 12 1 10 12 1 1 10 12 1 10 100 12 1 1 10 100 12 1 1 1 9 12 1 10 12 1 9 12 10 12 1 10 12 1 10 12 1 10 12 1 1 10 12 1 10 12 1 1 10 12 1 10 12 1 1 10 12 1 1 10 12 1 1 10 12 1 10 12 1 10 12 1 1 10 12 1 10 100 12 1 1 10 12 1 10 100 12 1 1 8 1 10 8 1 100 1 10 9 12 1 100 1 10 12 1 8 1 10 10 12 1 10 10 12 1 1 10 12 1 1 10 12 1 10 12 1 100 1 8 1 10 12 1 10 100 12 1 1 1 10 12 1 1 10 12 1 10 12 1 100 1 10 12 1 10 12 1 10 12 1 1 7 1 10 12 1 10 7 12 1 1 10 12 1 9 12 1 10 12 1 1 10 12 1 1 100 1 10 10 12 1 8 1 8 1 9 12 1 8 1 8 1 8 1 9 12 1 10 12 1 1 9 12 1 1 10 12 1 8 1 9 100 1 10 12 1 1 10 12 1 8 1 8 1 8 1 100 1 100 1 8 8 1 8 1 100 1 8 1 100 1 10 12 1 10 12 1 10 12 10 12 1 10 12 1 11 100 12 1 1 1 18 12 1 11 100 12 1 1 1 18 18 12 1 11 12 1 1 10 12 1 1 10 12 1 10 12 1 11 12 1 9 12 1 9 12 10 10 12 1 1 9 12 1 1 11 12 1 1 18 12 1 1 11 12 1 1 11 12 1 1 10 12 1 11 100 1 10 12 1 10 12 1 10 12 1 9 12 1 9 12 10 12 1 10 100 12 1 1 1 10 12 1 10 12 1 1 10 12 1 10 12 9 12 1 1 10 12 1 10 12 1 1 9 12 1 9 12 1 10 12 1 10 12 1 1 10 12 1 100 1 10 12 1 9 12 1 1 11 100 1 9 12 1 9 12 11 12 1 9 12 1 9 12 1 10 12 1 10 12 1 1 9 7 12 1 1 1 8 1 10 12 1 1 8 1 10 12 1 8 1 8 1 8 1 8 1 8 1 8 1 100 1 8 1 8 1 10 12 1 9 12 1 7 1 10 10 7 12 1 1 1 1 1 1 1 3 1 1 3 1 3 1 3 1 3 1 3 1 3 1 3 1 3 1 1 1 1 1 1 1 1 1 3 1 3 1 1 1 1 1 1 1 1 1 1 1 1 1 1 1 1 1 1 1 1 1 1 1 1 1 1 1 1 1 1 1 1 1 1 1 1 1 1 1 1 1 1 1 1 1 1 1 1 1 1 1 1 1 1 1 1 1 1 1 1 1 1 1 1 1 1 1 1 1 1 1 1 1 1 1 1 1 1 1 1 1 1 1 1 1 1 1 1 1 1 1 1 1 1 1 1 1 1 1 1 1 1 1 1 100 1 1 1 1 1 1 1 1 1 1 1 1 1 1 1 1 1 1 1 1 1 1 1 1 1 1 1 1 1 1 1 1 1 1 1 1 1 1 1 1 1 1 1 1 1 1 1 1 1 1 1 1 1 1 1 1 1 1 1 1 1 1 1 1 1 1 1 1 1 1 1 1 1 1 1 1 1 1 1 1 1 1 1 1 1 1 1 1 1 1 1 1 1 1 1 1 1 1 1 1 1 1 1 1 1 1 1 1 1 1 1 1 1 1 1 1 1 1 1 1 1 1 1 1 1 1 1 1 1 1 1 1 1 1 1 1 1 1 1 1 1 1 1 1 1 1 1 1 1 1 1 1 1 1 1 1 1 1 1 1 1 1 1 100 1 100 1 100 1 100 1 100 1 100 1 100 1 100 1 1 15 10 100 12 1 1 1 16 15 10 12 16 15 16 16 1 15 10 12 16 16 15 10 12 16 1 1 1 1 1 1 1 1 1 1 1 1 1 1 1 1 1 1 1 1 1
staticfield java/lang/invoke/MethodHandleImpl ARRAYS [Ljava/lang/invoke/MethodHandle; 256 [Ljava/lang/invoke/MethodHandle;
staticfield java/lang/invoke/MethodHandleImpl NFS [Ljava/lang/invoke/LambdaForm$NamedFunction; 7 [Ljava/lang/invoke/LambdaForm$NamedFunction;
staticfield java/lang/invoke/MethodHandleImpl HANDLES [Ljava/lang/invoke/MethodHandle; 9 [Ljava/lang/invoke/MethodHandle;
staticfield java/lang/invoke/MethodHandleImpl $assertionsDisabled Z 1
instanceKlass com/google/protobuf/CodedInputStream$VarintExperiment
instanceKlass net/jpountz/util/SafeUtils
instanceKlass net/jpountz/util/UnsafeUtils
instanceKlass net/jpountz/util/Utils
instanceKlass com/google/common/hash/BloomFilterStrategies
instanceKlass com/google/common/hash/Funnels$LongFunnel
instanceKlass org/h2/table/DataChangeDeltaTable$ResultOption
instanceKlass java/nio/file/FileVisitResult
instanceKlass java/nio/file/FileTreeWalker$EventType
instanceKlass java/nio/file/FileVisitOption
instanceKlass org/flywaydb/core/internal/util/DataUnits
instanceKlass org/h2/command/query/ForUpdate$Type
instanceKlass org/h2/expression/condition/CompareLike$LikeType
instanceKlass org/flywaydb/core/api/migration/baseline/BaselineMigrationType
instanceKlass org/flywaydb/core/api/CoreMigrationType
instanceKlass org/flywaydb/core/api/MigrationState
instanceKlass org/flywaydb/core/internal/callback/NoopCallback
instanceKlass org/flywaydb/core/internal/database/h2/H2Database$CompatibilityMode
instanceKlass jdk/internal/math/FormattedFloatingDecimal$Form
instanceKlass org/h2/command/query/Select$QuickOffset
instanceKlass org/flywaydb/core/internal/callback/NoopCallbackExecutor
instanceKlass org/flywaydb/core/api/migration/baseline/BaselineResourceTypeProvider$BaselineResourceType
instanceKlass org/flywaydb/core/api/callback/Event
instanceKlass org/flywaydb/core/internal/resource/CoreResourceTypeProvider$CoreResourceType
instanceKlass org/flywaydb/core/api/logging/LogLevel
instanceKlass org/slf4j/helpers/Reporter$Level
instanceKlass org/slf4j/helpers/Reporter$TargetChoice
instanceKlass org/flywaydb/core/extensibility/Tier
instanceKlass org/flywaydb/core/internal/logging/buffered/BufferedLog$Level
instanceKlass java/util/stream/MatchOps$MatchKind
instanceKlass org/flywaydb/core/internal/configuration/resolvers/ProvisionerMode
instanceKlass com/fasterxml/jackson/annotation/JsonFormat$Feature
instanceKlass tools/jackson/databind/util/AccessPattern
instanceKlass tools/jackson/core/JsonToken
instanceKlass tools/jackson/core/StreamReadCapability
instanceKlass com/fasterxml/jackson/annotation/JsonProperty$Access
instanceKlass tools/jackson/databind/cfg/ConstructorDetector$SingleArgConstructor
instanceKlass com/fasterxml/jackson/annotation/JsonCreator$Mode
instanceKlass tools/jackson/databind/AnnotationIntrospector$ReferenceProperty$Type
instanceKlass com/fasterxml/jackson/annotation/PropertyAccessor
instanceKlass java/lang/annotation/ElementType
instanceKlass tools/jackson/core/JsonParser$NumberType
instanceKlass tools/jackson/core/StreamWriteCapability
instanceKlass com/fasterxml/jackson/annotation/JsonFormat$Shape
instanceKlass tools/jackson/databind/cfg/DateTimeFeature
instanceKlass tools/jackson/databind/cfg/JsonNodeFeature
instanceKlass tools/jackson/databind/cfg/EnumFeature
instanceKlass tools/jackson/databind/cfg/CoercionInputShape
instanceKlass tools/jackson/databind/cfg/CoercionAction
instanceKlass tools/jackson/databind/type/LogicalType
instanceKlass com/fasterxml/jackson/annotation/Nulls
instanceKlass com/fasterxml/jackson/annotation/JsonAutoDetect$Visibility
instanceKlass com/fasterxml/jackson/annotation/JsonInclude$Include
instanceKlass tools/jackson/core/json/JsonWriteFeature
instanceKlass tools/jackson/core/json/JsonReadFeature
instanceKlass tools/jackson/core/StreamWriteFeature
instanceKlass tools/jackson/core/StreamReadFeature
instanceKlass tools/jackson/core/TokenStreamFactory$Feature
instanceKlass com/fasterxml/jackson/annotation/JsonTypeInfo$Id
instanceKlass tools/jackson/core/Base64Variant$PaddingReadBehaviour
instanceKlass tools/jackson/databind/util/internal/PrivateMaxEntriesMap$DrainStatus
instanceKlass tools/jackson/core/util/Separators$Spacing
instanceKlass tools/jackson/databind/DeserializationFeature
instanceKlass tools/jackson/databind/SerializationFeature
instanceKlass tools/jackson/databind/MapperFeature
instanceKlass java/util/Comparators$NaturalOrderComparator
instanceKlass org/h2/schema/Sequence$Cycle
instanceKlass org/h2/constraint/Constraint$Type
instanceKlass org/h2/constraint/ConstraintActionType
instanceKlass org/h2/expression/analysis/WindowFunctionType
instanceKlass org/h2/command/Parser$NullConstraintType
instanceKlass org/h2/expression/aggregate/AggregateType
instanceKlass org/h2/mvstore/db/MVTable$TraceLockEvent
instanceKlass org/h2/engine/IsolationLevel
instanceKlass org/h2/engine/SessionLocal$State
instanceKlass org/h2/mvstore/MVMap$Decision
instanceKlass java/net/Proxy$Type
instanceKlass java/net/StandardProtocolFamily
instanceKlass org/h2/store/FileLockMethod
instanceKlass org/h2/mode/DefaultNullOrdering
instanceKlass org/h2/api/IntervalQualifier
instanceKlass org/h2/engine/Mode$ViewExpressionNames
instanceKlass org/h2/engine/Mode$ExpressionNames
instanceKlass org/h2/engine/Mode$CharPadding
instanceKlass org/h2/engine/NullsDistinct
instanceKlass org/h2/engine/Mode$ModeEnum
instanceKlass java/util/stream/Collector$Characteristics
instanceKlass org/eclipse/lsp4j/TextDocumentSyncKind
instanceKlass java/security/cert/CertPathValidatorException$BasicReason
instanceKlass java/time/format/TextStyle
instanceKlass java/time/format/DateTimeFormatterBuilder$SettingsParser
instanceKlass java/time/format/ResolverStyle
instanceKlass java/time/format/SignStyle
instanceKlass java/time/temporal/JulianFields$Field
instanceKlass java/time/temporal/IsoFields$Unit
instanceKlass java/time/temporal/IsoFields$Field
instanceKlass com/google/common/cache/LocalCache$EntryFactory
instanceKlass com/google/common/cache/CacheBuilder$NullListener
instanceKlass com/google/common/cache/CacheBuilder$OneWeigher
instanceKlass com/google/common/cache/LocalCache$Strength
instanceKlass com/sun/org/apache/xerces/internal/impl/XMLScanner$NameType
instanceKlass com/sun/org/apache/xerces/internal/util/Status
instanceKlass javax/xml/catalog/CatalogFeatures$Feature
instanceKlass com/sun/org/apache/xerces/internal/utils/XMLSecurityPropertyManager$Property
instanceKlass com/sun/org/apache/xerces/internal/utils/XMLSecurityPropertyManager$State
instanceKlass com/sun/org/apache/xerces/internal/utils/XMLSecurityManager$NameMap
instanceKlass jdk/xml/internal/JdkProperty$State
instanceKlass com/sun/org/apache/xerces/internal/utils/XMLSecurityManager$Limit
instanceKlass java/time/zone/ZoneOffsetTransitionRule$TimeDefinition
instanceKlass java/time/DayOfWeek
instanceKlass java/time/Month
instanceKlass concurrentrefhashmap/ConcurrentReferenceHashMap$ReferenceType
instanceKlass ch/epfl/scala/bsp4j/ScalaPlatform
instanceKlass java/nio/file/AccessMode
instanceKlass org/eclipse/lsp4j/DiagnosticTag
instanceKlass org/eclipse/lsp4j/PrepareSupportDefaultBehavior
instanceKlass org/eclipse/lsp4j/CodeActionTag
instanceKlass org/eclipse/lsp4j/CompletionItemKind
instanceKlass org/eclipse/lsp4j/CompletionItemTag
instanceKlass org/eclipse/lsp4j/InsertTextMode
instanceKlass org/eclipse/lsp4j/SymbolTag
instanceKlass org/eclipse/lsp4j/SymbolKind
instanceKlass com/google/gson/ReflectionAccessFilter$FilterResult
instanceKlass com/google/gson/stream/JsonToken
instanceKlass com/google/gson/Strictness
instanceKlass jdk/internal/logger/BootstrapLogger$LoggingBackend
instanceKlass com/google/gson/ToNumberPolicy
instanceKlass com/google/gson/FieldNamingPolicy
instanceKlass com/google/gson/LongSerializationPolicy
instanceKlass org/eclipse/lsp4j/MessageType
instanceKlass java/lang/reflect/ProxyGenerator$PrimitiveTypeInfo
instanceKlass java/lang/annotation/RetentionPolicy
instanceKlass jdk/internal/icu/util/CodePointTrie$ValueWidth
instanceKlass jdk/internal/icu/util/CodePointTrie$Type
instanceKlass java/text/Normalizer$Form
instanceKlass java/time/temporal/ChronoUnit
instanceKlass java/time/temporal/ChronoField
instanceKlass sun/security/util/DisabledAlgorithmConstraints$Constraint$Operator
instanceKlass java/lang/System$Logger$Level
instanceKlass sun/security/rsa/RSAUtil$KeyType
instanceKlass java/util/stream/StreamShape
instanceKlass sun/util/locale/provider/LocaleProviderAdapter$Type
instanceKlass java/util/Locale$Category
instanceKlass java/util/stream/StreamOpFlag$Type
instanceKlass java/util/stream/StreamOpFlag
instanceKlass java/lang/constant/DirectMethodHandleDesc$Kind
instanceKlass java/lang/invoke/VarHandle$VarHandleDesc$Kind
instanceKlass java/security/DrbgParameters$Capability
instanceKlass sun/security/util/KnownOIDs
instanceKlass java/util/regex/Pattern$Qtype
instanceKlass scala/meta/pc/PresentationCompilerConfig$ScalaImportsPlacement
instanceKlass scala/meta/pc/SourcePathMode
instanceKlass scala/meta/pc/ContentType
instanceKlass scala/meta/pc/PresentationCompilerConfig$OverrideDefFormat
instanceKlass java/math/RoundingMode
instanceKlass java/lang/invoke/MethodHandles$Lookup$ClassOption
instanceKlass java/lang/invoke/VarHandle$AccessType
instanceKlass java/lang/invoke/VarHandle$AccessMode
instanceKlass java/lang/invoke/MethodHandleImpl$Intrinsic
instanceKlass java/lang/invoke/LambdaForm$BasicType
instanceKlass java/lang/invoke/LambdaForm$Kind
instanceKlass sun/invoke/util/Wrapper
instanceKlass java/nio/file/LinkOption
instanceKlass sun/nio/fs/WindowsPathType
instanceKlass java/util/concurrent/TimeUnit
instanceKlass java/nio/file/StandardOpenOption
instanceKlass java/io/File$PathStatus
instanceKlass java/lang/module/ModuleDescriptor$Requires$Modifier
instanceKlass java/lang/module/ModuleDescriptor$Modifier
instanceKlass java/lang/Thread$State
ciInstanceKlass java/lang/Enum 1 1 195 9 7 12 1 1 1 9 12 1 1 10 7 12 1 1 1 10 12 1 1 100 1 10 10 12 1 1 10 12 1 100 1 10 10 7 12 1 1 10 12 1 1 18 12 1 1 10 100 12 1 1 1 10 12 1 1 11 7 12 1 1 1 100 1 8 1 10 12 1 100 1 100 1 10 8 1 10 12 1 1 10 12 1 1 8 1 10 12 1 10 100 1 8 1 10 10 12 1 1 10 100 12 1 1 1 100 1 100 1 100 1 1 1 1 1 1 1 1 1 1 1 1 1 1 1 1 1 1 1 1 1 1 1 1 1 1 1 1 1 1 1 1 1 1 1 1 1 1 1 1 1 1 1 3 1 1 1 1 100 1 100 1 1 100 1 1 1 1 1 1 1 1 1 1 1 15 10 100 12 1 1 1 16 15 10 12 16 1 1 100 1 100 1 1
ciInstanceKlass java/lang/invoke/MethodHandleStatics 1 1 302 10 100 12 1 1 1 9 7 12 1 1 1 9 12 1 9 12 1 9 12 1 9 12 1 9 12 1 9 100 12 1 1 1 100 1 10 8 1 10 12 1 1 10 100 12 1 1 1 8 1 10 100 12 1 1 1 10 12 1 1 8 1 8 1 10 12 1 10 100 12 1 1 1 10 7 12 1 1 1 8 1 10 12 1 1 8 1 8 1 8 1 8 1 10 12 1 1 100 1 10 12 10 12 1 10 12 1 100 1 10 10 12 1 1 100 1 10 10 12 1 100 1 100 1 8 1 8 1 10 12 1 8 1 10 7 12 1 1 1 9 12 1 1 10 7 12 1 1 1 9 12 1 1 10 7 12 1 1 1 8 1 10 7 12 1 1 10 7 12 1 1 1 8 1 8 1 8 1 8 1 8 1 8 1 10 12 1 10 7 12 1 1 1 9 12 1 8 1 8 1 8 1 8 1 9 12 1 8 1 9 12 1 8 1 8 1 9 12 1 8 1 8 1 9 12 1 8 1 9 12 1 8 1 9 12 1 8 1 8 1 9 12 1 8 1 10 12 1 1 1 1 1 1 1 1 1 1 1 1 1 1 1 1 1 1 1 1 1 100 1 100 1 100 1 1 1 1 1 1 1 1 1 1 1 1 1 1 1 1 1 1 1 1 1 1 1 1 1 1 1 1
staticfield java/lang/invoke/MethodHandleStatics UNSAFE Ljdk/internal/misc/Unsafe; jdk/internal/misc/Unsafe
staticfield java/lang/invoke/MethodHandleStatics CLASSFILE_VERSION I 63
staticfield java/lang/invoke/MethodHandleStatics DEBUG_METHOD_HANDLE_NAMES Z 0
staticfield java/lang/invoke/MethodHandleStatics DUMP_CLASS_FILES Z 0
staticfield java/lang/invoke/MethodHandleStatics TRACE_INTERPRETER Z 0
staticfield java/lang/invoke/MethodHandleStatics TRACE_METHOD_LINKAGE Z 0
staticfield java/lang/invoke/MethodHandleStatics TRACE_RESOLVE Z 0
staticfield java/lang/invoke/MethodHandleStatics COMPILE_THRESHOLD I 0
staticfield java/lang/invoke/MethodHandleStatics LOG_LF_COMPILATION_FAILURE Z 0
staticfield java/lang/invoke/MethodHandleStatics DONT_INLINE_THRESHOLD I 30
staticfield java/lang/invoke/MethodHandleStatics PROFILE_LEVEL I 0
staticfield java/lang/invoke/MethodHandleStatics PROFILE_GWT Z 1
staticfield java/lang/invoke/MethodHandleStatics CUSTOMIZE_THRESHOLD I 127
staticfield java/lang/invoke/MethodHandleStatics VAR_HANDLE_GUARDS Z 1
staticfield java/lang/invoke/MethodHandleStatics MAX_ARITY I 255
staticfield java/lang/invoke/MethodHandleStatics VAR_HANDLE_IDENTITY_ADAPT Z 0
instanceKlass java/lang/invoke/BoundMethodHandle
instanceKlass java/lang/invoke/DelegatingMethodHandle
instanceKlass java/lang/invoke/DirectMethodHandle
ciInstanceKlass java/lang/invoke/MethodHandle 1 1 725 100 1 9 7 12 1 1 1 10 7 12 1 1 1 10 7 12 1 1 1 7 1 7 1 10 12 1 1 9 12 1 1 10 12 1 10 12 1 1 10 12 1 1 10 100 12 1 1 1 10 12 1 1 10 12 1 1 11 100 12 1 1 1 10 12 1 1 10 12 1 10 12 1 10 12 1 1 9 12 1 1 9 12 1 1 10 100 12 1 1 1 10 12 1 1 10 12 1 10 12 1 100 1 100 1 10 8 1 10 12 1 1 10 12 1 8 1 10 12 1 1 10 12 1 10 7 12 1 1 1 10 12 1 1 10 12 1 1 10 12 1 1 10 7 12 1 1 1 10 12 1 1 10 12 1 1 10 12 1 10 12 1 1 10 100 12 1 1 10 7 12 1 1 10 12 1 10 12 1 10 12 1 1 10 12 1 1 10 12 1 1 10 12 1 1 10 7 12 1 1 1 10 100 12 1 1 1 10 12 1 1 10 12 1 1 10 12 1 1 8 1 10 7 12 1 1 1 8 1 10 12 1 10 12 1 1 10 12 1 1 10 12 1 8 1 10 12 1 1 8 1 10 12 1 8 1 10 100 12 1 1 1 9 12 1 1 100 1 10 9 100 12 1 1 1 9 100 1 8 1 10 12 1 1 10 12 1 10 12 1 1 10 12 1 10 12 1 1 10 12 1 10 12 1 1 10 12 1 10 12 1 1 10 12 1 1 8 1 10 12 1 1 8 1 10 12 1 10 12 1 1 10 12 1 10 12 1 10 12 1 1 9 100 12 1 1 1 10 12 1 1 11 12 1 10 12 1 10 12 1 1 10 100 12 1 1 100 1 11 12 1 10 100 1 11 12 1 100 1 10 12 1 11 12 1 9 100 12 1 1 1 11 12 1 1 11 100 12 1 1 1 10 12 1 1 9 12 1 11 12 1 9 12 1 9 12 1 9 12 1 11 12 1 1 9 12 1 9 12 1 9 12 1 9 12 1 9 12 1 9 12 1 9 12 1 8 1 10 12 1 10 12 1 8 1 10 12 1 10 12 1 10 10 7 12 1 1 10 12 1 1 100 1 8 1 10 12 1 1 10 12 1 1 10 12 1 10 12 1 100 1 10 100 12 1 1 1 10 9 7 12 1 1 1 10 12 1 1 10 12 1 1 8 1 9 12 1 9 12 1 1 9 12 1 1 10 12 1 7 1 10 12 1 10 12 1 1 9 12 1 1 9 12 1 1 10 7 12 1 1 1 11 7 12 1 1 9 12 1 10 12 1 1 10 12 1 9 12 1 10 12 1 8 10 12 1 1 8 1 1 1 1 1 1 1 1 100 1 1 1 1 1 1 1 1 1 1 1 1 1 1 1 1 1 1 1 1 1 1 1 1 1 1 1 1 1 1 100 1 1 1 1 1 1 1 1 1 1 1 1 1 1 1 1 1 1 1 1 1 1 1 1 1 1 1 1 1 1 1 1 1 1 1 1 1 1 1 1 1 1 1 1 1 1 1 1 1 1 100 1 1 1 1 1 1 1 1 1 100 1 1 1 1 1 1 1 1 1 1 1 1 1 1 1 1 1 1 1 1 1 1 1 1 1 1 1 100 1 1 100 1 100 1 100 1 1 100 1 1 100 1 1 1 1
staticfield java/lang/invoke/MethodHandle FORM_OFFSET J 20
staticfield java/lang/invoke/MethodHandle UPDATE_OFFSET J 13
staticfield java/lang/invoke/MethodHandle $assertionsDisabled Z 1
ciMethod java/lang/invoke/MethodHandle asTypeUncached (Ljava/lang/invoke/MethodType;)Ljava/lang/invoke/MethodHandle; 968 0 2464 0 -1
ciInstanceKlass java/lang/invoke/MethodType 1 1 779 7 1 10 7 12 1 1 1 9 12 1 1 9 12 1 1 9 12 1 1 10 7 12 1 1 1 9 7 12 1 1 8 1 10 100 12 1 1 1 9 7 1 9 7 1 10 12 1 1 100 1 10 8 1 10 12 1 1 10 12 1 10 12 1 1 100 1 8 1 10 12 1 100 1 10 10 12 1 10 12 1 1 10 12 1 1 11 7 12 1 1 1 9 12 1 11 12 1 1 7 10 12 1 1 10 12 1 1 7 1 7 1 10 7 12 1 1 1 10 12 1 10 12 1 9 12 1 1 10 7 12 1 1 10 12 1 1 10 7 12 1 1 1 10 7 12 1 1 1 10 12 1 9 12 1 1 10 12 1 1 10 12 1 1 10 12 1 1 10 12 1 1 10 12 1 1 10 12 1 10 12 1 10 12 1 1 10 12 1 8 1 8 1 10 12 1 1 9 12 1 1 100 1 10 10 12 1 1 10 12 1 10 12 1 1 10 12 1 1 10 12 1 10 12 1 10 12 1 8 1 10 12 1 1 10 100 12 1 1 1 10 12 1 10 12 1 1 10 12 1 10 12 1 10 12 1 1 10 12 1 10 12 1 9 12 1 10 12 1 10 10 12 1 1 10 12 1 9 12 1 1 10 12 1 1 11 12 1 1 10 12 1 1 7 1 10 12 10 12 1 10 12 1 100 1 8 1 8 1 8 1 10 12 1 10 12 1 10 12 1 10 10 12 1 11 12 1 1 11 12 1 10 100 12 1 1 1 9 12 1 10 12 1 10 12 1 1 10 12 1 1 10 12 1 10 12 1 10 100 12 1 1 1 10 12 1 1 10 12 1 10 12 1 10 12 1 10 9 12 1 1 7 1 10 12 1 10 12 1 1 9 100 12 1 1 1 10 100 12 1 1 1 10 100 12 1 1 1 10 12 1 1 10 100 12 1 1 1 10 12 1 1 8 1 10 7 12 1 1 1 11 12 1 1 9 12 1 1 10 12 1 1 10 12 1 10 12 1 1 10 12 1 1 10 100 12 1 1 100 1 10 12 1 1 11 100 12 1 1 18 12 1 1 11 12 1 1 18 12 1 11 12 1 100 1 11 100 12 1 1 10 12 1 100 1 10 12 1 10 100 12 1 1 10 12 1 1 9 12 1 1 9 100 12 1 1 1 10 100 12 1 1 1 9 12 1 10 100 12 1 1 10 12 1 100 10 12 1 1 10 12 1 10 7 1 7 1 9 12 1 1 100 1 100 1 100 1 1 1 5 0 1 1 1 1 1 1 1 3 1 3 1 3 1 1 1 1 1 1 1 1 1 1 1 1 1 1 1 1 1 1 1 1 1 1 1 1 1 1 1 1 1 1 1 1 1 1 1 1 1 1 1 1 1 1 1 1 1 1 1 1 1 1 1 1 1 1 1 1 1 1 1 1 1 1 1 1 1 1 1 1 1 1 1 1 1 1 1 1 1 1 1 1 1 1 1 1 1 1 1 1 1 1 1 1 1 1 1 1 1 1 1 1 1 1 1 1 1 1 1 1 1 1 1 1 1 1 1 1 1 1 1 1 1 1 1 1 1 1 1 1 1 1 1 100 1 100 1 1 1 1 1 1 1 1 1 1 1 1 1 100 1 1 1 100 1 1 1 1 1 1 1 1 1 1 1 1 1 1 1 1 1 1 1 1 1 15 10 100 12 1 1 1 16 15 10 12 16 16 15 10 12 16 1 1 1 1 100 1 1 100 1 1 100 1 100 1 1
staticfield java/lang/invoke/MethodType internTable Ljava/lang/invoke/MethodType$ConcurrentWeakInternSet; java/lang/invoke/MethodType$ConcurrentWeakInternSet
staticfield java/lang/invoke/MethodType NO_PTYPES [Ljava/lang/Class; 0 [Ljava/lang/Class;
staticfield java/lang/invoke/MethodType objectOnlyTypes [Ljava/lang/invoke/MethodType; 20 [Ljava/lang/invoke/MethodType;
staticfield java/lang/invoke/MethodType METHOD_HANDLE_ARRAY [Ljava/lang/Class; 1 [Ljava/lang/Class;
staticfield java/lang/invoke/MethodType serialPersistentFields [Ljava/io/ObjectStreamField; 0 [Ljava/io/ObjectStreamField;
staticfield java/lang/invoke/MethodType $assertionsDisabled Z 1
ciInstanceKlass java/lang/Void 1 1 31 10 100 12 1 1 1 8 1 10 7 12 1 1 1 9 7 12 1 1 1 1 1 1 1 1 1 1 1 1 1
staticfield java/lang/Void TYPE Ljava/lang/Class; java/lang/Class
ciInstanceKlass java/lang/invoke/LambdaForm 1 1 1051 100 1 9 7 12 1 1 1 10 7 12 1 1 1 10 7 12 1 1 9 12 1 1 9 12 1 1 10 12 1 1 100 1 10 9 12 1 10 12 1 1 9 12 1 10 7 12 1 1 1 9 12 1 9 12 1 9 12 1 1 9 12 1 10 12 1 1 7 1 10 12 1 10 100 12 1 1 1 10 100 12 1 1 1 10 12 1 10 12 1 1 9 100 12 1 1 1 10 12 1 1 9 12 1 10 12 1 1 10 12 1 10 12 1 1 10 12 1 1 10 100 12 1 1 1 7 1 10 10 12 1 1 8 1 10 12 1 10 12 1 10 12 1 1 7 1 10 7 12 1 1 1 10 12 1 1 10 12 1 10 12 1 1 9 12 1 1 9 12 1 9 12 1 1 10 12 1 9 12 1 10 100 12 1 1 1 10 12 1 1 10 12 1 9 12 1 1 10 100 12 1 1 1 10 12 1 10 12 1 10 12 1 10 12 1 10 12 1 10 12 1 1 10 12 1 10 12 1 1 8 1 10 12 1 10 12 1 8 1 8 1 9 12 1 9 12 1 9 12 1 1 10 12 1 1 10 12 1 9 12 1 10 12 1 1 10 7 12 1 1 1 10 12 1 1 10 12 1 10 12 1 10 12 1 1 9 12 1 10 12 1 8 1 8 1 8 1 8 1 8 1 8 1 8 1 8 1 10 12 1 9 12 1 7 1 10 12 1 1 9 12 1 10 12 1 10 12 1 1 10 12 10 12 1 10 12 1 1 10 12 1 1 10 10 12 1 1 10 12 1 1 7 1 8 1 10 12 1 1 10 12 1 10 12 1 1 10 8 1 10 12 1 1 8 1 8 1 8 1 10 12 1 9 12 1 1 10 12 1 10 12 1 1 100 1 10 12 1 1 10 12 1 10 7 12 1 1 1 10 12 1 1 9 12 1 1 8 1 10 100 12 1 1 1 10 7 12 1 1 10 12 10 10 12 1 1 9 12 1 8 10 12 1 1 100 1 10 12 1 1 10 12 1 9 7 12 1 1 9 12 1 1 8 1 10 100 12 1 1 10 12 1 1 100 1 100 1 10 10 12 1 1 10 12 1 1 8 1 8 1 100 1 8 1 10 12 10 12 1 10 12 1 10 12 1 1 8 1 8 1 9 100 12 1 1 1 10 12 1 10 12 1 1 8 1 8 1 8 1 100 1 8 1 100 1 8 1 100 1 8 1 10 12 1 8 1 9 10 7 12 1 1 1 10 12 1 9 12 1 1 10 12 1 10 10 12 1 10 12 1 10 12 1 10 12 1 1 10 12 1 10 12 1 1 10 12 1 1 10 12 1 1 8 1 100 10 12 1 10 12 1 9 12 1 1 10 7 12 1 1 8 1 8 1 100 1 8 1 8 1 8 1 8 1 8 1 8 1 8 1 8 1 10 12 1 1 10 12 1 1 10 12 1 10 12 1 8 1 8 1 8 1 10 12 1 8 1 10 12 1 8 1 8 1 8 1 8 1 8 1 10 12 1 10 12 1 10 12 1 1 10 7 12 1 1 1 10 12 1 10 12 1 10 12 1 10 12 1 10 12 1 10 12 1 10 12 1 9 12 1 1 8 1 10 12 1 1 9 12 1 1 10 12 1 1 9 12 1 9 12 1 1 9 12 1 9 12 1 1 7 1 10 7 12 1 1 1 9 12 1 10 12 1 10 12 1 8 1 10 12 1 9 12 1 1 7 1 10 7 12 1 1 1 8 1 100 1 10 12 1 9 12 1 9 12 1 10 12 1 10 12 1 10 7 12 1 1 1 10 12 1 9 7 12 1 1 10 12 1 1 10 12 1 10 12 1 9 12 10 12 1 10 10 12 1 9 9 12 1 7 9 12 1 1 10 12 1 1 9 12 1 10 12 1 10 7 1 9 1 1 1 1 3 1 3 1 3 1 1 1 1 1 1 1 1 1 1 1 1 1 1 1 1 1 1 1 1 1 1 1 1 1 1 1 1 1 1 1 1 1 1 1 1 1 1 1 1 1 1 1 1 1 1 1 1 1 1 1 1 1 1 1 1 100 1 1 1 1 1 1 1 1 1 1 1 1 1 1 1 1 1 1 1 1 1 1 1 1 1 1 1 1 1 1 1 1 1 1 1 1 1 1 1 1 1 1 1 1 1 1 1 1 1 1 1 1 1 1 1 1 1 1 1 100 1 1 1 1 1 1 1 1 1 1 1 1 1 1 1 1 1 1 1 1 1 1 1 1 1 1 1 1 1 1 1 1 1 1 100 1 1 1 1 1 1 1 1 1 1 1 1 1 1 1 1 1 1 1 1 1 1 100 1 1 1 100 1 1 100 1 1 1 1 1 1 1 1 1 1 1
staticfield java/lang/invoke/LambdaForm COMPILE_THRESHOLD I 0
staticfield java/lang/invoke/LambdaForm INTERNED_ARGUMENTS [[Ljava/lang/invoke/LambdaForm$Name; 5 [[Ljava/lang/invoke/LambdaForm$Name;
staticfield java/lang/invoke/LambdaForm IMPL_NAMES Ljava/lang/invoke/MemberName$Factory; java/lang/invoke/MemberName$Factory
staticfield java/lang/invoke/LambdaForm LF_identity [Ljava/lang/invoke/LambdaForm; 6 [Ljava/lang/invoke/LambdaForm;
staticfield java/lang/invoke/LambdaForm LF_zero [Ljava/lang/invoke/LambdaForm; 6 [Ljava/lang/invoke/LambdaForm;
staticfield java/lang/invoke/LambdaForm NF_identity [Ljava/lang/invoke/LambdaForm$NamedFunction; 6 [Ljava/lang/invoke/LambdaForm$NamedFunction;
staticfield java/lang/invoke/LambdaForm NF_zero [Ljava/lang/invoke/LambdaForm$NamedFunction; 6 [Ljava/lang/invoke/LambdaForm$NamedFunction;
staticfield java/lang/invoke/LambdaForm createFormsLock Ljava/lang/Object; java/lang/Object
staticfield java/lang/invoke/LambdaForm DEBUG_NAME_COUNTERS Ljava/util/HashMap; null
staticfield java/lang/invoke/LambdaForm DEBUG_NAMES Ljava/util/HashMap; null
staticfield java/lang/invoke/LambdaForm TRACE_INTERPRETER Z 0
staticfield java/lang/invoke/LambdaForm $assertionsDisabled Z 1
ciMethod java/lang/invoke/MethodHandleImpl isCompileConstant (Ljava/lang/Object;)Z 340 0 10135 0 -1
instanceKlass jdk/internal/reflect/FieldAccessorImpl
instanceKlass jdk/internal/reflect/ConstructorAccessorImpl
instanceKlass jdk/internal/reflect/MethodAccessorImpl
ciInstanceKlass jdk/internal/reflect/MagicAccessorImpl 1 1 16 10 7 12 1 1 1 100 1 1 1 1 1 1 1 1
instanceKlass jdk/internal/reflect/DirectMethodHandleAccessor
ciInstanceKlass jdk/internal/reflect/MethodAccessorImpl 1 1 38 10 7 12 1 1 1 10 100 12 1 1 1 100 1 1 1 1 1 1 1 100 1 100 1 1 1 1 1 1 1 1 1 1 1 1 1 1
instanceKlass jdk/internal/reflect/DirectConstructorHandleAccessor$NativeAccessor
instanceKlass jdk/internal/reflect/DirectConstructorHandleAccessor
instanceKlass jdk/internal/reflect/NativeConstructorAccessorImpl
ciInstanceKlass jdk/internal/reflect/ConstructorAccessorImpl 1 1 27 10 7 12 1 1 1 100 1 100 1 1 1 1 1 1 1 1 1 100 1 100 1 100 1 1 1
ciInstanceKlass jdk/internal/reflect/DelegatingClassLoader 0 0 18 10 100 12 1 1 1 100 1 1 1 1 1 1 1 1 1 1
ciInstanceKlass jdk/internal/reflect/CallerSensitive 0 0 17 100 1 100 1 100 1 1 1 1 1 1 1 1 1 1 1
ciInstanceKlass jdk/internal/reflect/NativeConstructorAccessorImpl 0 0 128 10 100 12 1 1 1 9 100 12 1 1 1 100 1 10 12 1 9 12 1 1 9 12 1 1 10 100 12 1 1 1 10 100 12 1 1 1 10 100 12 1 1 1 9 12 1 9 12 1 1 9 12 1 1 10 100 12 1 1 1 100 1 10 10 12 1 1 10 12 1 10 12 1 10 12 1 1 10 12 1 100 1 10 12 1 1 10 12 1 1 8 10 12 1 1 1 1 1 1 1 1 1 1 1 1 1 1 1 1 1 1 1 1 1 1 100 1 100 1 100 1 1 1 1 1 1 1
ciInstanceKlass jdk/internal/reflect/ConstantPool 1 1 142 10 100 12 1 1 1 9 7 12 1 1 1 10 12 1 1 10 12 1 1 10 12 1 10 12 1 1 10 12 1 1 10 12 1 10 12 1 1 10 12 1 10 12 1 1 10 12 1 10 12 1 10 12 1 10 12 1 1 10 12 1 1 10 12 1 1 10 12 1 1 10 12 1 10 12 1 1 10 100 12 1 1 1 8 11 7 12 1 1 1 10 7 12 1 1 1 1 1 1 1 1 1 1 1 1 1 1 1 1 1 1 1 1 1 1 1 1 1 1 1 1 1 1 1 1 1 1 1 1 1 1 1 1 1 1 1 1 1 1 1 1
ciInstanceKlass jdk/internal/reflect/UnsafeStaticFieldAccessorImpl 0 0 47 10 100 12 1 1 1 9 100 12 1 1 1 10 100 12 1 1 1 9 12 1 1 8 11 100 12 1 1 1 10 100 12 1 1 1 1 1 1 1 1 1 1 1 1 1 1
instanceKlass jdk/internal/reflect/MethodHandleFieldAccessorImpl
instanceKlass jdk/internal/reflect/UnsafeFieldAccessorImpl
ciInstanceKlass jdk/internal/reflect/FieldAccessorImpl 1 1 269 10 7 12 1 1 1 9 7 12 1 1 1 10 100 12 1 1 1 10 100 12 1 1 10 100 12 1 1 1 10 12 1 1 100 1 10 10 12 1 1 10 12 1 1 8 1 10 10 12 1 100 1 8 1 10 12 1 8 1 10 12 1 8 1 10 12 1 100 1 10 12 1 1 10 8 1 10 12 1 1 8 1 10 100 12 1 1 8 1 10 100 12 1 1 8 1 10 100 12 1 1 8 1 10 100 12 1 1 8 1 10 100 12 1 1 8 1 10 100 12 1 1 8 1 10 100 12 1 1 8 1 10 100 12 1 1 10 12 1 1 8 1 10 12 1 1 10 100 12 1 1 1 8 1 10 12 1 8 1 8 1 8 1 8 1 10 100 12 1 1 1 8 1 8 1 8 1 10 12 100 1 1 1 1 1 1 1 1 1 1 1 1 1 1 1 1 1 1 1 1 1 1 1 1 1 1 1 1 1 1 1 1 1 1 1 1 1 1 1 1 1 1 1 1 1 1 1 1 1 1 1 1 1 1 1 1 1 1 1 1 1 1 1 1 1 1 1 1 1 1 1 1 1 1 1 1 1 1 1 1 1 1 1 1 1 1 1 1
instanceKlass jdk/internal/reflect/UnsafeStaticFieldAccessorImpl
ciInstanceKlass jdk/internal/reflect/UnsafeFieldAccessorImpl 0 0 62 10 100 12 1 1 1 10 100 12 1 1 1 10 100 12 1 1 1 9 100 12 1 1 10 12 1 9 12 1 1 10 100 12 1 1 1 9 12 1 1 10 12 1 10 12 1 1 1 1 1 1 1 1 1 1 1 1 1 1 1 1
instanceKlass java/lang/invoke/VolatileCallSite
instanceKlass java/lang/invoke/MutableCallSite
instanceKlass java/lang/invoke/ConstantCallSite
ciInstanceKlass java/lang/invoke/CallSite 1 1 307 10 7 12 1 1 1 10 7 12 1 1 1 9 7 12 1 1 1 10 12 1 1 9 12 1 1 10 7 12 1 1 1 10 12 1 100 1 10 12 1 1 10 12 1 1 9 100 12 1 1 1 10 100 12 1 1 10 12 1 1 100 1 100 1 10 10 100 12 1 1 1 10 12 1 1 8 1 10 12 1 10 12 1 1 10 12 1 10 12 1 1 10 12 1 1 10 10 100 12 1 1 10 12 1 1 9 12 1 9 100 12 1 1 1 8 1 10 7 12 1 1 1 10 12 1 1 100 1 10 12 1 1 9 12 1 8 1 100 1 10 12 1 10 12 1 100 1 8 1 10 10 12 1 10 12 1 1 100 1 10 12 1 1 10 12 1 10 12 1 10 12 1 1 10 12 1 1 9 12 1 1 8 10 12 1 1 9 12 1 1 100 1 10 10 12 1 10 100 12 1 1 1 10 12 1 1 10 12 1 1 10 12 1 10 7 12 1 1 1 100 1 8 1 10 10 12 10 12 1 1 100 1 100 1 100 1 8 1 10 12 1 10 7 12 1 1 1 1 1 1 1 1 1 1 1 1 1 1 1 1 1 1 1 1 1 1 1 1 1 1 1 1 1 1 1 1 1 1 1 1 1 1 1 1 1 1 1 1 1 1 1 1 1 1 1 1 1 1 1 100 1 100 1 1 1 1
staticfield java/lang/invoke/CallSite $assertionsDisabled Z 1
ciInstanceKlass java/lang/invoke/ConstantCallSite 1 1 65 10 7 12 1 1 1 9 7 12 1 1 1 9 12 1 1 10 7 12 1 1 1 10 12 1 100 1 10 12 9 12 1 1 100 1 10 10 12 1 1 10 12 1 1 1 1 1 1 1 1 1 1 1 1 1 100 1 1 1 1 1 1 1 1
staticfield java/lang/invoke/ConstantCallSite UNSAFE Ljdk/internal/misc/Unsafe; jdk/internal/misc/Unsafe
instanceKlass java/lang/invoke/DirectMethodHandle$StaticAccessor
instanceKlass java/lang/invoke/DirectMethodHandle$Interface
instanceKlass java/lang/invoke/DirectMethodHandle$Special
instanceKlass java/lang/invoke/DirectMethodHandle$Accessor
instanceKlass java/lang/invoke/DirectMethodHandle$Constructor
ciInstanceKlass java/lang/invoke/DirectMethodHandle 1 1 911 7 1 7 1 100 1 7 1 7 1 10 7 12 1 1 1 10 7 12 1 1 1 100 1 10 12 1 10 12 1 1 10 7 12 1 1 10 12 1 1 10 12 1 10 12 1 7 1 10 12 1 1 10 12 1 1 10 12 1 10 12 1 1 10 7 12 1 1 1 10 12 1 9 12 1 1 100 1 10 9 12 1 1 9 12 1 10 12 1 10 12 1 10 12 1 1 10 12 1 10 12 1 10 12 1 10 7 12 1 1 1 10 12 1 10 12 1 1 8 1 10 12 1 1 7 1 10 12 1 7 1 10 10 12 1 10 12 1 10 12 1 10 7 12 1 1 1 10 12 1 1 7 1 10 12 1 10 12 1 7 1 10 12 1 10 12 1 1 10 12 1 1 10 12 1 8 10 100 12 1 1 1 10 12 1 10 12 1 10 12 1 1 10 12 1 9 7 12 1 1 1 7 1 10 12 1 10 7 12 1 1 1 10 12 1 10 12 1 1 9 12 1 1 100 1 10 8 1 10 12 1 1 10 12 1 10 12 1 10 10 12 1 10 12 1 10 12 1 10 12 1 10 12 1 1 10 12 1 10 12 1 1 10 12 1 10 12 1 1 10 10 7 12 1 1 1 10 12 1 10 12 1 1 10 12 1 10 12 1 1 8 1 9 7 12 1 1 1 8 1 9 12 1 9 12 1 8 1 9 12 1 9 12 1 8 1 9 12 1 9 12 1 8 1 10 12 1 10 12 1 1 9 12 1 1 7 1 10 12 1 1 100 1 10 7 12 1 1 1 10 12 1 1 10 12 1 10 12 1 1 7 1 10 12 1 1 10 12 1 10 12 1 1 7 1 10 12 1 1 10 7 12 1 1 1 10 12 1 10 12 1 10 12 1 9 12 1 1 10 7 1 9 12 9 12 1 10 7 12 1 1 1 10 12 1 7 1 7 1 7 1 9 12 1 1 10 7 12 1 1 1 10 12 10 12 1 100 1 10 12 1 10 12 1 1 8 1 9 12 1 9 12 1 10 12 1 1 9 12 1 1 10 7 12 1 1 1 9 12 1 1 9 12 1 1 10 12 1 10 12 1 10 12 1 10 12 1 10 12 1 1 10 12 1 9 12 1 10 12 1 10 12 1 10 12 1 10 12 1 1 10 12 1 1 9 12 1 1 10 12 1 1 9 7 12 1 1 1 9 12 1 9 12 1 9 12 1 9 12 1 9 12 1 9 12 1 9 12 1 9 12 1 9 12 1 9 12 1 9 12 1 9 12 1 9 12 1 9 12 1 9 12 1 9 12 1 9 12 1 9 12 1 9 12 1 9 12 1 9 12 1 9 12 1 9 12 1 9 12 1 9 12 1 9 12 1 9 12 1 9 12 1 9 12 1 9 12 1 9 12 1 9 12 1 9 12 1 9 12 1 9 12 1 9 12 1 8 1 9 12 1 1 9 12 1 1 10 12 1 10 12 1 1 9 7 1 10 12 1 9 12 1 1 10 12 10 12 1 10 12 1 10 12 1 10 8 1 8 1 8 1 8 1 10 12 1 1 9 12 1 1 10 12 1 10 100 12 1 1 1 8 9 12 1 1 10 12 1 1 8 1 8 8 9 12 1 8 1 8 8 8 8 8 1 8 10 12 1 7 1 10 12 1 8 1 8 1 10 12 1 10 12 1 10 12 1 10 12 1 1 7 1 1 1 1 3 1 3 1 3 1 3 1 3 1 3 1 3 1 3 1 3 1 3 1 1 1 1 1 1 1 1 1 1 3 1 3 1 1 1 1 3 1 1 1 1 1 1 1 1 1 1 1 1 1 1 1 1 1 1 1 1 1 1 1 1 1 1 1 1 1 1 1 1 1 1 1 1 1 1 1 1 1 1 1 1 1 1 1 1 1 1 1 1 1 1 1 1 100 1 1 1 1 1 1 1 1 1 100 1 1 1 1 1 1 1 1 1 1 1 1 1 1 1 1 1 1 1 1 1 1 1 1 1 1 1 1 1 1 1 1 1 1 1 1 1 1 1 1 1 1 1 1 1 1 1 1 1 1 1
staticfield java/lang/invoke/DirectMethodHandle IMPL_NAMES Ljava/lang/invoke/MemberName$Factory; java/lang/invoke/MemberName$Factory
staticfield java/lang/invoke/DirectMethodHandle FT_UNCHECKED_REF I 8
staticfield java/lang/invoke/DirectMethodHandle ACCESSOR_FORMS [Ljava/lang/invoke/LambdaForm; 132 [Ljava/lang/invoke/LambdaForm;
staticfield java/lang/invoke/DirectMethodHandle ALL_WRAPPERS [Lsun/invoke/util/Wrapper; 10 [Lsun/invoke/util/Wrapper;
staticfield java/lang/invoke/DirectMethodHandle NFS [Ljava/lang/invoke/LambdaForm$NamedFunction; 12 [Ljava/lang/invoke/LambdaForm$NamedFunction;
staticfield java/lang/invoke/DirectMethodHandle OBJ_OBJ_TYPE Ljava/lang/invoke/MethodType; java/lang/invoke/MethodType
staticfield java/lang/invoke/DirectMethodHandle LONG_OBJ_TYPE Ljava/lang/invoke/MethodType; java/lang/invoke/MethodType
staticfield java/lang/invoke/DirectMethodHandle $assertionsDisabled Z 1
ciMethod java/lang/invoke/DirectMethodHandle allocateInstance (Ljava/lang/Object;)Ljava/lang/Object; 522 0 48756 0 0
ciMethod java/lang/invoke/DirectMethodHandle internalMemberName (Ljava/lang/Object;)Ljava/lang/Object; 1024 0 18508 0 -1
ciMethod java/lang/invoke/DirectMethodHandle constructorMethod (Ljava/lang/Object;)Ljava/lang/Object; 770 0 48816 0 0
ciInstanceKlass java/lang/invoke/MutableCallSite 0 0 63 10 100 12 1 1 1 10 12 1 9 100 12 1 1 1 10 12 1 10 12 1 1 9 12 1 1 10 100 12 1 1 1 10 100 12 1 1 1 10 12 1 1 1 1 1 1 1 1 1 1 1 1 1 1 1 1 1 1 100 1 1 1
ciInstanceKlass java/lang/invoke/VolatileCallSite 0 0 37 10 100 12 1 1 1 10 12 1 10 100 12 1 1 1 10 12 1 10 12 1 1 1 1 1 1 1 1 1 1 1 1 1 1 1 1
instanceKlass java/lang/invoke/VarHandleLongs$Array
instanceKlass java/lang/invoke/VarHandleInts$Array
instanceKlass java/lang/invoke/VarHandleReferences$Array
instanceKlass java/lang/invoke/VarHandleReferences$FieldStaticReadOnly
instanceKlass java/lang/invoke/VarHandleByteArrayAsLongs$ByteArrayViewVarHandle
instanceKlass java/lang/invoke/VarHandleByteArrayAsInts$ByteArrayViewVarHandle
instanceKlass java/lang/invoke/VarHandleInts$FieldInstanceReadOnly
instanceKlass java/lang/invoke/VarHandleLongs$FieldInstanceReadOnly
instanceKlass java/lang/invoke/VarHandleReferences$FieldInstanceReadOnly
instanceKlass java/lang/invoke/VarHandleBooleans$FieldInstanceReadOnly
ciInstanceKlass java/lang/invoke/VarHandle 1 1 476 10 7 12 1 1 1 10 7 12 1 1 9 12 1 1 9 12 1 1 100 1 10 8 1 10 12 1 1 10 7 12 1 1 1 10 12 1 1 10 100 12 1 1 1 9 100 12 1 1 1 10 12 1 1 10 7 12 1 1 1 10 12 1 1 9 12 1 10 12 1 9 12 1 1 10 7 12 1 1 10 12 1 9 7 12 1 1 1 9 12 1 1 10 12 1 1 100 1 100 1 10 8 1 10 12 1 1 10 12 1 8 1 10 12 1 10 12 1 9 12 1 1 9 12 1 10 12 1 10 12 1 1 10 12 1 10 10 100 12 1 1 1 10 12 1 1 10 12 1 1 10 100 12 1 1 1 10 100 12 1 1 1 10 100 12 1 1 1 9 12 1 1 9 10 12 1 10 12 1 10 12 1 1 10 12 1 10 100 12 1 1 1 9 12 1 1 10 12 1 1 9 12 1 10 12 1 10 12 1 10 100 12 1 1 100 1 10 9 7 12 1 1 1 9 12 1 1 10 7 12 1 1 1 10 12 1 10 12 1 10 12 1 10 12 1 10 12 1 10 12 1 1 8 10 12 1 1 7 1 10 12 1 1 100 1 1 1 1 1 1 1 1 1 1 1 1 1 1 1 1 1 1 1 1 1 1 1 1 1 1 1 1 1 1 1 1 1 1 1 1 1 1 1 1 1 1 1 1 1 1 1 1 1 1 1 1 1 1 1 1 1 1 1 1 1 1 1 1 1 1 1 1 1 100 1 1 1 1 1 1 1 1 100 1 1 1 1 1 1 1 1 1 1 1 1 100 1 100 1 100 1 1 100 1 100 1 100 1 100 1 100 1 100 1 100 1 100 1 100 1 100 1 100 1 100 1 100 1 100 1 100 1 100 1 100 1 100 1 100 1 100 1 100 1 100 1 100 1 100 1 100 1 100 1 100 1 100 1 100 1 100 1 100 1 100 1 100 1 100 1 100 1 1 1 1 1 1 100 1 1 1 100 1 1 100 1 100 1 100 1 100 1 100 1 100 1 1 1 1 100 1 100 1 100 1 100 1 100 1 100 1 100 1 100 1
staticfield java/lang/invoke/VarHandle VFORM_OFFSET J 16
staticfield java/lang/invoke/VarHandle $assertionsDisabled Z 1
ciMethod java/lang/invoke/VarHandle releaseFence ()V 1022 0 6174 0 -1
ciInstanceKlass java/lang/invoke/MemberName 1 1 756 7 1 7 1 100 1 9 12 1 1 10 7 12 1 1 1 9 12 1 1 10 12 1 1 10 12 1 1 10 12 1 1 10 12 1 10 12 1 1 10 7 12 1 1 1 10 12 1 9 7 12 1 1 10 12 1 100 1 100 1 10 12 1 8 1 10 12 1 1 10 12 1 10 12 1 1 10 12 1 9 12 1 1 8 1 10 100 12 1 1 1 7 1 10 10 12 1 1 100 1 100 1 10 12 1 9 12 1 1 100 1 8 1 10 12 1 10 12 1 10 12 1 10 12 1 10 12 1 1 10 12 1 10 12 1 10 12 1 1 10 12 1 1 10 12 1 8 1 8 1 8 1 10 100 12 1 1 1 10 12 1 9 12 1 1 3 10 12 1 10 12 1 10 12 1 10 10 7 12 1 1 1 10 12 1 10 12 1 10 12 1 10 12 1 7 1 8 10 12 1 1 10 12 1 1 8 1 9 100 1 8 9 100 1 10 12 1 1 10 12 1 10 12 1 8 1 10 12 1 1 10 12 1 10 12 1 10 12 1 10 12 1 1 100 1 10 12 1 1 10 12 1 8 1 10 12 1 10 12 1 8 1 10 12 1 1 10 12 1 1 100 1 10 12 1 1 10 12 8 1 8 1 100 1 10 12 1 10 100 12 1 1 1 100 1 10 12 10 12 1 10 12 1 10 12 1 10 12 1 10 10 12 1 10 12 1 10 12 1 3 10 12 1 3 10 12 1 3 3 3 3 3 3 3 100 1 10 12 1 10 7 12 1 1 1 10 12 1 3 9 12 1 10 12 1 1 3 10 12 1 10 10 7 12 1 1 1 10 12 1 1 10 7 1 10 10 12 1 10 12 1 10 12 1 10 10 12 1 1 10 12 1 10 12 1 10 12 1 100 1 10 10 10 12 100 1 10 10 10 12 1 1 10 12 1 1 10 10 12 1 8 10 7 1 10 12 1 10 7 1 10 12 1 10 12 1 10 12 1 10 10 12 1 10 12 1 1 10 12 1 1 10 12 1 10 12 1 10 12 1 100 1 10 12 1 1 100 1 8 1 10 7 1 10 12 1 10 12 10 12 1 1 10 12 1 10 12 1 8 1 8 1 8 1 8 1 10 12 1 10 12 1 10 12 1 1 8 1 8 1 10 12 1 8 1 10 10 12 1 10 12 1 8 1 8 1 10 10 12 1 8 1 10 100 12 1 1 1 8 1 10 12 1 10 12 1 1 10 12 1 8 1 8 1 8 1 8 1 100 1 10 8 1 8 1 8 1 8 1 10 12 1 100 1 100 1 100 1 10 100 1 10 100 1 10 100 12 1 1 1 9 7 12 1 1 1 100 1 100 1 1 1 1 1 1 1 3 1 3 1 3 1 3 1 3 1 3 1 1 1 1 1 1 1 1 3 1 3 1 1 1 1 3 1 1 1 1 1 1 1 1 1 1 1 1 1 1 1 1 1 1 1 1 1 1 1 1 1 1 1 1 1 1 1 1 1 1 1 1 1 1 1 1 1 1 1 1 1 1 1 1 1 1 1 1 1 1 1 1 1 1 1 1 1 1 1 1 1 1 1 1 1 1 1 1 1 1 1 1 1 1 1 1 1 1 1 1 1 1 1 1 1 1 1 1 1 1 1 1 1 1 1 1 1 1 1 1 1 1 100 1 1 1 1 1 1 1 1 1 1 1 1 1 1 1
staticfield java/lang/invoke/MemberName $assertionsDisabled Z 1
ciInstanceKlass java/lang/invoke/ResolvedMethodName 1 1 16 10 100 12 1 1 1 100 1 1 1 1 1 1 1 1
ciInstanceKlass java/lang/invoke/MethodHandleNatives 1 1 660 100 1 10 7 12 1 1 1 9 7 12 1 1 1 10 12 1 1 100 1 10 10 12 1 1 10 12 1 10 12 1 8 1 8 1 8 1 8 1 8 1 8 1 8 1 8 1 8 1 8 1 10 12 1 1 7 1 10 7 12 1 1 1 10 100 12 1 1 1 7 1 10 10 12 1 1 8 1 10 12 1 8 1 10 12 1 1 8 1 10 12 1 1 9 100 12 1 1 1 8 1 10 100 12 1 1 1 100 1 10 12 100 1 100 1 8 1 7 1 10 10 12 1 7 1 9 7 12 1 1 10 12 1 1 10 12 1 10 7 12 1 1 1 7 1 10 12 1 1 10 7 12 1 1 1 10 12 1 10 12 1 1 10 12 1 1 9 12 1 8 1 10 12 1 8 1 10 12 1 8 1 8 1 8 1 100 1 10 12 1 8 1 10 12 1 1 10 12 1 10 100 12 1 1 1 100 1 8 1 10 100 12 1 1 1 7 1 8 1 10 12 1 8 1 8 1 8 1 8 1 8 1 10 12 1 1 10 12 1 1 10 12 1 10 12 1 1 10 12 1 1 7 1 10 12 1 100 1 100 1 10 12 1 10 12 1 8 1 8 1 10 10 12 1 1 10 12 1 1 8 1 10 100 12 1 1 1 8 1 8 1 10 12 1 1 10 7 12 1 1 1 100 1 10 12 1 1 7 1 9 12 1 1 10 7 12 1 1 1 10 10 12 1 9 12 1 10 12 1 1 9 12 1 9 12 1 10 12 1 1 10 12 1 10 12 1 1 7 1 7 1 10 12 1 1 10 12 1 10 12 1 1 10 7 12 1 1 1 10 12 1 8 1 10 12 1 10 12 1 10 12 1 1 10 12 1 10 7 12 1 1 1 10 12 1 1 100 1 8 1 10 9 7 12 1 1 1 10 12 1 1 10 12 1 1 100 1 10 12 1 1 10 12 1 1 100 1 100 1 10 10 100 1 100 1 10 100 1 10 10 12 1 1 10 100 1 10 12 1 10 12 1 10 12 1 1 10 12 1 1 10 12 1 1 10 12 1 10 12 1 1 10 8 1 100 1 10 12 1 10 12 1 10 12 1 10 12 1 10 12 1 1 10 12 1 10 12 1 10 12 1 10 10 7 12 1 1 10 12 1 1 1 1 1 1 1 1 1 1 1 1 1 100 1 1 1 1 1 1 1 1 1 1 1 1 1 1 1 1 1 1 1 1 1 1 1 1 1 1 1 1 1 1 1 1 1 1 1 1 1 1 1 1 1 1 1 1 1 1 1 1 1 1 1 1 1 1 1 1 1 1 1 1 1 1 1 1 1 1 1 1 1 1 1 1 1 1 1 1 1 1 1 1 1 1 1 1 1 1 1 1 1 1 1 1 1 1 1 1 1 100 1 1 1 1 1 1 1 1 1 1 1 1 1 1 1 1 1 1 1 1 1 1 1 1 1 1 100 1 1 1 1 1 1 1 100 1 1 1
staticfield java/lang/invoke/MethodHandleNatives $assertionsDisabled Z 1
ciInstanceKlass java/lang/invoke/Invokers 1 1 782 100 1 10 7 12 1 1 1 9 7 12 1 1 1 7 1 9 12 1 1 9 12 1 1 10 12 1 1 10 12 1 1 10 12 1 1 10 7 12 1 1 1 10 12 1 10 12 1 1 10 12 1 1 7 1 10 12 1 10 12 1 1 10 7 12 1 1 1 9 12 1 1 10 12 1 1 100 1 10 10 12 1 10 12 1 1 10 12 1 1 10 12 1 1 9 12 1 10 7 12 1 1 1 10 12 1 10 12 1 1 10 100 12 1 1 1 8 1 8 1 10 7 12 1 1 1 10 12 1 1 10 12 1 1 7 1 100 1 10 12 1 1 10 12 1 1 100 1 9 12 1 1 10 100 1 10 12 1 10 12 1 1 10 12 1 10 12 1 10 12 1 10 12 1 9 12 1 10 7 12 1 1 9 7 12 1 1 1 8 1 10 12 1 1 100 1 100 1 10 8 1 10 12 1 1 10 12 1 10 12 1 10 7 12 1 1 1 10 12 1 10 12 1 1 100 1 10 7 12 1 1 1 10 12 1 10 12 1 1 10 12 1 10 12 1 1 10 12 1 1 10 12 1 10 12 1 10 12 1 1 10 12 1 1 10 100 12 1 1 1 9 100 12 1 1 1 10 100 12 1 1 1 10 12 1 1 10 12 1 1 10 12 1 7 1 10 12 1 1 8 1 10 12 1 1 10 100 12 1 1 1 10 12 1 1 8 1 10 7 12 1 1 10 100 1 8 1 10 12 1 9 12 1 1 9 7 12 1 1 1 9 12 1 9 12 1 9 12 1 10 10 12 1 1 9 12 1 10 12 1 1 10 12 1 1 100 1 10 100 12 1 1 10 12 1 1 10 7 12 1 1 1 10 100 12 1 1 1 10 12 1 10 12 1 1 10 12 1 1 10 12 1 10 12 1 10 12 1 10 12 1 1 8 1 10 12 1 10 12 1 10 12 1 1 10 100 12 1 1 10 12 1 1 10 12 1 9 12 1 10 12 1 8 1 10 12 1 1 10 12 1 1 10 12 1 1 9 12 1 9 12 1 8 1 8 1 10 12 1 10 12 1 9 12 10 12 1 1 9 12 1 100 1 8 1 8 1 10 9 12 1 10 12 1 9 12 1 10 12 1 10 12 1 1 10 12 1 1 10 12 1 100 1 10 7 12 1 1 1 9 12 1 9 12 1 10 12 1 10 7 12 1 1 9 12 1 10 12 1 10 12 9 12 1 1 10 12 1 7 1 10 100 12 1 1 1 8 1 9 7 12 1 1 1 10 12 1 1 10 12 1 1 8 1 8 1 10 12 1 8 1 8 1 8 1 8 1 8 1 10 12 1 10 12 1 10 12 1 1 7 1 10 7 12 1 1 10 12 1 10 12 1 9 12 1 9 12 1 1 7 1 10 7 12 1 1 1 1 1 1 1 3 1 3 1 3 1 3 1 1 1 1 1 1 1 3 1 3 1 3 1 3 1 1 1 1 1 1 1 1 1 1 1 1 1 1 1 1 1 1 1 1 1 1 1 1 1 1 1 1 1 1 1 1 1 1 1 1 1 1 1 1 1 1 1 1 1 1 1 1 1 1 1 1 1 1 1 1 1 1 1 1 1 1 1 1 1 1 1 1 1 1 1 1 1 100 1 1 1 1 1 1 1 1 1 1 1 1 1 1 1 1 1 1 1 1 1 1 1 1 1 100 1 1 1 1 1 1 1 1 1 1 1 1 1 1 100 1 1 1 1 1 1 1 1 1 1 1 1 1 1
staticfield java/lang/invoke/Invokers VH_INV_GENERIC I 34
staticfield java/lang/invoke/Invokers INV_LIMIT I 65
staticfield java/lang/invoke/Invokers NFS [Ljava/lang/invoke/LambdaForm$NamedFunction; 7 [Ljava/lang/invoke/LambdaForm$NamedFunction;
staticfield java/lang/invoke/Invokers $assertionsDisabled Z 1
ciInstanceKlass java/lang/invoke/MethodHandleNatives$CallSiteContext 1 1 49 10 7 12 1 1 1 7 1 10 10 7 12 1 1 1 10 7 12 1 1 1 10 7 12 1 1 1 100 1 1 1 1 1 1 1 1 1 1 1 1 1 1 1 1 1 100 1 1
ciInstanceKlass jdk/internal/foreign/abi/NativeEntryPoint 0 0 183 10 100 12 1 1 1 9 100 12 1 1 1 9 12 1 1 100 1 8 1 10 12 1 9 12 1 1 10 100 12 1 1 1 9 100 12 1 1 1 100 1 8 1 10 12 1 8 1 100 1 10 100 12 1 1 1 10 12 1 9 12 1 1 18 12 1 1 10 100 12 1 1 1 10 12 1 1 100 1 8 1 10 10 12 1 1 10 12 1 9 12 1 1 18 12 1 1 10 100 12 1 1 1 10 12 1 1 10 100 12 1 1 1 10 12 1 10 100 12 1 1 1 10 1 1 1 1 1 1 1 1 1 1 1 1 1 1 1 1 1 1 1 1 1 1 1 1 1 1 1 1 1 1 1 15 10 100 12 1 1 1 16 1 15 10 12 16 1 16 15 10 12 1 1 100 1 1 100 1 100 1 1
ciInstanceKlass jdk/internal/foreign/abi/ABIDescriptor 0 0 46 10 100 12 1 1 1 9 100 12 1 1 1 9 12 1 1 9 12 1 9 12 1 9 12 1 1 9 12 1 9 12 1 1 9 12 1 1 1 1 1 1 1 1 1 1
ciInstanceKlass jdk/internal/foreign/abi/VMStorage 0 0 76 10 100 12 1 1 1 9 100 12 1 1 1 9 12 1 9 12 1 1 10 12 1 1 10 100 12 1 1 1 10 100 12 1 1 1 100 1 10 8 1 10 12 1 1 10 12 1 8 1 8 1 10 12 1 10 12 1 1 1 1 1 1 1 1 1 1 1 1 1 1 1 1 1 1 1
ciInstanceKlass jdk/internal/foreign/abi/UpcallLinker$CallRegs 0 0 66 10 100 12 1 1 1 9 100 12 1 1 1 9 12 1 18 12 1 1 18 12 1 1 18 12 1 1 1 1 1 1 1 1 1 1 1 1 1 1 1 1 1 1 100 1 1 1 15 10 100 12 1 1 1 8 1 15 15 1 1 100 1 100 1 1
ciInstanceKlass java/lang/StackWalker 0 0 271 9 100 12 1 1 1 100 1 10 100 12 1 1 1 10 12 1 1 10 100 12 1 1 1 10 12 1 1 10 12 1 11 100 12 1 1 1 10 12 1 1 10 12 1 1 10 12 1 1 100 1 8 1 10 12 1 10 12 1 10 12 1 10 100 12 1 1 9 12 1 1 9 12 1 1 9 12 1 1 9 12 1 1 10 12 1 1 9 12 1 1 9 12 1 1 9 12 1 1 10 100 12 1 1 1 11 12 1 1 100 1 8 1 10 10 100 12 1 1 9 12 1 1 10 12 1 1 10 100 12 1 1 1 10 100 12 1 1 1 18 12 1 1 100 1 8 1 10 8 1 10 12 1 1 10 100 12 1 1 1 10 12 1 1 9 100 12 1 1 11 100 12 1 1 1 10 12 1 1 1 1 1 1 1 1 1 1 1 1 1 1 1 1 1 1 1 1 1 1 1 1 1 1 1 1 1 1 1 1 1 1 1 1 1 1 1 1 1 1 1 1 1 1 1 1 1 1 1 1 1 1 1 1 1 1 1 1 1 1 1 1 1 1 100 1 1 15 10 100 12 1 1 1 16 15 10 12 16 1 1 1 1 1 1 1 100 1 100 1 1
instanceKlass java/lang/LiveStackFrameInfo
ciInstanceKlass java/lang/StackFrameInfo 0 0 142 10 100 12 1 1 1 9 100 12 1 1 1 9 100 1 9 12 1 1 11 100 12 1 1 1 9 12 1 1 11 12 1 1 10 12 1 1 10 100 12 1 1 1 10 12 1 11 12 1 11 12 1 1 11 12 1 10 12 1 1 9 12 1 1 10 12 1 1 10 100 12 1 1 10 12 1 1 11 12 1 1 9 12 1 1 10 100 1 10 12 1 9 12 1 1 10 12 1 1 100 1 8 1 10 12 1 10 100 12 1 1 1 100 1 1 1 1 1 1 1 1 1 1 1 1 1 1 1 1 1 1 100 1 1 100 1 1 1 1 1 1
ciInstanceKlass java/lang/LiveStackFrameInfo 0 0 97 10 100 12 1 1 1 9 100 12 1 1 1 9 12 1 9 12 1 9 12 1 9 12 1 1 100 1 10 12 1 1 10 12 1 8 1 10 12 1 1 8 1 8 1 8 1 10 100 1 10 12 1 100 1 10 12 1 100 1 100 1 1 1 3 1 3 1 1 1 1 1 1 1 1 1 1 1 1 1 1 1 1 1 1 1 1 1 1 1 1 1 1 1 100 1 1
ciInstanceKlass java/lang/StackStreamFactory$AbstractStackWalker 1 0 381 100 1 100 1 3 10 100 12 1 1 1 10 100 12 1 1 10 100 12 1 1 1 9 12 1 1 10 12 1 1 9 12 1 1 9 12 1 1 9 12 1 1 9 12 1 10 100 12 1 1 1 10 12 1 1 10 100 12 1 1 9 12 1 1 9 12 1 1 10 12 1 1 9 100 12 1 1 1 10 12 1 1 10 12 1 9 12 1 1 10 100 12 1 1 1 10 12 1 1 9 12 1 1 9 100 12 1 1 1 100 1 10 8 1 10 12 1 1 10 12 1 8 1 10 12 1 1 10 100 12 1 1 1 100 1 8 1 10 12 1 8 1 10 12 9 100 12 1 1 1 10 100 12 1 1 9 12 1 8 1 5 0 8 1 8 1 9 12 1 1 10 12 1 1 18 12 1 1 10 100 12 1 1 1 10 12 1 1 10 12 1 10 12 1 9 12 1 10 12 1 10 12 1 10 12 1 10 12 1 10 12 1 10 12 1 1 8 1 10 12 1 10 12 1 10 12 1 10 12 1 1 8 1 10 12 1 1 10 12 1 1 10 12 1 1 10 12 1 10 12 1 10 100 12 1 1 1 10 12 1 10 12 1 9 12 1 8 1 10 12 1 10 12 1 10 12 1 1 10 12 1 10 12 1 10 12 1 1 10 12 1 10 12 1 10 12 1 10 12 1 10 12 1 10 12 1 1 10 12 1 1 10 12 1 8 1 1 1 1 1 1 1 1 1 1 1 1 1 100 1 1 1 1 1 1 1 100 1 1 1 1 100 1 1 1 1 1 1 1 1 1 1 1 1 1 1 1 1 1 1 1 15 10 100 12 1 1 1 16 15 1 1 1 1 1 100 1 100 1 1
ciInstanceKlass jdk/internal/module/Modules 1 1 504 10 100 12 1 1 1 9 7 12 1 1 1 11 7 12 1 1 1 11 12 1 1 11 12 1 1 11 12 1 1 11 12 1 11 12 1 11 12 1 11 12 1 11 12 1 1 10 100 12 1 1 1 10 100 12 1 1 1 18 12 1 1 10 100 12 1 1 1 100 1 10 100 12 1 1 1 10 100 12 1 1 1 10 100 12 1 1 10 12 1 1 11 12 1 9 12 1 1 11 100 12 1 1 1 10 12 1 1 10 10 12 1 10 9 12 1 1 10 100 12 1 1 10 12 1 1 10 100 12 1 1 100 1 11 100 12 1 1 1 10 100 12 1 1 1 11 100 12 1 1 10 12 1 1 10 100 12 1 1 10 100 12 1 1 1 10 12 1 1 10 12 1 1 11 12 1 1 18 12 1 1 11 100 12 1 1 10 100 12 1 1 1 11 100 12 1 1 1 100 1 11 12 1 1 11 100 12 1 1 1 11 12 1 1 10 12 1 1 10 100 12 1 1 18 12 1 1 11 12 1 1 18 12 1 1 11 12 1 1 10 12 1 18 18 10 12 1 1 9 12 1 1 11 100 12 1 1 1 100 1 10 11 12 1 11 12 1 1 11 12 1 1 10 100 1 10 12 1 1 10 100 12 1 1 10 12 1 1 11 12 10 12 1 1 100 1 10 18 12 1 10 12 1 1 100 1 8 1 10 12 1 10 100 12 1 1 18 12 1 11 11 12 10 12 1 10 10 100 1 18 12 1 10 10 10 7 12 1 1 10 7 12 1 1 1 10 12 1 1 1 1 1 1 1 1 1 1 1 1 1 1 1 1 1 1 1 1 1 1 1 1 1 1 1 1 1 1 1 1 1 100 1 1 1 1 1 1 1 1 1 1 1 1 1 1 1 1 1 1 1 1 1 1 1 1 1 1 1 1 1 1 1 1 1 1 1 100 1 1 1 1 1 1 1 1 1 1 1 1 1 1 1 1 1 1 1 1 1 1 1 15 10 100 12 1 1 1 16 15 10 12 1 16 16 15 10 12 1 16 1 16 1 15 10 12 1 16 1 16 1 15 10 12 16 1 15 10 16 1 15 10 12 16 1 15 10 12 16 15 10 12 16 15 10 12 1 1 1 100 1 100 1 1
staticfield jdk/internal/module/Modules JLA Ljdk/internal/access/JavaLangAccess; java/lang/System$2
staticfield jdk/internal/module/Modules JLMA Ljdk/internal/access/JavaLangModuleAccess; java/lang/module/ModuleDescriptor$1
staticfield jdk/internal/module/Modules $assertionsDisabled Z 1
ciInstanceKlass java/lang/invoke/Invokers$Holder 1 1 128 1 100 1 100 1 1 1 1 1 1 1 7 1 7 1 7 1 1 12 10 1 1 12 10 1 1 12 10 1 1 100 1 1 12 9 1 1 1 12 10 1 1 1 12 10 1 1 12 10 1 1 12 10 1 12 10 1 1 1 12 10 1 1 100 1 1 12 10 1 12 10 1 1 12 10 1 12 10 1 1 12 10 1 1 12 10 1 12 10 1 1 12 10 1 1 12 10 1 1 12 10 1 12 10 12 10 12 10 12 10 12 10 1 1 12 10 1 1 12 10 1 1 12 10 1 1 1
ciMethod java/lang/invoke/Invokers$Holder linkToTargetMethod (Ljava/lang/Object;Ljava/lang/Object;)Ljava/lang/Object; 512 0 40015 0 -1
ciInstanceKlass java/lang/invoke/DirectMethodHandle$Holder 1 1 548 1 100 1 100 1 1 1 1 1 1 1 7 1 1 12 10 1 12 10 1 7 1 7 1 1 12 10 1 1 1 1 12 10 1 1 12 10 1 1 12 10 1 1 12 10 1 1 12 10 1 1 12 10 1 1 12 10 1 1 12 10 1 1 12 10 1 1 12 10 1 1 12 10 1 1 12 10 1 1 12 10 1 1 12 10 1 1 12 10 1 1 12 10 1 1 12 10 1 1 12 10 1 1 12 10 1 1 12 10 1 1 12 10 1 1 12 10 1 1 12 10 1 1 12 10 1 1 12 10 1 1 12 10 1 1 12 10 1 1 12 10 1 1 12 10 1 1 12 10 1 1 12 10 1 1 12 10 1 1 12 10 1 1 12 10 1 1 12 10 1 1 12 10 1 1 12 10 1 1 12 10 1 1 12 10 1 1 12 10 1 1 12 10 1 1 12 10 1 1 12 10 1 1 12 10 1 1 12 10 1 1 12 10 1 1 12 10 1 1 12 10 1 1 12 10 1 1 12 10 1 1 12 10 12 10 12 10 1 1 12 10 12 10 1 1 12 10 1 1 12 10 12 10 12 10 12 10 1 1 12 10 12 10 1 1 12 10 12 10 1 1 12 10 1 1 12 10 12 10 12 10 12 10 12 10 1 1 12 10 1 1 12 10 1 1 12 10 1 1 12 10 1 1 12 10 1 1 12 10 1 1 12 10 1 1 12 10 1 1 12 10 1 1 12 10 1 1 12 10 1 1 12 10 1 1 12 10 1 1 12 10 12 10 12 10 12 10 1 12 10 1 1 12 10 1 1 12 10 1 1 1 1 12 10 12 10 1 1 12 10 1 12 10 12 10 1 1 12 10 1 12 10 12 10 1 1 1 12 10 1 12 10 1 7 1 1 12 9 1 7 1 12 10 1 12 10 1 1 1 12 10 1 12 10 1 1 12 10 1 12 10 1 1 1 12 10 1 12 10 1 1 12 10 1 12 10 1 1 12 10 1 12 10 1 1 12 10 1 12 10 1 1 12 10 1 12 10 1 1 12 10 1 12 10 1 1 12 10 1 12 10 1 1 12 10 1 12 10 1 1 1 12 10 1 12 10 1 1 1 12 10 1 12 10 1 1 1 1 12 10 1 12 10 1 1 1 12 10 1 12 10 1 1 1 1 1 12 10 1 12 10 1 1 1 12 10 1 12 10 1 1 1 12 10 1 12 10 1 1 12 10 1 12 10 1 1 1
ciMethod java/lang/invoke/DirectMethodHandle$Holder newInvokeSpecial (Ljava/lang/Object;Ljava/lang/Object;)Ljava/lang/Object; 514 0 38870 0 -1
ciInstanceKlass jdk/internal/loader/ClassLoaders 1 1 183 10 100 12 1 1 1 10 7 12 1 1 1 10 12 1 1 10 100 12 1 1 1 9 7 12 1 1 1 9 12 1 1 9 12 1 1 7 1 11 100 12 1 1 1 100 1 11 12 1 1 11 12 1 1 10 100 12 1 1 1 10 100 12 1 1 1 100 1 100 1 10 7 12 1 1 1 9 12 1 1 10 12 1 1 7 1 10 12 1 1 10 12 1 7 1 8 1 10 7 12 1 1 1 10 12 1 1 7 1 10 12 1 10 12 1 10 12 1 8 1 10 7 12 1 1 8 1 8 1 10 12 1 7 1 10 12 1 10 12 1 10 12 1 1 1 1 1 1 1 1 1 1 1 1 1 1 1 1 1 1 1 1 100 1 1 1 1 1 1 1 1 1 1 1 1 1 1 1 1 1 1 1
staticfield jdk/internal/loader/ClassLoaders JLA Ljdk/internal/access/JavaLangAccess; java/lang/System$2
staticfield jdk/internal/loader/ClassLoaders BOOT_LOADER Ljdk/internal/loader/ClassLoaders$BootClassLoader; jdk/internal/loader/ClassLoaders$BootClassLoader
staticfield jdk/internal/loader/ClassLoaders PLATFORM_LOADER Ljdk/internal/loader/ClassLoaders$PlatformClassLoader; jdk/internal/loader/ClassLoaders$PlatformClassLoader
staticfield jdk/internal/loader/ClassLoaders APP_LOADER Ljdk/internal/loader/ClassLoaders$AppClassLoader; jdk/internal/loader/ClassLoaders$AppClassLoader
ciInstanceKlass java/util/ArrayList 1 1 493 10 7 12 1 1 1 7 1 9 7 12 1 1 1 9 12 1 100 1 100 1 10 8 1 10 12 1 1 10 12 1 10 12 1 1 10 12 1 9 12 1 11 7 12 1 1 1 9 12 1 1 11 12 1 1 7 10 7 12 1 1 1 9 12 1 10 12 1 10 12 1 1 10 7 12 1 1 1 10 7 12 1 1 1 10 12 1 1 10 12 1 1 10 12 1 1 10 12 1 10 12 1 1 100 1 100 1 10 12 1 10 10 7 12 1 1 1 10 7 12 1 1 10 12 1 10 12 10 12 1 1 10 12 1 1 10 12 1 1 100 1 10 12 1 1 10 12 1 1 10 12 1 100 1 10 11 12 1 1 11 100 12 1 1 1 11 12 1 10 12 1 10 12 1 10 12 1 1 100 1 10 12 1 1 10 10 12 1 1 10 12 1 8 1 8 1 8 1 8 1 10 12 1 1 10 12 1 1 11 12 1 100 1 10 100 12 1 1 10 12 1 10 12 1 1 10 100 12 1 1 10 12 1 10 100 12 1 1 1 11 100 12 1 1 1 10 12 1 100 1 8 1 10 100 1 10 12 1 7 1 10 12 1 10 12 1 1 7 1 10 12 1 10 12 1 1 11 7 12 1 1 7 1 10 12 1 10 12 1 1 11 100 12 1 1 10 12 1 1 10 12 1 1 10 12 1 1 10 12 1 1 11 7 12 1 1 10 12 1 1 100 1 100 1 100 1 1 1 1 5 0 1 3 1 1 1 1 1 1 1 1 1 1 1 1 1 1 1 1 1 1 1 1 1 1 1 1 1 1 1 1 1 1 1 1 1 1 1 1 1 1 1 1 1 1 1 1 1 1 1 1 1 1 1 1 1 1 1 1 1 1 1 1 1 1 1 1 1 1 1 1 1 1 1 1 1 1 1 1 1 1 1 1 1 1 1 1 1 1 1 1 1 1 1 1 1 1 1 1 100 1 1 1 1 100 1 1 1 1 1 1 1 1 1 1 1 1 1 1 1 1 1 1 1 1 1 1 1 1 1 1 1 1 1 100 1 1 1 1 1 1 1 1 1 1 1 1 1 1 1 1 1 1 100 1 100 1 1 1 1 1 1
staticfield java/util/ArrayList EMPTY_ELEMENTDATA [Ljava/lang/Object; 0 [Ljava/lang/Object;
staticfield java/util/ArrayList DEFAULTCAPACITY_EMPTY_ELEMENTDATA [Ljava/lang/Object; 0 [Ljava/lang/Object;
ciInstanceKlass java/util/function/BiFunction 1 1 65 10 100 12 1 1 1 18 12 1 1 11 100 12 1 1 11 100 12 1 100 1 1 1 1 1 1 1 1 1 1 1 1 1 1 1 1 1 1 1 1 1 1 1 1 1 1 1 15 10 100 12 1 1 1 16 15 11 12 1 100 1 100 1 1
ciInstanceKlass java/lang/invoke/DirectMethodHandle$Interface 1 1 126 10 7 12 1 1 1 9 7 12 1 1 1 10 7 12 1 1 1 100 1 10 12 1 9 12 1 1 9 12 1 1 9 12 1 10 12 1 10 12 1 1 10 12 1 9 12 1 1 10 12 1 1 8 1 100 1 10 12 1 1 10 12 1 1 10 100 12 1 1 1 100 1 10 12 1 8 1 100 1 10 10 12 1 10 12 1 1 1 1 1 1 1 1 1 1 1 1 100 1 100 1 100 1 1 1 1 1 1 1 1 1 1 1 1 1 1 1 1 1 1 1 1 1 1 1
staticfield java/lang/invoke/DirectMethodHandle$Interface $assertionsDisabled Z 1
ciInstanceKlass java/lang/invoke/DirectMethodHandle$Constructor 1 1 90 10 7 12 1 1 1 9 7 12 1 1 1 9 12 1 1 9 12 1 1 10 100 12 1 1 1 100 1 10 12 1 9 12 1 9 12 1 10 12 1 10 12 1 1 9 12 1 1 10 12 1 1 10 7 12 1 1 1 1 1 1 1 1 1 1 1 1 1 1 100 1 100 1 1 1 1 1 1 1 1 1 1 1 1 1 1 1 1 1
staticfield java/lang/invoke/DirectMethodHandle$Constructor $assertionsDisabled Z 1
ciInstanceKlass jdk/internal/util/Preconditions$4 1 1 60 9 7 12 1 1 1 10 7 12 1 1 1 10 100 12 1 1 1 11 100 12 1 1 1 100 1 100 1 100 1 10 12 1 100 1 1 1 1 1 1 1 1 1 1 1 1 1 1 1 1 1 1 1 1 12 1 1 1 1
ciInstanceKlass java/lang/CharacterData00 1 1 250 9 7 12 1 1 1 9 12 1 1 9 12 1 9 12 1 10 12 1 1 10 12 1 10 12 1 1 3 3 3 3 3 3 3 3 3 3 3 3 3 3 3 3 3 3 3 3 3 3 3 3 3 3 3 3 3 3 3 3 3 3 3 3 3 3 3 3 3 3 3 3 3 3 3 3 3 3 3 3 3 3 3 3 3 3 3 3 3 3 3 3 3 3 3 3 3 3 3 3 3 3 3 3 3 3 3 3 3 3 3 3 3 3 3 3 3 3 3 3 3 3 3 3 3 3 3 10 12 1 100 1 3 3 3 3 10 12 1 9 12 1 1 10 7 12 1 1 1 10 7 12 1 1 1 9 12 1 1 10 9 12 1 1 8 1 10 7 12 1 1 1 8 1 8 1 7 1 7 3 3 3 3 3 3 3 3 3 3 3 3 8 1 100 1 10 1 1 1 1 1 1 1 1 1 1 1 1 1 1 1 1 1 1 1 1 1 1 1 1 1 1 1 1 1 1 1 1 1 1 1 1 1 1 1 1 1 1 1 1 1 1 1 1 1 1 1 1 1 1
staticfield java/lang/CharacterData00 instance Ljava/lang/CharacterData00; java/lang/CharacterData00
staticfield java/lang/CharacterData00 charMap [[[C 103 [[[C
staticfield java/lang/CharacterData00 X [C 2048
staticfield java/lang/CharacterData00 Y [C 5840
staticfield java/lang/CharacterData00 A [I 980
staticfield java/lang/CharacterData00 B [C 980
staticfield java/lang/CharacterData00 $assertionsDisabled Z 1
ciInstanceKlass java/lang/invoke/BoundMethodHandle$Species_L 1 1 125 10 7 12 1 1 1 9 7 12 1 1 1 9 12 1 1 10 12 1 9 7 12 1 1 1 10 7 12 1 1 1 10 12 1 1 10 7 12 1 1 1 100 1 10 100 12 1 1 1 9 12 1 10 12 1 9 12 1 10 12 1 9 12 1 10 12 1 9 12 1 10 12 1 10 12 1 1 10 12 1 1 1 1 1 1 1 1 1 1 1 1 1 1 1 1 1 1 1 1 1 1 1 1 1 1 1 1 1 1 1 1 1 1 1 1 1 1 1 1 1 1 100 1 1
ciInstanceKlass java/lang/invoke/BoundMethodHandle$Species_LL 1 1 73 1 7 1 7 1 1 1 1 1 1 1 1 12 9 1 1 1 12 10 12 9 12 9 1 1 12 10 1 1 1 100 1 7 1 1 12 10 1 7 1 1 12 10 1 1 1 12 10 1 1 1 12 10 1 1 1 12 10 1 1 1 12 10 1 1 1 12 10 1 1 1 1
ciMethod java/lang/invoke/Invokers checkCustomized (Ljava/lang/invoke/MethodHandle;)V 574 0 10252 0 -1
ciMethod java/lang/invoke/Invokers checkGenericType (Ljava/lang/invoke/MethodHandle;Ljava/lang/invoke/MethodType;)Ljava/lang/invoke/MethodHandle; 530 0 6024 0 -1
ciMethod java/lang/invoke/Invokers maybeCustomize (Ljava/lang/invoke/MethodHandle;)V 780 0 3957 0 -1
ciMethod java/lang/invoke/MethodHandle setAsTypeCache (Ljava/lang/invoke/MethodHandle;)Ljava/lang/invoke/MethodHandle; 124 0 2464 0 -1
ciMethod java/lang/invoke/MethodHandle asTypeCached (Ljava/lang/invoke/MethodType;)Ljava/lang/invoke/MethodHandle; 124 0 2464 0 -1
ciMethod java/lang/invoke/MethodHandle asType (Ljava/lang/invoke/MethodType;)Ljava/lang/invoke/MethodHandle; 618 0 8438 0 1024
ciMethod jdk/internal/util/Preconditions checkIndex (IILjava/util/function/BiFunction;)I 866 0 5575 0 -1
ciMethod java/util/Arrays copyOfRange ([BII)[B 1024 0 5677 0 800
ciMethod java/util/Arrays copyOf ([BI)[B 252 0 5264 0 736
ciMethod java/lang/Math min (II)I 518 0 41528 0 -1
ciMethod jdk/internal/misc/Unsafe storeFence ()V 774 0 865 0 -1
ciMethod jdk/internal/misc/Unsafe allocateInstance (Ljava/lang/Class;)Ljava/lang/Object; 770 0 385 0 -1
ciMethod java/lang/CharSequence length ()I 0 0 1 0 -1
ciMethod java/lang/CharSequence charAt (I)C 0 0 1 0 -1
ciMethod java/lang/String endsWith (Ljava/lang/String;)Z 392 0 112727 0 672
ciMethod java/lang/String startsWith (Ljava/lang/String;I)Z 514 3360 3354 0 640
ciMethod java/lang/String isLatin1 ()Z 754 0 1667025 0 96
ciMethod java/lang/String coder ()B 604 0 959600 0 64
ciMethod java/lang/String checkIndex (II)V 540 0 1468263 0 128
ciMethod java/lang/String <init> ([C)V 152 0 24734 0 -1
ciMethod java/lang/String <init> (Ljava/lang/AbstractStringBuilder;Ljava/lang/Void;)V 490 0 7630 0 1120
ciMethod java/lang/String <init> (Ljava/lang/StringBuilder;)V 490 0 153229 0 0
ciMethod java/lang/Object <init> ()V 1024 0 912023 0 128
ciInstanceKlass scala/Product 1 1 104 1 100 1 100 1 100 1 1 1 1 1 100 1 100 1 1 1 1 1 1 1 1 1 1 12 11 1 1 1 1 12 10 1 1 1 1 1 12 11 1 8 1 1 1 1 12 11 1 12 11 1 100 1 100 3 1 12 10 1 1 12 10 1 8 1 12 10 1 8 1 12 10 1 12 10 1 1 12 11 1 10 1 1 1 1 1 1 1 1 1 1 1 1 1 100 1 8 1 1 12 10 1 1
ciInstanceKlass scala/collection/IterableOnceOps 1 1 1076 1 7 1 1 100 1 1 1 1 1 100 1 100 1 1 100 1 100 1 1 7 1 7 1 1 100 1 1 100 1 100 1 1 100 1 1 100 1 1 100 1 1 100 1 1 100 1 1 100 1 1 100 1 1 100 1 1 100 1 1 1 1 1 1 1 1 1 1 1 1 1 1 1 1 1 1 1 1 1 1 1 1 1 1 1 1 1 1 1 1 1 1 1 1 1 1 1 1 1 1 1 1 1 1 12 11 1 1 1 1 1 12 10 12 11 1 1 1 1 1 1 1 1 1 12 11 1 1 12 11 1 1 1 1 12 11 1 1 1 7 1 1 12 11 1 7 1 12 11 1 12 11 1 7 1 1 12 11 1 1 1 1 1 1 12 11 1 1 7 1 1 12 10 1 1 1 1 12 11 1 1 1 1 12 11 1 1 1 1 1 12 11 1 1 7 1 12 10 1 7 1 1 12 9 1 1 1 1 1 1 1 1 7 1 1 12 11 12 11 1 7 1 12 11 1 1 1 1 1 1 1 1 1 1 1 1 1 12 11 1 1 1 1 1 1 1 12 11 1 1 1 12 11 16 1 1 12 11 15 3 1 7 1 1 12 10 15 1 12 18 1 100 11 1 1 12 11 1 1 12 11 1 1 12 11 1 1 1 1 1 12 11 1 1 12 11 1 1 1 1 12 11 1 1 12 11 1 1 1 12 11 1 100 1 8 1 12 10 1 1 1 1 1 1 1 1 100 12 11 1 1 1 1 12 11 1 1 8 1 12 11 15 18 11 1 1 1 1 1 1 1 1 1 1 1 1 1 1 12 11 1 11 1 1 12 11 1 1 12 11 1 1 1 12 11 1 1 1 1 1 1 12 11 1 1 1 100 1 1 12 11 1 1 1 1 1 1 12 11 1 3 1 12 11 1 1 12 11 1 1 1 1 7 1 12 10 1 7 1 12 9 1 7 1 12 9 1 7 1 1 12 10 1 12 10 1 7 1 12 9 1 1 12 10 1 1 1 1 1 1 1 1 1 1 1 1 12 11 1 1 1 7 1 12 11 1 1 12 11 15 1 12 18 1 12 11 15 18 1 1 12 11 1 12 11 1 12 11 15 18 1 12 11 15 18 1 1 1 1 12 11 1 1 1 7 12 11 1 8 1 1 12 11 15 1 12 18 1 1 1 1 12 11 1 1 12 11 15 18 1 12 11 12 11 1 8 1 12 11 15 18 1 1 12 11 1 12 11 15 18 1 1 1 1 12 11 1 1 8 8 1 12 11 15 18 1 12 10 1 1 12 11 15 16 3 1 12 18 12 10 1 1 1 1 12 11 1 1 12 11 15 18 1 12 11 15 18 1 1 12 10 1 1 12 11 1 8 8 1 12 11 15 18 1 12 11 15 18 1 1 12 11 1 12 11 15 18 1 12 11 15 18 1 1 1 1 12 11 1 1 1 12 10 1 7 1 1 12 11 1 1 1 1 1 1 1 1 12 11 1 1 1 1 1 1 12 11 1 1 1 1 1 1 1 12 11 1 1 7 3 1 12 10 1 1 12 10 1 1 12 10 1 7 1 12 10 1 1 12 11 12 10 1 1 12 11 1 8 1 12 11 1 1 1 1 1 1 12 10 1 7 10 1 12 10 1 1 1 1 12 11 1 1 12 11 1 1 1 1 1 1 12 11 1 1 1 100 1 1 12 11 1 1 1 12 11 1 1 1 1 1 12 11 1 1 7 1 12 9 1 7 1 12 9 1 1 12 10 1 1 1 1 1 12 11 1 1 7 1 12 9 1 12 10 1 1 1 1 1 12 11 1 1 1 7 1 12 9 1 12 10 1 1 1 1 12 11 1 1 7 1 12 9 1 12 10 1 1 1 1 12 11 1 1 7 1 12 9 1 12 10 1 1 1 1 12 11 1 1 100 1 12 9 1 12 10 1 1 1 1 12 11 1 1 100 1 12 9 1 100 1 12 9 1 12 10 1 100 1 1 1 1 1 1 12 11 1 1 100 1 12 9 1 12 10 1 100 1 1 1 1 1 12 11 1 1 1 7 1 12 11 1 100 1 12 9 1 1 12 11 1 100 1 1 12 9 1 12 10 10 1 100 9 10 1 100 9 10 1 100 9 10 1 100 9 10 1 100 9 10 1 100 9 10 1 100 9 10 1 100 9 10 1 12 10 1 12 10 10 1 1 100 1 1 1 1 7 1 1 12 10 1 1 1 1 1 1 1 1 1 1 1 1 1 1 1 1 1 1 1 1 12 11 1 1 12 11 1 1 1 1 1 1 1 1 1 1 1 1 1 1 1 12 11 1 12 10 1 1 1 1 1 1 12 11 1 1 1 12 11 1 1 12 10 12 11 12 11 12 11 1 1 1 100 1 1 12 10 15 1 12 18 1 1 1 1 1 1 1 1 1 1 1 1 1
ciInstanceKlass scala/collection/IterableOps 1 1 1079 1 7 1 1 100 1 100 1 100 1 1 1 1 1 100 1 100 1 1 100 1 1 100 1 1 100 1 1 100 1 1 7 1 1 100 1 100 1 100 1 7 1 1 100 1 100 1 1 100 1 100 1 100 1 1 100 1 1 100 1 1 100 1 1 100 1 1 100 1 1 7 1 1 7 1 1 100 1 1 7 1 1 100 1 1 100 1 1 100 1 1 100 1 1 100 1 1 100 1 1 100 1 1 100 1 1 1 1 1 1 1 1 12 11 1 12 11 1 1 1 1 1 12 11 1 1 1 1 1 1 12 11 12 11 1 1 1 1 1 1 1 1 1 12 11 12 11 1 1 1 1 1 12 11 1 100 1 1 12 9 12 11 1 1 12 11 1 1 1 12 11 1 12 11 1 1 1 1 12 11 1 1 12 11 1 7 1 1 12 10 1 100 1 12 9 1 1 1 1 12 11 1 1 1 1 12 11 1 12 11 1 1 1 1 12 11 1 1 100 1 12 9 16 1 1 12 11 15 16 3 3 1 7 1 1 12 10 15 1 1 12 18 1 12 10 1 1 1 1 1 1 1 12 11 1 1 1 12 11 1 100 1 1 12 10 1 1 1 1 1 1 12 11 1 1 1 12 11 1 1 1 100 11 11 3 11 1 100 1 12 10 1 1 1 1 1 1 1 1 1 12 11 1 1 1 12 11 1 1 1 1 1 12 11 1 1 1 7 11 1 7 1 12 11 1 12 11 1 100 1 12 9 1 1 12 11 15 16 18 1 12 10 1 12 10 16 1 1 12 11 15 1 12 18 1 1 12 11 1 1 12 11 15 16 1 12 18 1 100 1 12 11 12 11 1 1 1 1 1 1 1 1 1 1 1 12 11 1 1 12 10 1 1 12 11 1 1 1 1 1 12 11 1 1 12 10 1 1 1 1 12 11 1 1 7 1 12 10 1 1 1 1 1 1 1 1 12 11 1 1 1 12 11 1 12 11 1 1 1 1 12 10 1 1 12 11 10 1 1 12 11 10 1 1 12 11 1 12 11 1 10 1 1 12 11 10 1 10 1 1 1 1 12 11 1 1 12 11 1 1 12 11 15 16 1 12 18 1 12 10 1 1 12 11 1 12 11 1 1 1 1 12 11 1 12 11 15 18 1 1 12 11 1 100 1 12 10 1 1 12 11 1 1 11 1 1 1 1 1 1 12 11 1 1 7 1 12 9 10 1 7 1 12 11 15 18 1 1 12 11 1 7 1 7 1 1 12 11 1 7 1 12 9 1 12 10 11 1 12 10 1 12 10 1 100 10 1 12 11 1 7 1 1 12 10 1 1 1 1 1 1 1 1 1 1 1 1 1 1 12 11 1 1 1 12 11 15 1 16 1 12 18 11 1 12 10 11 1 1 12 10 1 1 1 1 1 1 12 11 1 1 1 1 12 11 15 1 16 1 12 18 1 100 1 12 9 1 100 1 12 9 1 12 10 1 1 12 11 1 100 1 1 1 1 1 1 1 1 12 11 1 1 12 11 1 1 1 12 10 1 1 12 11 1 10 1 12 11 11 1 1 12 10 1 1 1 11 1 10 1 1 12 11 1 10 1 1 12 11 1 1 1 1 1 12 11 1 1 1 12 10 1 1 12 11 1 10 10 1 1 1 1 1 1 12 11 1 1 12 10 1 1 12 11 15 1 12 18 1 12 11 1 1 100 1 1 12 11 1 1 12 11 1 12 10 12 11 1 1 12 11 1 10 1 1 1 1 1 1 12 11 1 1 12 10 1 1 1 12 11 1 1 1 12 11 15 1 12 18 1 12 11 15 18 1 1 1 1 1 12 11 1 1 12 11 15 18 1 12 11 15 18 1 12 11 15 18 1 100 1 12 10 1 1 1 12 11 1 1 1 12 11 15 16 18 1 100 1 12 9 1 12 10 1 1 12 11 15 16 18 12 11 1 12 11 15 1 12 18 1 12 11 15 18 11 1 1 1 1 1 1 12 11 1 12 11 15 18 1 1 12 11 1 1 12 11 15 18 1 1 1 1 1 12 11 11 1 12 11 15 18 1 1 1 100 1 8 1 12 10 1 12 11 1 1 1 1 1 1 1 100 12 9 12 11 1 1 1 1 1 1 12 10 1 1 12 11 15 1 12 18 11 1 1 12 11 1 1 1 1 12 11 15 18 1 1 1 1 1 1 12 11 1 12 10 1 100 1 12 11 1 1 12 10 1 1 12 11 1 1 100 1 1 1 1 1 1 10 1 10 1 1 12 10 1 11 1 11 1 1 1 1 1 1 12 11 1 100 1 12 9 10 10 1 1 12 11 1 100 1 1 12 9 12 11 1 100 1 1 12 10 12 11 1 1 1 100 1 1 12 10 15 1 12 18 1 1 1 1 1 1 1 1 1 1 1 1 1 1 100 1 8 1 1 12 10 1 1
ciInstanceKlass scala/collection/Iterable 1 1 334 1 7 1 1 100 1 100 1 1 1 1 1 100 1 100 1 1 100 1 100 1 100 1 1 100 1 1 100 1 1 100 1 1 1 1 1 1 100 1 1 12 9 1 1 12 10 1 1 1 1 12 10 1 1 1 12 10 1 1 1 1 12 10 1 1 1 1 1 1 1 1 1 1 16 1 100 1 1 12 11 15 3 1 100 1 1 12 10 15 1 12 18 1 12 11 1 1 1 1 1 1 1 12 11 15 1 12 18 1 1 1 1 12 11 15 1 12 18 1 1 1 1 12 11 15 1 12 18 1 1 1 12 10 11 1 1 1 1 1 16 1 1 12 11 15 1 12 18 1 12 11 1 1 1 1 1 12 11 15 1 12 18 1 1 1 12 11 15 1 12 18 1 1 1 12 11 15 1 12 18 1 12 10 1 1 1 1 1 1 1 1 12 11 1 1 1 1 12 11 1 1 1 1 12 10 1 1 1 1 12 10 1 1 1 1 1 12 11 1 1 1 1 1 12 11 1 1 1 1 12 11 1 1 1 12 11 1 1 1 1 12 11 1 12 11 1 1 12 11 1 1 8 1 1 12 11 1 7 1 12 10 1 1 12 10 1 8 10 1 8 1 8 1 1 12 11 1 1 1 1 1 12 11 1 1 100 1 12 10 1 1 1 1 1 100 1 1 12 10 15 1 12 18 1 1 1 1 1 1 1 1 1 1 1 1 1 100 1 8 1 1 12 10 1 1 1 8 1 1 1 8 1 1
ciInstanceKlass scala/Function1 1 1 299 1 7 1 1 100 1 1 1 1 1 100 1 100 1 1 100 1 1 100 1 1 1 1 100 1 1 12 9 1 1 1 1 1 1 1 1 1 1 12 11 1 16 1 1 12 11 15 3 1 7 1 1 12 10 15 12 18 1 1 1 12 11 1 1 12 11 15 18 1 1 1 1 12 11 1 8 1 1 1 1 12 11 1 1 100 1 1 12 10 12 11 1 100 1 1 12 10 1 1 1 1 12 11 1 1 12 10 1 1 1 1 12 11 1 1 12 10 1 1 1 1 12 11 1 1 12 10 1 1 1 1 12 11 1 1 12 10 1 1 1 1 12 11 1 1 1 1 12 11 1 1 100 1 12 10 1 1 1 1 12 11 1 1 1 1 12 11 1 1 1 1 12 11 1 1 1 1 12 11 1 1 1 1 12 11 1 1 1 1 12 11 1 1 100 1 12 10 1 1 1 1 12 11 1 1 1 1 12 11 1 1 1 1 12 11 1 1 1 1 12 11 1 1 1 1 12 11 1 1 1 1 12 11 1 1 100 1 12 10 1 1 1 1 12 11 1 1 1 1 12 11 1 1 1 1 12 11 1 1 1 1 12 11 1 1 1 1 12 11 1 1 1 1 1 1 1 1 1 100 1 1 12 10 15 1 12 18 1 1 1 1 1 1 1 1 1 1 1
instanceKlass scala/collection/convert/JavaCollectionWrappers$JIterableWrapper
instanceKlass scala/collection/MapOps$$anon$1
instanceKlass scala/collection/Iterable$$anon$1
instanceKlass scala/collection/AbstractView
instanceKlass scala/collection/AbstractMap
instanceKlass scala/collection/AbstractSet
instanceKlass scala/collection/AbstractSeq
ciInstanceKlass scala/collection/AbstractIterable 1 1 774 1 7 1 1 7 1 7 1 1 1 1 1 1 1 1 1 12 11 1 1 1 1 12 11 1 1 1 1 1 12 11 1 1 12 11 1 1 1 1 12 11 1 1 12 11 1 1 12 11 1 1 12 11 1 1 1 1 1 1 12 11 1 1 1 1 7 1 1 12 11 1 1 1 1 1 1 12 11 1 1 1 1 12 11 1 1 7 1 1 12 11 1 1 1 1 12 11 1 1 1 1 12 11 1 1 1 12 11 1 1 1 12 11 1 1 1 1 1 12 11 1 1 12 11 1 1 12 11 1 1 1 1 1 12 11 1 1 1 1 1 12 11 1 1 1 1 12 11 1 1 1 12 11 1 1 1 1 1 12 11 1 1 1 1 1 12 11 1 1 1 1 12 11 1 1 12 11 1 1 1 1 1 1 12 11 1 1 1 1 1 12 11 1 1 1 1 1 1 12 11 1 1 1 1 12 11 1 1 12 11 1 1 12 11 1 1 12 11 1 1 12 11 1 1 12 11 1 1 12 11 1 1 1 1 1 1 12 11 1 1 12 11 1 1 1 1 12 11 1 1 12 11 1 1 12 11 1 1 1 1 12 11 1 1 1 1 1 1 12 11 1 1 1 1 1 1 12 11 1 1 1 1 1 1 12 11 1 1 1 1 1 1 1 12 11 1 1 1 12 11 1 1 12 11 1 1 12 11 1 1 12 11 1 1 12 11 1 1 1 1 1 12 11 1 1 1 1 12 11 1 1 1 1 1 12 11 1 1 12 11 1 1 12 11 1 1 12 11 1 1 1 1 1 1 12 11 1 1 1 1 12 11 1 1 1 1 1 1 12 11 1 1 1 1 1 12 11 1 1 12 11 1 1 12 11 1 1 12 11 1 1 7 1 1 12 11 1 1 1 1 1 12 11 1 1 1 1 1 12 11 1 1 12 11 1 1 1 1 1 12 11 1 1 1 1 1 12 11 1 1 1 1 12 11 1 1 1 12 11 1 1 12 11 1 1 12 11 1 1 1 12 11 1 1 1 1 12 11 1 1 1 1 1 12 11 1 1 1 12 11 1 1 1 12 11 1 1 1 12 11 1 1 1 12 11 1 1 12 11 1 1 12 11 1 1 1 12 11 1 1 1 1 1 1 12 11 1 1 1 1 1 1 12 11 1 1 1 1 12 11 1 1 1 12 11 1 1 1 1 1 1 12 11 1 1 1 12 11 1 1 1 1 1 1 12 11 1 1 1 1 1 1 12 11 1 1 12 11 1 1 12 11 1 1 1 1 1 12 11 1 1 1 1 1 12 11 1 1 12 11 1 1 12 11 1 1 1 1 1 12 11 1 1 1 1 1 1 1 12 11 1 1 1 1 1 1 12 11 1 1 1 1 1 1 12 11 1 1 1 12 11 1 12 11 1 1 1 1 1 12 11 1 1 1 12 11 1 1 12 11 1 1 1 1 1 1 12 11 1 1 1 1 1 12 11 1 1 1 1 1 12 11 1 1 1 1 1 12 11 1 1 1 1 1 1 12 11 1 1 1 1 1 1 12 11 1 1 1 1 1 12 11 1 1 1 1 1 12 11 1 1 1 1 1 12 11 1 1 1 1 1 12 11 1 1 1 1 1 1 12 11 1 1 1 1 12 11 1 1 1 1 1 7 1 1 12 11 1 1 1 1 12 11 12 10 12 10 12 10 1 1 12 10 1 1 1 1 1 1 1 1 1 1 1 100 1 8 1 1 12 10 1 1
instanceKlass scala/xml/NodeSeq
instanceKlass scala/collection/mutable/AbstractSeq
instanceKlass scala/collection/immutable/AbstractSeq
ciInstanceKlass scala/collection/AbstractSeq 1 1 678 1 7 1 1 7 1 7 1 1 1 1 1 100 1 100 1 1 1 1 1 1 12 11 1 1 1 1 1 1 1 12 11 1 1 1 1 12 11 1 1 1 1 12 11 1 1 1 1 12 11 1 1 12 11 1 1 1 1 100 1 1 12 11 1 1 1 1 1 1 12 11 1 1 1 12 11 1 1 1 1 1 7 1 1 12 11 1 1 1 1 1 12 11 1 1 12 11 1 1 12 11 1 1 12 11 1 1 1 1 12 11 1 1 12 11 1 1 12 11 1 1 12 11 1 12 11 1 1 1 1 12 11 1 1 1 1 12 11 1 1 1 1 12 11 1 1 1 1 1 12 11 1 1 1 12 11 1 1 1 1 1 12 11 1 1 1 1 1 1 12 11 1 1 1 12 11 1 1 1 1 1 12 11 1 1 1 1 1 12 11 1 1 1 1 1 12 11 1 1 1 1 1 1 12 11 1 1 1 1 12 11 1 1 12 11 1 1 12 11 12 11 1 1 1 1 1 12 11 1 1 1 12 11 1 1 1 12 11 1 1 12 11 1 1 12 11 12 11 1 1 1 1 1 12 11 1 1 12 11 1 1 12 11 12 11 1 1 1 1 1 12 11 1 1 1 1 1 12 11 1 1 1 1 12 11 1 1 12 11 1 1 1 12 11 1 1 1 1 1 1 12 11 1 1 1 1 1 12 11 1 1 1 1 1 1 12 11 1 1 1 1 1 12 11 1 1 1 1 12 11 1 1 12 11 1 1 12 11 1 1 12 11 12 11 1 1 1 1 12 11 1 1 1 1 12 11 1 1 1 1 1 12 11 1 1 1 1 1 12 11 1 1 12 11 1 1 12 11 1 1 1 1 1 1 12 11 1 1 1 12 11 1 1 1 1 1 1 12 11 1 1 1 1 1 12 11 1 1 1 1 12 11 1 1 1 1 7 1 1 12 11 1 1 1 1 1 12 11 1 1 1 1 12 11 1 1 1 1 1 1 1 12 11 1 12 11 1 1 1 12 11 1 1 1 1 1 12 11 1 1 1 1 1 1 12 11 1 1 1 1 1 1 12 11 1 1 1 1 100 1 1 12 11 1 1 1 1 1 12 11 1 1 1 1 12 11 1 1 1 1 12 11 1 1 1 1 12 11 1 1 1 1 12 11 1 1 1 1 12 11 1 1 1 1 1 12 11 1 1 1 1 12 11 1 1 1 1 12 11 1 1 1 1 12 11 1 1 1 1 12 11 1 1 1 12 11 1 1 1 1 12 11 1 1 1 1 12 11 1 1 12 11 1 1 1 1 12 11 1 1 1 1 12 11 1 1 1 1 12 11 1 1 1 1 1 12 11 1 1 1 1 12 11 1 1 1 1 12 11 1 1 1 1 12 11 1 1 1 1 12 11 1 1 1 12 11 12 10 1 7 1 12 10 12 10 1 12 10 1 12 10 1 1 12 10 1 1 1 1 1 1 1 1 1 1 1 1 100 1 8 1 1 12 10 1 1 1 8 1 1 1 8 1 1 8 1 1
instanceKlass scala/collection/immutable/Queue
instanceKlass scala/collection/immutable/WrappedString
instanceKlass scala/collection/immutable/ArraySeq
instanceKlass scala/collection/immutable/LazyList
instanceKlass scala/collection/immutable/Stream
instanceKlass scala/collection/immutable/Vector
instanceKlass scala/collection/immutable/List
instanceKlass scala/collection/immutable/Range
ciInstanceKlass scala/collection/immutable/AbstractSeq 1 1 64 1 100 1 1 7 1 7 1 1 1 1 1 1 1 1 1 12 11 1 1 1 1 1 1 1 12 11 1 12 10 1 1 12 10 1 1 1 1 1 1 1 1 1 100 1 8 1 1 12 10 1 1 1 8 1 1 1 8 1 1 1 8 1
instanceKlass scala/Predef$
ciInstanceKlass scala/LowPriorityImplicits 1 1 181 1 100 1 7 1 1 1 1 1 100 1 100 1 1 100 1 1 100 1 1 100 1 1 100 1 1 100 1 1 100 1 1 7 1 1 100 1 1 100 1 1 1 1 1 1 1 1 1 1 1 1 1 1 1 1 1 1 1 1 1 1 1 1 1 1 1 1 1 1 1 1 1 1 100 1 1 12 9 1 12 10 1 1 1 1 1 100 1 12 9 1 1 12 10 1 1 12 10 1 1 12 10 1 1 1 1 12 10 1 1 1 1 12 10 1 1 1 1 12 10 1 1 1 1 12 10 1 1 1 1 12 10 1 1 1 1 12 10 1 1 1 1 12 10 1 1 1 1 12 10 1 1 1 1 12 10 1 1 1 1 1 100 1 12 10 1 1 12 10 1 1 1 1 1 1 1 1 1 1 1
ciInstanceKlass scala/Predef$ 1 1 401 1 7 1 7 1 1 100 1 100 1 1 100 1 1 1 1 1 1 1 1 1 1 1 1 1 1 1 1 12 10 12 9 1 7 1 12 9 1 7 1 12 9 1 7 12 9 12 9 1 7 12 9 12 9 1 7 12 9 12 9 1 7 12 9 12 9 1 7 12 9 12 9 1 1 1 1 1 1 1 1 1 1 1 1 1 1 1 1 1 1 1 1 1 1 1 1 1 1 1 1 1 1 1 1 1 100 1 8 1 12 10 1 1 1 1 1 100 3 1 12 10 1 8 1 1 12 10 1 100 1 1 12 11 1 12 10 1 1 12 10 1 1 1 1 8 3 1 8 1 1 1 100 1 8 1 12 10 3 1 8 1 1 1 100 10 1 1 1 1 1 1 1 1 1 12 10 1 1 1 1 12 10 1 1 1 1 1 1 100 1 12 9 12 10 1 12 10 12 10 1 1 1 1 1 1 100 1 12 9 1 1 12 10 1 1 1 1 1 1 1 1 1 1 1 1 1 1 1 1 1 1 1 1 1 1 1 1 1 1 1 1 1 1 1 1 1 1 1 1 1 1 1 1 1 1 1 1 1 1 1 1 1 1 1 1 1 100 12 10 1 1 1 1 100 12 10 1 1 1 1 100 12 10 1 1 1 1 100 12 10 1 1 1 1 7 12 10 1 1 1 1 100 12 10 1 1 1 1 100 12 10 1 1 1 1 7 12 10 1 1 1 7 1 1 12 10 1 1 1 1 1 12 10 1 1 1 1 1 12 10 1 1 1 1 1 12 10 1 1 1 1 1 12 10 1 1 1 1 1 12 10 1 1 1 1 1 12 10 1 1 1 1 1 12 10 1 1 1 1 1 7 1 12 9 1 1 12 10 10 1 1 1 1 1 1 1 1 1 1 1
staticfield scala/Predef$ MODULE$ Lscala/Predef$; scala/Predef$
staticfield scala/Predef$ Map Lscala/collection/immutable/Map$; scala/collection/immutable/Map$
staticfield scala/Predef$ Set Lscala/collection/immutable/Set$; scala/collection/immutable/Set$
staticfield scala/Predef$ $minus$greater Lscala/Tuple2$; scala/Tuple2$
staticfield scala/Predef$ Manifest Lscala/reflect/Manifest$; scala/reflect/Manifest$
staticfield scala/Predef$ NoManifest Lscala/reflect/NoManifest$; scala/reflect/NoManifest$
ciInstanceKlass scala/package$ 1 1 265 1 7 1 7 1 1 7 1 100 1 1 7 1 1 7 1 1 1 1 1 1 1 1 1 1 1 1 1 1 1 1 1 1 1 1 1 1 1 1 1 1 1 1 1 1 1 1 1 1 1 1 1 1 1 1 1 1 1 1 1 1 1 1 1 1 1 1 1 1 1 1 1 1 12 10 12 9 10 12 9 1 7 12 9 12 9 12 9 1 7 12 9 12 9 1 7 12 9 12 9 1 7 12 9 12 9 1 7 12 9 12 9 1 7 12 9 12 9 1 7 12 9 12 9 12 9 12 9 12 9 12 9 1 7 12 9 12 9 1 7 12 9 12 9 1 7 12 9 12 9 1 7 12 9 12 9 1 7 12 9 12 9 1 7 12 9 12 9 1 7 12 9 12 9 1 7 12 9 12 9 1 7 12 9 12 9 1 7 12 9 12 9 1 7 12 9 12 9 1 7 12 9 12 9 1 7 12 9 12 9 1 7 12 9 12 9 1 7 12 9 12 9 1 7 12 9 12 9 1 1 1 1 1 1 1 1 1 1 1 1 1 1 1 1 1 1 1 1 1 1 1 1 1 1 1 10 1 1 1 1 1 1 1 1
staticfield scala/package$ MODULE$ Lscala/package$; scala/package$
staticfield scala/package$ AnyRef Lscala/Specializable; scala/package$$anon$1
staticfield scala/package$ Traversable Lscala/collection/Iterable$; scala/collection/Iterable$
staticfield scala/package$ Iterable Lscala/collection/Iterable$; scala/collection/Iterable$
staticfield scala/package$ Seq Lscala/collection/immutable/Seq$; scala/collection/immutable/Seq$
staticfield scala/package$ IndexedSeq Lscala/collection/immutable/IndexedSeq$; scala/collection/immutable/IndexedSeq$
staticfield scala/package$ Iterator Lscala/collection/Iterator$; scala/collection/Iterator$
staticfield scala/package$ List Lscala/collection/immutable/List$; scala/collection/immutable/List$
staticfield scala/package$ Nil Lscala/collection/immutable/Nil$; scala/collection/immutable/Nil$
staticfield scala/package$ $colon$colon Lscala/collection/immutable/$colon$colon$; scala/collection/immutable/$colon$colon$
staticfield scala/package$ $plus$colon Lscala/collection/package$$plus$colon$; scala/collection/package$$plus$colon$
staticfield scala/package$ $colon$plus Lscala/collection/package$$colon$plus$; scala/collection/package$$colon$plus$
staticfield scala/package$ Stream Lscala/collection/immutable/Stream$; scala/collection/immutable/Stream$
staticfield scala/package$ LazyList Lscala/collection/immutable/LazyList$; scala/collection/immutable/LazyList$
staticfield scala/package$ Vector Lscala/collection/immutable/Vector$; scala/collection/immutable/Vector$
staticfield scala/package$ StringBuilder Lscala/collection/mutable/StringBuilder$; scala/collection/mutable/StringBuilder$
staticfield scala/package$ Range Lscala/collection/immutable/Range$; scala/collection/immutable/Range$
staticfield scala/package$ BigDecimal Lscala/math/BigDecimal$; scala/math/BigDecimal$
staticfield scala/package$ BigInt Lscala/math/BigInt$; scala/math/BigInt$
staticfield scala/package$ Equiv Lscala/math/Equiv$; scala/math/Equiv$
staticfield scala/package$ Fractional Lscala/math/Fractional$; scala/math/Fractional$
staticfield scala/package$ Integral Lscala/math/Integral$; scala/math/Integral$
staticfield scala/package$ Numeric Lscala/math/Numeric$; scala/math/Numeric$
staticfield scala/package$ Ordered Lscala/math/Ordered$; scala/math/Ordered$
staticfield scala/package$ Ordering Lscala/math/Ordering$; scala/math/Ordering$
staticfield scala/package$ Either Lscala/util/Either$; scala/util/Either$
staticfield scala/package$ Left Lscala/util/Left$; scala/util/Left$
staticfield scala/package$ Right Lscala/util/Right$; scala/util/Right$
ciInstanceKlass scala/collection/immutable/List$ 1 1 222 1 7 1 1 7 1 100 1 1 7 1 1 1 1 5 0 1 1 1 1 1 1 1 1 1 12 10 12 9 1 7 1 7 1 12 9 1 12 10 12 9 10 12 9 1 1 1 1 1 1 12 11 1 1 1 1 1 1 1 1 12 11 1 1 1 1 1 12 11 1 1 1 1 1 100 1 1 12 11 1 1 1 1 1 7 1 1 12 11 1 1 1 1 1 1 12 11 1 1 1 1 1 1 12 11 1 1 1 1 1 1 12 11 1 1 1 1 1 12 11 1 1 1 1 12 11 1 1 1 12 11 1 1 1 12 11 1 1 1 12 11 1 1 12 11 1 1 1 12 11 1 1 1 12 11 1 1 1 12 11 1 1 1 1 1 1 12 11 1 1 1 1 1 1 1 12 10 1 1 1 1 1 7 10 1 1 1 1 1 1 1 1 100 1 12 10 12 10 1 12 10 1 12 10 12 10 1 1 12 10 10 1 1 1 1 1 1 1 1 1 1
staticfield scala/collection/immutable/List$ MODULE$ Lscala/collection/immutable/List$; scala/collection/immutable/List$
staticfield scala/collection/immutable/List$ scala$collection$immutable$List$$TupleOfNil Lscala/Tuple2; scala/Tuple2
staticfield scala/collection/immutable/List$ partialNotApplied Lscala/Function1; scala/collection/immutable/List$$anon$1
ciInstanceKlass scala/collection/LinearSeqOps 1 1 442 1 7 1 1 100 1 100 1 1 1 1 1 100 1 100 1 1 100 1 100 1 1 1 1 1 1 1 1 1 1 1 1 1 1 1 1 12 11 1 1 12 11 1 100 1 1 12 9 1 100 12 11 1 1 12 10 1 1 1 1 1 12 11 1 1 1 12 11 1 100 1 12 9 1 1 12 9 1 100 1 12 10 1 1 1 12 11 1 12 11 1 7 1 12 11 12 11 1 1 1 1 1 1 1 12 11 1 100 1 8 1 12 10 11 11 1 1 1 1 1 12 11 1 1 12 11 1 1 12 11 1 1 1 100 11 11 1 100 1 1 12 10 11 1 100 1 12 11 1 12 11 1 1 1 1 1 1 1 1 1 12 11 1 1 1 1 1 12 11 1 1 100 1 100 1 1 12 10 10 1 12 11 11 1 1 1 1 1 1 12 11 1 1 1 7 1 12 11 1 1 1 1 1 12 11 1 1 7 1 1 12 10 1 1 12 11 1 1 1 1 12 11 1 1 1 1 12 10 1 1 1 1 12 11 1 1 1 1 1 1 1 12 11 1 1 1 7 1 12 11 1 1 1 1 12 11 1 1 1 1 12 11 12 11 1 1 1 1 1 12 11 1 1 1 1 1 12 11 1 7 1 12 9 1 7 1 1 12 10 1 1 1 1 12 11 1 1 12 11 1 1 1 1 12 11 1 1 12 11 10 16 1 1 12 11 15 16 3 3 1 100 1 1 12 10 15 1 12 18 1 12 10 1 1 12 11 15 16 18 1 1 12 11 16 1 1 12 11 15 16 1 12 18 1 1 12 11 1 1 1 1 1 1 100 1 1 1 1 1 1 1 1 1 1 12 11 1 1 12 10 1 1 1 100 1 1 12 10 15 1 12 18 1 1 1 1 1 1 1 1 1 1 1 1 1 1 100 1 8 1 1 12 10 1 1 1 8 1 1 1 8 1 1 8 1 1 1 8 1 1 1 8 1 1 1 8 1 1 8 1 1
ciInstanceKlass scala/collection/LinearSeq 1 1 296 1 100 1 1 100 1 100 1 100 1 1 1 1 1 100 1 100 1 1 100 1 100 1 1 100 1 1 100 1 1 100 1 1 1 1 1 100 1 1 12 9 12 10 1 1 1 12 10 1 1 1 1 1 1 1 1 1 1 1 1 1 1 16 1 100 1 1 12 11 15 3 1 100 1 1 12 10 15 1 1 12 18 1 12 11 1 1 1 1 1 1 1 12 11 15 1 12 18 1 1 1 1 12 11 15 1 12 18 1 1 1 1 12 11 15 1 12 18 1 1 1 1 12 10 1 12 11 1 1 1 1 1 16 1 1 12 11 15 1 12 18 1 12 11 1 1 1 1 1 12 11 15 1 12 18 1 1 1 12 11 15 1 12 18 1 1 1 12 11 15 1 12 18 1 12 10 1 1 1 1 1 1 1 1 12 11 1 1 1 1 1 12 11 1 1 1 1 12 10 1 1 1 1 12 10 1 1 1 1 1 12 11 1 1 8 1 1 1 1 1 12 11 1 1 1 1 1 1 100 1 1 12 10 15 1 12 18 1 1 1 1 1 1 1 1 1 1 1 1 100 1 8 1 1 12 10 1 1 1 8 1 1 1 8 1 1 8 1 1 1 8 1 1 1 8 1 1 1 8 1 1 8 1 1 1 8 1 1 8 1 1 1 8 1 1
ciInstanceKlass scala/collection/StrictOptimizedLinearSeqOps 1 1 152 1 7 1 1 100 1 100 1 100 1 1 1 1 1 7 1 1 1 1 1 12 11 1 1 1 1 12 10 1 1 1 1 1 1 12 11 1 1 1 1 12 11 1 7 1 1 12 11 1 1 1 1 1 12 11 1 1 1 1 12 11 1 12 11 1 100 1 1 12 11 1 100 1 1 12 10 1 12 11 1 1 1 1 12 11 1 1 1 1 1 1 1 1 1 1 1 1 1 1 1 1 100 1 8 1 1 12 10 1 1 1 8 1 1 1 8 1 1 1 8 1 1 1 8 1 1 8 1 1 1 8 1 1 1 8 1 1 1 8 1 1 1 8 1 1 8 1 1 1 8 1
instanceKlass scala/collection/immutable/$colon$colon
instanceKlass scala/collection/immutable/Nil$
ciInstanceKlass scala/collection/immutable/List 1 1 904 1 7 1 1 7 1 100 1 7 1 7 1 100 1 1 1 1 1 100 1 100 1 1 100 1 100 1 1 100 1 1 1 5 0 1 1 1 1 7 1 1 12 9 1 7 1 1 12 10 1 1 1 1 1 7 1 12 9 1 12 10 1 1 1 1 1 1 7 1 1 12 11 1 100 1 1 12 10 1 7 1 1 12 11 1 100 1 1 12 11 1 1 12 11 1 7 1 1 1 1 1 1 1 1 1 1 1 100 12 11 1 1 1 1 1 1 1 1 1 1 1 1 1 1 1 100 1 12 11 1 1 1 100 1 12 11 1 1 1 100 1 12 11 1 1 1 100 1 12 11 1 1 1 1 1 1 1 1 1 1 1 1 100 1 1 12 11 1 1 1 1 12 11 1 1 1 1 12 10 1 1 1 1 1 12 10 1 1 1 12 11 1 1 1 1 1 1 1 12 11 1 1 1 1 1 12 11 1 1 1 1 1 1 12 11 1 1 12 11 1 1 1 1 1 12 11 1 1 1 1 12 11 1 1 1 1 1 12 11 1 1 7 1 1 12 11 1 1 1 1 12 11 1 1 1 1 1 12 11 1 1 1 12 11 1 1 1 1 1 7 1 1 12 11 1 1 1 1 1 1 12 11 1 1 1 1 1 1 12 11 1 1 1 12 11 1 1 1 1 1 12 11 1 1 1 1 1 1 12 11 1 1 1 1 1 12 11 1 1 12 11 1 1 1 1 12 11 1 1 1 12 11 1 1 1 12 11 1 1 1 1 1 1 12 11 1 1 1 1 1 1 12 11 1 1 1 1 12 11 1 1 12 11 1 1 1 1 12 11 1 1 1 100 1 1 12 11 1 1 1 1 12 11 1 1 1 1 7 1 1 12 11 1 1 1 1 1 12 11 1 1 1 1 1 12 11 1 1 100 1 1 12 11 1 1 1 1 12 11 1 1 1 12 11 1 1 1 1 1 12 11 1 1 12 11 1 1 12 11 1 1 1 1 1 12 11 1 1 1 1 12 11 1 1 1 1 1 1 1 7 1 12 10 1 1 1 1 1 1 12 10 1 12 10 1 12 10 1 1 12 10 1 7 1 12 10 1 1 1 1 1 1 1 12 10 1 7 1 1 12 11 1 1 12 10 12 11 1 7 1 12 11 1 12 11 1 1 1 1 1 1 12 11 1 1 1 1 1 1 1 1 1 1 1 1 1 100 1 12 9 1 100 1 1 12 10 12 10 1 1 1 1 1 12 10 1 1 1 1 7 1 12 10 1 1 1 1 1 1 1 100 1 12 9 1 12 10 1 12 10 1 100 1 12 9 1 12 10 1 1 12 10 1 1 1 7 1 1 1 1 1 1 1 1 12 10 1 7 1 12 11 1 1 1 1 1 1 7 1 1 12 10 1 1 1 1 1 1 1 12 10 1 1 12 10 1 1 1 1 12 10 1 1 1 1 1 1 1 1 12 10 1 1 7 1 12 10 1 7 1 12 9 1 1 1 100 1 8 1 12 10 1 1 1 1 11 11 11 11 1 100 11 1 1 1 1 1 1 8 1 1 1 1 1 1 1 1 1 1 1 1 1 1 1 1 1 1 1 1 1 1 1 1 1 1 1 1 1 1 1 1 1 1 1 1 1 1 1 1 1 1 1 1 1 1 12 10 1 12 11 11 16 1 1 12 11 15 1 16 3 3 1 7 1 1 12 10 15 1 12 18 12 11 12 10 1 1 1 1 1 12 10 1 1 12 11 1 1 1 1 12 10 12 10 12 10 12 10 12 10 12 10 12 10 12 10 12 10 1 12 10 12 10 12 10 12 10 1 12 10 12 10 10 12 10 1 12 10 1 1 1 12 10 1 100 10 1 1 1 1 1 1 1 1 1 1 1 1 1 1 1 1 1 1 1 1 1 1 1 1 1 1 1 1 1 1 1 1 1 1 1 1 1 1 1 1 1 1 1 1 1 1 1 1 1 1 10 1 1 1 100 1 1 12 10 15 1 12 18 1 1 1 1 1 1 1 1 1 1 1 1 1 1
ciInstanceKlass scala/collection/immutable/Nil$ 1 1 133 1 7 1 1 7 1 100 1 1 100 1 1 1 1 1 1 1 1 12 10 12 9 1 7 1 12 10 12 9 1 1 1 1 1 12 11 1 1 1 1 1 1 1 12 11 1 1 1 100 1 8 1 12 10 1 1 1 7 1 12 9 1 1 100 1 8 10 1 1 8 1 1 8 1 1 1 1 1 7 1 12 9 1 1 12 9 1 1 1 1 1 1 1 1 8 1 1 1 1 1 100 1 12 10 1 1 1 12 10 1 12 10 12 10 1 12 10 1 12 10 12 10 10 1 1 1 1 1 1 1 1 1
staticfield scala/collection/immutable/Nil$ MODULE$ Lscala/collection/immutable/Nil$; scala/collection/immutable/Nil$
staticfield scala/collection/immutable/Nil$ EmptyUnzip Lscala/Tuple2; scala/Tuple2
instanceKlass scala/Tuple2$mcJJ$sp
instanceKlass scala/Tuple2$mcJI$sp
instanceKlass scala/Tuple2$mcIC$sp
instanceKlass scala/Tuple2$mcJC$sp
instanceKlass scala/Tuple2$mcJZ$sp
instanceKlass scala/Tuple2$mcDJ$sp
instanceKlass scala/Tuple2$mcII$sp
instanceKlass scala/Tuple2$mcID$sp
instanceKlass scala/Tuple2$mcIJ$sp
instanceKlass scala/Tuple2$mcIZ$sp
instanceKlass scala/Tuple2$mcDI$sp
instanceKlass scala/Tuple2$mcJD$sp
instanceKlass scala/Tuple2$mcDD$sp
instanceKlass scala/Tuple2$mcCI$sp
instanceKlass scala/Tuple2$mcDZ$sp
instanceKlass scala/Tuple2$mcCC$sp
instanceKlass scala/Tuple2$mcCJ$sp
instanceKlass scala/Tuple2$mcCZ$sp
instanceKlass scala/Tuple2$mcDC$sp
instanceKlass scala/Tuple2$mcCD$sp
instanceKlass scala/Tuple2$mcZD$sp
instanceKlass scala/Tuple2$mcZI$sp
instanceKlass scala/Tuple2$mcZZ$sp
instanceKlass scala/Tuple2$mcZC$sp
instanceKlass scala/Tuple2$mcZJ$sp
ciInstanceKlass scala/Tuple2 1 1 449 1 7 1 1 7 1 7 1 100 1 1 1 1 1 100 1 1 1 1 1 1 1 1 1 1 100 1 1 12 9 12 10 1 1 1 1 1 1 12 10 1 1 1 1 12 11 1 1 1 1 100 1 1 1 12 11 1 1 1 1 1 100 1 1 12 11 1 1 12 9 1 12 9 1 1 1 100 3 1 12 10 1 8 1 1 12 10 12 10 1 12 10 1 8 12 10 1 8 12 10 1 1 1 1 1 1 1 1 1 1 8 1 1 1 12 10 1 1 1 1 1 8 8 1 100 1 12 10 1 100 1 1 7 1 12 9 3 1 1 12 10 1 1 7 1 12 10 1 1 1 12 10 1 1 1 1 12 10 1 1 1 1 12 10 1 1 1 12 10 1 1 1 1 12 10 1 1 1 1 1 1 1 12 10 1 1 1 1 1 1 1 1 1 1 1 1 1 1 1 1 1 1 1 1 1 1 1 1 1 1 1 1 100 1 12 10 1 1 1 1 1 100 1 12 10 1 1 1 1 1 100 1 12 10 1 1 1 1 1 100 1 12 10 1 1 1 1 100 1 12 10 1 1 1 1 1 100 1 12 10 1 1 1 1 100 1 12 10 1 1 1 1 100 1 12 10 1 1 1 1 100 1 12 10 1 1 1 1 100 1 12 10 1 1 1 1 100 1 12 10 1 1 1 1 100 1 12 10 1 1 1 1 100 1 12 10 1 1 1 1 100 1 12 10 1 1 1 1 100 1 12 10 1 1 1 1 100 1 12 10 1 1 1 1 100 1 12 10 1 1 1 1 100 1 12 10 1 1 1 1 100 1 12 10 1 1 1 1 100 1 12 10 1 1 1 1 100 1 12 10 1 1 1 1 100 1 12 10 1 1 1 1 100 1 12 10 1 1 1 1 100 1 12 10 1 1 1 1 100 1 12 10 1 1 12 10 1 1 1 1 1 1 1 1 1 12 10 1 1 1 1 1 1 1 12 10 1 1 1 1 1 1 1 1 1 1 1 1
ciInstanceKlass scala/collection/immutable/$colon$colon 1 1 117 1 7 1 1 7 1 100 1 1 1 1 1 100 1 1 1 1 1 1 1 1 1 1 1 12 11 1 1 1 1 1 12 9 1 1 12 9 1 1 1 1 1 1 1 1 7 12 10 1 1 12 10 1 12 10 1 1 1 1 12 10 1 1 1 1 1 1 1 8 1 1 1 1 12 10 1 7 1 12 10 1 1 1 1 12 10 1 1 8 8 1 100 1 12 10 1 12 10 1 1 12 10 1 12 10 1 1 1 1 1 1 1 1 1 1 1
instanceKlass java/lang/ArrayIndexOutOfBoundsException
ciInstanceKlass java/lang/IndexOutOfBoundsException 0 0 49 10 100 12 1 1 1 10 12 1 100 1 10 8 1 10 12 1 1 10 12 1 10 12 1 1 10 12 1 100 1 1 1 1 5 0 1 1 1 1 1 1 1 1 1 1 1 1 1
instanceKlass scala/collection/mutable/StringBuilder
instanceKlass scala/collection/mutable/AbstractBuffer
instanceKlass scala/collection/mutable/ArraySeq
ciInstanceKlass scala/collection/mutable/AbstractSeq 1 1 85 1 100 1 1 7 1 100 1 1 1 1 1 1 1 1 1 12 11 1 1 1 1 1 100 1 1 12 11 1 1 1 1 1 1 12 11 1 1 1 100 12 10 1 12 10 1 1 12 10 1 1 1 1 1 1 1 1 1 1 1 100 1 8 1 1 12 10 1 1 1 8 1 1 1 8 1 1 1 8 1 1 1 8 1
ciInstanceKlass scala/runtime/Statics 1 1 138 10 10 10 3 3 3 10 3 3 10 10 10 7 10 10 7 10 10 7 10 10 7 10 10 9 10 100 10 10 7 9 7 7 1 1 1 1 1 1 1 1 1 1 1 1 1 1 1 1 1 1 1 1 1 1 1 1 1 1 1 1 1 1 1 1 1 1 1 1 1 1 1 1 1 1 1 1 1 100 1 1 1 1 1 1 1 1 12 12 7 12 12 12 12 12 1 12 12 1 12 12 1 12 12 1 12 12 12 7 12 1 100 12 12 1 12 1 1 1 1 1 1 1 1 1 1 1 1 1 1 1 1 1 1 1 1 1
staticfield scala/runtime/Statics pfMarker Ljava/lang/Object; java/lang/Object
ciInstanceKlass scala/runtime/Statics$VM 1 1 146 10 10 8 10 8 9 10 10 100 100 8 8 10 10 10 100 100 10 10 10 10 10 10 100 8 10 10 9 7 100 1 1 1 1 1 1 1 1 1 1 1 1 1 1 1 1 1 1 1 1 1 1 7 1 1 1 1 1 100 100 100 1 1 1 1 1 1 100 100 100 1 1 1 1 1 1 12 7 12 1 7 12 1 7 12 7 12 12 1 1 1 1 12 12 100 12 1 1 12 12 12 100 12 12 12 1 1 12 12 12 100 1 1 1 1 1 1 1 1 1 1 1 1 1 1 1 1 1 1 1 1 1 1 1 1 1 1 1 1 1 1 1 1 1 1
staticfield scala/runtime/Statics$VM RELEASE_FENCE Ljava/lang/invoke/MethodHandle; java/lang/invoke/DirectMethodHandle
ciInstanceKlass scala/runtime/BoxesRunTime 1 1 295 10 7 7 7 7 7 7 7 7 10 10 10 10 10 10 10 10 7 10 10 10 10 10 10 10 10 10 7 10 10 10 10 10 10 10 10 10 10 7 10 10 10 10 10 10 10 10 10 100 10 10 5 0 10 10 10 10 10 10 10 10 10 10 10 7 1 1 1 3 1 3 1 3 1 3 1 3 1 3 1 1 1 1 1 1 1 1 1 1 1 1 1 1 1 1 1 1 1 1 1 1 1 1 1 1 1 1 1 1 1 1 1 1 1 1 1 1 1 1 1 1 1 1 1 1 1 1 1 1 1 1 1 1 1 1 1 1 1 1 1 1 1 1 1 1 1 1 1 1 1 1 1 1 1 1 1 1 1 1 1 1 1 1 1 1 1 1 1 1 1 1 1 1 1 1 1 1 1 1 1 1 1 1 1 1 1 1 1 1 1 1 1 1 1 1 1 1 1 1 1 1 1 1 1 1 1 1 1 1 1 1 1 1 1 1 1 1 1 1 1 12 1 1 1 1 1 1 1 1 12 12 12 12 12 12 12 12 1 12 12 12 12 12 12 12 12 12 1 12 12 12 12 12 12 1 12 12 12 12 12 12 12 12 1 12 12 12 12 12 12 12 12 12 12 12 12 1 1 1 1 1 1 1 1 1 1 1 1 1 1 1 1 1 1
ciInstanceKlass  @bci scala/runtime/Statics releaseFence ()V 3 <adapter> ; 1 1 52 1 7 1 100 1 1 1 1 1 1 1 7 1 7 1 7 1 1 12 10 1 1 12 10 1 1 12 10 1 1 1 1 7 1 1 12 10 1 7 1 1 12 11 1 7 12 9 1 1 1 1
staticfield  @bci scala/runtime/Statics releaseFence ()V 3 <adapter> ; _D_0 Ljava/lang/invoke/LambdaForm; java/lang/invoke/LambdaForm
ciInstanceKlass scala/collection/immutable/HashMap 1 1 1172 1 7 1 1 7 1 100 1 100 1 1 1 1 1 100 1 100 1 1 7 1 1 7 1 1 100 1 100 1 1 100 1 7 1 1 100 1 100 1 100 1 100 1 7 1 1 100 1 100 1 1 1 1 1 1 1 1 7 1 1 12 9 1 100 1 1 12 10 1 1 1 1 12 10 1 1 1 1 1 12 11 1 1 1 1 1 1 7 1 1 12 11 1 1 1 12 11 1 1 1 1 1 12 11 1 1 1 1 1 1 1 1 12 11 1 1 1 1 1 1 1 100 1 1 12 11 1 1 1 1 1 1 12 11 1 1 12 11 1 1 1 1 1 1 12 11 1 12 11 1 1 1 12 11 1 1 1 1 1 1 12 11 1 1 12 11 1 1 1 1 1 12 11 1 1 1 12 11 1 1 12 11 1 1 1 1 12 11 1 1 1 12 11 1 1 1 12 11 1 1 1 1 1 1 12 11 1 1 1 1 1 12 11 1 1 12 11 1 1 1 12 11 1 1 12 11 1 1 12 9 1 1 1 1 1 12 10 1 7 1 12 10 1 1 1 1 1 10 1 100 1 12 9 1 12 9 1 12 10 1 1 1 12 10 1 7 1 12 9 1 1 12 9 1 7 1 12 10 1 1 1 7 10 1 1 1 7 10 1 1 100 10 1 1 1 1 1 100 1 12 9 1 16 1 1 12 10 15 16 3 3 1 100 1 1 12 10 15 1 1 12 18 1 100 1 12 10 1 1 12 10 1 100 1 1 12 11 1 1 1 1 1 1 1 1 1 1 12 11 1 100 1 12 9 1 12 10 1 100 1 12 9 1 1 12 10 15 16 18 1 100 10 10 1 12 10 1 100 1 12 9 1 12 10 15 18 1 100 10 10 1 12 10 1 100 1 12 9 1 12 10 15 18 1 100 10 10 1 12 10 15 18 1 1 1 1 1 1 12 10 15 18 1 12 10 15 18 1 12 10 15 18 1 12 10 15 18 1 1 1 1 1 7 1 1 12 10 1 7 1 12 9 1 1 12 10 1 1 12 10 1 1 1 1 1 12 10 1 1 1 1 12 10 1 1 1 1 1 7 1 12 9 1 12 10 1 1 12 10 1 1 12 10 1 7 1 1 12 10 1 7 12 11 1 12 10 1 1 12 10 1 7 1 12 10 1 1 1 1 1 1 1 1 100 1 1 1 1 1 12 10 1 1 1 1 1 12 10 1 1 1 1 1 1 100 1 1 12 11 1 1 1 1 12 10 1 1 1 12 10 1 12 10 1 7 1 12 11 1 12 11 1 12 10 1 12 10 12 10 12 10 1 1 12 10 1 12 10 10 10 10 10 1 7 11 10 1 1 12 11 1 12 10 1 7 12 11 11 1 1 12 11 1 1 1 1 1 1 1 1 1 1 1 1 1 1 1 1 1 12 10 1 100 1 12 10 12 10 1 1 1 12 10 1 10 12 10 1 1 12 10 1 1 12 10 1 100 12 11 1 12 10 10 1 1 1 1 1 1 1 100 12 11 10 1 1 1 1 1 1 1 1 1 1 12 10 1 100 1 1 12 10 1 100 1 12 11 12 10 1 1 1 1 1 1 12 10 1 100 1 1 12 11 1 1 100 1 12 9 1 12 10 1 100 10 1 12 10 1 1 12 10 1 1 1 1 1 8 1 1 1 1 1 100 1 1 12 11 1 12 10 1 100 1 12 10 1 12 10 1 1 12 10 1 1 12 10 10 1 12 10 1 12 10 1 12 10 1 1 12 10 1 12 10 1 12 10 1 12 10 1 12 10 10 1 1 12 10 1 12 10 1 12 10 1 1 1 1 1 1 1 1 1 1 1 1 1 1 1 1 1 1 1 1 1 1 1 1 1 1 1 1 1 1 1 1 1 1 1 1 1 1 100 1 12 10 1 12 10 1 12 10 1 12 10 1 1 1 1 1 1 1 1 1 1 1 1 1 1 1 1 1 12 10 1 100 1 12 9 1 12 10 1 12 10 1 12 10 10 10 1 100 1 12 9 1 12 10 1 100 1 1 12 10 1 100 1 12 9 1 100 1 1 12 11 1 12 10 1 1 12 10 1 12 10 10 12 10 1 1 1 1 1 1 1 1 1 1 1 1 1 1 1 1 1 1 1 1 1 1 1 1 1 1 1 1 1 1 1 1 1 1 1 1 1 1 1 100 1 1 1 1 100 10 1 100 1 12 10 1 12 10 1 1 12 10 10 1 12 10 10 10 10 10 10 10 10 1 1 1 1 1 1 1 1 12 11 1 1 1 1 1 100 1 1 12 11 1 1 1 12 11 1 1 1 1 1 12 11 1 1 12 11 1 1 12 11 1 1 12 11 1 1 12 11 12 10 12 10 12 10 12 10 12 10 12 10 1 12 10 1 12 10 1 12 10 12 10 12 10 1 1 12 10 1 1 12 10 1 12 10 1 12 10 1 1 1 1 10 1 1 1 12 10 1 1 1 1 12 10 1 1 1 1 12 10 1 1 1 1 1 1 1 10 1 12 10 12 10 12 10 1 12 10 12 10 1 1 12 10 12 10 1 1 12 10 12 10 12 10 12 10 12 10 12 10 1 1 1 100 1 1 12 10 15 1 12 18 1 1 1 1 1 1 1 1 1 1 1 1 1
ciInstanceKlass scala/collection/mutable/ListBuffer 1 1 812 1 7 1 1 7 1 100 1 100 1 100 1 1 1 1 1 100 1 100 1 1 100 1 100 1 1 100 1 1 7 1 100 1 1 1 5 0 1 1 1 1 1 1 1 1 1 1 1 1 1 1 1 7 1 1 12 9 12 10 1 1 1 1 12 10 1 1 1 1 1 1 100 11 1 7 1 1 12 11 1 100 1 1 12 10 1 100 1 1 12 11 1 100 1 1 12 11 1 1 12 11 1 100 1 1 1 1 1 1 1 1 1 1 100 12 11 1 1 1 1 1 1 1 1 1 1 1 1 1 1 1 100 1 12 11 1 1 1 1 100 1 12 11 1 1 1 100 1 12 11 1 1 1 100 1 12 11 1 1 1 1 1 1 1 1 1 1 1 1 1 100 1 1 12 11 1 1 1 1 12 11 1 1 1 1 1 12 10 1 1 1 1 1 12 10 1 1 1 1 12 11 1 1 1 1 1 12 11 1 1 1 1 12 11 1 1 1 1 12 11 1 1 1 1 1 1 12 11 1 1 1 1 1 1 12 11 1 1 1 1 12 11 1 1 1 12 11 1 1 12 11 1 1 1 1 1 12 11 1 1 1 12 11 1 1 1 1 12 11 1 1 1 1 1 12 11 1 1 1 12 11 1 1 1 1 1 7 1 1 12 11 1 1 12 11 1 1 1 1 12 11 1 1 1 1 1 1 12 11 1 1 1 12 11 1 1 1 1 1 1 12 11 1 1 12 11 1 1 1 12 11 1 1 1 1 1 12 11 1 1 1 1 1 12 11 1 1 1 1 1 1 12 11 1 1 1 12 11 1 1 12 11 1 1 1 12 11 1 1 1 12 11 1 1 1 12 11 1 1 1 1 1 1 12 11 1 1 1 12 11 1 1 12 11 1 1 1 1 1 12 11 1 1 1 12 11 1 1 12 11 1 1 1 1 12 11 1 1 12 11 1 1 12 9 1 1 1 1 1 1 12 9 1 1 1 1 1 1 12 10 1 7 12 10 16 1 1 12 10 15 3 1 7 1 1 12 10 15 1 1 12 18 1 12 10 1 1 1 1 1 100 1 1 100 1 1 12 11 1 12 9 1 1 1 1 1 12 10 1 12 10 12 10 12 10 12 10 12 9 1 1 12 9 12 10 1 1 12 10 1 7 1 12 10 12 10 1 1 1 1 12 10 12 10 1 7 1 12 10 1 1 7 1 12 9 1 1 1 12 10 1 1 1 7 11 1 7 1 12 11 1 12 11 1 1 1 12 10 1 1 1 12 10 1 100 1 1 12 10 1 12 10 1 12 10 10 1 100 11 12 10 1 100 1 12 10 11 1 1 1 1 1 1 1 1 1 1 1 1 1 1 100 1 12 9 1 1 12 10 12 10 1 1 12 10 12 10 1 1 1 12 10 1 1 1 1 1 1 1 1 1 12 10 12 10 1 1 1 1 1 100 3 12 10 1 1 12 10 1 8 1 12 10 1 8 1 8 1 1 12 10 1 12 10 1 1 12 10 1 100 3 1 8 10 1 1 1 12 10 1 1 1 16 1 1 12 10 15 16 3 1 12 18 1 1 12 10 1 1 1 1 1 1 1 1 12 10 1 1 1 1 1 1 1 100 1 12 9 1 100 1 1 12 10 1 12 10 1 1 1 1 1 1 1 1 1 1 100 1 8 10 10 1 1 1 1 100 1 12 9 1 100 1 12 10 1 1 8 1 12 10 1 12 10 1 12 10 1 12 10 1 1 1 12 10 12 10 1 12 10 1 1 1 1 10 1 1 1 100 1 1 12 10 15 1 12 18 1 1 1 1 1 1 1 1 1 1 1 1 1 1
ciInstanceKlass scala/runtime/RichChar$ 1 1 192 1 7 1 7 1 1 100 1 100 1 1 100 1 100 1 1 1 1 1 1 12 10 12 9 1 1 1 1 12 9 1 1 1 1 1 12 9 1 1 1 1 1 1 1 1 1 1 1 1 1 1 1 1 1 1 1 1 100 1 12 9 1 100 1 1 12 10 1 1 12 10 1 1 7 1 1 12 10 1 1 12 10 1 1 12 10 1 1 12 10 1 1 12 10 1 1 12 10 1 1 12 10 1 1 12 10 1 1 12 10 1 1 1 12 10 1 1 12 10 1 1 12 10 1 1 12 10 1 1 12 10 1 1 12 10 1 1 12 10 1 1 12 10 1 1 12 10 1 1 12 10 1 1 12 10 1 1 12 10 1 1 12 10 1 1 12 10 1 1 12 10 1 1 1 1 100 1 1 12 10 1 10 1 1 1 1 1 1 1 1 1
staticfield scala/runtime/RichChar$ MODULE$ Lscala/runtime/RichChar$; scala/runtime/RichChar$
ciInstanceKlass java/lang/invoke/LambdaForm$DMH+0x00000008010ec000 1 1 53 1 7 1 100 1 1 1 1 1 1 1 1 12 9 1 7 1 7 1 1 12 10 1 7 1 1 12 10 1 1 1 1 1 7 1 1 12 10 1 7 1 1 12 11 1 7 12 9 1 1 1 1
staticfield java/lang/invoke/LambdaForm$DMH+0x00000008010ec000 _D_0 Ljava/lang/invoke/LambdaForm; java/lang/invoke/LambdaForm
staticfield java/lang/invoke/LambdaForm$DMH+0x00000008010ec000 _D_1 Ljava/lang/invoke/MethodHandle; java/lang/invoke/DirectMethodHandle
ciInstanceKlass scala/collection/mutable/StringBuilder 1 1 777 1 7 1 1 7 1 100 1 100 1 100 1 100 1 1 1 1 1 100 1 100 1 1 100 1 100 1 1 100 1 100 1 1 100 1 1 100 1 1 100 1 1 100 1 1 100 1 1 100 1 1 100 1 1 100 1 1 100 1 1 100 1 100 1 100 1 100 1 1 1 5 0 1 1 1 1 1 100 1 1 12 9 1 1 12 10 1 1 12 11 1 1 1 12 11 1 1 1 1 1 12 11 1 1 1 1 1 100 1 1 12 11 1 1 1 1 1 1 1 12 11 1 1 1 1 1 1 1 12 11 1 1 1 1 1 1 12 11 1 1 1 100 1 1 12 11 1 1 1 1 100 1 1 12 11 1 1 1 1 1 1 12 11 1 1 1 12 11 1 1 1 1 1 1 1 12 11 1 1 1 1 1 1 12 11 1 1 1 1 1 12 11 1 1 1 1 1 1 12 11 1 1 1 1 1 12 11 1 1 1 1 1 12 11 1 1 12 11 1 1 12 11 1 1 12 11 1 1 1 1 12 11 1 1 1 1 12 11 1 1 1 1 12 11 1 1 1 1 1 1 1 12 11 1 1 12 11 1 1 1 1 1 12 11 1 1 12 11 1 1 1 1 1 12 11 1 1 1 1 12 11 1 1 1 1 1 1 12 11 1 1 1 1 12 11 1 1 1 100 1 1 12 11 1 1 1 1 1 12 11 1 1 1 1 1 12 11 1 1 1 1 1 1 12 11 1 1 1 1 1 12 11 1 1 1 7 1 1 12 11 1 1 1 1 1 12 11 1 1 1 1 1 1 12 11 1 1 12 11 1 12 9 1 1 1 12 10 1 7 1 12 10 1 1 1 1 12 10 1 1 1 1 100 1 12 10 1 1 12 10 1 1 12 10 1 1 1 12 11 1 1 1 1 1 12 10 1 1 1 1 1 12 10 1 12 10 1 1 12 10 12 10 1 1 1 1 1 100 1 1 12 11 1 100 1 1 12 9 1 100 1 1 12 10 1 1 12 10 1 100 1 1 12 11 1 1 100 1 1 12 10 1 1 1 1 1 100 1 1 12 10 1 1 1 12 10 1 1 1 12 9 1 100 1 12 9 1 12 10 1 12 10 1 12 10 1 100 12 11 1 12 10 12 11 1 100 1 1 12 11 1 12 11 1 7 1 1 12 10 1 1 1 1 1 1 1 1 12 10 1 1 12 10 1 1 1 12 10 1 1 1 1 12 10 1 1 12 10 1 1 12 10 1 1 1 12 10 1 1 1 1 1 1 12 10 1 1 1 1 12 10 1 1 1 1 1 12 10 1 1 12 10 1 12 10 1 1 1 100 1 12 9 1 100 1 12 9 1 1 12 10 1 100 9 10 1 100 9 10 10 1 100 9 10 1 100 9 10 1 100 9 10 1 100 9 10 1 100 9 10 1 100 9 10 1 12 10 12 11 12 11 100 1 12 10 1 1 12 10 1 1 12 10 1 12 10 1 1 12 10 1 1 12 10 1 1 12 10 1 1 12 10 1 1 12 10 1 1 1 1 12 10 1 1 12 10 12 10 1 12 10 1 1 12 10 1 1 1 12 10 1 1 1 1 12 10 1 1 12 10 1 12 10 12 10 1 1 12 10 1 12 10 1 1 12 10 1 12 10 12 10 12 10 1 1 12 10 1 1 1 1 12 10 12 10 1 1 12 10 1 10 10 12 10 12 10 1 12 10 1 1 1 10 1 1 1 1 1 1 1 1 1 1 1 1 1
ciInstanceKlass scala/runtime/BoxedUnit 1 1 50 9 10 8 7 10 9 9 7 100 1 1 1 5 0 1 1 1 1 1 1 1 1 1 1 1 1 1 1 1 1 1 1 1 1 1 1 1 1 1 1 12 12 1 1 7 12 1 1 1
staticfield scala/runtime/BoxedUnit UNIT Lscala/runtime/BoxedUnit; scala/runtime/BoxedUnit
staticfield scala/runtime/BoxedUnit TYPE Ljava/lang/Class; java/lang/Class
ciInstanceKlass scala/runtime/ObjectRef 1 1 52 10 9 10 7 10 7 100 1 1 1 5 0 1 1 1 1 1 1 1 1 1 1 1 1 1 1 1 1 1 1 1 1 1 1 1 1 1 1 1 12 12 100 12 1 12 1 1 1 1 1 1
ciInstanceKlass scala/runtime/IntRef 1 1 42 10 9 10 7 10 7 100 1 1 1 5 0 1 1 1 1 1 1 1 1 1 1 1 1 1 1 1 1 1 1 12 12 100 12 1 12 1 1 1 1 1
ciInstanceKlass scala/meta/internal/metals/StringBloomFilter 1 1 172 1 7 1 7 1 1 1 1 1 1 1 1 1 1 1 1 1 1 1 1 12 9 1 1 1 1 12 9 1 1 12 10 1 7 1 12 10 12 10 1 12 9 1 12 9 1 12 9 1 1 12 10 1 7 12 10 1 1 1 12 10 1 1 1 1 1 12 10 1 7 1 1 12 9 12 10 1 1 12 10 1 1 12 10 1 12 10 1 1 12 10 1 1 1 1 1 12 10 1 1 7 1 1 12 11 1 1 12 11 1 1 1 1 12 10 1 1 1 1 12 10 1 1 1 12 10 6 0 1 7 1 1 12 10 1 7 1 1 12 10 1 1 12 10 1 1 12 10 1 7 1 12 10 12 10 5 0 1 1 12 10 1 1 1 1 1 1 1 1 1 1
ciInstanceKlass com/google/common/hash/Funnel 1 0 27 100 1 100 1 100 1 1 1 1 1 1 1 1 1 1 1 1 1 1 1 1 1 1 1 1 1
ciInstanceKlass com/google/common/hash/BloomFilter 1 1 532 10 7 12 1 1 1 9 12 1 1 9 12 1 1 9 12 1 1 9 12 1 1 10 7 12 1 1 8 1 10 7 12 1 1 1 8 1 10 12 1 1 7 1 7 1 7 1 10 12 1 1 11 12 1 1 10 12 1 11 12 1 10 12 1 1 10 12 1 10 7 12 1 1 1 10 10 12 1 1 9 100 12 1 1 1 10 100 12 1 1 1 11 12 1 11 8 1 10 12 1 8 1 10 12 1 8 1 10 12 1 11 8 1 10 12 1 11 8 1 10 12 1 1 11 10 11 10 100 12 1 1 1 10 100 12 1 1 1 6 0 10 12 1 1 8 1 10 12 1 8 1 10 7 12 1 1 10 12 1 8 1 18 12 1 1 18 12 1 1 18 12 1 1 100 1 9 12 1 1 9 12 1 11 100 12 1 1 1 10 12 1 1 9 7 12 1 1 1 10 12 1 10 12 1 1 10 12 1 1 10 12 1 100 1 100 1 10 8 1 10 12 1 1 10 12 1 8 1 10 12 1 1 10 12 1 10 12 1 10 12 1 9 12 1 1 10 12 1 1 10 12 1 1 6 0 9 12 1 100 1 10 12 1 100 1 8 1 10 12 1 100 1 10 12 1 11 12 1 1 10 100 12 1 1 1 10 12 1 1 10 100 1 9 12 1 1 10 100 12 1 1 10 12 1 10 12 1 10 12 1 8 1 10 12 1 8 1 100 1 10 12 1 10 12 1 1 10 100 12 1 1 1 10 12 1 10 12 1 1 5 0 10 12 1 1 10 12 1 10 12 1 1 100 1 100 1 8 1 10 12 1 8 1 8 1 10 10 12 6 0 100 1 100 1 1 1 1 1 1 5 0 1 1 1 1 1 1 1 1 1 1 1 1 1 1 1 1 1 1 1 1 1 1 1 1 1 1 1 1 1 1 1 1 1 1 1 1 1 1 1 1 1 1 1 1 1 1 1 1 1 1 1 1 1 1 1 1 1 1 1 1 1 1 1 1 1 1 1 1 1 1 1 1 1 1 1 1 1 1 1 1 1 1 1 1 1 100 1 1 1 1 1 1 1 1 1 1 1 1 1 1 1 1 1 1 1 1 1 1 1 1 1 1 1 1 16 15 10 12 16 16 1 15 10 12 16 1 16 15 10 12 16 15 10 100 12 1 1 1 1 1 1 1 1 100 1 100 1 100 1 1
staticfield com/google/common/hash/BloomFilter LOG_TWO D 4604418534313441775
staticfield com/google/common/hash/BloomFilter SQUARED_LOG_TWO D 4602326691975710094
ciInstanceKlass com/google/common/hash/BloomFilter$Strategy 1 0 34 100 1 100 1 100 1 1 1 1 1 1 1 1 1 1 1 1 1 1 1 1 1 1 1 1 100 1 1 100 1 100 1 1
ciInstanceKlass com/google/common/hash/BloomFilterStrategies$2 1 1 108 10 7 12 1 1 1 10 7 12 1 1 1 10 7 12 1 1 1 11 7 12 1 1 1 10 7 12 1 1 1 10 7 12 1 1 1 10 12 1 100 1 5 0 10 12 1 1 10 12 1 10 7 12 1 1 1 1 1 1 1 1 1 1 1 1 1 1 1 1 1 1 1 1 1 1 1 1 1 1 1 1 1 1 1 1 1 1 1 100 1 100 1 100 1 1 1 1 1 1 1 1 1 1 1 100 1 1
ciInstanceKlass com/google/common/hash/BloomFilterStrategies$LockFreeBitArray 1 1 160 10 7 12 1 1 1 8 1 10 7 12 1 1 1 7 1 5 0 9 7 12 1 1 1 10 7 12 1 1 1 10 7 12 1 1 1 10 12 1 9 7 12 1 1 1 7 1 10 9 12 1 1 10 12 1 10 100 12 1 10 12 1 1 10 12 1 1 10 12 1 10 12 1 1 10 12 1 10 12 1 1 10 12 1 1 10 12 1 1 10 8 1 10 12 1 10 12 1 1 10 100 12 1 1 1 10 12 1 1 1 1 1 3 1 1 1 1 1 1 1 1 1 1 1 100 1 1 1 1 1 1 1 1 1 1 1 1 1 1 1 1 1 1 1 1 1 1 1 1 1 1 1 1 1 1 1 100 1 1
instanceKlass net/jpountz/xxhash/AbstractStreamingXXHash64Java
ciInstanceKlass net/jpountz/xxhash/StreamingXXHash64 1 1 68 10 9 100 10 10 10 10 8 10 8 10 100 10 7 7 100 100 1 1 1 1 1 1 1 1 1 1 1 1 1 1 1 1 1 1 1 1 1 1 1 1 1 12 12 1 12 100 12 12 1 12 1 12 1 12 1 1 1 1 1 1 1 1 1 1 1 1
instanceKlass net/jpountz/xxhash/StreamingXXHash64JavaUnsafe
ciInstanceKlass net/jpountz/xxhash/AbstractStreamingXXHash64Java 1 1 51 10 9 10 9 5 0 5 0 9 9 9 9 9 9 7 7 1 1 1 1 1 1 1 1 1 1 1 1 1 1 1 1 1 1 1 1 1 1 12 12 12 12 12 12 12 12 12 12 1 1
ciInstanceKlass net/jpountz/xxhash/StreamingXXHash64JavaUnsafe 1 1 102 10 9 5 0 9 9 9 9 10 5 0 5 0 5 0 9 5 0 9 9 10 10 5 0 5 0 10 10 7 7 100 1 1 1 1 1 1 1 1 1 1 1 1 1 1 1 1 1 1 1 1 1 1 1 1 1 1 1 1 1 100 100 1 1 12 12 12 12 12 12 7 12 12 12 12 7 12 12 7 12 7 12 1 1 1 1 1 1 1 1 1 1 1 1 1 1 1 1 1 1 1
ciInstanceKlass net/jpountz/util/UnsafeUtils 1 1 235 9 10 100 7 10 10 10 10 10 9 9 9 10 10 10 10 10 9 9 10 10 10 10 10 10 10 10 10 3 10 9 9 9 9 7 8 10 10 10 7 10 10 7 7 100 100 8 10 100 100 100 1 1 1 1 1 1 1 1 1 1 1 1 1 1 1 1 1 1 1 1 1 1 1 1 1 1 1 1 1 1 1 1 1 1 1 1 1 1 1 1 1 1 1 1 1 1 1 1 1 1 1 1 1 1 1 1 1 1 1 1 1 1 1 1 1 1 1 1 1 1 1 1 1 1 1 1 1 1 1 100 100 100 1 1 1 12 100 12 1 12 12 7 12 12 12 12 12 12 12 12 12 12 12 7 12 7 12 100 12 12 12 12 100 12 12 12 12 100 12 12 12 12 12 12 1 7 12 7 12 12 12 12 1 1 1 12 1 1 1 1 1 1 1 1 1 1 1 1 1 1 1 1 1 1 1 1 1 1 1 1 1 1 1 1 1 1 1 1 1 1 1 1 1 1 1 1 1 1 1 1 1 1 1
staticfield net/jpountz/util/UnsafeUtils UNSAFE Lsun/misc/Unsafe; sun/misc/Unsafe
staticfield net/jpountz/util/UnsafeUtils BYTE_ARRAY_OFFSET J 16
staticfield net/jpountz/util/UnsafeUtils BYTE_ARRAY_SCALE I 1
staticfield net/jpountz/util/UnsafeUtils INT_ARRAY_OFFSET J 16
staticfield net/jpountz/util/UnsafeUtils INT_ARRAY_SCALE I 4
staticfield net/jpountz/util/UnsafeUtils SHORT_ARRAY_OFFSET J 16
staticfield net/jpountz/util/UnsafeUtils SHORT_ARRAY_SCALE I 2
staticfield net/jpountz/util/UnsafeUtils $VALUES [Lnet/jpountz/util/UnsafeUtils; 0 [Lnet/jpountz/util/UnsafeUtils;
ciInstanceKlass net/jpountz/util/SafeUtils 1 1 106 9 10 100 7 10 10 100 10 10 10 100 8 10 9 9 10 10 5 0 3 100 1 1 1 1 1 1 1 1 1 1 1 1 1 1 1 1 1 1 1 1 1 1 1 1 1 1 1 1 1 1 1 1 1 1 1 1 1 1 1 1 1 1 1 1 1 1 1 1 1 1 1 1 1 1 1 12 100 12 1 12 12 1 12 12 12 1 1 12 100 12 100 12 12 12 1 1 1 1 1 1 1 1 1 1
staticfield net/jpountz/util/SafeUtils $VALUES [Lnet/jpountz/util/SafeUtils; 0 [Lnet/jpountz/util/SafeUtils;
ciInstanceKlass  @bci scala/meta/internal/metals/Fuzzy bloomFilterSymbolStrings (Ljava/lang/String;Lscala/meta/internal/metals/StringBloomFilter;)V 310 <appendix> member <vmtarget> ; 1 1 46 1 7 1 7 1 100 1 100 1 1 1 1 1 12 10 12 9 1 1 1 7 1 7 1 1 12 10 1 1 1 1 100 8 8 8 3 8 8 8 8 1 12 10 1 1
instanceKlass scala/meta/internal/metals/Fuzzy$
ciInstanceKlass scala/meta/internal/metals/Fuzzy 1 1 619 1 7 1 7 1 1 1 1 1 100 1 100 1 1 100 1 1 1 1 1 1 1 1 1 16 1 1 12 10 15 1 16 3 3 1 7 1 1 12 10 15 1 1 12 18 1 1 12 10 1 1 1 1 1 1 1 1 1 12 10 15 18 1 12 10 15 18 1 1 1 1 100 1 1 1 1 1 1 1 12 10 1 7 1 12 11 1 1 12 10 1 1 1 1 1 1 1 12 11 1 1 1 1 1 1 1 1 1 1 1 8 1 1 12 10 1 7 10 1 1 12 10 1 1 1 1 1 1 1 10 1 1 1 1 1 1 1 1 1 12 10 1 1 1 1 12 10 1 1 1 7 1 1 12 9 1 7 1 12 9 1 1 12 10 1 12 10 1 1 12 10 1 1 1 1 1 1 7 1 1 12 10 1 16 1 1 12 10 15 16 1 12 18 1 100 1 1 12 11 1 1 12 10 1 7 1 12 10 1 12 10 1 1 1 1 1 1 7 1 12 9 1 1 12 10 1 7 1 1 12 10 1 7 1 1 12 10 1 7 1 12 10 1 8 1 12 10 1 12 10 1 1 12 10 1 7 1 1 12 9 1 12 10 1 1 12 10 1 12 10 1 1 12 10 1 7 1 12 10 1 8 1 1 12 10 10 12 10 1 7 1 12 10 1 12 10 1 7 1 12 9 1 1 12 9 1 7 1 16 1 1 12 10 15 1 16 1 12 18 1 12 10 1 1 12 10 1 1 1 1 1 1 1 1 1 1 1 1 12 10 15 1 12 18 1 12 11 1 12 10 1 12 9 1 1 1 1 1 1 12 10 1 100 1 12 9 1 100 1 12 10 1 100 1 12 9 1 12 10 1 100 1 1 12 11 1 12 10 1 100 1 12 9 1 1 12 10 1 1 12 10 1 1 12 10 15 1 12 18 1 1 1 1 1 1 1 1 1 1 1 12 10 1 1 1 1 1 12 10 1 12 10 1 12 10 1 1 1 1 1 1 1 12 10 12 10 12 11 1 12 10 1 12 10 1 8 12 10 1 1 1 1 1 1 1 1 1 1 1 1 1 1 1 1 1 1 1 1 1 1 1 1 1 1 1 12 10 1 12 10 1 1 1 1 1 1 1 1 1 1 1 100 1 12 10 1 12 10 1 12 10 1 12 10 15 1 12 18 1 1 12 10 1 1 12 10 1 100 1 12 10 1 1 1 1 1 1 12 10 1 12 10 1 1 12 10 1 12 10 1 1 1 1 1 1 1 12 10 1 1 1 1 1 1 1 12 11 1 1 1 1 1 1 10 12 10 12 10 12 10 12 10 12 10 12 10 12 10 1 1 12 10 12 10 1 1 1 100 1 1 12 10 15 1 12 18 1 1 1 1 1 1 1 1 1 1 1 1
ciInstanceKlass scala/meta/internal/metals/Fuzzy$ 1 1 23 1 7 1 7 1 1 1 1 1 1 12 10 12 9 10 1 1 1 1 1 1 1
staticfield scala/meta/internal/metals/Fuzzy$ MODULE$ Lscala/meta/internal/metals/Fuzzy$; scala/meta/internal/metals/Fuzzy$
ciInstanceKlass com/google/common/hash/Hashing 1 1 371 10 7 12 1 1 1 9 100 12 1 1 1 9 7 12 1 1 100 1 9 12 1 1 3 10 12 1 1 100 1 10 12 1 1 10 12 1 9 12 1 9 12 1 10 12 1 9 12 1 9 100 12 1 1 10 12 1 9 100 12 1 1 9 100 12 1 1 9 100 12 1 1 9 100 12 1 1 9 100 12 1 1 100 1 8 1 8 1 10 12 1 1 10 12 1 100 1 10 100 12 1 1 1 100 1 10 12 1 10 12 1 8 1 8 1 10 12 8 1 8 1 10 12 8 1 8 1 10 12 100 1 10 12 1 8 1 10 12 1 1 8 1 11 100 12 1 1 1 8 1 11 12 1 8 1 10 12 1 9 100 12 1 1 9 100 12 1 1 1 9 12 1 9 12 1 9 100 12 1 1 9 100 12 1 1 10 100 12 1 1 1 10 12 1 1 8 1 10 12 1 1 100 1 10 12 1 10 12 1 1 11 100 12 1 1 1 11 100 12 1 1 1 8 1 10 12 1 11 12 1 1 10 12 1 1 10 12 1 1 8 1 10 12 1 1 8 1 100 1 10 11 100 12 1 1 1 10 100 12 1 1 1 11 12 1 1 100 1 11 12 1 8 1 11 12 1 10 100 1 10 7 12 1 1 1 1 1 1 1 1 1 1 1 1 1 1 1 1 1 1 1 1 1 1 1 1 1 1 1 1 1 1 1 1 1 1 1 1 1 1 1 1 1 1 1 1 1 1 1 1 1 1 1 1 1 1 1 1 1 1 1 1 1 1 1 1 1 1 1 1 1 1 1 1 1 1 1 1 1 1 100 1 1 1 1 1 1 1 1 1
staticfield com/google/common/hash/Hashing GOOD_FAST_HASH_SEED I 1770929302
ciInstanceKlass com/google/common/hash/HashFunction 1 0 42 100 1 100 1 1 1 1 1 1 1 1 1 1 1 1 1 1 1 1 1 1 1 1 1 1 1 1 1 1 1 1 1 1 1 1 1 1 1 1 1 1
ciInstanceKlass com/google/common/hash/Murmur3_128HashFunction 1 1 90 10 7 12 1 1 1 9 7 12 1 1 1 7 1 10 12 1 100 1 10 8 1 10 12 1 1 10 12 1 8 1 10 12 1 1 10 100 12 1 1 1 10 12 1 1 10 9 12 1 1 9 7 12 1 1 9 12 1 100 1 1 1 1 5 0 1 1 1 1 1 1 1 1 1 1 1 1 1 1 1 1 1 1 1 1 1 1 1 1
staticfield com/google/common/hash/Murmur3_128HashFunction MURMUR3_128 Lcom/google/common/hash/HashFunction; com/google/common/hash/Murmur3_128HashFunction
staticfield com/google/common/hash/Murmur3_128HashFunction GOOD_FAST_HASH_128 Lcom/google/common/hash/HashFunction; com/google/common/hash/Murmur3_128HashFunction
instanceKlass com/google/common/hash/HashCode$BytesHashCode
instanceKlass com/google/common/hash/HashCode$LongHashCode
instanceKlass com/google/common/hash/HashCode$IntHashCode
ciInstanceKlass com/google/common/hash/HashCode 1 1 181 10 7 12 1 1 1 10 7 12 1 1 1 10 100 12 1 1 1 10 100 12 1 1 1 10 12 1 1 10 12 1 1 100 1 10 12 1 100 1 10 12 1 8 1 10 12 1 1 10 100 12 1 1 1 10 12 1 1 7 1 10 12 1 10 7 12 1 1 8 1 10 12 1 8 1 10 12 1 1 10 12 1 1 100 1 100 1 10 8 1 10 12 1 1 10 12 1 10 12 1 1 10 12 1 10 12 1 1 10 12 1 10 12 1 10 9 12 1 1 8 1 10 12 1 1 1 1 1 1 1 1 1 1 1 1 1 1 1 1 1 1 1 1 1 1 1 1 1 1 1 1 1 1 1 1 1 1 1 1 1 1 1 1 1 1 1 1 1 1 1 1 1 1 1 1 1 1 1 1 1
staticfield com/google/common/hash/HashCode hexDigits [C 16
ciInstanceKlass com/google/common/hash/HashCode$BytesHashCode 1 1 92 10 7 12 1 1 1 10 7 12 1 1 1 7 1 9 7 12 1 1 10 12 1 1 8 1 10 12 1 1 8 1 10 12 1 1 10 100 12 1 1 1 5 0 10 100 12 1 1 1 10 12 1 1 100 1 1 1 1 5 0 1 1 1 1 1 1 1 1 1 1 1 1 1 1 1 1 1 1 1 1 1 1 1 1 1 1 1 1 1 1 1
ciInstanceKlass scala/meta/internal/metals/ZeroCopySubSequence 1 1 63 1 7 1 7 1 7 1 1 1 1 1 1 1 1 1 1 1 12 11 1 1 1 12 11 1 1 12 9 12 9 1 1 1 12 9 12 11 1 1 1 1 1 1 12 10 1 1 12 11 12 10 1 12 10 1 1 1 1 1 1 1 1
ciInstanceKlass scala/meta/internal/metals/TrigramSubstrings$ 1 1 497 1 7 1 7 1 1 100 1 100 1 1 7 1 100 1 1 7 1 100 1 1 7 1 100 1 1 1 1 1 1 1 1 1 1 1 1 12 10 12 9 12 9 12 9 1 7 1 12 9 1 7 1 12 9 1 1 12 10 1 12 10 1 1 12 10 1 16 1 1 12 10 15 16 3 3 1 7 1 1 12 10 15 1 1 12 18 1 1 12 10 1 7 1 12 9 1 1 12 10 1 7 1 1 12 11 12 9 1 1 1 1 1 1 1 1 7 1 12 10 1 7 1 1 12 10 1 1 12 10 1 12 10 1 7 1 7 1 7 1 1 12 10 1 12 10 1 12 9 1 1 12 10 1 1 1 1 1 1 1 1 1 7 1 12 10 1 1 1 1 10 1 1 12 10 1 12 10 1 1 12 10 1 1 12 10 1 12 10 12 11 1 1 1 1 1 1 1 100 1 1 1 1 100 1 12 9 1 1 12 10 1 1 12 10 1 1 12 10 15 1 16 1 12 18 12 10 12 10 1 1 1 1 1 1 1 1 1 12 10 15 1 16 18 1 1 12 10 1 1 1 1 1 12 10 1 1 12 10 1 100 11 1 1 12 10 1 1 1 12 9 1 1 12 10 1 1 1 1 1 1 1 1 100 1 1 12 10 1 1 1 1 1 1 1 1 100 1 12 9 1 1 1 1 1 1 1 1 100 10 1 1 12 10 1 1 12 10 1 12 10 1 100 1 12 9 1 1 12 10 1 12 10 1 1 12 10 12 10 1 100 1 1 12 9 1 100 1 12 10 1 1 1 1 1 1 1 1 1 1 10 1 1 12 10 1 16 12 10 15 1 1 12 18 1 1 12 10 1 16 12 10 15 1 1 12 18 1 100 1 12 10 1 100 1 12 10 1 1 100 1 12 9 1 1 12 10 1 1 12 10 1 12 10 12 10 15 18 1 1 12 10 15 1 16 1 12 18 1 12 10 1 100 1 1 12 10 15 1 16 1 12 18 11 1 1 1 1 1 1 1 12 9 1 12 10 12 10 12 10 1 1 12 10 10 12 10 12 10 1 12 10 12 10 1 1 1 100 1 1 12 10 15 1 12 18 1 1 1 1 1 1 1 1 1 1 1
staticfield scala/meta/internal/metals/TrigramSubstrings$ MODULE$ Lscala/meta/internal/metals/TrigramSubstrings$; scala/meta/internal/metals/TrigramSubstrings$
staticfield scala/meta/internal/metals/TrigramSubstrings$ DefaultMaxTrigrams I 250
staticfield scala/meta/internal/metals/TrigramSubstrings$ DefaultMaxUppercases I 12
staticfield scala/meta/internal/metals/TrigramSubstrings$ cachedCombinations Lscala/collection/immutable/Map; scala/collection/immutable/HashMap
ciInstanceKlass scala/meta/internal/metals/PrefixCharSequence 1 1 157 1 7 1 7 1 7 1 7 1 100 1 1 1 1 1 1 1 1 1 1 1 100 1 1 12 9 12 10 1 1 1 12 10 1 1 1 1 12 10 1 1 1 12 10 1 1 1 1 1 12 11 1 1 1 12 11 1 12 11 1 12 9 1 1 12 10 12 11 1 1 1 12 11 1 1 1 1 1 1 100 1 1 12 10 1 1 12 10 1 1 1 1 8 1 1 1 1 1 100 1 12 10 1 1 1 100 1 12 9 1 12 10 1 1 1 1 1 8 1 100 1 1 100 1 12 9 3 1 1 12 10 1 1 1 12 10 1 12 10 12 10 10 1 1 12 11 1 1 1 1 1 1 1 1 1 1
ciMethodData java/lang/Object <init> ()V 2 911511 orig 80 1 0 0 0 0 0 0 0 0 0 0 0 0 0 0 0 0 0 0 0 0 0 0 0 0 0 0 0 0 0 0 0 0 0 0 0 0 0 0 0 0 0 0 0 0 0 0 0 0 0 0 0 0 0 0 0 0 0 0 0 0 0 0 0 0 0 0 0 0 0 0 0 0 0 0 0 0 0 0 0 data 4 0x0 0x9 0x1 0x0 oops 0 methods 0
ciMethodData java/lang/String charAt (I)C 2 1453098 orig 80 1 0 0 0 0 0 0 0 0 0 0 0 14 2 0 0 0 0 0 0 0 0 0 0 0 0 0 0 0 0 0 0 0 0 0 0 0 0 0 0 0 0 0 0 0 0 0 0 0 0 0 0 0 0 0 0 0 0 0 0 0 0 0 0 0 0 0 0 0 0 0 0 0 0 0 0 0 0 0 0 data 25 0x10005 0x1636dd 0x0 0x0 0x0 0x0 0x0 0x40007 0x1 0x30 0x16368e 0xc0002 0x163ef4 0x150002 0x1 0x0 0x0 0x0 0x0 0x0 0x0 0x9 0x2 0x0 0x0 oops 0 methods 0
ciMethodData java/lang/String isLatin1 ()Z 2 1666741 orig 80 0 0 0 0 0 0 0 0 0 0 0 0 14 2 0 0 0 0 0 0 0 0 0 0 0 0 0 0 0 0 0 0 0 0 0 0 0 0 0 1 0 0 0 0 0 0 0 0 0 0 0 0 0 0 0 0 0 0 0 0 0 0 0 0 0 0 0 0 0 0 0 0 0 0 0 0 0 0 0 0 data 18 0x30007 0x0 0x58 0x19715e 0x80000006000a0007 0x5 0x38 0x1973b7 0xe0003 0x1974a0 0x18 0x0 0x0 0x0 0x0 0x9 0x1 0x0 oops 0 methods 0
ciMethodData java/lang/StringLatin1 charAt ([BI)C 2 1457582 orig 80 0 0 0 0 0 0 0 0 0 0 0 0 14 2 0 0 0 0 0 0 0 0 0 0 0 0 0 0 0 0 0 0 0 0 0 0 0 0 0 0 0 0 0 0 0 0 0 0 0 0 0 0 0 0 0 0 0 0 0 0 0 0 0 0 0 0 0 0 0 0 0 0 0 0 0 0 0 0 0 0 data 12 0x30002 0x1640aa 0x0 0x0 0x0 0x0 0x0 0x0 0x9 0x2 0x0 0x0 oops 0 methods 0
ciMethodData java/lang/String checkIndex (II)V 2 1468104 orig 80 0 0 0 0 0 0 0 0 0 0 0 0 14 2 0 0 0 0 0 0 0 0 0 0 0 0 0 0 0 0 0 0 0 0 0 0 0 0 0 0 0 0 0 0 0 0 0 0 0 0 0 0 0 0 0 0 0 0 0 0 0 0 0 0 0 0 0 0 0 0 0 0 0 0 0 0 0 0 0 0 data 12 0x50002 0x166760 0x0 0x0 0x0 0x0 0x0 0x0 0x9 0x2 0x0 0x0 oops 0 methods 0
ciMethodData java/lang/StringUTF16 charAt ([BI)C 1 8 orig 80 0 0 0 0 0 0 0 0 0 0 0 0 14 2 0 0 0 0 0 0 0 0 0 0 0 0 0 0 0 0 0 0 0 0 0 0 0 0 0 0 0 0 0 0 0 0 0 0 0 0 0 0 0 0 0 0 0 0 0 0 0 0 0 0 0 0 0 0 0 0 0 0 0 0 0 0 0 0 0 0 data 14 0x20002 0x8 0x70002 0x8 0x0 0x0 0x0 0x0 0x0 0x0 0x9 0x2 0x0 0x0 oops 0 methods 0
ciMethodData java/lang/String coder ()B 2 959379 orig 80 0 0 0 0 0 0 0 0 0 0 0 0 14 2 0 0 0 0 0 0 0 0 0 0 0 0 0 0 0 0 0 0 0 0 0 0 0 0 0 0 0 0 0 0 0 0 0 0 0 0 0 0 0 0 0 0 0 0 0 0 0 0 0 0 0 0 0 0 0 0 0 0 0 0 0 0 0 0 0 0 data 14 0x30007 0x0 0x38 0xea58e 0xa0003 0xea65a 0x18 0x0 0x0 0x0 0x0 0x9 0x1 0x0 oops 0 methods 0
ciMethodData java/lang/String length ()I 2 837916 orig 80 0 0 0 0 0 0 0 0 0 0 0 0 14 2 0 0 0 0 0 0 0 0 0 0 0 0 0 0 0 0 0 0 0 0 0 0 0 0 0 0 0 0 0 0 0 0 0 0 0 0 0 0 0 0 0 0 0 0 0 0 0 0 0 0 0 0 0 0 0 0 0 0 0 0 0 0 0 0 0 0 data 16 0x60005 0xcce20 0x0 0x0 0x0 0x0 0x0 0x0 0x0 0x0 0x0 0x0 0x0 0x9 0x1 0x0 oops 0 methods 0
ciMethodData java/lang/StringLatin1 canEncode (I)Z 2 63419 orig 80 0 0 0 0 0 0 0 0 0 0 0 0 14 2 0 0 0 0 0 0 0 0 0 0 0 0 0 0 0 0 0 0 0 0 0 0 0 0 0 1 0 0 0 0 0 0 0 0 0 0 0 0 0 0 0 0 0 0 0 0 0 0 0 0 0 0 0 0 0 0 0 0 0 0 0 0 0 0 0 0 data 11 0x8000000600040007 0x4 0x38 0xf7b8 0x80003 0xf7b8 0x18 0x0 0x9 0x1 0x0 oops 0 methods 0
ciMethodData java/lang/String startsWith (Ljava/lang/String;I)Z 2 3097 orig 80 0 0 0 0 0 0 0 0 0 0 0 0 14 2 0 0 0 0 0 0 0 0 0 0 0 0 0 0 0 0 0 0 0 0 0 0 0 0 0 0 0 0 0 0 0 0 0 0 0 0 0 0 0 0 0 0 0 0 0 0 0 0 0 0 0 0 0 0 0 0 0 0 0 0 0 0 0 0 0 0 data 83 0x10007 0xa 0xb0 0xc0f 0x60005 0xc0f 0x0 0x0 0x0 0x0 0x0 0xa0005 0xc0f 0x0 0x0 0x0 0x0 0x0 0xe0007 0xc0d 0x20 0x2 0x270005 0xc0d 0x0 0x0 0x0 0x0 0x0 0x2f0005 0xc0d 0x0 0x0 0x0 0x0 0x0 0x320007 0x0 0xb0 0xc0d 0x370007 0x0 0x38 0xc0d 0x3b0003 0xc0d 0x18 0x470007 0x3a3 0x40 0x4413 0x590007 0x3ba9 0xffffffffffffffe0 0x86a 0x5e0003 0x3a3 0x88 0x630007 0x0 0x20 0x0 0x6c0007 0x0 0x50 0x0 0x740002 0x0 0x830007 0x0 0xffffffffffffffd0 0x0 0x0 0x0 0x0 0x0 0x0 0x0 0x9 0x3 0x0 0x0 0x0 oops 0 methods 0
ciMethodData java/lang/AbstractStringBuilder ensureCapacityInternal (I)V 2 5847 orig 80 0 0 0 0 0 0 0 0 0 0 0 0 14 2 0 0 0 0 0 0 0 0 0 0 0 0 0 0 0 0 0 0 0 0 0 0 0 0 0 0 0 0 0 0 0 0 0 0 0 0 0 0 0 0 0 0 0 0 0 0 0 0 0 0 0 0 0 0 0 0 0 0 0 0 0 0 0 0 0 0 data 23 0xe0007 0x1151 0x68 0x586 0x180005 0x586 0x0 0x0 0x0 0x0 0x0 0x200002 0x586 0x0 0x0 0x0 0x0 0x0 0x0 0x9 0x2 0xc 0x0 oops 0 methods 0
ciMethodData java/lang/AbstractStringBuilder newCapacity (I)I 2 7189 orig 80 0 0 0 0 0 0 0 0 0 0 0 0 14 2 0 0 0 0 0 0 0 0 0 0 0 0 0 0 0 0 0 0 0 0 0 0 0 0 0 0 0 0 0 0 0 0 0 0 0 0 0 0 0 0 0 0 0 0 0 0 0 0 0 0 0 0 0 0 0 0 0 0 0 0 0 0 0 0 0 0 data 18 0x1d0002 0x1c15 0x260007 0x1c15 0x30 0x0 0x2f0002 0x0 0x0 0x0 0x0 0x0 0x0 0x0 0x9 0x2 0x0 0x0 oops 0 methods 0
ciMethodData java/util/Arrays copyOf ([BI)[B 2 5138 orig 80 0 0 0 0 0 0 0 0 0 0 0 0 14 2 0 0 0 0 0 0 0 0 0 0 0 0 0 0 0 0 0 0 0 0 0 0 0 0 0 0 0 0 0 0 0 0 0 0 0 0 0 0 0 0 0 0 0 0 0 0 0 0 0 0 0 0 0 0 0 0 0 0 0 0 0 0 0 0 0 0 data 14 0xb0002 0x1412 0xe0002 0x1412 0x0 0x0 0x0 0x0 0x0 0x0 0x9 0x2 0xffffffffffffffff 0x0 oops 0 methods 0
ciMethodData java/lang/AbstractStringBuilder inflate ()V 1 6 orig 80 0 0 0 0 0 0 0 0 0 0 0 0 14 2 0 0 0 0 0 0 0 0 0 0 0 0 0 0 0 0 0 0 0 0 0 0 0 0 0 0 0 0 0 0 0 0 0 0 0 0 0 0 0 0 0 0 0 0 0 0 0 0 0 0 0 0 0 0 0 0 0 0 0 0 0 0 0 0 0 0 data 24 0x10005 0x6 0x0 0x0 0x0 0x0 0x0 0x40007 0x6 0x20 0x0 0xd0002 0x6 0x1c0002 0x6 0x0 0x0 0x0 0x0 0x0 0x0 0x9 0x1 0xc oops 0 methods 0
ciMethodData java/lang/AbstractStringBuilder isLatin1 ()Z 2 59241 orig 80 0 0 0 0 0 0 0 0 0 0 0 0 14 2 0 0 0 0 0 0 0 0 0 0 0 0 0 0 0 0 0 0 0 0 0 0 0 0 0 1 0 0 0 0 0 0 0 0 0 0 0 0 0 0 0 0 0 0 0 0 0 0 0 0 0 0 0 0 0 0 0 0 0 0 0 0 0 0 0 0 data 18 0x30007 0x0 0x58 0xe769 0x80000006000a0007 0x5d 0x38 0xe70d 0xe0003 0xe70d 0x18 0x0 0x0 0x0 0x0 0x9 0x1 0x0 oops 0 methods 0
ciMethodData java/lang/StringBuilder append (C)Ljava/lang/StringBuilder; 2 300167 orig 80 1 0 0 0 0 0 0 0 0 0 0 0 14 2 0 0 0 0 0 0 0 0 0 0 0 0 0 0 0 0 0 0 0 0 0 0 0 0 0 0 0 0 0 0 0 0 0 0 0 0 0 0 0 0 0 0 0 0 0 0 0 0 0 0 0 0 0 0 0 0 0 0 0 0 0 0 0 0 0 0 data 9 0x20002 0x49495 0x0 0x0 0x0 0x9 0x2 0xe 0x0 oops 0 methods 0
ciMethodData java/lang/AbstractStringBuilder append (C)Ljava/lang/AbstractStringBuilder; 2 24153 orig 80 1 0 0 0 0 0 0 0 0 0 0 0 14 2 0 0 0 0 0 0 0 0 0 0 0 0 0 0 0 0 0 0 0 0 0 0 0 0 0 0 0 0 0 0 0 0 0 0 0 0 0 0 0 0 0 0 0 0 0 0 0 0 0 0 0 0 0 0 0 0 0 0 0 0 0 0 0 0 0 0 data 57 0x70005 0x5e59 0x0 0x0 0x0 0x0 0x0 0xb0005 0x5e59 0x0 0x0 0x0 0x0 0x0 0xe0007 0x1f 0x68 0x5e3b 0x120002 0x5e3b 0x150007 0x4 0x38 0x5e38 0x2a0003 0x5e38 0xb8 0x2e0005 0x23 0x0 0x0 0x0 0x0 0x0 0x310007 0x1f 0x58 0x4 0x350005 0x4 0x0 0x0 0x0 0x0 0x0 0x480002 0x23 0x0 0x0 0x0 0x0 0x0 0x0 0x9 0x2 0xe 0x0 oops 0 methods 0
ciMethodData java/lang/StringUTF16 putCharSB ([BII)V 1 62 orig 80 0 0 0 0 0 0 0 0 0 0 0 0 14 2 0 0 0 0 0 0 0 0 0 0 0 0 0 0 0 0 0 0 0 0 0 0 0 0 0 0 0 0 0 0 0 0 0 0 0 0 0 0 0 0 0 0 0 0 0 0 0 0 0 0 0 0 0 0 0 0 0 0 0 0 0 0 0 0 0 0 data 15 0x20002 0x3e 0x80002 0x24 0x0 0x0 0x0 0x0 0x0 0x0 0x9 0x3 0xffffffffffffffff 0x0 0x0 oops 0 methods 0
ciMethodData java/lang/StringBuilder <init> ()V 2 73593 orig 80 0 0 0 0 0 0 0 0 0 0 0 0 14 2 0 0 0 0 0 0 0 0 0 0 0 0 0 0 0 0 0 0 0 0 0 0 0 0 0 0 0 0 0 0 0 0 0 0 0 0 0 0 0 0 0 0 0 0 0 0 0 0 0 0 0 0 0 0 0 0 0 0 0 0 0 0 0 0 0 0 data 7 0x30002 0x11f7b 0x0 0x0 0x9 0x1 0x0 oops 0 methods 0
ciMethodData java/lang/AbstractStringBuilder <init> (I)V 2 7181 orig 80 0 0 0 0 0 0 0 0 0 0 0 0 14 2 0 0 0 0 0 0 0 0 0 0 0 0 0 0 0 0 0 0 0 0 0 0 0 0 0 0 0 0 0 0 0 0 0 0 0 0 0 0 0 0 0 0 0 0 0 0 0 0 0 0 0 0 0 0 0 0 0 0 0 0 0 0 0 0 0 0 data 21 0x10002 0x1c0d 0x70007 0x0 0x38 0x1c0d 0x160003 0x1c0d 0x28 0x1b0002 0x0 0x0 0x0 0x0 0x0 0x0 0x0 0x9 0x2 0x0 0x0 oops 0 methods 0
ciMethodData java/lang/StringBuilder toString ()Ljava/lang/String; 2 153005 orig 80 0 0 0 0 0 0 0 0 0 0 0 0 14 2 0 0 0 0 0 0 0 0 0 0 0 0 0 0 0 0 0 0 0 0 0 0 0 0 0 0 0 0 0 0 0 0 0 0 0 0 0 0 0 0 0 0 0 0 0 0 0 0 0 0 0 0 0 0 0 0 0 0 0 0 0 0 0 0 0 0 data 8 0x50002 0x2559d 0x0 0x0 0x0 0x9 0x1 0xffffffffffffffff oops 0 methods 0
ciMethodData java/lang/String <init> (Ljava/lang/StringBuilder;)V 2 152984 orig 80 0 0 0 0 0 0 0 0 0 0 0 0 14 2 0 0 0 0 0 0 0 0 0 0 0 0 0 0 0 0 0 0 0 0 0 0 0 0 0 0 0 0 0 0 0 0 0 0 0 0 0 0 0 0 0 0 0 0 0 0 0 0 0 0 0 0 0 0 0 0 0 0 0 0 0 0 0 0 0 0 data 8 0x30002 0x255a8 0x0 0x0 0x9 0x2 0xc 0xffffffffffffffff oops 0 methods 0
ciMethodData java/lang/String <init> (Ljava/lang/AbstractStringBuilder;Ljava/lang/Void;)V 2 7385 orig 80 1 0 0 0 0 0 0 0 0 0 0 0 14 2 0 0 0 0 0 0 0 0 0 0 0 0 0 0 0 0 0 0 0 0 0 0 0 0 0 0 0 0 0 0 0 0 0 0 0 0 0 0 0 0 0 0 0 0 0 0 0 0 0 0 0 0 0 0 0 0 0 0 0 0 0 0 0 0 0 0 data 59 0x10002 0x1cd9 0x50005 0x1cd9 0x0 0x0 0x0 0x0 0x0 0xa0005 0x1b92 0x0 0x20e6b498fc0 0x109 0x20e6b498e90 0x3e 0x100005 0x1cd9 0x0 0x0 0x0 0x0 0x0 0x130007 0x0 0x48 0x1cd9 0x200002 0x1cd9 0x260003 0x1cd9 0x98 0x2c0007 0x0 0x70 0x0 0x330007 0x0 0x50 0x0 0x3a0002 0x0 0x410007 0x0 0x20 0x0 0x5c0002 0x0 0x0 0x0 0x0 0x0 0x0 0x0 0x9 0x3 0xc 0xffffffffffffffff 0x0 oops 2 12 java/lang/StringBuilder 14 java/lang/StringBuffer methods 0
ciMethodData java/util/Arrays copyOfRange ([BII)[B 2 5165 orig 80 0 0 0 0 0 0 0 0 0 0 0 0 0 0 0 0 0 0 0 0 0 0 0 0 0 0 0 0 0 0 0 0 0 0 0 0 0 0 0 0 0 0 0 0 0 0 0 0 0 0 0 0 0 0 0 0 0 0 0 0 0 0 0 0 0 0 0 0 0 0 0 0 0 0 0 0 0 0 0 0 data 51 0x50007 0x142e 0x120 0x0 0x100002 0x0 0x140005 0x0 0x0 0x0 0x0 0x0 0x0 0x1a0005 0x0 0x0 0x0 0x0 0x0 0x0 0x1e0005 0x0 0x0 0x0 0x0 0x0 0x0 0x210005 0x0 0x0 0x0 0x0 0x0 0x0 0x240002 0x0 0x370002 0x142e 0x3a0002 0x142e 0x0 0x0 0x0 0x0 0x0 0x0 0x9 0x3 0xffffffffffffffff 0x0 0x0 oops 0 methods 0
ciMethodData java/lang/StringBuilder length ()I 2 11776 orig 80 0 0 0 0 0 0 0 0 0 0 0 0 14 2 0 0 0 0 0 0 0 0 0 0 0 0 0 0 0 0 0 0 0 0 0 0 0 0 0 0 0 0 0 0 0 0 0 0 0 0 0 0 0 0 0 0 0 0 0 0 0 0 0 0 0 0 0 0 0 0 0 0 0 0 0 0 0 0 0 0 data 7 0x10002 0x2e00 0x0 0x0 0x9 0x1 0x0 oops 0 methods 0
ciMethodData java/lang/Number <init> ()V 2 15612 orig 80 0 0 0 0 0 0 0 0 0 0 0 0 14 2 0 0 0 0 0 0 0 0 0 0 0 0 0 0 0 0 0 0 0 0 0 0 0 0 0 0 0 0 0 0 0 0 0 0 0 0 0 0 0 0 0 0 0 0 0 0 0 0 0 0 0 0 0 0 0 0 0 0 0 0 0 0 0 0 0 0 data 7 0x10002 0x3cfd 0x0 0x0 0x9 0x1 0x0 oops 0 methods 0
ciMethodData java/lang/String endsWith (Ljava/lang/String;)Z 2 112608 orig 80 0 0 0 0 0 0 0 0 0 0 0 0 14 2 0 0 0 0 0 0 0 0 0 0 0 0 0 0 0 0 0 0 0 0 0 0 0 0 0 0 0 0 0 0 0 0 0 0 0 0 0 0 0 0 0 0 0 0 0 0 0 0 0 0 0 0 0 0 0 0 0 0 0 0 0 0 0 0 0 0 data 31 0x30005 0x1b839 0x0 0x0 0x0 0x0 0x0 0x70005 0x1b83c 0x0 0x0 0x0 0x0 0x0 0xb0005 0x1b83a 0x0 0x0 0x0 0x0 0x0 0x0 0x0 0x0 0x0 0x0 0x0 0x9 0x2 0x0 0x0 oops 0 methods 0
ciMethodData java/lang/invoke/Invokers checkCustomized (Ljava/lang/invoke/MethodHandle;)V 2 9965 orig 80 0 0 0 0 0 0 0 0 0 0 0 0 14 2 0 0 0 0 0 0 0 0 0 0 0 0 0 0 0 0 0 0 0 0 0 0 0 0 0 0 0 0 0 0 0 0 0 0 0 0 0 0 0 0 0 0 0 0 0 0 0 0 0 0 0 0 0 0 0 0 0 0 0 0 0 0 0 0 0 0 data 21 0x10002 0x26ed 0x40007 0x26ed 0x20 0x0 0xf0007 0x182a 0x30 0xec3 0x130002 0xec3 0x0 0x0 0x0 0x0 0x0 0x0 0x9 0x1 0x0 oops 0 methods 0
ciMethodData java/lang/Long <init> (J)V 2 9534 orig 80 0 0 0 0 0 0 0 0 0 0 0 0 14 2 0 0 0 0 0 0 0 0 0 0 0 0 0 0 0 0 0 0 0 0 0 0 0 0 0 0 0 0 0 0 0 0 0 0 0 0 0 0 0 0 0 0 0 0 0 0 0 0 0 0 0 0 0 0 0 0 0 0 0 0 0 0 0 0 0 0 data 11 0x10002 0x253f 0x0 0x0 0x0 0x0 0x9 0x3 0xc 0x0 0x0 oops 0 methods 0
ciMethodData java/lang/invoke/Invokers checkGenericType (Ljava/lang/invoke/MethodHandle;Ljava/lang/invoke/MethodType;)Ljava/lang/invoke/MethodHandle; 2 5759 orig 80 0 0 0 0 0 0 0 0 0 0 0 0 14 2 0 0 0 0 0 0 0 0 0 0 0 0 0 0 0 0 0 0 0 0 0 0 0 0 0 0 0 0 0 0 0 0 0 0 0 0 0 0 0 0 0 0 0 0 0 0 0 0 0 0 0 0 0 0 0 0 0 0 0 0 0 0 0 0 0 0 data 17 0x20005 0x167f 0x0 0x0 0x0 0x0 0x0 0x0 0x0 0x0 0x0 0x0 0x0 0x9 0x2 0x0 0x0 oops 0 methods 0
ciMethodData java/lang/invoke/MethodHandle asType (Ljava/lang/invoke/MethodType;)Ljava/lang/invoke/MethodHandle; 2 8129 orig 80 0 0 0 0 0 0 0 0 0 0 0 0 14 2 0 0 0 0 0 0 0 0 0 0 0 0 0 0 0 0 0 0 0 0 0 0 0 0 0 0 0 0 0 0 0 0 0 0 0 0 0 0 0 0 0 0 0 0 0 0 0 0 0 0 0 0 0 0 0 0 0 0 0 0 0 0 0 0 0 0 data 39 0x50007 0x975 0x20 0x164c 0xc0005 0x975 0x0 0x0 0x0 0x0 0x0 0x110007 0x974 0x20 0x0 0x190005 0x281 0x0 0x20e71f50528 0x6df 0x20e71f505d0 0x14 0x1c0005 0x974 0x0 0x0 0x0 0x0 0x0 0x0 0x0 0x0 0x0 0x0 0x0 0x9 0x2 0x0 0x0 oops 2 18 java/lang/invoke/DirectMethodHandle$Constructor 20 java/lang/invoke/BoundMethodHandle$Species_L methods 0
ciMethodData java/lang/CharacterData of (I)Ljava/lang/CharacterData; 2 28918 orig 80 1 0 0 0 0 0 0 0 0 0 0 0 14 2 0 0 0 0 0 0 0 0 0 0 0 0 0 0 0 0 0 0 0 0 0 0 0 0 0 1 0 0 0 0 0 0 0 0 0 0 0 0 0 0 0 0 0 0 0 0 0 0 0 0 0 0 0 0 0 0 0 0 0 0 0 0 0 0 0 0 data 67 0x8000000600040007 0x1 0x20 0x70f6 0xf0008 0x24 0x0 0x1c0 0x1 0x130 0x0 0x148 0x0 0x160 0x0 0x178 0x0 0x1c0 0x0 0x1c0 0x0 0x1c0 0x0 0x1c0 0x0 0x1c0 0x0 0x1c0 0x0 0x1c0 0x0 0x1c0 0x0 0x1c0 0x0 0x1c0 0x0 0x190 0x0 0x1a8 0x0 0x1a8 0x630003 0x1 0x90 0x690003 0x0 0x78 0x6f0003 0x0 0x60 0x750003 0x0 0x48 0x7b0003 0x0 0x30 0x810003 0x0 0x18 0x0 0x0 0x0 0x0 0x9 0x1 0x0 oops 0 methods 0
ciMethodData java/lang/invoke/DirectMethodHandle internalMemberName (Ljava/lang/Object;)Ljava/lang/Object; 2 17996 orig 80 0 0 0 0 0 0 0 0 0 0 0 0 0 0 0 0 0 0 0 0 0 0 0 0 0 0 0 0 0 0 0 0 0 0 0 0 0 0 0 0 0 0 0 0 0 0 0 0 0 0 0 0 0 0 0 0 0 0 0 0 0 0 0 0 0 0 0 0 0 0 0 0 0 0 0 0 0 0 0 0 data 16 0x10004 0x0 0x0 0x20e6b498478 0x3030 0x20e71f53800 0x4 0x0 0x0 0x0 0x0 0x0 0x0 0x9 0x1 0x0 oops 2 3 java/lang/invoke/DirectMethodHandle 5 java/lang/invoke/DirectMethodHandle$Interface methods 0
ciMethodData java/lang/invoke/DirectMethodHandle allocateInstance (Ljava/lang/Object;)Ljava/lang/Object; 2 48495 orig 80 0 0 0 0 0 0 0 0 0 0 0 0 14 2 0 0 0 0 0 0 0 0 0 0 0 0 0 0 0 0 0 0 0 0 0 0 0 0 0 0 0 0 0 0 0 0 0 0 0 0 0 0 0 0 0 0 0 0 0 0 0 0 0 0 0 0 0 0 0 0 0 0 0 0 0 0 0 0 0 0 data 23 0x10004 0x0 0x0 0x20e71f50528 0x38b3 0x0 0x0 0xc0005 0xbd74 0x0 0x0 0x0 0x0 0x0 0x0 0x0 0x0 0x0 0x0 0x0 0x9 0x1 0x0 oops 1 3 java/lang/invoke/DirectMethodHandle$Constructor methods 0
ciMethodData java/lang/invoke/VarHandle releaseFence ()V 2 5663 orig 80 0 0 0 0 0 0 0 0 0 0 0 0 0 0 0 0 0 0 0 0 0 0 0 0 0 0 0 0 0 0 0 0 0 0 0 0 0 0 0 0 0 0 0 0 0 0 0 0 0 0 0 0 0 0 0 0 0 0 0 0 0 0 0 0 0 0 0 0 0 0 0 0 0 0 0 0 0 0 0 0 data 15 0x30005 0x161f 0x0 0x0 0x0 0x0 0x0 0x0 0x0 0x0 0x0 0x0 0x0 0x9 0x0 oops 0 methods 0
ciMethodData java/lang/invoke/DirectMethodHandle constructorMethod (Ljava/lang/Object;)Ljava/lang/Object; 2 48431 orig 80 0 0 0 0 0 0 0 0 0 0 0 0 14 2 0 0 0 0 0 0 0 0 0 0 0 0 0 0 0 0 0 0 0 0 0 0 0 0 0 0 0 0 0 0 0 0 0 0 0 0 0 0 0 0 0 0 0 0 0 0 0 0 0 0 0 0 0 0 0 0 0 0 0 0 0 0 0 0 0 0 data 16 0x10004 0x0 0x0 0x20e71f50528 0x383e 0x0 0x0 0x0 0x0 0x0 0x0 0x0 0x0 0x9 0x1 0x0 oops 1 3 java/lang/invoke/DirectMethodHandle$Constructor methods 0
ciMethodData java/lang/invoke/DirectMethodHandle$Holder newInvokeSpecial (Ljava/lang/Object;Ljava/lang/Object;)Ljava/lang/Object; 2 38613 orig 80 0 0 0 0 0 0 0 0 0 0 0 0 14 2 0 0 0 0 0 0 0 0 0 0 0 0 0 0 0 0 0 0 0 0 0 0 0 0 0 0 0 0 0 0 0 0 0 0 0 0 0 0 0 0 0 0 0 0 0 0 0 0 0 0 0 0 0 0 0 0 0 0 0 0 0 0 0 0 0 0 data 42 0x1000a 0x96d4 0x3 0x0 0x20e71f50528 0x2 0x6000a 0x9710 0x3 0x0 0x20e71f50528 0x20e6b498610 0xd0004 0x0 0x0 0x20e6b498610 0x1 0x0 0x0 0x10000a 0x9704 0x4 0x0 0x2 0x1 0x3 0x0 0x0 0x0 0x0 0x0 0x0 0x9 0x2 0x0 0x0 0xc 0x4 0x0 0x20e71f50528 0x1 0x3 oops 5 4 java/lang/invoke/DirectMethodHandle$Constructor 10 java/lang/invoke/DirectMethodHandle$Constructor 11 java/lang/invoke/MemberName 15 java/lang/invoke/MemberName 39 java/lang/invoke/DirectMethodHandle$Constructor methods 0
ciMethod scala/Product $init$ (Lscala/Product;)V 532 0 8680 0 64
ciMethod scala/collection/IterableOnceOps isEmpty ()Z 0 0 1 0 -1
ciMethod scala/collection/IterableOnceOps nonEmpty$ (Lscala/collection/IterableOnceOps;)Z 522 0 2913 0 0
ciMethod scala/collection/IterableOnceOps nonEmpty ()Z 522 0 2913 0 0
ciMethod scala/collection/IterableOps drop (I)Ljava/lang/Object; 0 0 1 0 -1
ciMethod scala/collection/IterableOps tail ()Ljava/lang/Object; 0 0 1 0 -1
ciMethod scala/collection/Iterable coll$ (Lscala/collection/Iterable;)Lscala/collection/Iterable; 1026 0 10795 0 0
ciMethod scala/collection/Iterable coll ()Lscala/collection/Iterable; 1026 0 10795 0 0
ciMethod scala/Function1 apply (Ljava/lang/Object;)Ljava/lang/Object; 0 0 1 0 -1
ciMethod scala/collection/immutable/AbstractSeq <init> ()V 536 0 4989 0 0
ciMethod scala/collection/AbstractSeq <init> ()V 518 0 12921 0 0
ciMethod scala/collection/AbstractIterable coll ()Lscala/collection/Iterable; 1026 0 10794 0 0
ciMethod scala/collection/AbstractIterable tail ()Ljava/lang/Object; 0 0 1 0 -1
ciMethod scala/collection/AbstractIterable nonEmpty ()Z 522 0 2913 0 0
ciMethod scala/collection/AbstractIterable coll ()Ljava/lang/Object; 1026 0 10792 0 0
ciMethod scala/collection/AbstractIterable <init> ()V 512 0 14576 0 0
ciMethod scala/Predef$ long2Long (J)Ljava/lang/Long; 1024 0 56532 0 0
ciMethod scala/LowPriorityImplicits charWrapper (C)C 522 0 24255 0 64
ciMethod scala/package$ List ()Lscala/collection/immutable/List$; 500 0 1449 0 0
ciMethod scala/collection/immutable/List$ empty ()Lscala/collection/immutable/List; 494 0 1447 0 0
ciMethod scala/collection/LinearSeqOps apply$ (Lscala/collection/LinearSeqOps;I)Ljava/lang/Object; 1024 0 10776 0 0
ciMethod scala/collection/LinearSeqOps apply (I)Ljava/lang/Object; 1024 0 10781 0 352
ciMethod scala/collection/LinearSeq isEmpty ()Z 0 0 1 0 -1
ciMethod scala/collection/LinearSeq head ()Ljava/lang/Object; 0 0 1 0 -1
ciMethod scala/collection/StrictOptimizedLinearSeqOps drop$ (Lscala/collection/StrictOptimizedLinearSeqOps;I)Lscala/collection/LinearSeq; 930 0 10717 0 0
ciMethod scala/collection/StrictOptimizedLinearSeqOps drop (I)Lscala/collection/LinearSeq; 936 0 10718 0 0
ciMethod scala/collection/StrictOptimizedLinearSeqOps loop$2 (ILscala/collection/LinearSeq;)Lscala/collection/LinearSeq; 858 160 10111 0 192
ciMethod scala/collection/StrictOptimizedLinearSeqOps coll ()Ljava/lang/Object; 0 0 1 0 -1
ciMethod scala/collection/immutable/List drop (I)Lscala/collection/LinearSeq; 930 0 10717 0 0
ciMethod scala/collection/immutable/List apply (I)Ljava/lang/Object; 1024 0 10779 0 0
ciMethod scala/collection/immutable/List $colon$colon (Ljava/lang/Object;)Lscala/collection/immutable/List; 958 0 2317 0 0
ciMethod scala/collection/immutable/List isEmpty ()Z 546 0 58537 0 96
ciMethod scala/collection/immutable/List length ()I 786 960 1628 0 0
ciMethod scala/collection/immutable/List drop (I)Ljava/lang/Object; 930 0 10715 0 224
ciMethod scala/collection/immutable/List <init> ()V 512 0 4617 0 0
ciMethod scala/Tuple2 _1 ()Ljava/lang/Object; 314 0 157 0 -1
ciMethod scala/Tuple2 _2$mcZ$sp ()Z 1024 0 29985 0 -1
ciMethod scala/Tuple2 <init> (Ljava/lang/Object;Ljava/lang/Object;)V 514 0 9636 0 0
ciMethod scala/collection/immutable/$colon$colon head ()Ljava/lang/Object; 332 0 166 0 0
ciMethod scala/collection/immutable/$colon$colon next ()Lscala/collection/immutable/List; 344 0 172 0 0
ciMethod scala/collection/immutable/$colon$colon tail ()Lscala/collection/immutable/List; 546 0 42464 0 0
ciMethod scala/collection/immutable/$colon$colon tail ()Ljava/lang/Object; 546 0 42458 0 64
ciMethod scala/collection/immutable/$colon$colon <init> (Ljava/lang/Object;Lscala/collection/immutable/List;)V 554 0 4616 0 0
ciMethod scala/collection/mutable/AbstractSeq <init> ()V 416 0 8116 0 0
ciMethod scala/runtime/Statics releaseFence ()V 530 0 6023 0 0
ciMethod  @bci scala/runtime/Statics releaseFence ()V 3 <adapter> ; invoke_MT (Ljava/lang/Object;Ljava/lang/Object;)V 530 0 6023 0 -1
ciMethodData  @bci scala/runtime/Statics releaseFence ()V 3 <adapter> ; invoke_MT (Ljava/lang/Object;Ljava/lang/Object;)V 2 5758 orig 80 0 0 0 0 0 0 0 0 0 0 0 0 14 2 0 0 0 0 0 0 0 0 0 0 0 0 0 0 0 0 0 0 0 0 0 0 0 0 0 0 0 0 0 0 0 0 0 0 0 0 0 0 0 0 0 0 0 0 0 0 0 0 0 0 0 0 0 0 0 0 0 0 0 0 0 0 0 0 0 0 data 50 0x10004 0x0 0x0 0x0 0x0 0x0 0x0 0x50004 0x0 0x0 0x0 0x0 0x0 0x0 0x8000a 0x167f 0x5 0x0 0x20e6b498478 0x1 0x20e6b498830 0x20e6b498478 0xd000a 0x167f 0x2 0x0 0x20e6b498478 0x110005 0x167f 0x0 0x0 0x0 0x0 0x0 0x0 0x0 0x0 0x0 0x0 0x0 0x9 0x2 0x0 0x0 0xc 0x4 0x0 0x20e6b498478 0x1 0x20e6b498830 oops 6 18 java/lang/invoke/DirectMethodHandle 20 java/lang/invoke/MethodType 21 java/lang/invoke/DirectMethodHandle 26 java/lang/invoke/DirectMethodHandle 47 java/lang/invoke/DirectMethodHandle 49 java/lang/invoke/MethodType methods 0
ciMethod scala/runtime/BoxesRunTime boxToBoolean (Z)Ljava/lang/Boolean; 524 0 75790 0 96
ciMethod java/lang/invoke/LambdaForm$DMH+0x00000008010ec000 invokeStatic (Ljava/lang/Object;)V 768 0 6047 0 -1
ciMethodData java/lang/invoke/LambdaForm$DMH+0x00000008010ec000 invokeStatic (Ljava/lang/Object;)V 2 5663 orig 80 0 0 0 0 0 0 0 0 0 0 0 0 14 2 0 0 0 0 0 0 0 0 0 0 0 0 0 0 0 0 0 0 0 0 0 0 0 0 0 0 0 0 0 0 0 0 0 0 0 0 0 0 0 0 0 0 0 0 0 0 0 0 0 0 0 0 0 0 0 0 0 0 0 0 0 0 0 0 0 0 data 38 0x30004 0x0 0x0 0x0 0x0 0x0 0x0 0x8000a 0x161f 0x3 0x0 0x20e6b498478 0x20e6b498610 0xd0004 0x0 0x0 0x0 0x0 0x0 0x0 0x10000a 0x161f 0x2 0x0 0x0 0x0 0x0 0x0 0x0 0x0 0x0 0x9 0x1 0x0 0xc 0x2 0x0 0x20e6b498478 oops 3 11 java/lang/invoke/DirectMethodHandle 12 java/lang/invoke/MemberName 37 java/lang/invoke/DirectMethodHandle methods 0
ciMethod scala/runtime/RichChar$ isDigit$extension (C)Z 770 0 1600 0 0
ciMethod scala/runtime/RichChar$ isUpper$extension (C)Z 1026 0 26514 0 0
ciMethodData scala/collection/AbstractIterable <init> ()V 2 14327 orig 80 0 0 0 0 0 0 0 0 0 0 0 0 14 2 0 0 0 0 0 0 0 0 0 0 0 0 0 0 0 0 0 0 0 0 0 0 0 0 0 0 0 0 0 0 0 0 0 0 0 0 0 0 0 0 0 0 0 0 0 0 0 0 0 0 0 0 0 0 0 0 0 0 0 0 0 0 0 0 0 0 data 7 0x10002 0x37f8 0x0 0x0 0x9 0x1 0x0 oops 0 methods 0
ciMethod scala/collection/mutable/StringBuilder underlying ()Ljava/lang/StringBuilder; 316 0 158 0 0
ciMethod scala/collection/mutable/StringBuilder clear ()V 516 0 2119 0 0
ciMethod scala/collection/mutable/StringBuilder result ()Ljava/lang/String; 86 0 8529 0 0
ciMethod scala/collection/mutable/StringBuilder append (C)Lscala/collection/mutable/StringBuilder; 0 0 5541 0 0
ciMethod scala/collection/mutable/StringBuilder isEmpty ()Z 672 0 2540 0 0
ciMethod scala/collection/mutable/StringBuilder <init> (Ljava/lang/StringBuilder;)V 88 0 7829 0 0
ciMethod scala/collection/mutable/StringBuilder <init> ()V 86 0 7824 0 0
ciMethodData scala/runtime/Statics releaseFence ()V 2 5758 orig 80 0 0 0 0 0 0 0 0 0 0 0 0 14 2 0 0 0 0 0 0 0 0 0 0 0 0 0 0 0 0 0 0 0 0 0 0 0 0 0 0 0 0 0 0 0 0 0 0 0 0 0 0 0 0 0 0 0 0 0 0 0 0 0 0 0 0 0 0 0 0 0 0 0 0 0 0 0 0 0 0 data 15 0x30005 0x167e 0x0 0x0 0x0 0x0 0x0 0x0 0x0 0x0 0x0 0x0 0x0 0x9 0x0 oops 0 methods 0
ciMethod scala/runtime/ObjectRef <init> (Ljava/lang/Object;)V 514 0 1679 0 0
ciMethod scala/runtime/ObjectRef create (Ljava/lang/Object;)Lscala/runtime/ObjectRef; 514 0 1672 0 0
ciMethodData scala/collection/AbstractSeq <init> ()V 2 12668 orig 80 0 0 0 0 0 0 0 0 0 0 0 0 14 2 0 0 0 0 0 0 0 0 0 0 0 0 0 0 0 0 0 0 0 0 0 0 0 0 0 0 0 0 0 0 0 0 0 0 0 0 0 0 0 0 0 0 0 0 0 0 0 0 0 0 0 0 0 0 0 0 0 0 0 0 0 0 0 0 0 0 data 7 0x10002 0x317d 0x0 0x0 0x9 0x1 0x0 oops 0 methods 0
ciMethodData scala/Tuple2 <init> (Ljava/lang/Object;Ljava/lang/Object;)V 2 9379 orig 80 0 0 0 0 0 0 0 0 0 0 0 0 14 2 0 0 0 0 0 0 0 0 0 0 0 0 0 0 0 0 0 0 0 0 0 0 0 0 0 0 0 0 0 0 0 0 0 0 0 0 0 0 0 0 0 0 0 0 0 0 0 0 0 0 0 0 0 0 0 0 0 0 0 0 0 0 0 0 0 0 data 11 0xb0002 0x24a4 0x0 0x0 0x0 0x0 0x9 0x3 0x6 0x0 0x0 oops 0 methods 0
ciMethodData scala/collection/immutable/AbstractSeq <init> ()V 2 4721 orig 80 0 0 0 0 0 0 0 0 0 0 0 0 14 2 0 0 0 0 0 0 0 0 0 0 0 0 0 0 0 0 0 0 0 0 0 0 0 0 0 0 0 0 0 0 0 0 0 0 0 0 0 0 0 0 0 0 0 0 0 0 0 0 0 0 0 0 0 0 0 0 0 0 0 0 0 0 0 0 0 0 data 7 0x10002 0x1271 0x0 0x0 0x9 0x1 0x0 oops 0 methods 0
ciMethodData scala/collection/immutable/List <init> ()V 2 4361 orig 80 0 0 0 0 0 0 0 0 0 0 0 0 14 2 0 0 0 0 0 0 0 0 0 0 0 0 0 0 0 0 0 0 0 0 0 0 0 0 0 0 0 0 0 0 0 0 0 0 0 0 0 0 0 0 0 0 0 0 0 0 0 0 0 0 0 0 0 0 0 0 0 0 0 0 0 0 0 0 0 0 data 7 0x10002 0x1109 0x0 0x0 0x9 0x1 0x0 oops 0 methods 0
ciMethodData scala/collection/immutable/$colon$colon <init> (Ljava/lang/Object;Lscala/collection/immutable/List;)V 2 4339 orig 80 0 0 0 0 0 0 0 0 0 0 0 0 14 2 0 0 0 0 0 0 0 0 0 0 0 0 0 0 0 0 0 0 0 0 0 0 0 0 0 0 0 0 0 0 0 0 0 0 0 0 0 0 0 0 0 0 0 0 0 0 0 0 0 0 0 0 0 0 0 0 0 0 0 0 0 0 0 0 0 0 data 15 0xb0002 0x10f3 0xe0002 0x10f3 0x0 0x0 0x0 0x0 0x0 0x0 0x9 0x3 0x6 0x0 0x0 oops 0 methods 0
ciMethodData scala/collection/immutable/$colon$colon tail ()Ljava/lang/Object; 2 42185 orig 80 0 0 0 0 0 0 0 0 0 0 0 0 14 2 0 0 0 0 0 0 0 0 0 0 0 0 0 0 0 0 0 0 0 0 0 0 0 0 0 0 0 0 0 0 0 0 0 0 0 0 0 0 0 0 0 0 0 0 0 0 0 0 0 0 0 0 0 0 0 0 0 0 0 0 0 0 0 0 0 0 data 16 0x10005 0xa4ce 0x0 0x0 0x0 0x0 0x0 0x0 0x0 0x0 0x0 0x0 0x0 0x9 0x1 0x0 oops 0 methods 0
ciMethodData scala/collection/immutable/$colon$colon tail ()Lscala/collection/immutable/List; 2 42191 orig 80 0 0 0 0 0 0 0 0 0 0 0 0 14 2 0 0 0 0 0 0 0 0 0 0 0 0 0 0 0 0 0 0 0 0 0 0 0 0 0 0 0 0 0 0 0 0 0 0 0 0 0 0 0 0 0 0 0 0 0 0 0 0 0 0 0 0 0 0 0 0 0 0 0 0 0 0 0 0 0 0 data 16 0x10005 0xa4ce 0x0 0x0 0x0 0x0 0x0 0x0 0x0 0x0 0x0 0x0 0x0 0x9 0x1 0x0 oops 0 methods 0
ciMethodData scala/collection/immutable/List isEmpty ()Z 2 58264 orig 80 0 0 0 0 0 0 0 0 0 0 0 0 14 2 0 0 0 0 0 0 0 0 0 0 0 0 0 0 0 0 0 0 0 0 0 0 0 0 0 0 0 0 0 0 0 0 0 0 0 0 0 0 0 0 0 0 0 0 0 0 0 0 0 0 0 0 0 0 0 0 0 0 0 0 0 0 0 0 0 0 data 13 0x40007 0xcc26 0x20 0x1777 0x0 0x0 0x0 0x0 0x0 0x0 0x9 0x1 0x0 oops 0 methods 0
ciMethodData java/lang/invoke/Invokers$Holder linkToTargetMethod (Ljava/lang/Object;Ljava/lang/Object;)Ljava/lang/Object; 2 39957 orig 80 0 0 0 0 0 0 0 0 0 0 0 0 14 2 0 0 0 0 0 0 0 0 0 0 0 0 0 0 0 0 0 0 0 0 0 0 0 0 0 0 0 0 0 0 0 0 0 0 0 0 0 0 0 0 0 0 0 0 0 0 0 0 0 0 0 0 0 0 0 0 0 0 0 0 0 0 0 0 0 0 data 34 0x10004 0x0 0x0 0x20e71f50528 0x2228 0x20e72e0f1d0 0x5c9 0x5000b 0x9c13 0x0 0x0 0x0 0x0 0x0 0x3 0x1 0x3 0x2 0x0 0x0 0x0 0x0 0x0 0x0 0x9 0x2 0x0 0x0 0xc 0x4 0x0 0x3 0x1 0x2 oops 2 3 java/lang/invoke/DirectMethodHandle$Constructor 5 java/lang/invoke/BoundMethodHandle$Species_LL methods 0
ciMethodData java/lang/Long valueOf (J)Ljava/lang/Long; 2 10303 orig 80 0 0 0 0 0 0 0 0 0 0 0 0 14 2 0 0 0 0 0 0 0 0 0 0 0 0 0 0 0 0 0 0 0 0 0 0 0 0 0 0 0 0 0 0 0 0 0 0 0 0 0 0 0 0 0 0 0 0 0 0 0 0 0 0 0 0 0 0 0 0 0 0 0 0 0 0 0 0 0 0 data 18 0x90007 0x129a 0x40 0x161f 0x110007 0x130f 0x20 0x310 0x240002 0x2532 0x0 0x0 0x0 0x0 0x9 0x2 0x0 0x0 oops 0 methods 0
ciMethodData java/lang/Boolean valueOf (Z)Ljava/lang/Boolean; 2 80581 orig 80 0 0 0 0 0 0 0 0 0 0 0 0 14 2 0 0 0 0 0 0 0 0 0 0 0 0 0 0 0 0 0 0 0 0 0 0 0 0 0 0 0 0 0 0 0 0 0 0 0 0 0 0 0 0 0 0 0 0 0 0 0 0 0 0 0 0 0 0 0 0 0 0 0 0 0 0 0 0 0 0 data 13 0x10007 0x10d68 0x38 0x2da6 0x70003 0x2da5 0x18 0x0 0x0 0x0 0x9 0x1 0x0 oops 0 methods 0
ciMethodData scala/Product $init$ (Lscala/Product;)V 2 8414 orig 80 0 0 0 0 0 0 0 0 0 0 0 0 14 2 0 0 0 0 0 0 0 0 0 0 0 0 0 0 0 0 0 0 0 0 0 0 0 0 0 0 0 0 0 0 0 0 0 0 0 0 0 0 0 0 0 0 0 0 0 0 0 0 0 0 0 0 0 0 0 0 0 0 0 0 0 0 0 0 0 0 data 4 0x0 0x9 0x1 0x0 oops 0 methods 0
ciMethodData java/lang/StringBuilder setLength (I)V 2 3488 orig 80 0 0 0 0 0 0 0 0 0 0 0 0 14 2 0 0 0 0 0 0 0 0 0 0 0 0 0 0 0 0 0 0 0 0 0 0 0 0 0 0 0 0 0 0 0 0 0 0 0 0 0 0 0 0 0 0 0 0 0 0 0 0 0 0 0 0 0 0 0 0 0 0 0 0 0 0 0 0 0 0 data 8 0x20002 0xda0 0x0 0x0 0x9 0x2 0x0 0x0 oops 0 methods 0
ciMethodData java/lang/AbstractStringBuilder setLength (I)V 2 3488 orig 80 0 0 0 0 0 0 0 0 0 0 0 0 14 2 0 0 0 0 0 0 0 0 0 0 0 0 0 0 0 0 0 0 0 0 0 0 0 0 0 0 0 0 0 0 0 0 0 0 0 0 0 0 0 0 0 0 0 0 0 0 0 0 0 0 0 0 0 0 0 0 0 0 0 0 0 0 0 0 0 0 data 52 0x10007 0xda0 0x30 0x0 0x90002 0x0 0xf0005 0xda0 0x0 0x0 0x0 0x0 0x0 0x170007 0xda0 0xc8 0x0 0x1b0005 0x0 0x0 0x0 0x0 0x0 0x0 0x1e0007 0x0 0x48 0x0 0x2a0002 0x0 0x2d0003 0x0 0x60 0x390002 0x0 0x3c0003 0x0 0x38 0x440007 0x4a 0x20 0xd56 0x0 0x0 0x0 0x0 0x0 0x0 0x9 0x2 0x0 0x0 oops 0 methods 0
ciMethodData scala/runtime/BoxesRunTime boxToBoolean (Z)Ljava/lang/Boolean; 2 79655 orig 80 0 0 0 0 0 0 0 0 0 0 0 0 14 2 0 0 0 0 0 0 0 0 0 0 0 0 0 0 0 0 0 0 0 0 0 0 0 0 0 0 0 0 0 0 0 0 0 0 0 0 0 0 0 0 0 0 0 0 0 0 0 0 0 0 0 0 0 0 0 0 0 0 0 0 0 0 0 0 0 0 data 11 0x10002 0x13730 0x0 0x0 0x0 0x0 0x0 0x0 0x9 0x1 0x0 oops 0 methods 0
ciMethodData java/lang/CharacterDataLatin1 getPropertiesEx (I)I 2 16022 orig 80 0 0 0 0 0 0 0 0 0 0 0 0 14 2 0 0 0 0 0 0 0 0 0 0 0 0 0 0 0 0 0 0 0 0 0 0 0 0 0 0 0 0 0 0 0 0 0 0 0 0 0 0 0 0 0 0 0 0 0 0 0 0 0 0 0 0 0 0 0 0 0 0 0 0 0 0 0 0 0 0 data 7 0x0 0x0 0x0 0x9 0x2 0x0 0x0 oops 0 methods 0
ciMethodData java/lang/Character isDigit (C)Z 2 1521 orig 80 0 0 0 0 0 0 0 0 0 0 0 0 14 2 0 0 0 0 0 0 0 0 0 0 0 0 0 0 0 0 0 0 0 0 0 0 0 0 0 0 0 0 0 0 0 0 0 0 0 0 0 0 0 0 0 0 0 0 0 0 0 0 0 0 0 0 0 0 0 0 0 0 0 0 0 0 0 0 0 0 data 11 0x10002 0x5f1 0x0 0x0 0x0 0x0 0x0 0x0 0x9 0x1 0x0 oops 0 methods 0
ciMethodData java/lang/Character isDigit (I)Z 2 1521 orig 80 0 0 0 0 0 0 0 0 0 0 0 0 14 2 0 0 0 0 0 0 0 0 0 0 0 0 0 0 0 0 0 0 0 0 0 0 0 0 0 0 0 0 0 0 0 0 0 0 0 0 0 0 0 0 0 0 0 0 0 0 0 0 0 0 0 0 0 0 0 0 0 0 0 0 0 0 0 0 0 0 data 18 0x10002 0x5f1 0x50005 0x0 0x0 0x20e718547a8 0x5f1 0x0 0x0 0x0 0x0 0x0 0x0 0x0 0x0 0x9 0x1 0x0 oops 1 5 java/lang/CharacterDataLatin1 methods 0
ciMethodData java/lang/CharacterDataLatin1 isUpperCase (I)Z 2 15636 orig 80 0 0 0 0 0 0 0 0 0 0 0 0 0 0 0 0 0 0 0 0 0 0 0 0 0 0 0 0 0 0 0 0 0 0 0 0 0 0 0 0 0 0 0 0 0 0 0 0 0 0 0 0 0 0 0 0 0 0 0 0 0 0 0 0 0 0 0 0 0 0 0 0 0 0 0 0 0 0 0 0 data 24 0x20005 0x0 0x0 0x20e718547a8 0x3d23 0x0 0x0 0x70007 0x2ff2 0x38 0xd75 0xb0003 0xd75 0x18 0x0 0x0 0x0 0x0 0x0 0x0 0x9 0x2 0x0 0x0 oops 1 3 java/lang/CharacterDataLatin1 methods 0
ciMethodData java/lang/Character isUpperCase (I)Z 2 29865 orig 80 0 0 0 0 0 0 0 0 0 0 0 0 0 0 0 0 0 0 0 0 0 0 0 0 0 0 0 0 0 0 0 0 0 0 0 0 0 0 0 0 0 0 0 0 0 0 0 0 0 0 0 0 0 0 0 0 0 0 0 0 0 0 0 0 0 0 0 0 0 0 0 0 0 0 0 0 0 0 0 0 data 18 0x10002 0x74aa 0x50005 0x0 0x0 0x20e718547a8 0x74ae 0x0 0x0 0x0 0x0 0x0 0x0 0x0 0x0 0x9 0x1 0x0 oops 1 5 java/lang/CharacterDataLatin1 methods 0
ciMethodData java/lang/Character isUpperCase (C)Z 2 29855 orig 80 0 0 0 0 0 0 0 0 0 0 0 0 0 0 0 0 0 0 0 0 0 0 0 0 0 0 0 0 0 0 0 0 0 0 0 0 0 0 0 0 0 0 0 0 0 0 0 0 0 0 0 0 0 0 0 0 0 0 0 0 0 0 0 0 0 0 0 0 0 0 0 0 0 0 0 0 0 0 0 0 data 11 0x10002 0x74a6 0x0 0x0 0x0 0x0 0x0 0x0 0x9 0x1 0x0 oops 0 methods 0
ciMethodData java/lang/CharacterDataLatin1 isDigit (I)Z 2 1211 orig 80 0 0 0 0 0 0 0 0 0 0 0 0 14 2 0 0 0 0 0 0 0 0 0 0 0 0 0 0 0 0 0 0 0 0 0 0 0 0 0 0 0 0 0 0 0 0 0 0 0 0 0 0 0 0 0 0 0 0 0 0 0 0 0 0 0 0 0 0 0 0 0 0 0 0 0 0 0 0 0 0 data 16 0x30007 0x0 0x58 0x4bb 0x90007 0x452 0x38 0x6a 0xd0003 0x6a 0x18 0x0 0x9 0x2 0x0 0x0 oops 0 methods 0
ciMethodData scala/collection/AbstractIterable nonEmpty ()Z 2 2652 orig 80 0 0 0 0 0 0 0 0 0 0 0 0 14 2 0 0 0 0 0 0 0 0 0 0 0 0 0 0 0 0 0 0 0 0 0 0 0 0 0 0 0 0 0 0 0 0 0 0 0 0 0 0 0 0 0 0 0 0 0 0 0 0 0 0 0 0 0 0 0 0 0 0 0 0 0 0 0 0 0 0 data 11 0x10002 0xa5c 0x0 0x0 0x0 0x0 0x0 0x0 0x9 0x1 0x0 oops 0 methods 0
ciMethodData scala/collection/IterableOnceOps nonEmpty$ (Lscala/collection/IterableOnceOps;)Z 2 2652 orig 80 0 0 0 0 0 0 0 0 0 0 0 0 14 2 0 0 0 0 0 0 0 0 0 0 0 0 0 0 0 0 0 0 0 0 0 0 0 0 0 0 0 0 0 0 0 0 0 0 0 0 0 0 0 0 0 0 0 0 0 0 0 0 0 0 0 0 0 0 0 0 0 0 0 0 0 0 0 0 0 0 data 7 0x10002 0xa5c 0x0 0x0 0x9 0x1 0x0 oops 0 methods 0
ciMethodData scala/collection/IterableOnceOps nonEmpty ()Z 2 2652 orig 80 0 0 0 0 0 0 0 0 0 0 0 0 14 2 0 0 0 0 0 0 0 0 0 0 0 0 0 0 0 0 0 0 0 0 0 0 0 0 0 0 0 0 0 0 0 0 0 0 0 0 0 0 0 0 0 0 0 0 0 0 0 0 0 0 0 0 0 0 0 0 0 0 0 0 0 0 0 0 0 0 data 20 0x10005 0x1cc 0x0 0x20e72bf6478 0x4a 0x20e72bf6520 0x2 0x60007 0x1ec 0x20 0x873 0x0 0x0 0x0 0x0 0x0 0x0 0x9 0x1 0x0 oops 2 3 scala/collection/mutable/ListBuffer 5 scala/collection/immutable/HashMap methods 0
ciMethodData scala/LowPriorityImplicits charWrapper (C)C 2 27844 orig 80 0 0 0 0 0 0 0 0 0 0 0 0 14 2 0 0 0 0 0 0 0 0 0 0 0 0 0 0 0 0 0 0 0 0 0 0 0 0 0 0 0 0 0 0 0 0 0 0 0 0 0 0 0 0 0 0 0 0 0 0 0 0 0 0 0 0 0 0 0 0 0 0 0 0 0 0 0 0 0 0 data 5 0x0 0x9 0x2 0x0 0x0 oops 0 methods 0
ciMethod scala/runtime/IntRef <init> (I)V 1026 0 5220 0 0
ciMethod scala/runtime/IntRef create (I)Lscala/runtime/IntRef; 1026 0 5220 0 0
ciMethodData scala/collection/mutable/StringBuilder <init> ()V 2 7790 orig 80 0 0 0 0 0 0 0 0 0 0 0 0 14 2 0 0 0 0 0 0 0 0 0 0 0 0 0 0 0 0 0 0 0 0 0 0 0 0 0 0 0 0 0 0 0 0 0 0 0 0 0 0 0 0 0 0 0 0 0 0 0 0 0 0 0 0 0 0 0 0 0 0 0 0 0 0 0 0 0 0 data 10 0x50002 0x1e6d 0x80002 0x1e68 0x0 0x0 0x0 0x9 0x1 0x0 oops 0 methods 0
ciMethodData scala/collection/mutable/StringBuilder <init> (Ljava/lang/StringBuilder;)V 2 7790 orig 80 0 0 0 0 0 0 0 0 0 0 0 0 14 2 0 0 0 0 0 0 0 0 0 0 0 0 0 0 0 0 0 0 0 0 0 0 0 0 0 0 0 0 0 0 0 0 0 0 0 0 0 0 0 0 0 0 0 0 0 0 0 0 0 0 0 0 0 0 0 0 0 0 0 0 0 0 0 0 0 0 data 10 0x60002 0x1e6e 0x0 0x0 0x0 0x0 0x9 0x2 0x6 0x0 oops 0 methods 0
ciMethodData scala/collection/mutable/AbstractSeq <init> ()V 2 7917 orig 80 0 0 0 0 0 0 0 0 0 0 0 0 14 2 0 0 0 0 0 0 0 0 0 0 0 0 0 0 0 0 0 0 0 0 0 0 0 0 0 0 0 0 0 0 0 0 0 0 0 0 0 0 0 0 0 0 0 0 0 0 0 0 0 0 0 0 0 0 0 0 0 0 0 0 0 0 0 0 0 0 data 7 0x10002 0x1eec 0x0 0x0 0x9 0x1 0x0 oops 0 methods 0
ciMethodData scala/collection/mutable/StringBuilder append (C)Lscala/collection/mutable/StringBuilder; 2 6087 orig 80 0 0 0 0 0 0 0 0 0 0 0 0 14 2 0 0 0 0 0 0 0 0 0 0 0 0 0 0 0 0 0 0 0 0 0 0 0 0 0 0 0 0 0 0 0 0 0 0 0 0 0 0 0 0 0 0 0 0 0 0 0 0 0 0 0 0 0 0 0 0 0 0 0 0 0 0 0 0 0 0 data 24 0x10005 0x17c6 0x0 0x0 0x0 0x0 0x0 0x50005 0x17c6 0x0 0x0 0x0 0x0 0x0 0x0 0x0 0x0 0x0 0x0 0x0 0x9 0x2 0x0 0x0 oops 0 methods 0
ciMethodData scala/collection/mutable/StringBuilder result ()Ljava/lang/String; 2 8486 orig 80 0 0 0 0 0 0 0 0 0 0 0 0 14 2 0 0 0 0 0 0 0 0 0 0 0 0 0 0 0 0 0 0 0 0 0 0 0 0 0 0 0 0 0 0 0 0 0 0 0 0 0 0 0 0 0 0 0 0 0 0 0 0 0 0 0 0 0 0 0 0 0 0 0 0 0 0 0 0 0 0 data 23 0x10005 0x2129 0x0 0x0 0x0 0x0 0x0 0x40005 0x2128 0x0 0x0 0x0 0x0 0x0 0x0 0x0 0x0 0x0 0x0 0x0 0x9 0x1 0x0 oops 0 methods 0
ciMethod scala/meta/internal/metals/StringBloomFilter bloom ()Lcom/google/common/hash/BloomFilter; 1316 0 658 0 0
ciMethod scala/meta/internal/metals/StringBloomFilter streamingHash ()Lnet/jpountz/xxhash/StreamingXXHash64; 2122 0 1061 0 0
ciMethod scala/meta/internal/metals/StringBloomFilter buffer ()[B 3146 0 1573 0 0
ciMethod scala/meta/internal/metals/StringBloomFilter reset ()V 1024 0 7785 0 0
ciMethod scala/meta/internal/metals/StringBloomFilter value ()J 1024 0 45003 0 0
ciMethod scala/meta/internal/metals/StringBloomFilter putCharIncrementally (C)Z 1024 0 26588 0 0
ciMethod scala/meta/internal/metals/StringBloomFilter updateHashCode (C)V 1024 0 49074 0 192
ciMethod scala/meta/internal/metals/StringBloomFilter putCharSequence (Ljava/lang/CharSequence;)Z 1024 0 25568 0 0
ciMethod scala/meta/internal/metals/StringBloomFilter computeHashCode (Ljava/lang/CharSequence;)J 1024 3068 14494 0 1248
ciMethod com/google/common/hash/BloomFilter put (Ljava/lang/Object;)Z 1024 0 25971 0 192
ciMethod com/google/common/hash/BloomFilter$Strategy put (Ljava/lang/Object;Lcom/google/common/hash/Funnel;ILcom/google/common/hash/BloomFilterStrategies$LockFreeBitArray;)Z 0 0 1 0 -1
ciMethod com/google/common/hash/BloomFilterStrategies$2 put (Ljava/lang/Object;Lcom/google/common/hash/Funnel;ILcom/google/common/hash/BloomFilterStrategies$LockFreeBitArray;)Z 888 6158 23442 0 4256
ciMethod com/google/common/hash/BloomFilterStrategies$2 lowerEight ([B)J 1024 0 23355 0 -1
ciMethod com/google/common/hash/BloomFilterStrategies$2 upperEight ([B)J 1024 0 23348 0 -1
ciMethod com/google/common/hash/BloomFilterStrategies$LockFreeBitArray set (J)Z 572 0 14761 0 -1
ciMethod com/google/common/hash/BloomFilterStrategies$LockFreeBitArray bitSize ()J 1024 0 24936 0 -1
ciMethod net/jpountz/xxhash/StreamingXXHash64 getValue ()J 0 0 1 0 -1
ciMethod net/jpountz/xxhash/StreamingXXHash64 update ([BII)V 0 0 1 0 -1
ciMethod net/jpountz/xxhash/StreamingXXHash64 reset ()V 0 0 1 0 -1
ciMethod net/jpountz/xxhash/StreamingXXHash64JavaUnsafe getValue ()J 1024 1716 13655 0 -1
ciMethod net/jpountz/xxhash/StreamingXXHash64JavaUnsafe update ([BII)V 1026 6 32506 0 -1
ciMethod net/jpountz/xxhash/AbstractStreamingXXHash64Java reset ()V 1026 0 1660 0 128
ciMethod net/jpountz/util/UnsafeUtils readLongLE ([BI)J 768 0 4876 0 -1
ciMethod net/jpountz/util/UnsafeUtils readIntLE ([BI)I 1024 0 9445 0 -1
ciMethod net/jpountz/util/SafeUtils checkRange ([BII)V 1024 0 32563 0 -1
ciMethodData scala/runtime/ObjectRef <init> (Ljava/lang/Object;)V 2 1422 orig 80 0 0 0 0 0 0 0 0 0 0 0 0 14 2 0 0 0 0 0 0 0 0 0 0 0 0 0 0 0 0 0 0 0 0 0 0 0 0 0 0 0 0 0 0 0 0 0 0 0 0 0 0 0 0 0 0 0 0 0 0 0 0 0 0 0 0 0 0 0 0 0 0 0 0 0 0 0 0 0 0 data 10 0x10002 0x58e 0x0 0x0 0x0 0x0 0x9 0x2 0x0 0x0 oops 0 methods 0
ciMethodData scala/runtime/ObjectRef create (Ljava/lang/Object;)Lscala/runtime/ObjectRef; 2 1422 orig 80 0 0 0 0 0 0 0 0 0 0 0 0 14 2 0 0 0 0 0 0 0 0 0 0 0 0 0 0 0 0 0 0 0 0 0 0 0 0 0 0 0 0 0 0 0 0 0 0 0 0 0 0 0 0 0 0 0 0 0 0 0 0 0 0 0 0 0 0 0 0 0 0 0 0 0 0 0 0 0 0 data 8 0x50002 0x58e 0x0 0x0 0x0 0x9 0x1 0x0 oops 0 methods 0
ciMethod scala/meta/internal/metals/Fuzzy endsWith (Ljava/lang/CharSequence;Ljava/lang/String;)Z 744 4124 1537 0 0
ciMethod scala/meta/internal/metals/Fuzzy bloomFilterSymbolStrings (Ljava/lang/String;Lscala/meta/internal/metals/StringBloomFilter;)V 428 8228 1409 0 -1
ciMethod scala/meta/internal/metals/Fuzzy isAllNumeric (Ljava/lang/CharSequence;)Z 428 24 1340 0 0
ciMethod scala/meta/internal/metals/Fuzzy PrefixSearchLimit ()I 648 0 324 0 0
ciMethod scala/meta/internal/metals/Fuzzy lastIndex (Ljava/lang/CharSequence;)I 436 436 1416 0 0
ciMethod scala/meta/internal/metals/Fuzzy isDelimiter (C)Z 1024 0 1669 0 128
ciMethod scala/meta/internal/metals/Fuzzy flushUpper$1 (Lscala/collection/mutable/StringBuilder;Lscala/runtime/ObjectRef;)V 668 0 2287 0 0
ciMethod com/google/common/hash/Hashing murmur3_128 ()Lcom/google/common/hash/HashFunction; 1024 0 23435 0 -1
ciMethod com/google/common/hash/HashFunction hashObject (Ljava/lang/Object;Lcom/google/common/hash/Funnel;)Lcom/google/common/hash/HashCode; 0 0 1 0 -1
ciMethod com/google/common/hash/HashCode getBytesInternal ()[B 0 0 1 0 -1
ciMethod scala/meta/internal/metals/ZeroCopySubSequence length ()I 1024 0 5699 0 64
ciMethod scala/meta/internal/metals/ZeroCopySubSequence charAt (I)C 1024 0 4564 0 0
ciMethod scala/meta/internal/metals/ZeroCopySubSequence <init> (Ljava/lang/CharSequence;II)V 1024 0 5098 0 0
ciMethod scala/meta/internal/metals/TrigramSubstrings$ DefaultMaxTrigrams ()I 470 0 1611 0 0
ciMethod scala/meta/internal/metals/TrigramSubstrings$ foreach (Lscala/collection/immutable/List;Lscala/Function1;I)V 470 2374 1418 0 0
ciMethod scala/meta/internal/metals/TrigramSubstrings$ foreach$default$3 ()I 470 0 1418 0 0
ciMethod scala/meta/internal/metals/TrigramSubstrings$ fromLists (Ljava/lang/String;Lscala/Tuple2;Lscala/Tuple2;Lscala/Function1;I)I 894 4110 3600 0 5024
ciMethod scala/meta/internal/metals/TrigramSubstrings$ isNotDone$1 (Lscala/runtime/IntRef;)Z 1024 0 8510 0 0
ciMethod scala/meta/internal/metals/TrigramSubstrings$ isNotDone$2 (Lscala/runtime/IntRef;)Z 1030 0 55730 0 -1
ciMethod  @bci scala/meta/internal/metals/Fuzzy bloomFilterSymbolStrings (Ljava/lang/String;Lscala/meta/internal/metals/StringBloomFilter;)V 310 <appendix> member <vmtarget> ; <init> (Lscala/meta/internal/metals/StringBloomFilter;)V 468 0 1611 0 0
ciMethod scala/meta/internal/metals/PrefixCharSequence value ()Ljava/lang/CharSequence; 862 0 431 0 0
ciMethod scala/meta/internal/metals/PrefixCharSequence length ()I 1024 0 1526 0 0
ciMethod scala/meta/internal/metals/PrefixCharSequence charAt (I)C 1024 0 4568 0 0
ciMethod scala/meta/internal/metals/PrefixCharSequence <init> (Ljava/lang/CharSequence;)V 1024 0 3695 0 0
ciMethodData scala/meta/internal/metals/StringBloomFilter updateHashCode (C)V 2 48562 orig 80 0 0 0 0 0 0 0 0 0 0 0 0 0 0 0 0 0 0 0 0 0 0 0 0 0 0 0 0 0 0 0 0 0 0 0 0 0 0 0 0 0 0 0 0 0 0 0 0 0 0 0 0 0 0 0 0 0 0 0 0 0 0 0 0 0 0 0 0 0 0 0 0 0 0 0 0 0 0 0 0 data 25 0x10002 0xbdc5 0x90002 0xbd77 0x140002 0xbd7f 0x180002 0xbd8a 0x1d0005 0x0 0x0 0x20e72d6c560 0xbd72 0x0 0x0 0x0 0x0 0x0 0x0 0x0 0x0 0x9 0x2 0x0 0x0 oops 1 11 net/jpountz/xxhash/StreamingXXHash64JavaUnsafe methods 0
ciMethodData net/jpountz/xxhash/StreamingXXHash64JavaUnsafe update ([BII)V 2 31993 orig 80 1 0 0 0 0 0 0 0 0 0 0 0 0 0 0 0 0 0 0 0 0 0 0 0 0 0 0 0 0 0 0 0 0 0 0 0 0 0 0 1 0 0 0 0 0 0 0 0 0 0 0 0 0 0 0 0 0 0 0 0 0 0 0 0 0 0 0 0 0 0 0 0 0 0 0 0 0 0 0 0 data 98 0x30002 0x7d17 0x8000000600190007 0x2 0x30 0x7cdd 0x270002 0x7ce8 0x3e0007 0x0 0xb0 0x2 0x520002 0x2 0x5f0002 0x2 0x710002 0x2 0x8e0002 0x2 0xa00002 0x2 0xbd0002 0x2 0xcf0002 0x2 0xec0002 0x2 0xfe0002 0x2 0x1410007 0x2 0xb8 0x0 0x1480002 0x0 0x1560002 0x0 0x16a0002 0x0 0x1780002 0x0 0x18c0002 0x0 0x19a0002 0x0 0x1ae0002 0x0 0x1bc0002 0x0 0x1cc0003 0x0 0xffffffffffffff60 0x1ea0007 0x2 0x30 0x0 0x1f80002 0x0 0x0 0x0 0x0 0x0 0x0 0x0 0x0 0x0 0x0 0x0 0x0 0x0 0x0 0x0 0x0 0x0 0x0 0x0 0x0 0x0 0x0 0x0 0x0 0x0 0x0 0x0 0x0 0x0 0x0 0x0 0x0 0x0 0x0 0x9 0x4 0x0 0x0 0x0 0x0 oops 0 methods 0
ciMethodData com/google/common/hash/BloomFilterStrategies$2 put (Ljava/lang/Object;Lcom/google/common/hash/Funnel;ILcom/google/common/hash/BloomFilterStrategies$LockFreeBitArray;)Z 2 22998 orig 80 0 0 0 0 0 0 0 0 0 0 0 0 0 0 0 0 0 0 0 0 0 0 0 0 0 0 0 0 0 0 0 0 0 0 0 0 0 0 0 0 0 0 0 0 0 0 0 0 0 0 0 0 0 0 0 0 0 0 0 0 0 0 0 0 0 0 0 0 0 0 0 0 0 0 0 0 0 0 0 0 data 54 0x20005 0x59d2 0x0 0x0 0x0 0x0 0x0 0x70002 0x59cc 0xc0005 0x0 0x0 0x20e72bf1148 0x59c1 0x0 0x0 0x110005 0x0 0x0 0x20e72bf11f0 0x5990 0x0 0x0 0x190002 0x5984 0x210002 0x5977 0x330007 0x542f 0x70 0x23e4c 0x430005 0x23e21 0x0 0x0 0x0 0x0 0x0 0x530003 0x24084 0xffffffffffffffa8 0x0 0x0 0x0 0x0 0x0 0x0 0x9 0x5 0x0 0xffffffffffffffff 0xffffffffffffffff 0x0 0x0 oops 2 12 com/google/common/hash/Murmur3_128HashFunction 19 com/google/common/hash/HashCode$BytesHashCode methods 0
ciMethodData net/jpountz/xxhash/StreamingXXHash64JavaUnsafe getValue ()J 2 13143 orig 80 0 0 0 0 0 0 0 0 0 0 0 0 0 0 0 0 0 0 0 0 0 0 0 0 0 0 0 0 0 0 0 0 0 0 0 0 0 0 0 0 0 0 0 0 0 0 0 0 0 0 0 0 0 0 0 0 0 0 0 0 0 0 0 0 0 0 0 0 0 0 0 0 0 0 0 0 0 0 0 0 data 73 0x80007 0x3355 0xb8 0x2 0x240002 0x2 0x2b0002 0x2 0x330002 0x2 0x3b0002 0x2 0x490002 0x2 0x6d0002 0x2 0x950002 0x2 0xbd0002 0x2 0xd90003 0x2 0x18 0xf60007 0x3337 0x68 0x11d0 0xfe0002 0x11d0 0x10f0002 0x11d3 0x1240002 0x11d1 0x1330003 0x11d2 0xffffffffffffffb0 0x13d0007 0xfd2 0x40 0x239b 0x1460002 0x2398 0x1570002 0x239e 0x16b0007 0x3230 0x48 0x4807 0x1830002 0x480f 0x18e0003 0x4830 0xffffffffffffffd0 0x0 0x0 0x0 0x0 0x0 0x0 0x0 0x0 0x0 0x0 0x0 0x0 0x0 0x0 0x0 0x0 0x0 0x9 0x1 0x0 oops 0 methods 0
ciMethodData com/google/common/hash/BloomFilter put (Ljava/lang/Object;)Z 2 25459 orig 80 0 0 0 0 0 0 0 0 0 0 0 0 0 0 0 0 0 0 0 0 0 0 0 0 0 0 0 0 0 0 0 0 0 0 0 0 0 0 0 0 0 0 0 0 0 0 0 0 0 0 0 0 0 0 0 0 0 0 0 0 0 0 0 0 0 0 0 0 0 0 0 0 0 0 0 0 0 0 0 0 data 17 0x110005 0x0 0x0 0x20e72bee768 0x637f 0x0 0x0 0x0 0x0 0x0 0x0 0x0 0x0 0x9 0x2 0x0 0x0 oops 1 3 com/google/common/hash/BloomFilterStrategies$2 methods 0
ciMethodData scala/Predef$ long2Long (J)Ljava/lang/Long; 2 56020 orig 80 0 0 0 0 0 0 0 0 0 0 0 0 0 0 0 0 0 0 0 0 0 0 0 0 0 0 0 0 0 0 0 0 0 0 0 0 0 0 0 0 0 0 0 0 0 0 0 0 0 0 0 0 0 0 0 0 0 0 0 0 0 0 0 0 0 0 0 0 0 0 0 0 0 0 0 0 0 0 0 0 data 13 0x10002 0xdae3 0x0 0x0 0x0 0x0 0x0 0x0 0x9 0x3 0x0 0x0 0x0 oops 0 methods 0
ciMethodData scala/meta/internal/metals/StringBloomFilter value ()J 2 44491 orig 80 0 0 0 0 0 0 0 0 0 0 0 0 0 0 0 0 0 0 0 0 0 0 0 0 0 0 0 0 0 0 0 0 0 0 0 0 0 0 0 0 0 0 0 0 0 0 0 0 0 0 0 0 0 0 0 0 0 0 0 0 0 0 0 0 0 0 0 0 0 0 0 0 0 0 0 0 0 0 0 0 data 18 0x10002 0xadd0 0x40005 0x0 0x0 0x20e72d6c560 0xadd5 0x0 0x0 0x0 0x0 0x0 0x0 0x0 0x0 0x9 0x1 0x0 oops 1 5 net/jpountz/xxhash/StreamingXXHash64JavaUnsafe methods 0
ciMethodData scala/runtime/RichChar$ isUpper$extension (C)Z 2 29670 orig 80 0 0 0 0 0 0 0 0 0 0 0 0 0 0 0 0 0 0 0 0 0 0 0 0 0 0 0 0 0 0 0 0 0 0 0 0 0 0 0 0 0 0 0 0 0 0 0 0 0 0 0 0 0 0 0 0 0 0 0 0 0 0 0 0 0 0 0 0 0 0 0 0 0 0 0 0 0 0 0 0 data 12 0x10002 0x73ea 0x0 0x0 0x0 0x0 0x0 0x0 0x9 0x2 0x0 0x0 oops 0 methods 0
ciMethodData scala/meta/internal/metals/StringBloomFilter putCharIncrementally (C)Z 2 29745 orig 80 0 0 0 0 0 0 0 0 0 0 0 0 0 0 0 0 0 0 0 0 0 0 0 0 0 0 0 0 0 0 0 0 0 0 0 0 0 0 0 0 0 0 0 0 0 0 0 0 0 0 0 0 0 0 0 0 0 0 0 0 0 0 0 0 0 0 0 0 0 0 0 0 0 0 0 0 0 0 0 0 data 40 0x20002 0x7438 0x60005 0x0 0x0 0x20e71b9b208 0x7495 0x0 0x0 0xd0005 0x0 0x0 0x20e71b9b208 0x7497 0x0 0x0 0x100005 0x7445 0x0 0x0 0x0 0x0 0x0 0x130005 0x7452 0x0 0x0 0x0 0x0 0x0 0x0 0x0 0x0 0x0 0x0 0x0 0x9 0x2 0x0 0x0 oops 2 5 scala/meta/internal/metals/StringBloomFilter 12 scala/meta/internal/metals/StringBloomFilter methods 0
ciMethodData scala/meta/internal/metals/ZeroCopySubSequence length ()I 2 5851 orig 80 0 0 0 0 0 0 0 0 0 0 0 0 0 0 0 0 0 0 0 0 0 0 0 0 0 0 0 0 0 0 0 0 0 0 0 0 0 0 0 0 0 0 0 0 0 0 0 0 0 0 0 0 0 0 0 0 0 0 0 0 0 0 0 0 0 0 0 0 0 0 0 0 0 0 0 0 0 0 0 0 data 7 0x0 0x0 0x0 0x0 0x9 0x1 0x0 oops 0 methods 0
ciMethodData net/jpountz/xxhash/AbstractStreamingXXHash64Java reset ()V 2 1147 orig 80 0 0 0 0 0 0 0 0 0 0 0 0 0 0 0 0 0 0 0 0 0 0 0 0 0 0 0 0 0 0 0 0 0 0 0 0 0 0 0 0 0 0 0 0 0 0 0 0 0 0 0 0 0 0 0 0 0 0 0 0 0 0 0 0 0 0 0 0 0 0 0 0 0 0 0 0 0 0 0 0 data 10 0x0 0x0 0x0 0x0 0x0 0x0 0x0 0x9 0x1 0x0 oops 0 methods 0
ciMethodData scala/meta/internal/metals/PrefixCharSequence charAt (I)C 2 4056 orig 80 0 0 0 0 0 0 0 0 0 0 0 0 0 0 0 0 0 0 0 0 0 0 0 0 0 0 0 0 0 0 0 0 0 0 0 0 0 0 0 0 0 0 0 0 0 0 0 0 0 0 0 0 0 0 0 0 0 0 0 0 0 0 0 0 0 0 0 0 0 0 0 0 0 0 0 0 0 0 0 0 data 42 0x20005 0x0 0x0 0x20e71ba18f0 0xfd9 0x0 0x0 0x50005 0x0 0x0 0x20e71b9bbc0 0xfd9 0x0 0x0 0xa0007 0xa90 0x20 0x54c 0x120005 0x0 0x0 0x20e71ba18f0 0xa90 0x0 0x0 0x160005 0x0 0x0 0x20e71b9bbc0 0xa8f 0x0 0x0 0x0 0x0 0x0 0x0 0x0 0x0 0x9 0x2 0x0 0x0 oops 4 3 scala/meta/internal/metals/PrefixCharSequence 10 scala/meta/internal/metals/ZeroCopySubSequence 21 scala/meta/internal/metals/PrefixCharSequence 28 scala/meta/internal/metals/ZeroCopySubSequence methods 0
ciMethodData scala/meta/internal/metals/ZeroCopySubSequence charAt (I)C 2 4052 orig 80 0 0 0 0 0 0 0 0 0 0 0 0 0 0 0 0 0 0 0 0 0 0 0 0 0 0 0 0 0 0 0 0 0 0 0 0 0 0 0 0 0 0 0 0 0 0 0 0 0 0 0 0 0 0 0 0 0 0 0 0 0 0 0 0 0 0 0 0 0 0 0 0 0 0 0 0 0 0 0 0 data 17 0xa0005 0x0 0x0 0x20e6b4961d8 0xfd5 0x0 0x0 0x0 0x0 0x0 0x0 0x0 0x0 0x9 0x2 0x0 0x0 oops 1 3 java/lang/String methods 0
ciMethodData scala/collection/StrictOptimizedLinearSeqOps loop$2 (ILscala/collection/LinearSeq;)Lscala/collection/LinearSeq; 2 9682 orig 80 0 0 0 0 0 0 0 0 0 0 0 0 14 2 0 0 0 0 0 0 0 0 0 0 0 0 0 0 0 0 0 0 0 0 0 0 0 0 0 0 0 0 0 0 0 0 0 0 0 0 0 0 0 0 0 0 0 0 0 0 0 0 0 0 0 0 0 0 0 0 0 0 0 0 0 0 0 0 0 0 data 43 0x20007 0x25cd 0x78 0x144e 0x60005 0x0 0x0 0x20e71b9bc68 0x144e 0x0 0x0 0xb0007 0x144e 0x20 0x0 0x140005 0x0 0x0 0x20e71b9bc68 0x144e 0x0 0x0 0x190004 0x0 0x0 0x20e71b9bc68 0x144e 0x0 0x0 0x1e0003 0x144e 0xffffffffffffff18 0x0 0x0 0x0 0x0 0x0 0x0 0x9 0x3 0x0 0x0 0x0 oops 3 7 scala/collection/immutable/$colon$colon 18 scala/collection/immutable/$colon$colon 25 scala/collection/immutable/$colon$colon methods 0
ciMethodData scala/collection/AbstractIterable coll ()Ljava/lang/Object; 2 10279 orig 80 0 0 0 0 0 0 0 0 0 0 0 0 0 0 0 0 0 0 0 0 0 0 0 0 0 0 0 0 0 0 0 0 0 0 0 0 0 0 0 0 0 0 0 0 0 0 0 0 0 0 0 0 0 0 0 0 0 0 0 0 0 0 0 0 0 0 0 0 0 0 0 0 0 0 0 0 0 0 0 0 data 16 0x10005 0x2828 0x0 0x0 0x0 0x0 0x0 0x0 0x0 0x0 0x0 0x0 0x0 0x9 0x1 0x0 oops 0 methods 0
ciMethodData scala/collection/AbstractIterable coll ()Lscala/collection/Iterable; 2 10281 orig 80 0 0 0 0 0 0 0 0 0 0 0 0 0 0 0 0 0 0 0 0 0 0 0 0 0 0 0 0 0 0 0 0 0 0 0 0 0 0 0 0 0 0 0 0 0 0 0 0 0 0 0 0 0 0 0 0 0 0 0 0 0 0 0 0 0 0 0 0 0 0 0 0 0 0 0 0 0 0 0 0 data 11 0x10002 0x282a 0x0 0x0 0x0 0x0 0x0 0x0 0x9 0x1 0x0 oops 0 methods 0
ciMethodData scala/collection/Iterable coll$ (Lscala/collection/Iterable;)Lscala/collection/Iterable; 2 10282 orig 80 0 0 0 0 0 0 0 0 0 0 0 0 0 0 0 0 0 0 0 0 0 0 0 0 0 0 0 0 0 0 0 0 0 0 0 0 0 0 0 0 0 0 0 0 0 0 0 0 0 0 0 0 0 0 0 0 0 0 0 0 0 0 0 0 0 0 0 0 0 0 0 0 0 0 0 0 0 0 0 0 data 7 0x10002 0x282a 0x0 0x0 0x9 0x1 0x0 oops 0 methods 0
ciMethodData scala/collection/Iterable coll ()Lscala/collection/Iterable; 2 10282 orig 80 0 0 0 0 0 0 0 0 0 0 0 0 0 0 0 0 0 0 0 0 0 0 0 0 0 0 0 0 0 0 0 0 0 0 0 0 0 0 0 0 0 0 0 0 0 0 0 0 0 0 0 0 0 0 0 0 0 0 0 0 0 0 0 0 0 0 0 0 0 0 0 0 0 0 0 0 0 0 0 0 data 5 0x0 0x0 0x9 0x1 0x0 oops 0 methods 0
ciMethodData scala/collection/immutable/List drop (I)Ljava/lang/Object; 2 10250 orig 80 0 0 0 0 0 0 0 0 0 0 0 0 14 2 0 0 0 0 0 0 0 0 0 0 0 0 0 0 0 0 0 0 0 0 0 0 0 0 0 0 0 0 0 0 0 0 0 0 0 0 0 0 0 0 0 0 0 0 0 0 0 0 0 0 0 0 0 0 0 0 0 0 0 0 0 0 0 0 0 0 data 17 0x20005 0x0 0x0 0x20e71b9bc68 0x280b 0x0 0x0 0x0 0x0 0x0 0x0 0x0 0x0 0x9 0x2 0x0 0x0 oops 1 3 scala/collection/immutable/$colon$colon methods 0
ciMethodData scala/collection/immutable/List drop (I)Lscala/collection/LinearSeq; 2 10252 orig 80 0 0 0 0 0 0 0 0 0 0 0 0 14 2 0 0 0 0 0 0 0 0 0 0 0 0 0 0 0 0 0 0 0 0 0 0 0 0 0 0 0 0 0 0 0 0 0 0 0 0 0 0 0 0 0 0 0 0 0 0 0 0 0 0 0 0 0 0 0 0 0 0 0 0 0 0 0 0 0 0 data 12 0x20002 0x280c 0x0 0x0 0x0 0x0 0x0 0x0 0x9 0x2 0x0 0x0 oops 0 methods 0
ciMethodData scala/collection/StrictOptimizedLinearSeqOps drop$ (Lscala/collection/StrictOptimizedLinearSeqOps;I)Lscala/collection/LinearSeq; 2 10252 orig 80 0 0 0 0 0 0 0 0 0 0 0 0 14 2 0 0 0 0 0 0 0 0 0 0 0 0 0 0 0 0 0 0 0 0 0 0 0 0 0 0 0 0 0 0 0 0 0 0 0 0 0 0 0 0 0 0 0 0 0 0 0 0 0 0 0 0 0 0 0 0 0 0 0 0 0 0 0 0 0 0 data 8 0x20002 0x280c 0x0 0x0 0x9 0x2 0x0 0x0 oops 0 methods 0
ciMethodData scala/collection/StrictOptimizedLinearSeqOps drop (I)Lscala/collection/LinearSeq; 2 10250 orig 80 0 0 0 0 0 0 0 0 0 0 0 0 14 2 0 0 0 0 0 0 0 0 0 0 0 0 0 0 0 0 0 0 0 0 0 0 0 0 0 0 0 0 0 0 0 0 0 0 0 0 0 0 0 0 0 0 0 0 0 0 0 0 0 0 0 0 0 0 0 0 0 0 0 0 0 0 0 0 0 0 data 26 0x30005 0x0 0x0 0x20e71b9bc68 0x280a 0x0 0x0 0x80004 0x0 0x0 0x20e71b9bc68 0x1a 0x0 0x0 0xb0002 0x280e 0x0 0x0 0x0 0x0 0x0 0x0 0x9 0x2 0x0 0x0 oops 2 3 scala/collection/immutable/$colon$colon 10 scala/collection/immutable/$colon$colon methods 0
ciMethodData scala/meta/internal/metals/StringBloomFilter putCharSequence (Ljava/lang/CharSequence;)Z 2 25554 orig 80 0 0 0 0 0 0 0 0 0 0 0 0 0 0 0 0 0 0 0 0 0 0 0 0 0 0 0 0 0 0 0 0 0 0 0 0 0 0 0 0 0 0 0 0 0 0 0 0 0 0 0 0 0 0 0 0 0 0 0 0 0 0 0 0 0 0 0 0 0 0 0 0 0 0 0 0 0 0 0 0 data 38 0x10005 0x0 0x0 0x20e71b9b208 0x6415 0x0 0x0 0x90005 0x0 0x0 0x20e71b9b208 0x6439 0x0 0x0 0xc0005 0x6528 0x0 0x0 0x0 0x0 0x0 0xf0005 0x6531 0x0 0x0 0x0 0x0 0x0 0x0 0x0 0x0 0x0 0x0 0x0 0x9 0x2 0x0 0x0 oops 2 3 scala/meta/internal/metals/StringBloomFilter 10 scala/meta/internal/metals/StringBloomFilter methods 0
ciMethodData scala/meta/internal/metals/StringBloomFilter computeHashCode (Ljava/lang/CharSequence;)J 2 13982 orig 80 0 0 0 0 0 0 0 0 0 0 0 0 0 0 0 0 0 0 0 0 0 0 0 0 0 0 0 0 0 0 0 0 0 0 0 0 0 0 0 0 0 0 0 0 0 0 0 0 0 0 0 0 0 0 0 0 0 0 0 0 0 0 0 0 0 0 0 0 0 0 0 0 0 0 0 0 0 0 0 0 data 49 0x10002 0x36a3 0x40005 0x0 0x0 0x20e72d6c560 0x36a3 0x0 0x0 0xa0005 0x0 0x0 0x20e71ba18f0 0x4c9 0x20e6b4961d8 0x31f1 0x120007 0x375c 0x80 0xa240 0x180005 0x0 0x0 0x20e71ba18f0 0xe53 0x20e6b4961d8 0x9483 0x1d0002 0xa21d 0x230003 0xa45c 0xffffffffffffff98 0x270005 0x0 0x0 0x20e71b9b208 0x3765 0x0 0x0 0x0 0x0 0x0 0x0 0x0 0x0 0x9 0x2 0x0 0x0 oops 6 5 net/jpountz/xxhash/StreamingXXHash64JavaUnsafe 12 scala/meta/internal/metals/PrefixCharSequence 14 java/lang/String 23 scala/meta/internal/metals/PrefixCharSequence 25 java/lang/String 35 scala/meta/internal/metals/StringBloomFilter methods 0
ciMethodData scala/collection/LinearSeqOps apply (I)Ljava/lang/Object; 2 10269 orig 80 0 0 0 0 0 0 0 0 0 0 0 0 0 0 0 0 0 0 0 0 0 0 0 0 0 0 0 0 0 0 0 0 0 0 0 0 0 0 0 0 0 0 0 0 0 0 0 0 0 0 0 0 0 0 0 0 0 0 0 0 0 0 0 0 0 0 0 0 0 0 0 0 0 0 0 0 0 0 0 0 data 54 0x20007 0x281d 0x40 0x0 0xa0002 0x0 0xd0002 0x0 0x130005 0x0 0x0 0x20e71b9bc68 0x281c 0x0 0x0 0x180004 0x0 0x0 0x20e71b9bc68 0x2823 0x0 0x0 0x1d0005 0x0 0x0 0x20e71b9bc68 0x2823 0x0 0x0 0x220007 0x2823 0x40 0x0 0x2a0002 0x0 0x2d0002 0x0 0x320005 0x0 0x0 0x20e71b9bc68 0x2823 0x0 0x0 0x0 0x0 0x0 0x0 0x0 0x0 0x9 0x2 0x0 0x0 oops 4 11 scala/collection/immutable/$colon$colon 18 scala/collection/immutable/$colon$colon 25 scala/collection/immutable/$colon$colon 40 scala/collection/immutable/$colon$colon methods 0
ciMethodData scala/collection/immutable/List apply (I)Ljava/lang/Object; 2 10267 orig 80 0 0 0 0 0 0 0 0 0 0 0 0 0 0 0 0 0 0 0 0 0 0 0 0 0 0 0 0 0 0 0 0 0 0 0 0 0 0 0 0 0 0 0 0 0 0 0 0 0 0 0 0 0 0 0 0 0 0 0 0 0 0 0 0 0 0 0 0 0 0 0 0 0 0 0 0 0 0 0 0 data 12 0x20002 0x281c 0x0 0x0 0x0 0x0 0x0 0x0 0x9 0x2 0x0 0x0 oops 0 methods 0
ciMethodData scala/collection/LinearSeqOps apply$ (Lscala/collection/LinearSeqOps;I)Ljava/lang/Object; 2 10264 orig 80 0 0 0 0 0 0 0 0 0 0 0 0 0 0 0 0 0 0 0 0 0 0 0 0 0 0 0 0 0 0 0 0 0 0 0 0 0 0 0 0 0 0 0 0 0 0 0 0 0 0 0 0 0 0 0 0 0 0 0 0 0 0 0 0 0 0 0 0 0 0 0 0 0 0 0 0 0 0 0 0 data 8 0x20002 0x2819 0x0 0x0 0x9 0x2 0x0 0x0 oops 0 methods 0
ciMethodData scala/meta/internal/metals/StringBloomFilter reset ()V 2 7639 orig 80 0 0 0 0 0 0 0 0 0 0 0 0 0 0 0 0 0 0 0 0 0 0 0 0 0 0 0 0 0 0 0 0 0 0 0 0 0 0 0 0 0 0 0 0 0 0 0 0 0 0 0 0 0 0 0 0 0 0 0 0 0 0 0 0 0 0 0 0 0 0 0 0 0 0 0 0 0 0 0 0 data 18 0x10002 0x1dda 0x40005 0x0 0x0 0x20e72d6c560 0x1dda 0x0 0x0 0x0 0x0 0x0 0x0 0x0 0x0 0x9 0x1 0x0 oops 1 5 net/jpountz/xxhash/StreamingXXHash64JavaUnsafe methods 0
ciMethodData scala/meta/internal/metals/TrigramSubstrings$ isNotDone$1 (Lscala/runtime/IntRef;)Z 2 7998 orig 80 0 0 0 0 0 0 0 0 0 0 0 0 0 0 0 0 0 0 0 0 0 0 0 0 0 0 0 0 0 0 0 0 0 0 0 0 0 0 0 0 0 0 0 0 0 0 0 0 0 0 0 0 0 0 0 0 0 0 0 0 0 0 0 0 0 0 0 0 0 0 0 0 0 0 0 0 0 0 0 0 data 13 0x50007 0xe 0x38 0x1f32 0x90003 0x1f32 0x18 0x0 0x0 0x0 0x9 0x1 0x0 oops 0 methods 0
ciMethodData scala/meta/internal/metals/ZeroCopySubSequence <init> (Ljava/lang/CharSequence;II)V 2 5288 orig 80 0 0 0 0 0 0 0 0 0 0 0 0 0 0 0 0 0 0 0 0 0 0 0 0 0 0 0 0 0 0 0 0 0 0 0 0 0 0 0 0 0 0 0 0 0 0 0 0 0 0 0 0 0 0 0 0 0 0 0 0 0 0 0 0 0 0 0 0 0 0 0 0 0 0 0 0 0 0 0 0 data 12 0x100002 0x14a8 0x0 0x0 0x0 0x0 0x9 0x4 0xe 0x0 0x0 0x0 oops 0 methods 0
ciMethodData scala/runtime/IntRef create (I)Lscala/runtime/IntRef; 2 4707 orig 80 0 0 0 0 0 0 0 0 0 0 0 0 0 0 0 0 0 0 0 0 0 0 0 0 0 0 0 0 0 0 0 0 0 0 0 0 0 0 0 0 0 0 0 0 0 0 0 0 0 0 0 0 0 0 0 0 0 0 0 0 0 0 0 0 0 0 0 0 0 0 0 0 0 0 0 0 0 0 0 0 data 7 0x50002 0x1264 0x0 0x0 0x9 0x1 0x0 oops 0 methods 0
ciMethodData scala/runtime/IntRef <init> (I)V 2 4707 orig 80 0 0 0 0 0 0 0 0 0 0 0 0 0 0 0 0 0 0 0 0 0 0 0 0 0 0 0 0 0 0 0 0 0 0 0 0 0 0 0 0 0 0 0 0 0 0 0 0 0 0 0 0 0 0 0 0 0 0 0 0 0 0 0 0 0 0 0 0 0 0 0 0 0 0 0 0 0 0 0 0 data 10 0x10002 0x1264 0x0 0x0 0x0 0x0 0x9 0x2 0x0 0x0 oops 0 methods 0
ciMethodData scala/meta/internal/metals/PrefixCharSequence length ()I 2 1014 orig 80 0 0 0 0 0 0 0 0 0 0 0 0 0 0 0 0 0 0 0 0 0 0 0 0 0 0 0 0 0 0 0 0 0 0 0 0 0 0 0 0 0 0 0 0 0 0 0 0 0 0 0 0 0 0 0 0 0 0 0 0 0 0 0 0 0 0 0 0 0 0 0 0 0 0 0 0 0 0 0 0 data 23 0x10005 0x0 0x0 0x20e71ba18f0 0x3f7 0x0 0x0 0x40005 0x0 0x0 0x20e71b9bbc0 0x3f7 0x0 0x0 0x0 0x0 0x0 0x0 0x0 0x0 0x9 0x1 0x0 oops 2 3 scala/meta/internal/metals/PrefixCharSequence 10 scala/meta/internal/metals/ZeroCopySubSequence methods 0
ciMethodData scala/meta/internal/metals/PrefixCharSequence <init> (Ljava/lang/CharSequence;)V 2 3681 orig 80 0 0 0 0 0 0 0 0 0 0 0 0 0 0 0 0 0 0 0 0 0 0 0 0 0 0 0 0 0 0 0 0 0 0 0 0 0 0 0 0 0 0 0 0 0 0 0 0 0 0 0 0 0 0 0 0 0 0 0 0 0 0 0 0 0 0 0 0 0 0 0 0 0 0 0 0 0 0 0 0 data 14 0x60002 0xe62 0xa0002 0xe62 0x0 0x0 0x0 0x0 0x0 0x0 0x9 0x2 0x6 0x0 oops 0 methods 0
ciMethodData scala/collection/mutable/StringBuilder clear ()V 2 1861 orig 80 0 0 0 0 0 0 0 0 0 0 0 0 14 2 0 0 0 0 0 0 0 0 0 0 0 0 0 0 0 0 0 0 0 0 0 0 0 0 0 0 0 0 0 0 0 0 0 0 0 0 0 0 0 0 0 0 0 0 0 0 0 0 0 0 0 0 0 0 0 0 0 0 0 0 0 0 0 0 0 0 data 23 0x10005 0x745 0x0 0x0 0x0 0x0 0x0 0x50005 0x745 0x0 0x0 0x0 0x0 0x0 0x0 0x0 0x0 0x0 0x0 0x0 0x9 0x1 0x0 oops 0 methods 0
ciMethodData scala/meta/internal/metals/Fuzzy bloomFilterSymbolStrings (Ljava/lang/String;Lscala/meta/internal/metals/StringBloomFilter;)V 2 1196 orig 80 0 0 0 0 0 0 0 0 0 0 0 0 0 0 0 0 0 0 0 0 0 0 0 0 0 0 0 0 0 0 0 0 0 0 0 0 0 0 0 0 0 0 0 0 0 0 0 0 0 0 0 0 0 0 0 0 0 0 0 0 0 0 0 0 0 0 0 0 0 0 0 0 0 0 0 0 0 0 0 0 data 226 0x30005 0x4ab 0x0 0x0 0x0 0x0 0x0 0x60005 0x4ab 0x0 0x0 0x0 0x0 0x0 0x90002 0x4ab 0x110002 0x4ab 0x190005 0x4ab 0x0 0x0 0x0 0x0 0x0 0x1c0007 0x4ab 0x20 0x0 0x210005 0x0 0x0 0x20e71b9b208 0x4ab 0x0 0x0 0x310002 0x4ab 0x3a0007 0x4aa 0x2a8 0x5bd2 0x400005 0x5bd2 0x0 0x0 0x0 0x0 0x0 0x4b0008 0xa 0x5909 0xc0 0x0 0x60 0x25d 0x60 0x0 0x60 0x99 0x60 0x750005 0x0 0x0 0x20e71b9b208 0x2f6 0x0 0x0 0x850002 0x2f6 0x8b0003 0x2f6 0x190 0x960005 0x0 0x0 0x20e71b9ba70 0x590e 0x0 0x0 0x990005 0x5916 0x0 0x0 0x0 0x0 0x0 0x9c0007 0x463c 0xa8 0x1347 0xa40005 0x0 0x0 0x20e71b9b208 0x1347 0x0 0x0 0xab0005 0x1349 0x0 0x0 0x0 0x0 0x0 0xae0003 0x134a 0x18 0xb80005 0x0 0x0 0x20e71b9b208 0x5965 0x0 0x0 0xbb0002 0x58e3 0xbe0003 0x58eb 0x18 0xc50003 0x5bd4 0xfffffffffffffd70 0xd10002 0x4aa 0xda0005 0x4aa 0x0 0x0 0x0 0x0 0x0 0xdd0007 0x41 0x1b0 0x46b 0xe30005 0x0 0x0 0x20e71b9bb18 0x46b 0x0 0x0 0xe60007 0x60 0x158 0x40b 0xf00005 0x0 0x0 0x20e71b9bbc0 0x1027 0x0 0x0 0xf30007 0xc 0xe8 0x101a 0xf90005 0x0 0x0 0x20e71b9bb18 0x101b 0x0 0x0 0xfc0007 0x3ff 0x90 0xc1d 0x1120002 0xc1d 0x1150002 0xc1c 0x1180005 0x0 0x0 0x20e71b9b208 0xc1d 0x0 0x0 0x11f0003 0xc1f 0xfffffffffffffef8 0x1220003 0x40b 0x18 0x1280002 0x4ab 0x1320004 0x0 0x0 0x20e71b9bc68 0x46b 0x20e71b9bd10 0x41 0x136000a 0x4ac 0x3 0x0 0x20e71b9b208 0x20e71b9bdb8 0x13e0005 0x4ac 0x0 0x0 0x0 0x0 0x0 0x1410005 0x4ac 0x0 0x0 0x0 0x0 0x0 0x0 0x0 0x0 0x0 0x0 0x0 0x9 0x3 0x0 0x0 0x0 oops 13 32 scala/meta/internal/metals/StringBloomFilter 64 scala/meta/internal/metals/StringBloomFilter 76 scala/Predef$ 94 scala/meta/internal/metals/StringBloomFilter 111 scala/meta/internal/metals/StringBloomFilter 139 scala/meta/internal/metals/Fuzzy$ 150 scala/meta/internal/metals/ZeroCopySubSequence 161 scala/meta/internal/metals/Fuzzy$ 176 scala/meta/internal/metals/StringBloomFilter 191 scala/collection/immutable/$colon$colon 193 scala/collection/immutable/Nil$ 199 scala/meta/internal/metals/StringBloomFilter 200  @bci scala/meta/internal/metals/Fuzzy bloomFilterSymbolStrings (Ljava/lang/String;Lscala/meta/internal/metals/StringBloomFilter;)V 310 <appendix> member <vmtarget> ; methods 0
ciMethodData scala/package$ List ()Lscala/collection/immutable/List$; 2 1207 orig 80 0 0 0 0 0 0 0 0 0 0 0 0 14 2 0 0 0 0 0 0 0 0 0 0 0 0 0 0 0 0 0 0 0 0 0 0 0 0 0 0 0 0 0 0 0 0 0 0 0 0 0 0 0 0 0 0 0 0 0 0 0 0 0 0 0 0 0 0 0 0 0 0 0 0 0 0 0 0 0 0 data 5 0x0 0x0 0x9 0x1 0x0 oops 0 methods 0
ciMethodData scala/collection/immutable/List$ empty ()Lscala/collection/immutable/List; 2 1207 orig 80 0 0 0 0 0 0 0 0 0 0 0 0 14 2 0 0 0 0 0 0 0 0 0 0 0 0 0 0 0 0 0 0 0 0 0 0 0 0 0 0 0 0 0 0 0 0 0 0 0 0 0 0 0 0 0 0 0 0 0 0 0 0 0 0 0 0 0 0 0 0 0 0 0 0 0 0 0 0 0 0 data 5 0x0 0x0 0x9 0x1 0x0 oops 0 methods 0
ciMethodData scala/meta/internal/metals/Fuzzy lastIndex (Ljava/lang/CharSequence;)I 2 1321 orig 80 0 0 0 0 0 0 0 0 0 0 0 0 14 2 0 0 0 0 0 0 0 0 0 0 0 0 0 0 0 0 0 0 0 0 0 0 0 0 0 0 0 0 0 0 0 0 0 0 0 0 0 0 0 0 0 0 0 0 0 0 0 0 0 0 0 0 0 0 0 0 0 0 0 0 0 0 0 0 0 0 data 63 0x10005 0x0 0x0 0x20e6b4961d8 0x529 0x0 0x0 0xa0005 0x0 0x0 0x20e71b9bb18 0x529 0x0 0x0 0xd0007 0x49 0x70 0x4df 0x120005 0x4df 0x0 0x0 0x0 0x0 0x0 0x150003 0x4df 0x18 0x1d0007 0x0 0xc8 0xa4f 0x230005 0x0 0x0 0x20e6b4961d8 0xa4f 0x0 0x0 0x280005 0x0 0x0 0x20e71b9bb18 0xa50 0x0 0x0 0x2b0007 0x529 0x38 0x529 0x310003 0x529 0xffffffffffffff50 0x0 0x0 0x0 0x0 0x0 0x0 0x9 0x2 0x0 0x0 oops 4 3 java/lang/String 10 scala/meta/internal/metals/Fuzzy$ 35 java/lang/String 42 scala/meta/internal/metals/Fuzzy$ methods 0
ciMethodData scala/meta/internal/metals/Fuzzy flushUpper$1 (Lscala/collection/mutable/StringBuilder;Lscala/runtime/ObjectRef;)V 2 2206 orig 80 0 0 0 0 0 0 0 0 0 0 0 0 14 2 0 0 0 0 0 0 0 0 0 0 0 0 0 0 0 0 0 0 0 0 0 0 0 0 0 0 0 0 0 0 0 0 0 0 0 0 0 0 0 0 0 0 0 0 0 0 0 0 0 0 0 0 0 0 0 0 0 0 0 0 0 0 0 0 0 0 data 49 0x10005 0x0 0x0 0x20e71b9e9c0 0x89e 0x0 0x0 0x40007 0x16e 0x100 0x732 0x90005 0x732 0x0 0x0 0x0 0x0 0x0 0x110004 0x0 0x0 0x20e71b9bc68 0x211 0x20e71b9bd10 0x521 0x150005 0x0 0x0 0x20e71b9bc68 0x211 0x20e71b9bd10 0x521 0x1c0005 0x732 0x0 0x0 0x0 0x0 0x0 0x0 0x0 0x0 0x0 0x0 0x0 0x9 0x2 0x0 0x0 oops 5 3 scala/collection/mutable/StringBuilder 21 scala/collection/immutable/$colon$colon 23 scala/collection/immutable/Nil$ 28 scala/collection/immutable/$colon$colon 30 scala/collection/immutable/Nil$ methods 0
ciMethodData scala/collection/mutable/StringBuilder isEmpty ()Z 2 2204 orig 80 0 0 0 0 0 0 0 0 0 0 0 0 14 2 0 0 0 0 0 0 0 0 0 0 0 0 0 0 0 0 0 0 0 0 0 0 0 0 0 0 0 0 0 0 0 0 0 0 0 0 0 0 0 0 0 0 0 0 0 0 0 0 0 0 0 0 0 0 0 0 0 0 0 0 0 0 0 0 0 0 data 27 0x10005 0x89c 0x0 0x0 0x0 0x0 0x0 0x40005 0x89c 0x0 0x0 0x0 0x0 0x0 0x80007 0x730 0x20 0x16e 0x0 0x0 0x0 0x0 0x0 0x0 0x9 0x1 0x0 oops 0 methods 0
ciMethodData scala/collection/immutable/List $colon$colon (Ljava/lang/Object;)Lscala/collection/immutable/List; 2 1838 orig 80 0 0 0 0 0 0 0 0 0 0 0 0 14 2 0 0 0 0 0 0 0 0 0 0 0 0 0 0 0 0 0 0 0 0 0 0 0 0 0 0 0 0 0 0 0 0 0 0 0 0 0 0 0 0 0 0 0 0 0 0 0 0 0 0 0 0 0 0 0 0 0 0 0 0 0 0 0 0 0 0 data 9 0x60002 0x72e 0x0 0x0 0x0 0x9 0x2 0x0 0x0 oops 0 methods 0
ciMethodData scala/meta/internal/metals/TrigramSubstrings$ fromLists (Ljava/lang/String;Lscala/Tuple2;Lscala/Tuple2;Lscala/Function1;I)I 2 3153 orig 80 0 0 0 0 0 0 0 0 0 0 0 0 0 0 0 0 0 0 0 0 0 0 0 0 0 0 0 0 0 0 0 0 0 0 0 0 0 0 0 0 0 0 0 0 0 0 0 0 0 0 0 0 0 0 0 0 0 0 0 0 0 0 0 0 0 0 0 0 0 0 0 0 0 0 0 0 0 0 0 0 data 190 0x10005 0xc51 0x0 0x0 0x0 0x0 0x0 0x70005 0x0 0x0 0x20e7275d638 0xc51 0x0 0x0 0xa0004 0x0 0x0 0x20e6b4961d8 0xc51 0x0 0x0 0xd0005 0xc51 0x0 0x0 0x0 0x0 0x0 0x130005 0x0 0x0 0x20e7275d638 0xc51 0x0 0x0 0x160004 0x0 0x0 0x20e6b4961d8 0xc51 0x0 0x0 0x190005 0xc51 0x0 0x0 0x0 0x0 0x0 0x250002 0xc4f 0x310007 0xc4b 0x3e8 0x282c 0x360002 0x282f 0x390007 0xa 0x3b8 0x2826 0x3d0005 0x0 0x0 0x20e7275d638 0x2829 0x0 0x0 0x400007 0x1dd9 0x38 0xa6c 0x440003 0xa6c 0x18 0x510007 0x2825 0x310 0x46e5 0x560002 0x46e6 0x590007 0x8 0x2e0 0x46e0 0x5d0005 0x0 0x0 0x20e7275d638 0x46e2 0x0 0x0 0x600007 0x339b 0x38 0x13cb 0x640003 0x13cb 0x18 0x710007 0x46ef 0x238 0x6568 0x760002 0x6589 0x790007 0xa 0x208 0x6589 0x820005 0x6591 0x0 0x0 0x0 0x0 0x0 0x8a0005 0x0 0x0 0x20e7275d638 0x65e2 0x0 0x0 0x8d0004 0x0 0x0 0x20e6b4961d8 0x65ed 0x0 0x0 0x920005 0x65f2 0x0 0x0 0x0 0x0 0x0 0x9a0005 0x0 0x0 0x20e7275d638 0x6555 0x0 0x0 0x9d0004 0x0 0x0 0x20e6b4961d8 0x655c 0x0 0x0 0xa20005 0x6565 0x0 0x0 0x0 0x0 0x0 0xae0002 0x64ca 0xb10005 0x0 0x0 0x20e71b9bdb8 0x66d3 0x0 0x0 0xc60003 0x6555 0xfffffffffffffde0 0xcc0003 0x46f8 0xfffffffffffffd08 0xd20003 0x282c 0xfffffffffffffc30 0x0 0x0 0x0 0x0 0x0 0x0 0x9 0x6 0x0 0x0 0x0 0x0 0x0 0x0 oops 11 10 scala/Tuple2 17 java/lang/String 31 scala/Tuple2 38 java/lang/String 64 scala/Tuple2 88 scala/Tuple2 119 scala/Tuple2 126 java/lang/String 140 scala/Tuple2 147 java/lang/String 163  @bci scala/meta/internal/metals/Fuzzy bloomFilterSymbolStrings (Ljava/lang/String;Lscala/meta/internal/metals/StringBloomFilter;)V 310 <appendix> member <vmtarget> ; methods 0
ciMethodData scala/meta/internal/metals/Fuzzy isAllNumeric (Ljava/lang/CharSequence;)Z 2 1306 orig 80 0 0 0 0 0 0 0 0 0 0 0 0 14 2 0 0 0 0 0 0 0 0 0 0 0 0 0 0 0 0 0 0 0 0 0 0 0 0 0 0 0 0 0 0 0 0 0 0 0 0 0 0 0 0 0 0 0 0 0 0 0 0 0 0 0 0 0 0 0 0 0 0 0 0 0 0 0 0 0 0 data 49 0x30005 0x0 0x0 0x20e71b9bbc0 0x51a 0x0 0x0 0xb0007 0x6e 0x100 0x519 0x160005 0x0 0x0 0x20e71b9bbc0 0x519 0x0 0x0 0x1b0005 0x0 0x0 0x20e71b9ba70 0x518 0x0 0x0 0x1e0005 0x518 0x0 0x0 0x0 0x0 0x0 0x210007 0x6e 0x20 0x4ac 0x290003 0x6e 0xffffffffffffff18 0x0 0x0 0x0 0x0 0x0 0x0 0x9 0x2 0x0 0x0 oops 3 3 scala/meta/internal/metals/ZeroCopySubSequence 14 scala/meta/internal/metals/ZeroCopySubSequence 21 scala/Predef$ methods 0
ciMethodData  @bci scala/meta/internal/metals/Fuzzy bloomFilterSymbolStrings (Ljava/lang/String;Lscala/meta/internal/metals/StringBloomFilter;)V 310 <appendix> member <vmtarget> ; <init> (Lscala/meta/internal/metals/StringBloomFilter;)V 2 1377 orig 80 0 0 0 0 0 0 0 0 0 0 0 0 0 0 0 0 0 0 0 0 0 0 0 0 0 0 0 0 0 0 0 0 0 0 0 0 0 0 0 0 0 0 0 0 0 0 0 0 0 0 0 0 0 0 0 0 0 0 0 0 0 0 0 0 0 0 0 0 0 0 0 0 0 0 0 0 0 0 0 0 data 10 0x10002 0x561 0x0 0x0 0x0 0x0 0x9 0x2 0x6 0x0 oops 0 methods 0
ciMethodData scala/meta/internal/metals/TrigramSubstrings$ foreach$default$3 ()I 2 1376 orig 80 0 0 0 0 0 0 0 0 0 0 0 0 14 2 0 0 0 0 0 0 0 0 0 0 0 0 0 0 0 0 0 0 0 0 0 0 0 0 0 0 0 0 0 0 0 0 0 0 0 0 0 0 0 0 0 0 0 0 0 0 0 0 0 0 0 0 0 0 0 0 0 0 0 0 0 0 0 0 0 0 data 16 0x10005 0x560 0x0 0x0 0x0 0x0 0x0 0x0 0x0 0x0 0x0 0x0 0x0 0x9 0x1 0x0 oops 0 methods 0
ciMethodData scala/meta/internal/metals/TrigramSubstrings$ DefaultMaxTrigrams ()I 2 1376 orig 80 0 0 0 0 0 0 0 0 0 0 0 0 14 2 0 0 0 0 0 0 0 0 0 0 0 0 0 0 0 0 0 0 0 0 0 0 0 0 0 0 0 0 0 0 0 0 0 0 0 0 0 0 0 0 0 0 0 0 0 0 0 0 0 0 0 0 0 0 0 0 0 0 0 0 0 0 0 0 0 0 data 5 0x0 0x0 0x9 0x1 0x0 oops 0 methods 0
ciMethodData scala/meta/internal/metals/TrigramSubstrings$ foreach (Lscala/collection/immutable/List;Lscala/Function1;I)V 2 1376 orig 80 0 0 0 0 0 0 0 0 0 0 0 0 14 2 0 0 0 0 0 0 0 0 0 0 0 0 0 0 0 0 0 0 0 0 0 0 0 0 0 0 0 0 0 0 0 0 0 0 0 0 0 0 0 0 0 0 0 0 0 0 0 0 0 0 0 0 0 0 0 0 0 0 0 0 0 0 0 0 0 0 data 112 0x10005 0x560 0x0 0x0 0x0 0x0 0x0 0x70002 0x560 0x130007 0x556 0x2d8 0x715 0x180002 0x716 0x1b0007 0xa 0x2a8 0x70c 0x260007 0x708 0x270 0x969 0x2b0002 0x969 0x2e0007 0x4 0x240 0x965 0x390007 0x967 0x208 0xc26 0x3e0002 0xc26 0x410007 0x0 0x1d8 0xc25 0x4a0005 0x0 0x0 0x20e71b9bc68 0xc25 0x0 0x0 0x4d0004 0x0 0x0 0x20e6b4961d8 0xc27 0x0 0x0 0x570005 0x0 0x0 0x20e71b9bc68 0xc27 0x0 0x0 0x5e0007 0x967 0x38 0x2c2 0x620003 0x2c2 0x18 0x660002 0xc26 0x690002 0xc27 0x730005 0x0 0x0 0x20e71b9bc68 0xc27 0x0 0x0 0x7a0007 0x969 0x38 0x2be 0x7e0003 0x2be 0x18 0x820002 0xc25 0x850002 0xc25 0x8e0002 0xc25 0x970003 0xc28 0xfffffffffffffe10 0x9d0003 0x966 0xfffffffffffffda8 0xa30003 0x70c 0xfffffffffffffd40 0x0 0x0 0x0 0x0 0x0 0x0 0x9 0x4 0x0 0x0 0x0 0x0 oops 4 42 scala/collection/immutable/$colon$colon 49 java/lang/String 56 scala/collection/immutable/$colon$colon 74 scala/collection/immutable/$colon$colon methods 0
ciMethodData scala/meta/internal/metals/Fuzzy isDelimiter (C)Z 2 1157 orig 80 0 0 0 0 0 0 0 0 0 0 0 0 0 0 0 0 0 0 0 0 0 0 0 0 0 0 0 0 0 0 0 0 0 0 0 0 0 0 0 0 0 0 0 0 0 0 0 0 0 0 0 0 0 0 0 0 0 0 0 0 0 0 0 0 0 0 0 0 0 0 0 0 0 0 0 0 0 0 0 0 data 18 0x30008 0xa 0x245 0x60 0x0 0x60 0x0 0x60 0x220 0x60 0x24 0x60 0x0 0x0 0x9 0x2 0x0 0x0 oops 0 methods 0
ciMethodData scala/runtime/RichChar$ isDigit$extension (C)Z 2 1215 orig 80 0 0 0 0 0 0 0 0 0 0 0 0 14 2 0 0 0 0 0 0 0 0 0 0 0 0 0 0 0 0 0 0 0 0 0 0 0 0 0 0 0 0 0 0 0 0 0 0 0 0 0 0 0 0 0 0 0 0 0 0 0 0 0 0 0 0 0 0 0 0 0 0 0 0 0 0 0 0 0 0 data 12 0x10002 0x4bf 0x0 0x0 0x0 0x0 0x0 0x0 0x9 0x2 0x0 0x0 oops 0 methods 0
ciMethodData scala/meta/internal/metals/Fuzzy endsWith (Ljava/lang/CharSequence;Ljava/lang/String;)Z 2 1177 orig 80 0 0 0 0 0 0 0 0 0 0 0 0 14 2 0 0 0 0 0 0 0 0 0 0 0 0 0 0 0 0 0 0 0 0 0 0 0 0 0 0 0 0 0 0 0 0 0 0 0 0 0 0 0 0 0 0 0 0 0 0 0 0 0 0 0 0 0 0 0 0 0 0 0 0 0 0 0 0 0 0 data 62 0x10005 0x0 0x0 0x20e6b4961d8 0x499 0x0 0x0 0xa0005 0x499 0x0 0x0 0x0 0x0 0x0 0x140007 0x499 0x20 0x0 0x1c0007 0x499 0x20 0x0 0x270007 0x0 0xe8 0x1eb7 0x2e0007 0x45b 0xc8 0x1a5e 0x360005 0x0 0x0 0x20e6b4961d8 0x1a5e 0x0 0x0 0x410005 0x1a5d 0x0 0x0 0x0 0x0 0x0 0x440007 0x1a20 0x20 0x3e 0x4c0003 0x1a21 0xffffffffffffff30 0x0 0x0 0x0 0x0 0x0 0x0 0x9 0x3 0x0 0x0 0x0 oops 2 3 java/lang/String 33 java/lang/String methods 0
ciMethodData scala/collection/immutable/List length ()I 2 1235 orig 80 0 0 0 0 0 0 0 0 0 0 0 0 14 2 0 0 0 0 0 0 0 0 0 0 0 0 0 0 0 0 0 0 0 0 0 0 0 0 0 0 0 0 0 0 0 0 0 0 0 0 0 0 0 0 0 0 0 0 0 0 0 0 0 0 0 0 0 0 0 0 0 0 0 0 0 0 0 0 0 0 data 37 0x50005 0xb4f 0x0 0x0 0x0 0x0 0x0 0x80007 0x4d3 0xa8 0x67c 0xf0005 0x0 0x0 0x20e71b9bc68 0x67c 0x0 0x0 0x120004 0x0 0x0 0x20e71b9bc68 0x1e9 0x20e71b9bd10 0x493 0x160003 0x67c 0xffffffffffffff38 0x0 0x0 0x0 0x0 0x0 0x0 0x9 0x1 0x0 oops 3 14 scala/collection/immutable/$colon$colon 21 scala/collection/immutable/$colon$colon 23 scala/collection/immutable/Nil$ methods 0
compile scala/meta/internal/metals/Fuzzy bloomFilterSymbolStrings (Ljava/lang/String;Lscala/meta/internal/metals/StringBloomFilter;)V -1 4 inline 318 0 -1 0 scala/meta/internal/metals/Fuzzy bloomFilterSymbolStrings (Ljava/lang/String;Lscala/meta/internal/metals/StringBloomFilter;)V 1 3 0 scala/package$ List ()Lscala/collection/immutable/List$; 1 6 0 scala/collection/immutable/List$ empty ()Lscala/collection/immutable/List; 1 9 0 scala/runtime/ObjectRef create (Ljava/lang/Object;)Lscala/runtime/ObjectRef; 2 5 0 scala/runtime/ObjectRef <init> (Ljava/lang/Object;)V 3 1 0 java/lang/Object <init> ()V 1 17 0 scala/collection/mutable/StringBuilder <init> ()V 2 5 0 java/lang/StringBuilder <init> ()V 3 3 0 java/lang/AbstractStringBuilder <init> (I)V 4 1 0 java/lang/Object <init> ()V 2 8 0 scala/collection/mutable/StringBuilder <init> (Ljava/lang/StringBuilder;)V 3 6 0 scala/collection/mutable/AbstractSeq <init> ()V 4 1 0 scala/collection/AbstractSeq <init> ()V 5 1 0 scala/collection/AbstractIterable <init> ()V 6 1 0 java/lang/Object <init> ()V 1 25 0 java/lang/String endsWith (Ljava/lang/String;)Z 2 3 0 java/lang/String length ()I 3 6 0 java/lang/String coder ()B 2 7 0 java/lang/String length ()I 3 6 0 java/lang/String coder ()B 2 11 0 java/lang/String startsWith (Ljava/lang/String;I)Z 3 6 0 java/lang/String length ()I 4 6 0 java/lang/String coder ()B 3 10 0 java/lang/String length ()I 4 6 0 java/lang/String coder ()B 3 39 0 java/lang/String coder ()B 3 47 0 java/lang/String coder ()B 1 33 0 scala/meta/internal/metals/StringBloomFilter reset ()V 2 1 0 scala/meta/internal/metals/StringBloomFilter streamingHash ()Lnet/jpountz/xxhash/StreamingXXHash64; 2 4 0 net/jpountz/xxhash/AbstractStreamingXXHash64Java reset ()V 1 49 0 scala/meta/internal/metals/Fuzzy lastIndex (Ljava/lang/CharSequence;)I 2 1 0 java/lang/String length ()I 3 6 0 java/lang/String coder ()B 2 10 0 scala/meta/internal/metals/Fuzzy endsWith (Ljava/lang/CharSequence;Ljava/lang/String;)Z 3 1 0 java/lang/String length ()I 4 6 0 java/lang/String coder ()B 3 10 0 java/lang/String length ()I 4 6 0 java/lang/String coder ()B 3 54 0 java/lang/String charAt (I)C 4 1 0 java/lang/String isLatin1 ()Z 4 12 0 java/lang/StringLatin1 charAt ([BI)C 5 3 0 java/lang/String checkIndex (II)V 3 65 0 java/lang/String charAt (I)C 4 1 0 java/lang/String isLatin1 ()Z 4 12 0 java/lang/StringLatin1 charAt ([BI)C 5 3 0 java/lang/String checkIndex (II)V 2 18 0 java/lang/String length ()I 3 6 0 java/lang/String coder ()B 2 35 0 java/lang/String charAt (I)C 3 1 0 java/lang/String isLatin1 ()Z 3 12 0 java/lang/StringLatin1 charAt ([BI)C 4 3 0 java/lang/String checkIndex (II)V 2 40 0 scala/meta/internal/metals/Fuzzy isDelimiter (C)Z 1 64 0 java/lang/String charAt (I)C 2 1 0 java/lang/String isLatin1 ()Z 2 12 0 java/lang/StringLatin1 charAt ([BI)C 3 3 0 java/lang/String checkIndex (II)V 1 150 0 scala/LowPriorityImplicits charWrapper (C)C 1 153 0 scala/runtime/RichChar$ isUpper$extension (C)Z 2 1 0 java/lang/Character isUpperCase (C)Z 3 1 0 java/lang/Character isUpperCase (I)Z 4 1 0 java/lang/CharacterData of (I)Ljava/lang/CharacterData; 4 5 0 java/lang/CharacterDataLatin1 isUpperCase (I)Z 5 2 0 java/lang/CharacterDataLatin1 getPropertiesEx (I)I 1 164 0 scala/meta/internal/metals/StringBloomFilter reset ()V 2 1 0 scala/meta/internal/metals/StringBloomFilter streamingHash ()Lnet/jpountz/xxhash/StreamingXXHash64; 2 4 0 net/jpountz/xxhash/AbstractStreamingXXHash64Java reset ()V 1 171 0 scala/collection/mutable/StringBuilder append (C)Lscala/collection/mutable/StringBuilder; 2 1 0 scala/collection/mutable/StringBuilder underlying ()Ljava/lang/StringBuilder; 2 5 0 java/lang/StringBuilder append (C)Ljava/lang/StringBuilder; 3 2 0 java/lang/AbstractStringBuilder append (C)Ljava/lang/AbstractStringBuilder; 4 7 0 java/lang/AbstractStringBuilder ensureCapacityInternal (I)V 4 11 0 java/lang/AbstractStringBuilder isLatin1 ()Z 4 18 0 java/lang/StringLatin1 canEncode (I)Z 1 184 0 scala/meta/internal/metals/StringBloomFilter putCharIncrementally (C)Z 2 2 0 scala/meta/internal/metals/StringBloomFilter updateHashCode (C)V 3 1 0 scala/meta/internal/metals/StringBloomFilter buffer ()[B 3 9 0 scala/meta/internal/metals/StringBloomFilter buffer ()[B 3 20 0 scala/meta/internal/metals/StringBloomFilter streamingHash ()Lnet/jpountz/xxhash/StreamingXXHash64; 3 24 0 scala/meta/internal/metals/StringBloomFilter buffer ()[B 2 6 0 scala/meta/internal/metals/StringBloomFilter bloom ()Lcom/google/common/hash/BloomFilter; 2 13 0 scala/meta/internal/metals/StringBloomFilter value ()J 3 1 0 scala/meta/internal/metals/StringBloomFilter streamingHash ()Lnet/jpountz/xxhash/StreamingXXHash64; 2 16 0 scala/Predef$ long2Long (J)Ljava/lang/Long; 3 1 0 java/lang/Long valueOf (J)Ljava/lang/Long; 4 36 0 java/lang/Long <init> (J)V 5 1 0 java/lang/Number <init> ()V 6 1 0 java/lang/Object <init> ()V 2 19 0 com/google/common/hash/BloomFilter put (Ljava/lang/Object;)Z 1 187 0 scala/runtime/BoxesRunTime boxToBoolean (Z)Ljava/lang/Boolean; 2 1 0 java/lang/Boolean valueOf (Z)Ljava/lang/Boolean; 1 117 0 scala/meta/internal/metals/StringBloomFilter reset ()V 2 1 0 scala/meta/internal/metals/StringBloomFilter streamingHash ()Lnet/jpountz/xxhash/StreamingXXHash64; 2 4 0 net/jpountz/xxhash/AbstractStreamingXXHash64Java reset ()V 1 133 0 scala/meta/internal/metals/Fuzzy flushUpper$1 (Lscala/collection/mutable/StringBuilder;Lscala/runtime/ObjectRef;)V 2 1 0 scala/collection/AbstractIterable nonEmpty ()Z 3 1 0 scala/collection/IterableOnceOps nonEmpty$ (Lscala/collection/IterableOnceOps;)Z 4 1 0 scala/collection/IterableOnceOps nonEmpty ()Z 5 1 0 scala/collection/mutable/StringBuilder isEmpty ()Z 6 1 0 scala/collection/mutable/StringBuilder underlying ()Ljava/lang/StringBuilder; 6 4 0 java/lang/StringBuilder length ()I 7 1 0 java/lang/AbstractStringBuilder length ()I 2 9 0 scala/collection/mutable/StringBuilder result ()Ljava/lang/String; 3 1 0 scala/collection/mutable/StringBuilder underlying ()Ljava/lang/StringBuilder; 3 4 0 java/lang/StringBuilder toString ()Ljava/lang/String; 4 5 0 java/lang/String <init> (Ljava/lang/StringBuilder;)V 5 3 0 java/lang/String <init> (Ljava/lang/AbstractStringBuilder;Ljava/lang/Void;)V 6 1 0 java/lang/Object <init> ()V 6 5 0 java/lang/AbstractStringBuilder getValue ()[B 6 10 0 java/lang/StringBuilder length ()I 7 1 0 java/lang/AbstractStringBuilder length ()I 6 16 0 java/lang/AbstractStringBuilder isLatin1 ()Z 6 32 0 java/util/Arrays copyOfRange ([BII)[B 2 21 0 scala/collection/immutable/List $colon$colon (Ljava/lang/Object;)Lscala/collection/immutable/List; 3 6 0 scala/collection/immutable/$colon$colon <init> (Ljava/lang/Object;Lscala/collection/immutable/List;)V 4 11 0 scala/collection/immutable/List <init> ()V 5 1 0 scala/collection/immutable/AbstractSeq <init> ()V 6 1 0 scala/collection/AbstractSeq <init> ()V 7 1 0 scala/collection/AbstractIterable <init> ()V 8 1 0 java/lang/Object <init> ()V 4 14 0 scala/runtime/Statics releaseFence ()V 5 3 0  @bci scala/runtime/Statics releaseFence ()V 3 <adapter> ; invoke_MT (Ljava/lang/Object;Ljava/lang/Object;)V 6 8 0 java/lang/invoke/Invokers checkGenericType (Ljava/lang/invoke/MethodHandle;Ljava/lang/invoke/MethodType;)Ljava/lang/invoke/MethodHandle; 7 2 0 java/lang/invoke/MethodHandle asType (Ljava/lang/invoke/MethodType;)Ljava/lang/invoke/MethodHandle; 6 13 0 java/lang/invoke/Invokers checkCustomized (Ljava/lang/invoke/MethodHandle;)V 6 17 0 java/lang/invoke/LambdaForm$DMH+0x00000008010ec000 invokeStatic (Ljava/lang/Object;)V 7 8 0 java/lang/invoke/DirectMethodHandle internalMemberName (Ljava/lang/Object;)Ljava/lang/Object; 7 16 0 java/lang/invoke/VarHandle releaseFence ()V 2 28 0 scala/collection/mutable/StringBuilder clear ()V 3 1 0 scala/collection/mutable/StringBuilder underlying ()Ljava/lang/StringBuilder; 3 5 0 java/lang/StringBuilder setLength (I)V 4 2 0 java/lang/AbstractStringBuilder setLength (I)V 5 15 0 java/lang/AbstractStringBuilder ensureCapacityInternal (I)V 1 209 0 scala/meta/internal/metals/ZeroCopySubSequence <init> (Ljava/lang/CharSequence;II)V 2 16 0 java/lang/Object <init> ()V 1 218 0 java/lang/String endsWith (Ljava/lang/String;)Z 2 3 0 java/lang/String length ()I 3 6 0 java/lang/String coder ()B 2 7 0 java/lang/String length ()I 3 6 0 java/lang/String coder ()B 2 11 0 java/lang/String startsWith (Ljava/lang/String;I)Z 3 6 0 java/lang/String length ()I 4 6 0 java/lang/String coder ()B 3 10 0 java/lang/String length ()I 4 6 0 java/lang/String coder ()B 3 39 0 java/lang/String coder ()B 3 47 0 java/lang/String coder ()B 1 227 0 scala/meta/internal/metals/Fuzzy isAllNumeric (Ljava/lang/CharSequence;)Z 2 3 0 scala/meta/internal/metals/ZeroCopySubSequence length ()I 2 22 0 scala/meta/internal/metals/ZeroCopySubSequence charAt (I)C 3 10 0 java/lang/String charAt (I)C 4 1 0 java/lang/String isLatin1 ()Z 4 12 0 java/lang/StringLatin1 charAt ([BI)C 5 3 0 java/lang/String checkIndex (II)V 2 27 0 scala/LowPriorityImplicits charWrapper (C)C 2 30 0 scala/runtime/RichChar$ isDigit$extension (C)Z 3 1 0 java/lang/Character isDigit (C)Z 4 1 0 java/lang/Character isDigit (I)Z 5 1 0 java/lang/CharacterData of (I)Ljava/lang/CharacterData; 5 5 0 java/lang/CharacterDataLatin1 isDigit (I)Z 1 240 0 scala/meta/internal/metals/ZeroCopySubSequence length ()I 1 249 0 scala/meta/internal/metals/Fuzzy PrefixSearchLimit ()I 1 274 0 scala/meta/internal/metals/ZeroCopySubSequence <init> (Ljava/lang/CharSequence;II)V 2 16 0 java/lang/Object <init> ()V 1 277 0 scala/meta/internal/metals/PrefixCharSequence <init> (Ljava/lang/CharSequence;)V 2 6 0 java/lang/Object <init> ()V 2 10 0 scala/Product $init$ (Lscala/Product;)V 1 280 0 scala/meta/internal/metals/StringBloomFilter putCharSequence (Ljava/lang/CharSequence;)Z 2 1 0 scala/meta/internal/metals/StringBloomFilter bloom ()Lcom/google/common/hash/BloomFilter; 2 9 0 scala/meta/internal/metals/StringBloomFilter computeHashCode (Ljava/lang/CharSequence;)J 3 1 0 scala/meta/internal/metals/StringBloomFilter streamingHash ()Lnet/jpountz/xxhash/StreamingXXHash64; 3 4 0 net/jpountz/xxhash/AbstractStreamingXXHash64Java reset ()V 3 10 0 scala/meta/internal/metals/PrefixCharSequence length ()I 4 1 0 scala/meta/internal/metals/PrefixCharSequence value ()Ljava/lang/CharSequence; 4 4 0 scala/meta/internal/metals/ZeroCopySubSequence length ()I 3 24 0 scala/meta/internal/metals/PrefixCharSequence charAt (I)C 4 2 0 scala/meta/internal/metals/PrefixCharSequence value ()Ljava/lang/CharSequence; 4 5 0 scala/meta/internal/metals/ZeroCopySubSequence length ()I 4 18 0 scala/meta/internal/metals/PrefixCharSequence value ()Ljava/lang/CharSequence; 4 22 0 scala/meta/internal/metals/ZeroCopySubSequence charAt (I)C 5 10 0 java/lang/String charAt (I)C 6 1 0 java/lang/String isLatin1 ()Z 6 12 0 java/lang/StringLatin1 charAt ([BI)C 7 3 0 java/lang/String checkIndex (II)V 3 29 0 scala/meta/internal/metals/StringBloomFilter updateHashCode (C)V 4 1 0 scala/meta/internal/metals/StringBloomFilter buffer ()[B 4 9 0 scala/meta/internal/metals/StringBloomFilter buffer ()[B 4 20 0 scala/meta/internal/metals/StringBloomFilter streamingHash ()Lnet/jpountz/xxhash/StreamingXXHash64; 4 24 0 scala/meta/internal/metals/StringBloomFilter buffer ()[B 3 39 0 scala/meta/internal/metals/StringBloomFilter value ()J 4 1 0 scala/meta/internal/metals/StringBloomFilter streamingHash ()Lnet/jpountz/xxhash/StreamingXXHash64; 2 12 0 scala/Predef$ long2Long (J)Ljava/lang/Long; 3 1 0 java/lang/Long valueOf (J)Ljava/lang/Long; 4 36 0 java/lang/Long <init> (J)V 5 1 0 java/lang/Number <init> ()V 6 1 0 java/lang/Object <init> ()V 2 15 0 com/google/common/hash/BloomFilter put (Ljava/lang/Object;)Z 1 296 0 scala/meta/internal/metals/Fuzzy flushUpper$1 (Lscala/collection/mutable/StringBuilder;Lscala/runtime/ObjectRef;)V 2 1 0 scala/collection/AbstractIterable nonEmpty ()Z 3 1 0 scala/collection/IterableOnceOps nonEmpty$ (Lscala/collection/IterableOnceOps;)Z 4 1 0 scala/collection/IterableOnceOps nonEmpty ()Z 5 1 0 scala/collection/mutable/StringBuilder isEmpty ()Z 6 1 0 scala/collection/mutable/StringBuilder underlying ()Ljava/lang/StringBuilder; 6 4 0 java/lang/StringBuilder length ()I 7 1 0 java/lang/AbstractStringBuilder length ()I 2 9 0 scala/collection/mutable/StringBuilder result ()Ljava/lang/String; 3 1 0 scala/collection/mutable/StringBuilder underlying ()Ljava/lang/StringBuilder; 3 4 0 java/lang/StringBuilder toString ()Ljava/lang/String; 4 5 0 java/lang/String <init> (Ljava/lang/StringBuilder;)V 5 3 0 java/lang/String <init> (Ljava/lang/AbstractStringBuilder;Ljava/lang/Void;)V 6 1 0 java/lang/Object <init> ()V 6 5 0 java/lang/AbstractStringBuilder getValue ()[B 6 10 0 java/lang/StringBuilder length ()I 7 1 0 java/lang/AbstractStringBuilder length ()I 6 16 0 java/lang/AbstractStringBuilder isLatin1 ()Z 6 32 0 java/util/Arrays copyOfRange ([BII)[B 2 21 0 scala/collection/immutable/List $colon$colon (Ljava/lang/Object;)Lscala/collection/immutable/List; 3 6 0 scala/collection/immutable/$colon$colon <init> (Ljava/lang/Object;Lscala/collection/immutable/List;)V 4 11 0 scala/collection/immutable/List <init> ()V 5 1 0 scala/collection/immutable/AbstractSeq <init> ()V 6 1 0 scala/collection/AbstractSeq <init> ()V 7 1 0 scala/collection/AbstractIterable <init> ()V 8 1 0 java/lang/Object <init> ()V 4 14 0 scala/runtime/Statics releaseFence ()V 5 3 0  @bci scala/runtime/Statics releaseFence ()V 3 <adapter> ; invoke_MT (Ljava/lang/Object;Ljava/lang/Object;)V 6 8 0 java/lang/invoke/Invokers checkGenericType (Ljava/lang/invoke/MethodHandle;Ljava/lang/invoke/MethodType;)Ljava/lang/invoke/MethodHandle; 7 2 0 java/lang/invoke/MethodHandle asType (Ljava/lang/invoke/MethodType;)Ljava/lang/invoke/MethodHandle; 6 13 0 java/lang/invoke/Invokers checkCustomized (Ljava/lang/invoke/MethodHandle;)V 6 17 0 java/lang/invoke/LambdaForm$DMH+0x00000008010ec000 invokeStatic (Ljava/lang/Object;)V 7 8 0 java/lang/invoke/DirectMethodHandle internalMemberName (Ljava/lang/Object;)Ljava/lang/Object; 7 16 0 java/lang/invoke/VarHandle releaseFence ()V 2 28 0 scala/collection/mutable/StringBuilder clear ()V 3 1 0 scala/collection/mutable/StringBuilder underlying ()Ljava/lang/StringBuilder; 3 5 0 java/lang/StringBuilder setLength (I)V 4 2 0 java/lang/AbstractStringBuilder setLength (I)V 5 15 0 java/lang/AbstractStringBuilder ensureCapacityInternal (I)V 1 310 0 java/lang/invoke/Invokers$Holder linkToTargetMethod (Ljava/lang/Object;Ljava/lang/Object;)Ljava/lang/Object; 2 5 0 java/lang/invoke/DirectMethodHandle$Holder newInvokeSpecial (Ljava/lang/Object;Ljava/lang/Object;)Ljava/lang/Object; 3 1 0 java/lang/invoke/DirectMethodHandle allocateInstance (Ljava/lang/Object;)Ljava/lang/Object; 3 6 0 java/lang/invoke/DirectMethodHandle constructorMethod (Ljava/lang/Object;)Ljava/lang/Object; 3 16 0  @bci scala/meta/internal/metals/Fuzzy bloomFilterSymbolStrings (Ljava/lang/String;Lscala/meta/internal/metals/StringBloomFilter;)V 310 <appendix> member <vmtarget> ; <init> (Lscala/meta/internal/metals/StringBloomFilter;)V 4 1 0 java/lang/Object <init> ()V 1 318 0 scala/meta/internal/metals/TrigramSubstrings$ foreach$default$3 ()I 2 1 0 scala/meta/internal/metals/TrigramSubstrings$ DefaultMaxTrigrams ()I 1 321 0 scala/meta/internal/metals/TrigramSubstrings$ foreach (Lscala/collection/immutable/List;Lscala/Function1;I)V 2 1 0 scala/collection/immutable/List length ()I 3 5 0 scala/collection/immutable/List isEmpty ()Z 3 15 0 scala/collection/immutable/$colon$colon tail ()Ljava/lang/Object; 4 1 0 scala/collection/immutable/$colon$colon tail ()Lscala/collection/immutable/List; 5 1 0 scala/collection/immutable/$colon$colon next ()Lscala/collection/immutable/List; 2 7 0 scala/runtime/IntRef create (I)Lscala/runtime/IntRef; 3 5 0 scala/runtime/IntRef <init> (I)V 4 1 0 java/lang/Object <init> ()V 2 24 0 scala/meta/internal/metals/TrigramSubstrings$ isNotDone$1 (Lscala/runtime/IntRef;)Z 2 43 0 scala/meta/internal/metals/TrigramSubstrings$ isNotDone$1 (Lscala/runtime/IntRef;)Z 2 62 0 scala/meta/internal/metals/TrigramSubstrings$ isNotDone$1 (Lscala/runtime/IntRef;)Z 2 74 0 scala/collection/immutable/List apply (I)Ljava/lang/Object; 3 2 0 scala/collection/LinearSeqOps apply$ (Lscala/collection/LinearSeqOps;I)Ljava/lang/Object; 4 2 0 scala/collection/LinearSeqOps apply (I)Ljava/lang/Object; 5 19 0 scala/collection/immutable/List drop (I)Ljava/lang/Object; 6 2 0 scala/collection/immutable/List drop (I)Lscala/collection/LinearSeq; 7 2 0 scala/collection/StrictOptimizedLinearSeqOps drop$ (Lscala/collection/StrictOptimizedLinearSeqOps;I)Lscala/collection/LinearSeq; 8 2 0 scala/collection/StrictOptimizedLinearSeqOps drop (I)Lscala/collection/LinearSeq; 9 3 0 scala/collection/AbstractIterable coll ()Ljava/lang/Object; 10 1 0 scala/collection/AbstractIterable coll ()Lscala/collection/Iterable; 11 1 0 scala/collection/Iterable coll$ (Lscala/collection/Iterable;)Lscala/collection/Iterable; 12 1 0 scala/collection/Iterable coll ()Lscala/collection/Iterable; 9 11 0 scala/collection/StrictOptimizedLinearSeqOps loop$2 (ILscala/collection/LinearSeq;)Lscala/collection/LinearSeq; 10 6 0 scala/collection/immutable/List isEmpty ()Z 10 20 0 scala/collection/immutable/$colon$colon tail ()Ljava/lang/Object; 11 1 0 scala/collection/immutable/$colon$colon tail ()Lscala/collection/immutable/List; 12 1 0 scala/collection/immutable/$colon$colon next ()Lscala/collection/immutable/List; 5 29 0 scala/collection/immutable/List isEmpty ()Z 5 50 0 scala/collection/immutable/$colon$colon head ()Ljava/lang/Object; 2 87 0 scala/collection/immutable/List apply (I)Ljava/lang/Object; 3 2 0 scala/collection/LinearSeqOps apply$ (Lscala/collection/LinearSeqOps;I)Ljava/lang/Object; 4 2 0 scala/collection/LinearSeqOps apply (I)Ljava/lang/Object; 5 19 0 scala/collection/immutable/List drop (I)Ljava/lang/Object; 6 2 0 scala/collection/immutable/List drop (I)Lscala/collection/LinearSeq; 7 2 0 scala/collection/StrictOptimizedLinearSeqOps drop$ (Lscala/collection/StrictOptimizedLinearSeqOps;I)Lscala/collection/LinearSeq; 8 2 0 scala/collection/StrictOptimizedLinearSeqOps drop (I)Lscala/collection/LinearSeq; 9 3 0 scala/collection/AbstractIterable coll ()Ljava/lang/Object; 10 1 0 scala/collection/AbstractIterable coll ()Lscala/collection/Iterable; 11 1 0 scala/collection/Iterable coll$ (Lscala/collection/Iterable;)Lscala/collection/Iterable; 12 1 0 scala/collection/Iterable coll ()Lscala/collection/Iterable; 9 11 0 scala/collection/StrictOptimizedLinearSeqOps loop$2 (ILscala/collection/LinearSeq;)Lscala/collection/LinearSeq; 10 6 0 scala/collection/immutable/List isEmpty ()Z 10 20 0 scala/collection/immutable/$colon$colon tail ()Ljava/lang/Object; 11 1 0 scala/collection/immutable/$colon$colon tail ()Lscala/collection/immutable/List; 12 1 0 scala/collection/immutable/$colon$colon next ()Lscala/collection/immutable/List; 5 29 0 scala/collection/immutable/List isEmpty ()Z 5 50 0 scala/collection/immutable/$colon$colon head ()Ljava/lang/Object; 2 102 0 scala/runtime/BoxesRunTime boxToBoolean (Z)Ljava/lang/Boolean; 3 1 0 java/lang/Boolean valueOf (Z)Ljava/lang/Boolean; 2 105 0 scala/Tuple2 <init> (Ljava/lang/Object;Ljava/lang/Object;)V 3 11 0 java/lang/Object <init> ()V 2 115 0 scala/collection/immutable/List apply (I)Ljava/lang/Object; 3 2 0 scala/collection/LinearSeqOps apply$ (Lscala/collection/LinearSeqOps;I)Ljava/lang/Object; 4 2 0 scala/collection/LinearSeqOps apply (I)Ljava/lang/Object; 5 19 0 scala/collection/immutable/List drop (I)Ljava/lang/Object; 6 2 0 scala/collection/immutable/List drop (I)Lscala/collection/LinearSeq; 7 2 0 scala/collection/StrictOptimizedLinearSeqOps drop$ (Lscala/collection/StrictOptimizedLinearSeqOps;I)Lscala/collection/LinearSeq; 8 2 0 scala/collection/StrictOptimizedLinearSeqOps drop (I)Lscala/collection/LinearSeq; 9 3 0 scala/collection/AbstractIterable coll ()Ljava/lang/Object; 10 1 0 scala/collection/AbstractIterable coll ()Lscala/collection/Iterable; 11 1 0 scala/collection/Iterable coll$ (Lscala/collection/Iterable;)Lscala/collection/Iterable; 12 1 0 scala/collection/Iterable coll ()Lscala/collection/Iterable; 9 11 0 scala/collection/StrictOptimizedLinearSeqOps loop$2 (ILscala/collection/LinearSeq;)Lscala/collection/LinearSeq; 10 6 0 scala/collection/immutable/List isEmpty ()Z 10 20 0 scala/collection/immutable/$colon$colon tail ()Ljava/lang/Object; 11 1 0 scala/collection/immutable/$colon$colon tail ()Lscala/collection/immutable/List; 12 1 0 scala/collection/immutable/$colon$colon next ()Lscala/collection/immutable/List; 5 29 0 scala/collection/immutable/List isEmpty ()Z 5 50 0 scala/collection/immutable/$colon$colon head ()Ljava/lang/Object; 2 130 0 scala/runtime/BoxesRunTime boxToBoolean (Z)Ljava/lang/Boolean; 3 1 0 java/lang/Boolean valueOf (Z)Ljava/lang/Boolean; 2 133 0 scala/Tuple2 <init> (Ljava/lang/Object;Ljava/lang/Object;)V 3 11 0 java/lang/Object <init> ()V
