2026.03.19 12:11:12 INFO  Started: Metals version 1.6.6 in folders 'C:\Users\DELL\OneDrive\Bureau\sorbonne\M2\S2\TAS\lisa-tutorial' for client Visual Studio Code 1.111.0.
2026.03.19 12:11:12 INFO  Memory monitor started
2026.03.19 12:11:14 WARN  Using H2 2.4.240 which is newer than the version Flyway has been verified with. The latest verified version of H2 is 2.3.232.
2026.03.19 12:11:14 INFO  no build target found for C:\Users\DELL\OneDrive\Bureau\sorbonne\M2\S2\TAS\lisa-tutorial\src\main\java\it\unive\lisa\tutorial\ConcreteValue.java. Using fallback presentation compiler.
2026.03.19 12:11:15 INFO  no build target found for C:\Users\DELL\OneDrive\Bureau\sorbonne\M2\S2\TAS\lisa-tutorial\src\main\java\it\unive\lisa\tutorial\ConcreteValue.java. Using fallback presentation compiler.
2026.03.19 12:11:27 INFO  no build target found for C:\Users\DELL\OneDrive\Bureau\sorbonne\M2\S2\TAS\lisa-tutorial\src\main\java\it\unive\lisa\tutorial\ConcreteValue.java. Using fallback presentation compiler.
2026.03.19 12:11:28 INFO  no build target found for C:\Users\DELL\OneDrive\Bureau\sorbonne\M2\S2\TAS\lisa-tutorial\src\main\java\it\unive\lisa\tutorial\ConcreteValue.java. Using fallback presentation compiler.
2026.03.19 12:11:27 INFO  no build target found for C:\Users\DELL\OneDrive\Bureau\sorbonne\M2\S2\TAS\lisa-tutorial\src\main\java\it\unive\lisa\tutorial\ConcreteValue.java. Using fallback presentation compiler.
2026.03.19 12:11:28 INFO  no build target found for C:\Users\DELL\OneDrive\Bureau\sorbonne\M2\S2\TAS\lisa-tutorial\src\main\java\it\unive\lisa\tutorial\ConcreteValue.java. Using fallback presentation compiler.
2026.03.19 12:11:28 INFO  no build target found for C:\Users\DELL\OneDrive\Bureau\sorbonne\M2\S2\TAS\lisa-tutorial\src\main\java\it\unive\lisa\tutorial\ConcreteValue.java. Using fallback presentation compiler.
2026.03.19 12:11:28 INFO  Created report: Optional[file:///C:/Users/DELL/OneDrive/Bureau/sorbonne/M2/S2/TAS/lisa-tutorial/src/main/java/it/unive/lisa/tutorial/ConcreteValue.java]
2026.03.19 12:11:28 INFO  empty definition using pc, found symbol in pc: it/unive/lisa/analysis/nonrelational/value/BaseNonRelationalValueDomain# (full report at: "C:\Users\DELL\OneDrive\Bureau\sorbonne\M2\S2\TAS\lisa-tutorial\.metals\.reports\metals-full\2026-03-19\r_empty-definition_12-11-28-652.md")
2026.03.19 12:11:28 INFO  no build target found for C:\Users\DELL\OneDrive\Bureau\sorbonne\M2\S2\TAS\lisa-tutorial\src\main\java\it\unive\lisa\tutorial\Interval.java. Using fallback presentation compiler.
2026.03.19 12:11:28 INFO  Created report: Optional[file:///C:/Users/DELL/OneDrive/Bureau/sorbonne/M2/S2/TAS/lisa-tutorial/src/main/java/it/unive/lisa/tutorial/Interval.java]
2026.03.19 12:11:28 INFO  empty definition using pc, found symbol in pc: it/unive/lisa/analysis/nonrelational/value/BaseNonRelationalValueDomain# (full report at: "C:\Users\DELL\OneDrive\Bureau\sorbonne\M2\S2\TAS\lisa-tutorial\.metals\.reports\metals-full\2026-03-19\r_empty-definition_12-11-29-148.md")
2026.03.19 12:11:28 INFO  no build target found for C:\Users\DELL\OneDrive\Bureau\sorbonne\M2\S2\TAS\lisa-tutorial\src\main\java\it\unive\lisa\tutorial\SetOfConcreteValues.java. Using fallback presentation compiler.
2026.03.19 12:11:28 INFO  Created report: Optional[file:///C:/Users/DELL/OneDrive/Bureau/sorbonne/M2/S2/TAS/lisa-tutorial/src/main/java/it/unive/lisa/tutorial/SetOfConcreteValues.java]
2026.03.19 12:11:28 INFO  empty definition using pc, found symbol in pc: it/unive/lisa/analysis/nonrelational/value/BaseNonRelationalValueDomain# (full report at: "C:\Users\DELL\OneDrive\Bureau\sorbonne\M2\S2\TAS\lisa-tutorial\.metals\.reports\metals-full\2026-03-19\r_empty-definition_12-11-29-325.md")
2026.03.19 12:11:28 INFO  no build target found for C:\Users\DELL\OneDrive\Bureau\sorbonne\M2\S2\TAS\lisa-tutorial\src\main\java\it\unive\lisa\tutorial\Signs.java. Using fallback presentation compiler.
2026.03.19 12:11:28 INFO  Created report: Optional[file:///C:/Users/DELL/OneDrive/Bureau/sorbonne/M2/S2/TAS/lisa-tutorial/src/main/java/it/unive/lisa/tutorial/Signs.java]
2026.03.19 12:11:28 INFO  empty definition using pc, found symbol in pc: it/unive/lisa/analysis/nonrelational/value/BaseNonRelationalValueDomain# (full report at: "C:\Users\DELL\OneDrive\Bureau\sorbonne\M2\S2\TAS\lisa-tutorial\.metals\.reports\metals-full\2026-03-19\r_empty-definition_12-11-29-528.md")
2026.03.19 12:11:29 INFO  no build target found for C:\Users\DELL\OneDrive\Bureau\sorbonne\M2\S2\TAS\lisa-tutorial\src\main\java\it\unive\lisa\tutorial\ConcreteValue.java. Using fallback presentation compiler.
2026.03.19 12:11:29 INFO  no build target found for C:\Users\DELL\OneDrive\Bureau\sorbonne\M2\S2\TAS\lisa-tutorial\src\main\java\it\unive\lisa\tutorial\Interval.java. Using fallback presentation compiler.
2026.03.19 12:11:29 INFO  no build target found for C:\Users\DELL\OneDrive\Bureau\sorbonne\M2\S2\TAS\lisa-tutorial\src\main\java\it\unive\lisa\tutorial\ConcreteValue.java. Using fallback presentation compiler.
2026.03.19 12:11:29 INFO  no build target found for C:\Users\DELL\OneDrive\Bureau\sorbonne\M2\S2\TAS\lisa-tutorial\src\main\java\it\unive\lisa\tutorial\ConcreteValue.java. Using fallback presentation compiler.
2026.03.19 12:11:30 INFO  no build target found for C:\Users\DELL\OneDrive\Bureau\sorbonne\M2\S2\TAS\lisa-tutorial\src\main\java\it\unive\lisa\tutorial\ConcreteValue.java. Using fallback presentation compiler.
2026.03.19 12:11:30 INFO  no build target found for C:\Users\DELL\OneDrive\Bureau\sorbonne\M2\S2\TAS\lisa-tutorial\src\main\java\it\unive\lisa\tutorial\Interval.java. Using fallback presentation compiler.
2026.03.19 12:11:31 INFO  no build target found for C:\Users\DELL\OneDrive\Bureau\sorbonne\M2\S2\TAS\lisa-tutorial\src\main\java\it\unive\lisa\tutorial\ConcreteValue.java. Using fallback presentation compiler.
2026.03.19 12:11:31 INFO  no build target found for C:\Users\DELL\OneDrive\Bureau\sorbonne\M2\S2\TAS\lisa-tutorial\src\main\java\it\unive\lisa\tutorial\SetOfConcreteValues.java. Using fallback presentation compiler.
2026.03.19 12:11:32 INFO  no build target found for C:\Users\DELL\OneDrive\Bureau\sorbonne\M2\S2\TAS\lisa-tutorial\src\main\java\it\unive\lisa\tutorial\Signs.java. Using fallback presentation compiler.
2026.03.19 12:11:32 INFO  no build target found for C:\Users\DELL\OneDrive\Bureau\sorbonne\M2\S2\TAS\lisa-tutorial\src\main\java\it\unive\lisa\tutorial\Interval.java. Using fallback presentation compiler.
2026.03.19 12:11:31 INFO  no build target found for C:\Users\DELL\OneDrive\Bureau\sorbonne\M2\S2\TAS\lisa-tutorial\src\main\java\it\unive\lisa\tutorial\SetOfConcreteValues.java. Using fallback presentation compiler.
2026.03.19 12:11:32 INFO  no build target found for C:\Users\DELL\OneDrive\Bureau\sorbonne\M2\S2\TAS\lisa-tutorial\src\main\java\it\unive\lisa\tutorial\Signs.java. Using fallback presentation compiler.
2026.03.19 12:11:33 INFO  no build target found for C:\Users\DELL\OneDrive\Bureau\sorbonne\M2\S2\TAS\lisa-tutorial\src\test\java\it\unive\lisa\tutorial\SignsTest.java. Using fallback presentation compiler.
2026.03.19 12:11:54 INFO  no build target found for C:\Users\DELL\OneDrive\Bureau\sorbonne\M2\S2\TAS\lisa-tutorial\src\main\java\it\unive\lisa\tutorial\ConcreteValue.java. Using fallback presentation compiler.
2026.03.19 12:14:03 INFO  no build target found for C:\Users\DELL\OneDrive\Bureau\sorbonne\M2\S2\TAS\lisa-tutorial\src\main\java\it\unive\lisa\tutorial\SetOfConcreteValues.java. Using fallback presentation compiler.
2026.03.19 12:14:09 INFO  no build target found for C:\Users\DELL\OneDrive\Bureau\sorbonne\M2\S2\TAS\lisa-tutorial\src\main\java\it\unive\lisa\tutorial\Signs.java. Using fallback presentation compiler.
2026.03.19 12:14:13 INFO  no build target found for C:\Users\DELL\OneDrive\Bureau\sorbonne\M2\S2\TAS\lisa-tutorial\src\test\java\it\unive\lisa\tutorial\SignsTest.java. Using fallback presentation compiler.
2026.03.19 12:14:20 INFO  no build target found for C:\Users\DELL\OneDrive\Bureau\sorbonne\M2\S2\TAS\lisa-tutorial\src\main\java\it\unive\lisa\tutorial\Interval.java. Using fallback presentation compiler.
2026.03.19 12:15:19 INFO  no build target found for C:\Users\DELL\OneDrive\Bureau\sorbonne\M2\S2\TAS\lisa-tutorial\src\main\java\it\unive\lisa\tutorial\Interval.java. Using fallback presentation compiler.
2026.03.19 12:15:19 INFO  no build target found for C:\Users\DELL\OneDrive\Bureau\sorbonne\M2\S2\TAS\lisa-tutorial\src\main\java\it\unive\lisa\tutorial\Interval.java. Using fallback presentation compiler.
2026.03.19 12:15:23 INFO  no build target found for C:\Users\DELL\OneDrive\Bureau\sorbonne\M2\S2\TAS\lisa-tutorial\src\main\java\it\unive\lisa\tutorial\Interval.java. Using fallback presentation compiler.
2026.03.19 12:15:23 INFO  no build target found for C:\Users\DELL\OneDrive\Bureau\sorbonne\M2\S2\TAS\lisa-tutorial\src\main\java\it\unive\lisa\tutorial\ConcreteValue.java. Using fallback presentation compiler.
2026.03.19 12:15:23 INFO  no build target found for C:\Users\DELL\OneDrive\Bureau\sorbonne\M2\S2\TAS\lisa-tutorial\src\main\java\it\unive\lisa\tutorial\Interval.java. Using fallback presentation compiler.
2026.03.19 12:26:02 INFO  Shutting down server
2026.03.19 12:26:02 INFO  Memory monitor stopped
2026.03.19 12:26:02 INFO  shutting down Metals
2026.03.19 12:26:02 INFO  Exiting server
2026.03.19 13:52:08 INFO  Started: Metals version 1.6.6 in folders 'C:\Users\DELL\OneDrive\Bureau\sorbonne\M2\S2\TAS\lisa-tutorial' for client Visual Studio Code 1.111.0.
2026.03.19 13:52:10 INFO  Memory monitor started
2026.03.19 13:52:13 WARN  Using H2 2.4.240 which is newer than the version Flyway has been verified with. The latest verified version of H2 is 2.3.232.
2026.03.19 13:52:13 INFO  no build target found for C:\Users\DELL\OneDrive\Bureau\sorbonne\M2\S2\TAS\lisa-tutorial\src\main\java\it\unive\lisa\tutorial\ConcreteValue.java. Using fallback presentation compiler.
2026.03.19 13:52:15 INFO  no build target found for C:\Users\DELL\OneDrive\Bureau\sorbonne\M2\S2\TAS\lisa-tutorial\src\main\java\it\unive\lisa\tutorial\ConcreteValue.java. Using fallback presentation compiler.
2026.03.19 13:53:49 INFO  no build target found for C:\Users\DELL\OneDrive\Bureau\sorbonne\M2\S2\TAS\lisa-tutorial\src\main\java\it\unive\lisa\tutorial\ConcreteValue.java. Using fallback presentation compiler.
2026.03.19 13:53:49 INFO  no build target found for C:\Users\DELL\OneDrive\Bureau\sorbonne\M2\S2\TAS\lisa-tutorial\src\main\java\it\unive\lisa\tutorial\SetOfConcreteValues.java. Using fallback presentation compiler.
mars 19, 2026 1:53:50 PM org.eclipse.lsp4j.jsonrpc.RemoteEndpoint handleCancellation
WARNING: Unmatched cancel notification for request id 9
2026.03.19 13:53:51 INFO  no build target found for C:\Users\DELL\OneDrive\Bureau\sorbonne\M2\S2\TAS\lisa-tutorial\src\main\java\it\unive\lisa\tutorial\SetOfConcreteValues.java. Using fallback presentation compiler.
2026.03.19 13:53:51 INFO  no build target found for C:\Users\DELL\OneDrive\Bureau\sorbonne\M2\S2\TAS\lisa-tutorial\src\main\java\it\unive\lisa\tutorial\SetOfConcreteValues.java. Using fallback presentation compiler.
2026.03.19 14:00:19 INFO  no build target found for C:\Users\DELL\OneDrive\Bureau\sorbonne\M2\S2\TAS\lisa-tutorial\src\test\java\it\unive\lisa\tutorial\SetConcreteValueTest.java. Using fallback presentation compiler.
2026.03.19 14:03:05 INFO  no build target found for C:\Users\DELL\OneDrive\Bureau\sorbonne\M2\S2\TAS\lisa-tutorial\src\main\java\it\unive\lisa\tutorial\SetOfConcreteValues.java. Using fallback presentation compiler.
2026.03.19 14:03:10 INFO  no build target found for C:\Users\DELL\OneDrive\Bureau\sorbonne\M2\S2\TAS\lisa-tutorial\src\main\java\it\unive\lisa\tutorial\SetOfConcreteValues.java. Using fallback presentation compiler.
2026.03.19 14:03:10 INFO  no build target found for C:\Users\DELL\OneDrive\Bureau\sorbonne\M2\S2\TAS\lisa-tutorial\src\main\java\it\unive\lisa\tutorial\SetOfConcreteValues.java. Using fallback presentation compiler.
2026.03.19 14:03:10 INFO  no build target found for C:\Users\DELL\OneDrive\Bureau\sorbonne\M2\S2\TAS\lisa-tutorial\src\main\java\it\unive\lisa\tutorial\SetOfConcreteValues.java. Using fallback presentation compiler.
2026.03.19 14:03:10 INFO  no build target found for C:\Users\DELL\OneDrive\Bureau\sorbonne\M2\S2\TAS\lisa-tutorial\src\main\java\it\unive\lisa\tutorial\SetOfConcreteValues.java. Using fallback presentation compiler.
mars 19, 2026 2:03:10 PM org.eclipse.lsp4j.jsonrpc.RemoteEndpoint handleCancellation
WARNING: Unmatched cancel notification for request id 68
mars 19, 2026 2:03:10 PM org.eclipse.lsp4j.jsonrpc.RemoteEndpoint handleCancellation
WARNING: Unmatched cancel notification for request id 70
2026.03.19 14:03:10 INFO  no build target found for C:\Users\DELL\OneDrive\Bureau\sorbonne\M2\S2\TAS\lisa-tutorial\src\main\java\it\unive\lisa\tutorial\SetOfConcreteValues.java. Using fallback presentation compiler.
2026.03.19 14:03:15 INFO  no build target found for C:\Users\DELL\OneDrive\Bureau\sorbonne\M2\S2\TAS\lisa-tutorial\src\main\java\it\unive\lisa\tutorial\SetOfConcreteValues.java. Using fallback presentation compiler.
2026.03.19 14:03:15 INFO  no build target found for C:\Users\DELL\OneDrive\Bureau\sorbonne\M2\S2\TAS\lisa-tutorial\src\main\java\it\unive\lisa\tutorial\SetOfConcreteValues.java. Using fallback presentation compiler.
2026.03.19 14:03:15 INFO  no build target found for C:\Users\DELL\OneDrive\Bureau\sorbonne\M2\S2\TAS\lisa-tutorial\src\main\java\it\unive\lisa\tutorial\SetOfConcreteValues.java. Using fallback presentation compiler.
2026.03.19 14:03:15 INFO  no build target found for C:\Users\DELL\OneDrive\Bureau\sorbonne\M2\S2\TAS\lisa-tutorial\src\main\java\it\unive\lisa\tutorial\SetOfConcreteValues.java. Using fallback presentation compiler.
2026.03.19 14:03:17 INFO  no build target found for C:\Users\DELL\OneDrive\Bureau\sorbonne\M2\S2\TAS\lisa-tutorial\src\main\java\it\unive\lisa\tutorial\SetOfConcreteValues.java. Using fallback presentation compiler.
2026.03.19 14:03:17 INFO  no build target found for C:\Users\DELL\OneDrive\Bureau\sorbonne\M2\S2\TAS\lisa-tutorial\src\main\java\it\unive\lisa\tutorial\SetOfConcreteValues.java. Using fallback presentation compiler.
2026.03.19 14:03:17 INFO  no build target found for C:\Users\DELL\OneDrive\Bureau\sorbonne\M2\S2\TAS\lisa-tutorial\src\main\java\it\unive\lisa\tutorial\SetOfConcreteValues.java. Using fallback presentation compiler.
2026.03.19 14:03:18 INFO  no build target found for C:\Users\DELL\OneDrive\Bureau\sorbonne\M2\S2\TAS\lisa-tutorial\src\main\java\it\unive\lisa\tutorial\SetOfConcreteValues.java. Using fallback presentation compiler.
2026.03.19 14:03:18 INFO  no build target found for C:\Users\DELL\OneDrive\Bureau\sorbonne\M2\S2\TAS\lisa-tutorial\src\main\java\it\unive\lisa\tutorial\SetOfConcreteValues.java. Using fallback presentation compiler.
2026.03.19 14:03:18 INFO  no build target found for C:\Users\DELL\OneDrive\Bureau\sorbonne\M2\S2\TAS\lisa-tutorial\src\main\java\it\unive\lisa\tutorial\SetOfConcreteValues.java. Using fallback presentation compiler.
2026.03.19 14:03:20 INFO  no build target found for C:\Users\DELL\OneDrive\Bureau\sorbonne\M2\S2\TAS\lisa-tutorial\src\main\java\it\unive\lisa\tutorial\SetOfConcreteValues.java. Using fallback presentation compiler.
2026.03.19 14:03:20 INFO  no build target found for C:\Users\DELL\OneDrive\Bureau\sorbonne\M2\S2\TAS\lisa-tutorial\src\main\java\it\unive\lisa\tutorial\SetOfConcreteValues.java. Using fallback presentation compiler.
2026.03.19 14:03:21 INFO  no build target found for C:\Users\DELL\OneDrive\Bureau\sorbonne\M2\S2\TAS\lisa-tutorial\src\main\java\it\unive\lisa\tutorial\SetOfConcreteValues.java. Using fallback presentation compiler.
2026.03.19 14:03:21 INFO  no build target found for C:\Users\DELL\OneDrive\Bureau\sorbonne\M2\S2\TAS\lisa-tutorial\src\main\java\it\unive\lisa\tutorial\SetOfConcreteValues.java. Using fallback presentation compiler.
2026.03.19 14:03:24 INFO  no build target found for C:\Users\DELL\OneDrive\Bureau\sorbonne\M2\S2\TAS\lisa-tutorial\src\main\java\it\unive\lisa\tutorial\SetOfConcreteValues.java. Using fallback presentation compiler.
2026.03.19 14:03:24 INFO  no build target found for C:\Users\DELL\OneDrive\Bureau\sorbonne\M2\S2\TAS\lisa-tutorial\src\main\java\it\unive\lisa\tutorial\SetOfConcreteValues.java. Using fallback presentation compiler.
2026.03.19 14:03:26 INFO  no build target found for C:\Users\DELL\OneDrive\Bureau\sorbonne\M2\S2\TAS\lisa-tutorial\src\main\java\it\unive\lisa\tutorial\SetOfConcreteValues.java. Using fallback presentation compiler.
2026.03.19 14:03:26 INFO  no build target found for C:\Users\DELL\OneDrive\Bureau\sorbonne\M2\S2\TAS\lisa-tutorial\src\main\java\it\unive\lisa\tutorial\SetOfConcreteValues.java. Using fallback presentation compiler.
2026.03.19 14:03:29 INFO  no build target found for C:\Users\DELL\OneDrive\Bureau\sorbonne\M2\S2\TAS\lisa-tutorial\src\main\java\it\unive\lisa\tutorial\SetOfConcreteValues.java. Using fallback presentation compiler.
2026.03.19 14:03:29 INFO  no build target found for C:\Users\DELL\OneDrive\Bureau\sorbonne\M2\S2\TAS\lisa-tutorial\src\main\java\it\unive\lisa\tutorial\SetOfConcreteValues.java. Using fallback presentation compiler.
2026.03.19 14:04:30 INFO  no build target found for C:\Users\DELL\OneDrive\Bureau\sorbonne\M2\S2\TAS\lisa-tutorial\src\main\java\it\unive\lisa\tutorial\SetOfConcreteValues.java. Using fallback presentation compiler.
2026.03.19 14:04:30 INFO  no build target found for C:\Users\DELL\OneDrive\Bureau\sorbonne\M2\S2\TAS\lisa-tutorial\src\main\java\it\unive\lisa\tutorial\SetOfConcreteValues.java. Using fallback presentation compiler.
2026.03.19 14:04:30 INFO  no build target found for C:\Users\DELL\OneDrive\Bureau\sorbonne\M2\S2\TAS\lisa-tutorial\src\main\java\it\unive\lisa\tutorial\SetOfConcreteValues.java. Using fallback presentation compiler.
2026.03.19 14:04:30 INFO  no build target found for C:\Users\DELL\OneDrive\Bureau\sorbonne\M2\S2\TAS\lisa-tutorial\src\main\java\it\unive\lisa\tutorial\SetOfConcreteValues.java. Using fallback presentation compiler.
2026.03.19 14:04:39 INFO  no build target found for C:\Users\DELL\OneDrive\Bureau\sorbonne\M2\S2\TAS\lisa-tutorial\src\main\java\it\unive\lisa\tutorial\SetOfConcreteValues.java. Using fallback presentation compiler.
2026.03.19 14:04:39 INFO  no build target found for C:\Users\DELL\OneDrive\Bureau\sorbonne\M2\S2\TAS\lisa-tutorial\src\main\java\it\unive\lisa\tutorial\SetOfConcreteValues.java. Using fallback presentation compiler.
mars 19, 2026 2:05:53 PM org.eclipse.lsp4j.jsonrpc.RemoteEndpoint handleNotification
WARNING: Notification threw an exception: {
  "jsonrpc": "2.0",
  "method": "metals/didFocusTextDocument",
  "params": [
    "vscode-chat-code-block://dnnjb2rllwnoyxqtc2vzc2lvbjovl2xvy2fsl05uaznarghowmprde9uzgxauzawwwpzmexxrmpnr1l0tkrbee1hvmxprezqtkdkaw/response_cb12749c-8eba-4ced-879b-5b400e67ef22/2#%7B%22references%22%3A%5B%5D%7D"
  ]
}
java.nio.file.FileSystemNotFoundException: Provider "vscode-chat-code-block" not installed
	at java.base/java.nio.file.Path.of(Path.java:212)
	at java.base/java.nio.file.Paths.get(Paths.java:98)
	at scala.meta.internal.mtags.MtagsEnrichments$XtensionURIMtags.toAbsolutePath(MtagsEnrichments.scala:149)
	at scala.meta.internal.mtags.MtagsEnrichments$XtensionStringMtags.toAbsolutePath(MtagsEnrichments.scala:209)
	at scala.meta.internal.metals.MetalsEnrichments$XtensionString.toAbsolutePath(MetalsEnrichments.scala:787)
	at scala.meta.internal.metals.MetalsEnrichments$XtensionString.toAbsolutePath(MetalsEnrichments.scala:784)
	at scala.meta.internal.metals.WorkspaceLspService.didFocus(WorkspaceLspService.scala:808)
	at scala.meta.metals.lsp.DelegatingScalaService.didFocus(DelegatingScalaService.scala:42)
	at java.base/jdk.internal.reflect.DirectMethodHandleAccessor.invoke(DirectMethodHandleAccessor.java:104)
	at java.base/java.lang.reflect.Method.invoke(Method.java:578)
	at org.eclipse.lsp4j.jsonrpc.services.GenericEndpoint.lambda$recursiveFindRpcMethods$0(GenericEndpoint.java:65)
	at org.eclipse.lsp4j.jsonrpc.services.GenericEndpoint.notify(GenericEndpoint.java:160)
	at org.eclipse.lsp4j.jsonrpc.RemoteEndpoint.handleNotification(RemoteEndpoint.java:225)
	at org.eclipse.lsp4j.jsonrpc.RemoteEndpoint.consume(RemoteEndpoint.java:192)
	at org.eclipse.lsp4j.jsonrpc.json.StreamMessageProducer.handleMessage(StreamMessageProducer.java:189)
	at org.eclipse.lsp4j.jsonrpc.json.StreamMessageProducer.listen(StreamMessageProducer.java:97)
	at org.eclipse.lsp4j.jsonrpc.json.ConcurrentMessageProcessor.run(ConcurrentMessageProcessor.java:97)
	at java.base/java.util.concurrent.Executors$RunnableAdapter.call(Executors.java:577)
	at java.base/java.util.concurrent.FutureTask.run(FutureTask.java:317)
	at java.base/java.util.concurrent.ThreadPoolExecutor.runWorker(ThreadPoolExecutor.java:1144)
	at java.base/java.util.concurrent.ThreadPoolExecutor$Worker.run(ThreadPoolExecutor.java:642)
	at java.base/java.lang.Thread.run(Thread.java:1589)

2026.03.19 14:06:13 WARN  no build target for: C:\Users\DELL\OneDrive\Bureau\sorbonne\M2\S2\TAS\lisa-tutorial\src\main\java\it\unive\lisa\tutorial\SetOfConcreteValues.java
2026.03.19 14:06:13 INFO  no build target found for C:\Users\DELL\OneDrive\Bureau\sorbonne\M2\S2\TAS\lisa-tutorial\src\main\java\it\unive\lisa\tutorial\SetOfConcreteValues.java. Using fallback presentation compiler.
2026.03.19 14:06:45 INFO  no build target found for C:\Users\DELL\OneDrive\Bureau\sorbonne\M2\S2\TAS\lisa-tutorial\src\main\java\it\unive\lisa\tutorial\SetOfConcreteValues.java. Using fallback presentation compiler.
2026.03.19 17:56:42 INFO  Shutting down server
2026.03.19 17:56:42 INFO  Memory monitor stopped
2026.03.19 17:56:42 INFO  shutting down Metals
2026.03.19 17:56:43 ERROR Unexpected error initializing server: 
org.eclipse.lsp4j.jsonrpc.ResponseErrorException: Request window/showMessageRequest failed with message: Canceled
	at org.eclipse.lsp4j.jsonrpc.RemoteEndpoint.handleResponse(RemoteEndpoint.java:214)
	at org.eclipse.lsp4j.jsonrpc.RemoteEndpoint.consume(RemoteEndpoint.java:198)
	at org.eclipse.lsp4j.jsonrpc.json.StreamMessageProducer.handleMessage(StreamMessageProducer.java:189)
	at org.eclipse.lsp4j.jsonrpc.json.StreamMessageProducer.listen(StreamMessageProducer.java:97)
	at org.eclipse.lsp4j.jsonrpc.json.ConcurrentMessageProcessor.run(ConcurrentMessageProcessor.java:97)
	at java.util.concurrent.Executors$RunnableAdapter.call(Executors.java:577)
	at java.util.concurrent.FutureTask.run(FutureTask.java:317)
	at java.util.concurrent.ThreadPoolExecutor.runWorker(ThreadPoolExecutor.java:1144)
	at java.util.concurrent.ThreadPoolExecutor$Worker.run(ThreadPoolExecutor.java:642)
	at java.lang.Thread.run(Thread.java:1589)

2026.03.19 17:56:43 INFO  Exiting server
2026.03.19 20:50:18 INFO  Started: Metals version 1.6.6 in folders 'C:\Users\DELL\OneDrive\Bureau\sorbonne\M2\S2\TAS\lisa-tutorial' for client Visual Studio Code 1.112.0.
2026.03.19 20:50:18 INFO  Memory monitor started
2026.03.19 20:50:20 WARN  Using H2 2.4.240 which is newer than the version Flyway has been verified with. The latest verified version of H2 is 2.3.232.
2026.03.19 20:50:20 INFO  no build target found for C:\Users\DELL\OneDrive\Bureau\sorbonne\M2\S2\TAS\lisa-tutorial\src\main\java\it\unive\lisa\tutorial\SetOfConcreteValues.java. Using fallback presentation compiler.
2026.03.19 20:50:21 INFO  no build target found for C:\Users\DELL\OneDrive\Bureau\sorbonne\M2\S2\TAS\lisa-tutorial\src\main\java\it\unive\lisa\tutorial\SetOfConcreteValues.java. Using fallback presentation compiler.
2026.03.19 20:50:25 INFO  Shutting down server
2026.03.19 20:50:25 INFO  Memory monitor stopped
2026.03.19 20:50:25 INFO  shutting down Metals
2026.03.19 20:50:25 INFO  Exiting server
2026.03.25 13:46:12 INFO  Started: Metals version 1.6.6 in folders 'C:\Users\DELL\OneDrive\Bureau\sorbonne\M2\S2\TAS\lisa-tutorial' for client Visual Studio Code 1.112.0.
2026.03.25 13:46:12 INFO  Memory monitor started
2026.03.25 13:46:14 WARN  Using H2 2.4.240 which is newer than the version Flyway has been verified with. The latest verified version of H2 is 2.3.232.
2026.03.25 13:46:14 INFO  no build target found for C:\Users\DELL\OneDrive\Bureau\sorbonne\M2\S2\TAS\lisa-tutorial\src\main\java\it\unive\lisa\tutorial\SetOfConcreteValues.java. Using fallback presentation compiler.
2026.03.25 13:46:15 INFO  no build target found for C:\Users\DELL\OneDrive\Bureau\sorbonne\M2\S2\TAS\lisa-tutorial\src\main\java\it\unive\lisa\tutorial\SetOfConcreteValues.java. Using fallback presentation compiler.
2026.03.25 13:49:55 INFO  no build target found for C:\Users\DELL\OneDrive\Bureau\sorbonne\M2\S2\TAS\lisa-tutorial\src\main\java\it\unive\lisa\tutorial\SetOfConcreteValues.java. Using fallback presentation compiler.
2026.03.25 13:49:55 INFO  no build target found for C:\Users\DELL\OneDrive\Bureau\sorbonne\M2\S2\TAS\lisa-tutorial\src\main\java\it\unive\lisa\tutorial\IntervalReal.java. Using fallback presentation compiler.
2026.03.25 13:49:55 INFO  no build target found for C:\Users\DELL\OneDrive\Bureau\sorbonne\M2\S2\TAS\lisa-tutorial\src\main\java\it\unive\lisa\tutorial\IntervalReal.java. Using fallback presentation compiler.
2026.03.25 13:49:56 INFO  no build target found for C:\Users\DELL\OneDrive\Bureau\sorbonne\M2\S2\TAS\lisa-tutorial\src\main\java\it\unive\lisa\tutorial\IntervalReal.java. Using fallback presentation compiler.
mars 25, 2026 1:49:56 PM org.eclipse.lsp4j.jsonrpc.RemoteEndpoint handleCancellation
WARNING: Unmatched cancel notification for request id 11
mars 25, 2026 1:55:59 PM org.eclipse.lsp4j.jsonrpc.RemoteEndpoint handleCancellation
WARNING: Unmatched cancel notification for request id 26
mars 25, 2026 1:55:59 PM org.eclipse.lsp4j.jsonrpc.RemoteEndpoint handleCancellation
WARNING: Unmatched cancel notification for request id 27
mars 25, 2026 1:55:59 PM org.eclipse.lsp4j.jsonrpc.RemoteEndpoint handleCancellation
WARNING: Unmatched cancel notification for request id 28
mars 25, 2026 1:55:59 PM org.eclipse.lsp4j.jsonrpc.RemoteEndpoint handleCancellation
WARNING: Unmatched cancel notification for request id 29
mars 25, 2026 1:55:59 PM org.eclipse.lsp4j.jsonrpc.RemoteEndpoint handleCancellation
WARNING: Unmatched cancel notification for request id 30
mars 25, 2026 1:55:59 PM org.eclipse.lsp4j.jsonrpc.RemoteEndpoint handleCancellation
WARNING: Unmatched cancel notification for request id 31
mars 25, 2026 1:55:59 PM org.eclipse.lsp4j.jsonrpc.RemoteEndpoint handleCancellation
WARNING: Unmatched cancel notification for request id 32
mars 25, 2026 1:55:59 PM org.eclipse.lsp4j.jsonrpc.RemoteEndpoint handleCancellation
WARNING: Unmatched cancel notification for request id 33
mars 25, 2026 1:55:59 PM org.eclipse.lsp4j.jsonrpc.RemoteEndpoint handleCancellation
WARNING: Unmatched cancel notification for request id 34
mars 25, 2026 1:55:59 PM org.eclipse.lsp4j.jsonrpc.RemoteEndpoint handleCancellation
WARNING: Unmatched cancel notification for request id 35
mars 25, 2026 1:55:59 PM org.eclipse.lsp4j.jsonrpc.RemoteEndpoint handleCancellation
WARNING: Unmatched cancel notification for request id 36
mars 25, 2026 1:55:59 PM org.eclipse.lsp4j.jsonrpc.RemoteEndpoint handleCancellation
WARNING: Unmatched cancel notification for request id 37
mars 25, 2026 1:55:59 PM org.eclipse.lsp4j.jsonrpc.RemoteEndpoint handleCancellation
WARNING: Unmatched cancel notification for request id 38
mars 25, 2026 1:55:59 PM org.eclipse.lsp4j.jsonrpc.RemoteEndpoint handleCancellation
WARNING: Unmatched cancel notification for request id 39
mars 25, 2026 1:55:59 PM org.eclipse.lsp4j.jsonrpc.RemoteEndpoint handleCancellation
WARNING: Unmatched cancel notification for request id 40
mars 25, 2026 1:55:59 PM org.eclipse.lsp4j.jsonrpc.RemoteEndpoint handleCancellation
WARNING: Unmatched cancel notification for request id 41
mars 25, 2026 1:55:59 PM org.eclipse.lsp4j.jsonrpc.RemoteEndpoint handleCancellation
WARNING: Unmatched cancel notification for request id 42
mars 25, 2026 1:56:02 PM org.eclipse.lsp4j.jsonrpc.RemoteEndpoint handleCancellation
WARNING: Unmatched cancel notification for request id 48
2026.03.25 13:57:58 INFO  no build target found for C:\Users\DELL\OneDrive\Bureau\sorbonne\M2\S2\TAS\lisa-tutorial\src\main\java\it\unive\lisa\tutorial\IntervalReal.java. Using fallback presentation compiler.
2026.03.25 13:57:58 INFO  no build target found for C:\Users\DELL\OneDrive\Bureau\sorbonne\M2\S2\TAS\lisa-tutorial\src\main\java\it\unive\lisa\tutorial\Interval.java. Using fallback presentation compiler.
mars 25, 2026 1:57:58 PM org.eclipse.lsp4j.jsonrpc.RemoteEndpoint handleCancellation
WARNING: Unmatched cancel notification for request id 98
2026.03.25 13:57:58 INFO  no build target found for C:\Users\DELL\OneDrive\Bureau\sorbonne\M2\S2\TAS\lisa-tutorial\src\main\java\it\unive\lisa\tutorial\Interval.java. Using fallback presentation compiler.
2026.03.25 13:57:58 INFO  no build target found for C:\Users\DELL\OneDrive\Bureau\sorbonne\M2\S2\TAS\lisa-tutorial\src\main\java\it\unive\lisa\tutorial\Interval.java. Using fallback presentation compiler.
2026.03.25 13:58:46 INFO  no build target found for C:\Users\DELL\OneDrive\Bureau\sorbonne\M2\S2\TAS\lisa-tutorial\src\main\java\it\unive\lisa\tutorial\Interval.java. Using fallback presentation compiler.
2026.03.25 13:58:46 INFO  no build target found for C:\Users\DELL\OneDrive\Bureau\sorbonne\M2\S2\TAS\lisa-tutorial\src\main\java\it\unive\lisa\tutorial\ConcreteValue.java. Using fallback presentation compiler.
2026.03.25 13:58:46 INFO  no build target found for C:\Users\DELL\OneDrive\Bureau\sorbonne\M2\S2\TAS\lisa-tutorial\src\main\java\it\unive\lisa\tutorial\ConcreteValue.java. Using fallback presentation compiler.
2026.03.25 13:58:47 INFO  no build target found for C:\Users\DELL\OneDrive\Bureau\sorbonne\M2\S2\TAS\lisa-tutorial\src\main\java\it\unive\lisa\tutorial\ConcreteValue.java. Using fallback presentation compiler.
2026.03.25 14:01:40 INFO  no build target found for C:\Users\DELL\OneDrive\Bureau\sorbonne\M2\S2\TAS\lisa-tutorial\src\main\java\it\unive\lisa\tutorial\ConcreteValue.java. Using fallback presentation compiler.
2026.03.25 14:18:38 INFO  no build target found for C:\Users\DELL\OneDrive\Bureau\sorbonne\M2\S2\TAS\lisa-tutorial\src\main\java\it\unive\lisa\tutorial\ConcreteValue.java. Using fallback presentation compiler.
2026.03.25 14:18:39 INFO  no build target found for C:\Users\DELL\OneDrive\Bureau\sorbonne\M2\S2\TAS\lisa-tutorial\src\main\java\it\unive\lisa\tutorial\ConcreteValue.java. Using fallback presentation compiler.
2026.03.25 14:18:39 INFO  no build target found for C:\Users\DELL\OneDrive\Bureau\sorbonne\M2\S2\TAS\lisa-tutorial\src\main\java\it\unive\lisa\tutorial\Interval.java. Using fallback presentation compiler.
2026.03.25 14:18:40 INFO  no build target found for C:\Users\DELL\OneDrive\Bureau\sorbonne\M2\S2\TAS\lisa-tutorial\src\main\java\it\unive\lisa\tutorial\Interval.java. Using fallback presentation compiler.
2026.03.25 14:18:39 INFO  no build target found for C:\Users\DELL\OneDrive\Bureau\sorbonne\M2\S2\TAS\lisa-tutorial\src\main\java\it\unive\lisa\tutorial\Interval.java. Using fallback presentation compiler.
2026.03.25 14:30:41 INFO  no build target found for C:\Users\DELL\OneDrive\Bureau\sorbonne\M2\S2\TAS\lisa-tutorial\src\main\java\it\unive\lisa\tutorial\Interval.java. Using fallback presentation compiler.
2026.03.25 14:30:41 INFO  no build target found for C:\Users\DELL\OneDrive\Bureau\sorbonne\M2\S2\TAS\lisa-tutorial\src\main\java\it\unive\lisa\tutorial\Interval.java. Using fallback presentation compiler.
2026.03.25 14:31:00 INFO  no build target found for C:\Users\DELL\OneDrive\Bureau\sorbonne\M2\S2\TAS\lisa-tutorial\src\main\java\it\unive\lisa\tutorial\Interval.java. Using fallback presentation compiler.
2026.03.25 14:31:02 INFO  no build target found for C:\Users\DELL\OneDrive\Bureau\sorbonne\M2\S2\TAS\lisa-tutorial\src\main\java\it\unive\lisa\tutorial\Interval.java. Using fallback presentation compiler.
2026.03.25 14:31:02 INFO  no build target found for C:\Users\DELL\OneDrive\Bureau\sorbonne\M2\S2\TAS\lisa-tutorial\src\main\java\it\unive\lisa\tutorial\ConcreteValue.java. Using fallback presentation compiler.
2026.03.25 14:31:02 INFO  no build target found for C:\Users\DELL\OneDrive\Bureau\sorbonne\M2\S2\TAS\lisa-tutorial\src\main\java\it\unive\lisa\tutorial\ConcreteValue.java. Using fallback presentation compiler.
2026.03.25 14:31:02 INFO  no build target found for C:\Users\DELL\OneDrive\Bureau\sorbonne\M2\S2\TAS\lisa-tutorial\src\main\java\it\unive\lisa\tutorial\ConcreteValue.java. Using fallback presentation compiler.
2026.03.25 14:31:10 INFO  no build target found for C:\Users\DELL\OneDrive\Bureau\sorbonne\M2\S2\TAS\lisa-tutorial\src\main\java\it\unive\lisa\tutorial\ConcreteValue.java. Using fallback presentation compiler.
2026.03.25 14:31:11 INFO  no build target found for C:\Users\DELL\OneDrive\Bureau\sorbonne\M2\S2\TAS\lisa-tutorial\src\main\java\it\unive\lisa\tutorial\ConcreteValue.java. Using fallback presentation compiler.
2026.03.25 14:31:11 INFO  no build target found for C:\Users\DELL\OneDrive\Bureau\sorbonne\M2\S2\TAS\lisa-tutorial\src\main\java\it\unive\lisa\tutorial\ConcreteValue.java. Using fallback presentation compiler.
2026.03.25 14:31:11 INFO  no build target found for C:\Users\DELL\OneDrive\Bureau\sorbonne\M2\S2\TAS\lisa-tutorial\src\main\java\it\unive\lisa\tutorial\ConcreteValue.java. Using fallback presentation compiler.
mars 25, 2026 2:31:12 PM org.eclipse.lsp4j.jsonrpc.RemoteEndpoint handleCancellation
WARNING: Unmatched cancel notification for request id 386
2026.03.25 14:31:11 INFO  no build target found for C:\Users\DELL\OneDrive\Bureau\sorbonne\M2\S2\TAS\lisa-tutorial\src\main\java\it\unive\lisa\tutorial\ConcreteValue.java. Using fallback presentation compiler.
2026.03.25 14:31:12 INFO  no build target found for C:\Users\DELL\OneDrive\Bureau\sorbonne\M2\S2\TAS\lisa-tutorial\src\main\java\it\unive\lisa\tutorial\ConcreteValue.java. Using fallback presentation compiler.
2026.03.25 14:31:27 INFO  no build target found for C:\Users\DELL\OneDrive\Bureau\sorbonne\M2\S2\TAS\lisa-tutorial\src\main\java\it\unive\lisa\tutorial\ConcreteValue.java. Using fallback presentation compiler.
2026.03.25 14:31:27 INFO  no build target found for C:\Users\DELL\OneDrive\Bureau\sorbonne\M2\S2\TAS\lisa-tutorial\src\main\java\it\unive\lisa\tutorial\Interval.java. Using fallback presentation compiler.
2026.03.25 14:31:27 INFO  no build target found for C:\Users\DELL\OneDrive\Bureau\sorbonne\M2\S2\TAS\lisa-tutorial\src\main\java\it\unive\lisa\tutorial\Interval.java. Using fallback presentation compiler.
2026.03.25 14:31:27 INFO  no build target found for C:\Users\DELL\OneDrive\Bureau\sorbonne\M2\S2\TAS\lisa-tutorial\src\main\java\it\unive\lisa\tutorial\Interval.java. Using fallback presentation compiler.
2026.03.25 14:31:27 INFO  no build target found for C:\Users\DELL\OneDrive\Bureau\sorbonne\M2\S2\TAS\lisa-tutorial\src\main\java\it\unive\lisa\tutorial\Interval.java. Using fallback presentation compiler.
2026.03.25 14:31:31 INFO  no build target found for C:\Users\DELL\OneDrive\Bureau\sorbonne\M2\S2\TAS\lisa-tutorial\src\main\java\it\unive\lisa\tutorial\Interval.java. Using fallback presentation compiler.
2026.03.25 14:31:33 INFO  no build target found for C:\Users\DELL\OneDrive\Bureau\sorbonne\M2\S2\TAS\lisa-tutorial\src\main\java\it\unive\lisa\tutorial\Interval.java. Using fallback presentation compiler.
2026.03.25 14:31:37 INFO  no build target found for C:\Users\DELL\OneDrive\Bureau\sorbonne\M2\S2\TAS\lisa-tutorial\src\main\java\it\unive\lisa\tutorial\Interval.java. Using fallback presentation compiler.
2026.03.25 14:31:37 INFO  no build target found for C:\Users\DELL\OneDrive\Bureau\sorbonne\M2\S2\TAS\lisa-tutorial\src\main\java\it\unive\lisa\tutorial\Interval.java. Using fallback presentation compiler.
2026.03.25 17:12:48 INFO  no build target found for C:\Users\DELL\OneDrive\Bureau\sorbonne\M2\S2\TAS\lisa-tutorial\src\main\java\it\unive\lisa\tutorial\Interval.java. Using fallback presentation compiler.
2026.03.25 17:12:50 INFO  no build target found for C:\Users\DELL\OneDrive\Bureau\sorbonne\M2\S2\TAS\lisa-tutorial\src\main\java\it\unive\lisa\tutorial\Interval.java. Using fallback presentation compiler.
2026.03.25 17:12:50 INFO  no build target found for C:\Users\DELL\OneDrive\Bureau\sorbonne\M2\S2\TAS\lisa-tutorial\src\main\java\it\unive\lisa\tutorial\IntervalReal.java. Using fallback presentation compiler.
2026.03.25 17:12:50 INFO  no build target found for C:\Users\DELL\OneDrive\Bureau\sorbonne\M2\S2\TAS\lisa-tutorial\src\main\java\it\unive\lisa\tutorial\IntervalReal.java. Using fallback presentation compiler.
2026.03.25 17:12:50 INFO  no build target found for C:\Users\DELL\OneDrive\Bureau\sorbonne\M2\S2\TAS\lisa-tutorial\src\main\java\it\unive\lisa\tutorial\IntervalReal.java. Using fallback presentation compiler.
2026.03.25 17:16:27 INFO  no build target found for C:\Users\DELL\OneDrive\Bureau\sorbonne\M2\S2\TAS\lisa-tutorial\src\main\java\it\unive\lisa\tutorial\IntervalReal.java. Using fallback presentation compiler.
2026.03.25 17:22:08 INFO  no build target found for C:\Users\DELL\OneDrive\Bureau\sorbonne\M2\S2\TAS\lisa-tutorial\src\main\java\it\unive\lisa\tutorial\IntervalReal.java. Using fallback presentation compiler.
2026.03.25 17:22:08 INFO  no build target found for C:\Users\DELL\OneDrive\Bureau\sorbonne\M2\S2\TAS\lisa-tutorial\src\main\java\it\unive\lisa\tutorial\IntervalReal.java. Using fallback presentation compiler.
2026.03.25 17:53:18 INFO  Shutting down server
2026.03.25 17:53:18 INFO  Memory monitor stopped
2026.03.25 17:53:18 INFO  shutting down Metals
2026.03.25 17:53:18 INFO  Exiting server
2026.03.25 20:27:35 INFO  Started: Metals version 1.6.6 in folders 'C:\Users\DELL\OneDrive\Bureau\sorbonne\M2\S2\TAS\lisa-tutorial' for client Visual Studio Code 1.112.0.
2026.03.25 20:27:36 INFO  Memory monitor started
2026.03.25 20:27:37 WARN  Using H2 2.4.240 which is newer than the version Flyway has been verified with. The latest verified version of H2 is 2.3.232.
2026.03.25 20:27:37 INFO  no build target found for C:\Users\DELL\OneDrive\Bureau\sorbonne\M2\S2\TAS\lisa-tutorial\src\main\java\it\unive\lisa\tutorial\IntervalReal.java. Using fallback presentation compiler.
2026.03.25 20:27:40 INFO  no build target found for C:\Users\DELL\OneDrive\Bureau\sorbonne\M2\S2\TAS\lisa-tutorial\src\main\java\it\unive\lisa\tutorial\IntervalReal.java. Using fallback presentation compiler.
2026.03.25 20:27:40 INFO  no build target found for C:\Users\DELL\OneDrive\Bureau\sorbonne\M2\S2\TAS\lisa-tutorial\src\main\java\it\unive\lisa\tutorial\IntervalReal.java. Using fallback presentation compiler.
2026.03.25 20:27:40 INFO  no build target found for C:\Users\DELL\OneDrive\Bureau\sorbonne\M2\S2\TAS\lisa-tutorial\src\main\java\it\unive\lisa\tutorial\IntervalReal.java. Using fallback presentation compiler.
2026.03.25 20:27:40 INFO  no build target found for C:\Users\DELL\OneDrive\Bureau\sorbonne\M2\S2\TAS\lisa-tutorial\src\main\java\it\unive\lisa\tutorial\IntervalReal.java. Using fallback presentation compiler.
2026.03.25 20:27:40 INFO  no build target found for C:\Users\DELL\OneDrive\Bureau\sorbonne\M2\S2\TAS\lisa-tutorial\src\main\java\it\unive\lisa\tutorial\IntervalReal.java. Using fallback presentation compiler.
2026.03.25 20:27:40 INFO  Created report: Optional[file:///C:/Users/DELL/OneDrive/Bureau/sorbonne/M2/S2/TAS/lisa-tutorial/src/main/java/it/unive/lisa/tutorial/IntervalReal.java]
2026.03.25 20:27:40 INFO  empty definition using pc, found symbol in pc: _empty_/BaseNonRelationalValueDomain# (full report at: "C:\Users\DELL\OneDrive\Bureau\sorbonne\M2\S2\TAS\lisa-tutorial\.metals\.reports\metals-full\2026-03-25\r_empty-definition_20-27-40-774.md")
2026.03.25 20:27:40 INFO  empty definition using pc, found symbol in pc: _empty_/BaseNonRelationalValueDomain# (full report at: "C:\Users\DELL\OneDrive\Bureau\sorbonne\M2\S2\TAS\lisa-tutorial\.metals\.reports\metals-full\2026-03-25\r_empty-definition_20-27-40-774.md")
mars 25, 2026 8:27:41 PM org.eclipse.lsp4j.jsonrpc.RemoteEndpoint handleCancellation
WARNING: Unmatched cancel notification for request id 11
2026.03.25 20:27:41 INFO  no build target found for C:\Users\DELL\OneDrive\Bureau\sorbonne\M2\S2\TAS\lisa-tutorial\src\main\java\it\unive\lisa\tutorial\IntervalReal.java. Using fallback presentation compiler.
2026.03.25 20:28:00 INFO  no build target found for C:\Users\DELL\OneDrive\Bureau\sorbonne\M2\S2\TAS\lisa-tutorial\src\main\java\it\unive\lisa\tutorial\IntervalReal.java. Using fallback presentation compiler.
2026.03.25 20:28:00 INFO  no build target found for C:\Users\DELL\OneDrive\Bureau\sorbonne\M2\S2\TAS\lisa-tutorial\src\main\java\it\unive\lisa\tutorial\IntervalReal.java. Using fallback presentation compiler.
2026.03.25 20:28:01 INFO  no build target found for C:\Users\DELL\OneDrive\Bureau\sorbonne\M2\S2\TAS\lisa-tutorial\src\main\java\it\unive\lisa\tutorial\IntervalReal.java. Using fallback presentation compiler.
2026.03.25 20:28:01 INFO  no build target found for C:\Users\DELL\OneDrive\Bureau\sorbonne\M2\S2\TAS\lisa-tutorial\src\main\java\it\unive\lisa\tutorial\IntervalReal.java. Using fallback presentation compiler.
2026.03.25 20:28:01 INFO  no build target found for C:\Users\DELL\OneDrive\Bureau\sorbonne\M2\S2\TAS\lisa-tutorial\src\main\java\it\unive\lisa\tutorial\IntervalReal.java. Using fallback presentation compiler.
2026.03.25 20:28:02 INFO  no build target found for C:\Users\DELL\OneDrive\Bureau\sorbonne\M2\S2\TAS\lisa-tutorial\src\main\java\it\unive\lisa\tutorial\IntervalReal.java. Using fallback presentation compiler.
2026.03.25 20:28:02 INFO  no build target found for C:\Users\DELL\OneDrive\Bureau\sorbonne\M2\S2\TAS\lisa-tutorial\src\main\java\it\unive\lisa\tutorial\IntervalReal.java. Using fallback presentation compiler.
2026.03.25 20:28:03 INFO  no build target found for C:\Users\DELL\OneDrive\Bureau\sorbonne\M2\S2\TAS\lisa-tutorial\src\main\java\it\unive\lisa\tutorial\IntervalReal.java. Using fallback presentation compiler.
2026.03.25 20:28:03 INFO  no build target found for C:\Users\DELL\OneDrive\Bureau\sorbonne\M2\S2\TAS\lisa-tutorial\src\main\java\it\unive\lisa\tutorial\IntervalReal.java. Using fallback presentation compiler.
2026.03.25 20:28:03 INFO  no build target found for C:\Users\DELL\OneDrive\Bureau\sorbonne\M2\S2\TAS\lisa-tutorial\src\main\java\it\unive\lisa\tutorial\IntervalReal.java. Using fallback presentation compiler.
2026.03.25 20:31:37 INFO  no build target found for C:\Users\DELL\OneDrive\Bureau\sorbonne\M2\S2\TAS\lisa-tutorial\src\main\java\it\unive\lisa\tutorial\IntervalReal.java. Using fallback presentation compiler.
2026.03.25 20:34:15 INFO  no build target found for C:\Users\DELL\OneDrive\Bureau\sorbonne\M2\S2\TAS\lisa-tutorial\src\main\java\it\unive\lisa\tutorial\TwoVariableLinearInequality.java. Using fallback presentation compiler.
2026.03.25 20:34:15 WARN  no build target for: C:\Users\DELL\OneDrive\Bureau\sorbonne\M2\S2\TAS\lisa-tutorial\src\main\java\it\unive\lisa\tutorial\TwoVariableLinearInequality.java
2026.03.25 20:34:15 INFO  no build target found for C:\Users\DELL\OneDrive\Bureau\sorbonne\M2\S2\TAS\lisa-tutorial\src\main\java\it\unive\lisa\tutorial\IntervalReal.java. Using fallback presentation compiler.
2026.03.25 20:34:15 INFO  no build target found for C:\Users\DELL\OneDrive\Bureau\sorbonne\M2\S2\TAS\lisa-tutorial\src\main\java\it\unive\lisa\tutorial\IntervalReal.java. Using fallback presentation compiler.
2026.03.25 20:34:15 INFO  no build target found for C:\Users\DELL\OneDrive\Bureau\sorbonne\M2\S2\TAS\lisa-tutorial\src\main\java\it\unive\lisa\tutorial\TwoVariableLinearInequality.java. Using fallback presentation compiler.
2026.03.25 20:34:17 INFO  no build target found for C:\Users\DELL\OneDrive\Bureau\sorbonne\M2\S2\TAS\lisa-tutorial\src\main\java\it\unive\lisa\tutorial\TwoVariableLinearInequality.java. Using fallback presentation compiler.
2026.03.25 20:34:20 INFO  no build target found for C:\Users\DELL\OneDrive\Bureau\sorbonne\M2\S2\TAS\lisa-tutorial\src\main\java\it\unive\lisa\tutorial\ConcreteValue.java. Using fallback presentation compiler.
2026.03.25 20:34:20 INFO  no build target found for C:\Users\DELL\OneDrive\Bureau\sorbonne\M2\S2\TAS\lisa-tutorial\src\main\java\it\unive\lisa\tutorial\ConcreteValue.java. Using fallback presentation compiler.
2026.03.25 20:34:20 INFO  no build target found for C:\Users\DELL\OneDrive\Bureau\sorbonne\M2\S2\TAS\lisa-tutorial\src\main\java\it\unive\lisa\tutorial\ConcreteValue.java. Using fallback presentation compiler.
mars 25, 2026 8:34:21 PM org.eclipse.lsp4j.jsonrpc.RemoteEndpoint handleCancellation
WARNING: Unmatched cancel notification for request id 44
2026.03.25 20:34:20 INFO  no build target found for C:\Users\DELL\OneDrive\Bureau\sorbonne\M2\S2\TAS\lisa-tutorial\src\main\java\it\unive\lisa\tutorial\ConcreteValue.java. Using fallback presentation compiler.
2026.03.25 20:34:34 INFO  no build target found for C:\Users\DELL\OneDrive\Bureau\sorbonne\M2\S2\TAS\lisa-tutorial\src\main\java\it\unive\lisa\tutorial\ConcreteValue.java. Using fallback presentation compiler.
2026.03.25 20:34:37 INFO  no build target found for C:\Users\DELL\OneDrive\Bureau\sorbonne\M2\S2\TAS\lisa-tutorial\src\main\java\it\unive\lisa\tutorial\ConcreteValue.java. Using fallback presentation compiler.
2026.03.25 20:34:37 INFO  no build target found for C:\Users\DELL\OneDrive\Bureau\sorbonne\M2\S2\TAS\lisa-tutorial\src\main\java\it\unive\lisa\tutorial\TwoVariableLinearInequality.java. Using fallback presentation compiler.
2026.03.25 20:34:37 WARN  no build target for: C:\Users\DELL\OneDrive\Bureau\sorbonne\M2\S2\TAS\lisa-tutorial\src\main\java\it\unive\lisa\tutorial\TwoVariableLinearInequality.java
2026.03.25 20:34:37 INFO  no build target found for C:\Users\DELL\OneDrive\Bureau\sorbonne\M2\S2\TAS\lisa-tutorial\src\main\java\it\unive\lisa\tutorial\TwoVariableLinearInequality.java. Using fallback presentation compiler.
2026.03.25 20:34:38 INFO  no build target found for C:\Users\DELL\OneDrive\Bureau\sorbonne\M2\S2\TAS\lisa-tutorial\src\main\java\it\unive\lisa\tutorial\TwoVariableLinearInequality.java. Using fallback presentation compiler.
2026.03.25 20:34:38 INFO  no build target found for C:\Users\DELL\OneDrive\Bureau\sorbonne\M2\S2\TAS\lisa-tutorial\src\main\java\it\unive\lisa\tutorial\TwoVariableLinearInequality.java. Using fallback presentation compiler.
2026.03.25 20:34:38 INFO  no build target found for C:\Users\DELL\OneDrive\Bureau\sorbonne\M2\S2\TAS\lisa-tutorial\src\main\java\it\unive\lisa\tutorial\TwoVariableLinearInequality.java. Using fallback presentation compiler.
2026.03.25 20:34:39 INFO  no build target found for C:\Users\DELL\OneDrive\Bureau\sorbonne\M2\S2\TAS\lisa-tutorial\src\main\java\it\unive\lisa\tutorial\TwoVariableLinearInequality.java. Using fallback presentation compiler.
2026.03.25 20:34:39 INFO  no build target found for C:\Users\DELL\OneDrive\Bureau\sorbonne\M2\S2\TAS\lisa-tutorial\src\main\java\it\unive\lisa\tutorial\TwoVariableLinearInequality.java. Using fallback presentation compiler.
2026.03.25 20:34:39 INFO  no build target found for C:\Users\DELL\OneDrive\Bureau\sorbonne\M2\S2\TAS\lisa-tutorial\src\main\java\it\unive\lisa\tutorial\TwoVariableLinearInequality.java. Using fallback presentation compiler.
2026.03.25 20:34:39 INFO  no build target found for C:\Users\DELL\OneDrive\Bureau\sorbonne\M2\S2\TAS\lisa-tutorial\src\main\java\it\unive\lisa\tutorial\TwoVariableLinearInequality.java. Using fallback presentation compiler.
2026.03.25 20:34:39 INFO  no build target found for C:\Users\DELL\OneDrive\Bureau\sorbonne\M2\S2\TAS\lisa-tutorial\src\main\java\it\unive\lisa\tutorial\TwoVariableLinearInequality.java. Using fallback presentation compiler.
2026.03.25 20:34:40 INFO  no build target found for C:\Users\DELL\OneDrive\Bureau\sorbonne\M2\S2\TAS\lisa-tutorial\src\main\java\it\unive\lisa\tutorial\TwoVariableLinearInequality.java. Using fallback presentation compiler.
2026.03.25 20:34:40 WARN  no build target for: C:\Users\DELL\OneDrive\Bureau\sorbonne\M2\S2\TAS\lisa-tutorial\src\main\java\it\unive\lisa\tutorial\TwoVariableLinearInequality.java
2026.03.25 20:34:40 INFO  no build target found for C:\Users\DELL\OneDrive\Bureau\sorbonne\M2\S2\TAS\lisa-tutorial\src\main\java\it\unive\lisa\tutorial\TwoVariableLinearInequality.java. Using fallback presentation compiler.
2026.03.25 20:34:40 INFO  Created report: Optional[file:///C:/Users/DELL/OneDrive/Bureau/sorbonne/M2/S2/TAS/lisa-tutorial/src/main/java/it/unive/lisa/tutorial/TwoVariableLinearInequality.java]
2026.03.25 20:34:40 INFO  QDox parse error in file:///C:/Users/DELL/OneDrive/Bureau/sorbonne/M2/S2/TAS/lisa-tutorial/src/main/java/it/unive/lisa/tutorial/TwoVariableLinearInequality.java (full report at: "C:\Users\DELL\OneDrive\Bureau\sorbonne\M2\S2\TAS\lisa-tutorial\.metals\.reports\metals-full\2026-03-25\r_qdox-error_20-34-40-907.md")
2026.03.25 20:34:40 WARN  Running javac-semanticdb failed for file:///C:/Users/DELL/OneDrive/Bureau/sorbonne/M2/S2/TAS/lisa-tutorial/src/main/java/it/unive/lisa/tutorial/TwoVariableLinearInequality.java. Output:

2026.03.25 20:34:41 INFO  no build target found for C:\Users\DELL\OneDrive\Bureau\sorbonne\M2\S2\TAS\lisa-tutorial\src\main\java\it\unive\lisa\tutorial\TwoVariableLinearInequality.java. Using fallback presentation compiler.
2026.03.25 20:34:41 INFO  no build target found for C:\Users\DELL\OneDrive\Bureau\sorbonne\M2\S2\TAS\lisa-tutorial\src\main\java\it\unive\lisa\tutorial\TwoVariableLinearInequality.java. Using fallback presentation compiler.
2026.03.25 20:34:42 INFO  no build target found for C:\Users\DELL\OneDrive\Bureau\sorbonne\M2\S2\TAS\lisa-tutorial\src\main\java\it\unive\lisa\tutorial\TwoVariableLinearInequality.java. Using fallback presentation compiler.
2026.03.25 20:34:42 WARN  no build target for: C:\Users\DELL\OneDrive\Bureau\sorbonne\M2\S2\TAS\lisa-tutorial\src\main\java\it\unive\lisa\tutorial\TwoVariableLinearInequality.java
2026.03.25 20:34:42 INFO  QDox parse error in file:///C:/Users/DELL/OneDrive/Bureau/sorbonne/M2/S2/TAS/lisa-tutorial/src/main/java/it/unive/lisa/tutorial/TwoVariableLinearInequality.java (full report at: "C:\Users\DELL\OneDrive\Bureau\sorbonne\M2\S2\TAS\lisa-tutorial\.metals\.reports\metals-full\2026-03-25\r_qdox-error_20-34-40-907.md")
2026.03.25 20:34:42 INFO  no build target found for C:\Users\DELL\OneDrive\Bureau\sorbonne\M2\S2\TAS\lisa-tutorial\src\main\java\it\unive\lisa\tutorial\TwoVariableLinearInequality.java. Using fallback presentation compiler.
2026.03.25 20:34:42 WARN  Running javac-semanticdb failed for file:///C:/Users/DELL/OneDrive/Bureau/sorbonne/M2/S2/TAS/lisa-tutorial/src/main/java/it/unive/lisa/tutorial/TwoVariableLinearInequality.java. Output:

2026.03.25 20:34:44 INFO  no build target found for C:\Users\DELL\OneDrive\Bureau\sorbonne\M2\S2\TAS\lisa-tutorial\src\main\java\it\unive\lisa\tutorial\TwoVariableLinearInequality.java. Using fallback presentation compiler.
2026.03.25 20:34:44 INFO  no build target found for C:\Users\DELL\OneDrive\Bureau\sorbonne\M2\S2\TAS\lisa-tutorial\src\main\java\it\unive\lisa\tutorial\TwoVariableLinearInequality.java. Using fallback presentation compiler.
2026.03.25 20:34:45 WARN  no build target for: C:\Users\DELL\OneDrive\Bureau\sorbonne\M2\S2\TAS\lisa-tutorial\src\main\java\it\unive\lisa\tutorial\TwoVariableLinearInequality.java
2026.03.25 20:34:44 INFO  QDox parse error in file:///C:/Users/DELL/OneDrive/Bureau/sorbonne/M2/S2/TAS/lisa-tutorial/src/main/java/it/unive/lisa/tutorial/TwoVariableLinearInequality.java (full report at: "C:\Users\DELL\OneDrive\Bureau\sorbonne\M2\S2\TAS\lisa-tutorial\.metals\.reports\metals-full\2026-03-25\r_qdox-error_20-34-40-907.md")
2026.03.25 20:34:45 INFO  no build target found for C:\Users\DELL\OneDrive\Bureau\sorbonne\M2\S2\TAS\lisa-tutorial\src\main\java\it\unive\lisa\tutorial\TwoVariableLinearInequality.java. Using fallback presentation compiler.
2026.03.25 20:34:45 WARN  Running javac-semanticdb failed for file:///C:/Users/DELL/OneDrive/Bureau/sorbonne/M2/S2/TAS/lisa-tutorial/src/main/java/it/unive/lisa/tutorial/TwoVariableLinearInequality.java. Output:

2026.03.25 20:34:57 INFO  no build target found for C:\Users\DELL\OneDrive\Bureau\sorbonne\M2\S2\TAS\lisa-tutorial\src\main\java\it\unive\lisa\tutorial\ConcreteValue.java. Using fallback presentation compiler.
2026.03.25 20:34:57 INFO  no build target found for C:\Users\DELL\OneDrive\Bureau\sorbonne\M2\S2\TAS\lisa-tutorial\src\main\java\it\unive\lisa\tutorial\ConcreteValue.java. Using fallback presentation compiler.
2026.03.25 20:34:57 INFO  no build target found for C:\Users\DELL\OneDrive\Bureau\sorbonne\M2\S2\TAS\lisa-tutorial\src\main\java\it\unive\lisa\tutorial\ConcreteValue.java. Using fallback presentation compiler.
2026.03.25 20:34:57 INFO  no build target found for C:\Users\DELL\OneDrive\Bureau\sorbonne\M2\S2\TAS\lisa-tutorial\src\main\java\it\unive\lisa\tutorial\ConcreteValue.java. Using fallback presentation compiler.
2026.03.25 20:34:59 INFO  no build target found for C:\Users\DELL\OneDrive\Bureau\sorbonne\M2\S2\TAS\lisa-tutorial\src\main\java\it\unive\lisa\tutorial\TwoVariableLinearInequality.java. Using fallback presentation compiler.
2026.03.25 20:34:59 WARN  no build target for: C:\Users\DELL\OneDrive\Bureau\sorbonne\M2\S2\TAS\lisa-tutorial\src\main\java\it\unive\lisa\tutorial\TwoVariableLinearInequality.java
2026.03.25 20:34:59 INFO  no build target found for C:\Users\DELL\OneDrive\Bureau\sorbonne\M2\S2\TAS\lisa-tutorial\src\main\java\it\unive\lisa\tutorial\TwoVariableLinearInequality.java. Using fallback presentation compiler.
2026.03.25 20:34:59 INFO  no build target found for C:\Users\DELL\OneDrive\Bureau\sorbonne\M2\S2\TAS\lisa-tutorial\src\main\java\it\unive\lisa\tutorial\TwoVariableLinearInequality.java. Using fallback presentation compiler.
2026.03.25 20:35:01 INFO  no build target found for C:\Users\DELL\OneDrive\Bureau\sorbonne\M2\S2\TAS\lisa-tutorial\src\main\java\it\unive\lisa\tutorial\TwoVariableLinearInequality.java. Using fallback presentation compiler.
2026.03.25 20:35:01 INFO  no build target found for C:\Users\DELL\OneDrive\Bureau\sorbonne\M2\S2\TAS\lisa-tutorial\src\main\java\it\unive\lisa\tutorial\TwoVariableLinearInequality.java. Using fallback presentation compiler.
mars 25, 2026 8:35:01 PM org.eclipse.lsp4j.jsonrpc.RemoteEndpoint handleCancellation
WARNING: Unmatched cancel notification for request id 110
2026.03.25 20:35:01 INFO  no build target found for C:\Users\DELL\OneDrive\Bureau\sorbonne\M2\S2\TAS\lisa-tutorial\src\main\java\it\unive\lisa\tutorial\TwoVariableLinearInequality.java. Using fallback presentation compiler.
2026.03.25 20:35:01 INFO  no build target found for C:\Users\DELL\OneDrive\Bureau\sorbonne\M2\S2\TAS\lisa-tutorial\src\main\java\it\unive\lisa\tutorial\TwoVariableLinearInequality.java. Using fallback presentation compiler.
2026.03.25 20:35:01 INFO  no build target found for C:\Users\DELL\OneDrive\Bureau\sorbonne\M2\S2\TAS\lisa-tutorial\src\main\java\it\unive\lisa\tutorial\TwoVariableLinearInequality.java. Using fallback presentation compiler.
2026.03.25 20:35:01 INFO  no build target found for C:\Users\DELL\OneDrive\Bureau\sorbonne\M2\S2\TAS\lisa-tutorial\src\main\java\it\unive\lisa\tutorial\TwoVariableLinearInequality.java. Using fallback presentation compiler.
2026.03.25 20:35:01 INFO  no build target found for C:\Users\DELL\OneDrive\Bureau\sorbonne\M2\S2\TAS\lisa-tutorial\src\main\java\it\unive\lisa\tutorial\TwoVariableLinearInequality.java. Using fallback presentation compiler.
2026.03.25 20:35:01 INFO  no build target found for C:\Users\DELL\OneDrive\Bureau\sorbonne\M2\S2\TAS\lisa-tutorial\src\main\java\it\unive\lisa\tutorial\TwoVariableLinearInequality.java. Using fallback presentation compiler.
2026.03.25 20:35:01 INFO  no build target found for C:\Users\DELL\OneDrive\Bureau\sorbonne\M2\S2\TAS\lisa-tutorial\src\main\java\it\unive\lisa\tutorial\TwoVariableLinearInequality.java. Using fallback presentation compiler.
2026.03.25 20:35:02 INFO  no build target found for C:\Users\DELL\OneDrive\Bureau\sorbonne\M2\S2\TAS\lisa-tutorial\src\main\java\it\unive\lisa\tutorial\TwoVariableLinearInequality.java. Using fallback presentation compiler.
2026.03.25 20:35:02 INFO  no build target found for C:\Users\DELL\OneDrive\Bureau\sorbonne\M2\S2\TAS\lisa-tutorial\src\main\java\it\unive\lisa\tutorial\TwoVariableLinearInequality.java. Using fallback presentation compiler.
2026.03.25 20:35:02 INFO  no build target found for C:\Users\DELL\OneDrive\Bureau\sorbonne\M2\S2\TAS\lisa-tutorial\src\main\java\it\unive\lisa\tutorial\TwoVariableLinearInequality.java. Using fallback presentation compiler.
2026.03.25 20:35:02 INFO  no build target found for C:\Users\DELL\OneDrive\Bureau\sorbonne\M2\S2\TAS\lisa-tutorial\src\main\java\it\unive\lisa\tutorial\TwoVariableLinearInequality.java. Using fallback presentation compiler.
2026.03.25 20:35:02 INFO  no build target found for C:\Users\DELL\OneDrive\Bureau\sorbonne\M2\S2\TAS\lisa-tutorial\src\main\java\it\unive\lisa\tutorial\TwoVariableLinearInequality.java. Using fallback presentation compiler.
2026.03.25 20:35:03 INFO  no build target found for C:\Users\DELL\OneDrive\Bureau\sorbonne\M2\S2\TAS\lisa-tutorial\src\main\java\it\unive\lisa\tutorial\TwoVariableLinearInequality.java. Using fallback presentation compiler.
2026.03.25 20:35:03 INFO  no build target found for C:\Users\DELL\OneDrive\Bureau\sorbonne\M2\S2\TAS\lisa-tutorial\src\main\java\it\unive\lisa\tutorial\TwoVariableLinearInequality.java. Using fallback presentation compiler.
2026.03.25 20:35:03 INFO  no build target found for C:\Users\DELL\OneDrive\Bureau\sorbonne\M2\S2\TAS\lisa-tutorial\src\main\java\it\unive\lisa\tutorial\TwoVariableLinearInequality.java. Using fallback presentation compiler.
2026.03.25 20:35:04 WARN  no build target for: C:\Users\DELL\OneDrive\Bureau\sorbonne\M2\S2\TAS\lisa-tutorial\src\main\java\it\unive\lisa\tutorial\TwoVariableLinearInequality.java
2026.03.25 20:35:04 INFO  no build target found for C:\Users\DELL\OneDrive\Bureau\sorbonne\M2\S2\TAS\lisa-tutorial\src\main\java\it\unive\lisa\tutorial\TwoVariableLinearInequality.java. Using fallback presentation compiler.
2026.03.25 20:35:05 INFO  no build target found for C:\Users\DELL\OneDrive\Bureau\sorbonne\M2\S2\TAS\lisa-tutorial\src\main\java\it\unive\lisa\tutorial\TwoVariableLinearInequality.java. Using fallback presentation compiler.
2026.03.25 20:35:05 INFO  no build target found for C:\Users\DELL\OneDrive\Bureau\sorbonne\M2\S2\TAS\lisa-tutorial\src\main\java\it\unive\lisa\tutorial\TwoVariableLinearInequality.java. Using fallback presentation compiler.
2026.03.25 20:35:05 INFO  no build target found for C:\Users\DELL\OneDrive\Bureau\sorbonne\M2\S2\TAS\lisa-tutorial\src\main\java\it\unive\lisa\tutorial\TwoVariableLinearInequality.java. Using fallback presentation compiler.
2026.03.25 20:35:06 INFO  no build target found for C:\Users\DELL\OneDrive\Bureau\sorbonne\M2\S2\TAS\lisa-tutorial\src\main\java\it\unive\lisa\tutorial\TwoVariableLinearInequality.java. Using fallback presentation compiler.
2026.03.25 20:35:06 INFO  no build target found for C:\Users\DELL\OneDrive\Bureau\sorbonne\M2\S2\TAS\lisa-tutorial\src\main\java\it\unive\lisa\tutorial\TwoVariableLinearInequality.java. Using fallback presentation compiler.
2026.03.25 20:35:06 WARN  no build target for: C:\Users\DELL\OneDrive\Bureau\sorbonne\M2\S2\TAS\lisa-tutorial\src\main\java\it\unive\lisa\tutorial\TwoVariableLinearInequality.java
mars 25, 2026 8:35:06 PM org.eclipse.lsp4j.jsonrpc.RemoteEndpoint handleCancellation
WARNING: Unmatched cancel notification for request id 159
2026.03.25 20:35:06 INFO  no build target found for C:\Users\DELL\OneDrive\Bureau\sorbonne\M2\S2\TAS\lisa-tutorial\src\main\java\it\unive\lisa\tutorial\TwoVariableLinearInequality.java. Using fallback presentation compiler.
2026.03.25 20:35:06 INFO  no build target found for C:\Users\DELL\OneDrive\Bureau\sorbonne\M2\S2\TAS\lisa-tutorial\src\main\java\it\unive\lisa\tutorial\TwoVariableLinearInequality.java. Using fallback presentation compiler.
mars 25, 2026 8:35:06 PM org.eclipse.lsp4j.jsonrpc.RemoteEndpoint handleCancellation
WARNING: Unmatched cancel notification for request id 160
2026.03.25 20:35:06 INFO  no build target found for C:\Users\DELL\OneDrive\Bureau\sorbonne\M2\S2\TAS\lisa-tutorial\src\main\java\it\unive\lisa\tutorial\TwoVariableLinearInequality.java. Using fallback presentation compiler.
2026.03.25 20:35:06 INFO  no build target found for C:\Users\DELL\OneDrive\Bureau\sorbonne\M2\S2\TAS\lisa-tutorial\src\main\java\it\unive\lisa\tutorial\TwoVariableLinearInequality.java. Using fallback presentation compiler.
2026.03.25 20:35:07 INFO  no build target found for C:\Users\DELL\OneDrive\Bureau\sorbonne\M2\S2\TAS\lisa-tutorial\src\main\java\it\unive\lisa\tutorial\TwoVariableLinearInequality.java. Using fallback presentation compiler.
2026.03.25 20:35:07 INFO  no build target found for C:\Users\DELL\OneDrive\Bureau\sorbonne\M2\S2\TAS\lisa-tutorial\src\main\java\it\unive\lisa\tutorial\TwoVariableLinearInequality.java. Using fallback presentation compiler.
2026.03.25 20:35:07 INFO  no build target found for C:\Users\DELL\OneDrive\Bureau\sorbonne\M2\S2\TAS\lisa-tutorial\src\main\java\it\unive\lisa\tutorial\TwoVariableLinearInequality.java. Using fallback presentation compiler.
2026.03.25 20:35:07 INFO  no build target found for C:\Users\DELL\OneDrive\Bureau\sorbonne\M2\S2\TAS\lisa-tutorial\src\main\java\it\unive\lisa\tutorial\TwoVariableLinearInequality.java. Using fallback presentation compiler.
2026.03.25 20:35:07 INFO  no build target found for C:\Users\DELL\OneDrive\Bureau\sorbonne\M2\S2\TAS\lisa-tutorial\src\main\java\it\unive\lisa\tutorial\TwoVariableLinearInequality.java. Using fallback presentation compiler.
2026.03.25 20:35:07 INFO  no build target found for C:\Users\DELL\OneDrive\Bureau\sorbonne\M2\S2\TAS\lisa-tutorial\src\main\java\it\unive\lisa\tutorial\TwoVariableLinearInequality.java. Using fallback presentation compiler.
2026.03.25 20:35:07 INFO  no build target found for C:\Users\DELL\OneDrive\Bureau\sorbonne\M2\S2\TAS\lisa-tutorial\src\main\java\it\unive\lisa\tutorial\TwoVariableLinearInequality.java. Using fallback presentation compiler.
mars 25, 2026 8:35:08 PM org.eclipse.lsp4j.jsonrpc.RemoteEndpoint handleCancellation
WARNING: Unmatched cancel notification for request id 180
2026.03.25 20:35:08 INFO  no build target found for C:\Users\DELL\OneDrive\Bureau\sorbonne\M2\S2\TAS\lisa-tutorial\src\main\java\it\unive\lisa\tutorial\TwoVariableLinearInequality.java. Using fallback presentation compiler.
2026.03.25 20:35:07 INFO  no build target found for C:\Users\DELL\OneDrive\Bureau\sorbonne\M2\S2\TAS\lisa-tutorial\src\main\java\it\unive\lisa\tutorial\TwoVariableLinearInequality.java. Using fallback presentation compiler.
2026.03.25 20:35:09 WARN  no build target for: C:\Users\DELL\OneDrive\Bureau\sorbonne\M2\S2\TAS\lisa-tutorial\src\main\java\it\unive\lisa\tutorial\TwoVariableLinearInequality.java
2026.03.25 20:35:09 INFO  no build target found for C:\Users\DELL\OneDrive\Bureau\sorbonne\M2\S2\TAS\lisa-tutorial\src\main\java\it\unive\lisa\tutorial\TwoVariableLinearInequality.java. Using fallback presentation compiler.
2026.03.25 20:35:21 INFO  no build target found for C:\Users\DELL\OneDrive\Bureau\sorbonne\M2\S2\TAS\lisa-tutorial\src\main\java\it\unive\lisa\tutorial\TwoVariableLinearInequality.java. Using fallback presentation compiler.
2026.03.25 20:35:21 INFO  no build target found for C:\Users\DELL\OneDrive\Bureau\sorbonne\M2\S2\TAS\lisa-tutorial\src\main\java\it\unive\lisa\tutorial\TwoVariableLinearInequality.java. Using fallback presentation compiler.
2026.03.25 20:35:21 INFO  no build target found for C:\Users\DELL\OneDrive\Bureau\sorbonne\M2\S2\TAS\lisa-tutorial\src\main\java\it\unive\lisa\tutorial\TwoVariableLinearInequality.java. Using fallback presentation compiler.
2026.03.25 20:35:22 WARN  no build target for: C:\Users\DELL\OneDrive\Bureau\sorbonne\M2\S2\TAS\lisa-tutorial\src\main\java\it\unive\lisa\tutorial\TwoVariableLinearInequality.java
2026.03.25 20:35:22 INFO  no build target found for C:\Users\DELL\OneDrive\Bureau\sorbonne\M2\S2\TAS\lisa-tutorial\src\main\java\it\unive\lisa\tutorial\TwoVariableLinearInequality.java. Using fallback presentation compiler.
2026.03.25 20:35:28 INFO  no build target found for C:\Users\DELL\OneDrive\Bureau\sorbonne\M2\S2\TAS\lisa-tutorial\src\main\java\it\unive\lisa\tutorial\TwoVariableLinearInequality.java. Using fallback presentation compiler.
2026.03.25 20:35:28 INFO  no build target found for C:\Users\DELL\OneDrive\Bureau\sorbonne\M2\S2\TAS\lisa-tutorial\src\main\java\it\unive\lisa\tutorial\TwoVariableLinearInequality.java. Using fallback presentation compiler.
2026.03.25 20:35:28 INFO  no build target found for C:\Users\DELL\OneDrive\Bureau\sorbonne\M2\S2\TAS\lisa-tutorial\src\main\java\it\unive\lisa\tutorial\TwoVariableLinearInequality.java. Using fallback presentation compiler.
2026.03.25 20:35:29 WARN  no build target for: C:\Users\DELL\OneDrive\Bureau\sorbonne\M2\S2\TAS\lisa-tutorial\src\main\java\it\unive\lisa\tutorial\TwoVariableLinearInequality.java
2026.03.25 20:35:29 INFO  no build target found for C:\Users\DELL\OneDrive\Bureau\sorbonne\M2\S2\TAS\lisa-tutorial\src\main\java\it\unive\lisa\tutorial\TwoVariableLinearInequality.java. Using fallback presentation compiler.
2026.03.25 20:39:11 INFO  no build target found for C:\Users\DELL\OneDrive\Bureau\sorbonne\M2\S2\TAS\lisa-tutorial\src\main\java\it\unive\lisa\tutorial\TwoVariableLinearInequality.java. Using fallback presentation compiler.
2026.03.25 20:39:11 INFO  no build target found for C:\Users\DELL\OneDrive\Bureau\sorbonne\M2\S2\TAS\lisa-tutorial\src\main\java\it\unive\lisa\tutorial\TwoVariableLinearInequality.java. Using fallback presentation compiler.
2026.03.25 20:39:11 INFO  no build target found for C:\Users\DELL\OneDrive\Bureau\sorbonne\M2\S2\TAS\lisa-tutorial\src\main\java\it\unive\lisa\tutorial\TwoVariableLinearInequality.java. Using fallback presentation compiler.
2026.03.25 20:39:12 INFO  no build target found for C:\Users\DELL\OneDrive\Bureau\sorbonne\M2\S2\TAS\lisa-tutorial\src\main\java\it\unive\lisa\tutorial\TwoVariableLinearInequality.java. Using fallback presentation compiler.
2026.03.25 20:39:12 INFO  no build target found for C:\Users\DELL\OneDrive\Bureau\sorbonne\M2\S2\TAS\lisa-tutorial\src\main\java\it\unive\lisa\tutorial\TwoVariableLinearInequality.java. Using fallback presentation compiler.
2026.03.25 20:39:12 INFO  no build target found for C:\Users\DELL\OneDrive\Bureau\sorbonne\M2\S2\TAS\lisa-tutorial\src\main\java\it\unive\lisa\tutorial\TwoVariableLinearInequality.java. Using fallback presentation compiler.
2026.03.25 20:39:12 INFO  no build target found for C:\Users\DELL\OneDrive\Bureau\sorbonne\M2\S2\TAS\lisa-tutorial\src\main\java\it\unive\lisa\tutorial\TwoVariableLinearInequality.java. Using fallback presentation compiler.
2026.03.25 20:39:13 INFO  no build target found for C:\Users\DELL\OneDrive\Bureau\sorbonne\M2\S2\TAS\lisa-tutorial\src\main\java\it\unive\lisa\tutorial\TwoVariableLinearInequality.java. Using fallback presentation compiler.
2026.03.25 20:39:13 INFO  no build target found for C:\Users\DELL\OneDrive\Bureau\sorbonne\M2\S2\TAS\lisa-tutorial\src\main\java\it\unive\lisa\tutorial\TwoVariableLinearInequality.java. Using fallback presentation compiler.
2026.03.25 20:39:14 INFO  no build target found for C:\Users\DELL\OneDrive\Bureau\sorbonne\M2\S2\TAS\lisa-tutorial\src\main\java\it\unive\lisa\tutorial\TwoVariableLinearInequality.java. Using fallback presentation compiler.
2026.03.25 20:39:14 WARN  no build target for: C:\Users\DELL\OneDrive\Bureau\sorbonne\M2\S2\TAS\lisa-tutorial\src\main\java\it\unive\lisa\tutorial\TwoVariableLinearInequality.java
2026.03.25 20:39:15 INFO  no build target found for C:\Users\DELL\OneDrive\Bureau\sorbonne\M2\S2\TAS\lisa-tutorial\src\main\java\it\unive\lisa\tutorial\TwoVariableLinearInequality.java. Using fallback presentation compiler.
2026.03.25 20:39:15 INFO  no build target found for C:\Users\DELL\OneDrive\Bureau\sorbonne\M2\S2\TAS\lisa-tutorial\src\main\java\it\unive\lisa\tutorial\TwoVariableLinearInequality.java. Using fallback presentation compiler.
2026.03.25 20:39:16 WARN  no build target for: C:\Users\DELL\OneDrive\Bureau\sorbonne\M2\S2\TAS\lisa-tutorial\src\main\java\it\unive\lisa\tutorial\TwoVariableLinearInequality.java
2026.03.25 20:39:16 INFO  no build target found for C:\Users\DELL\OneDrive\Bureau\sorbonne\M2\S2\TAS\lisa-tutorial\src\main\java\it\unive\lisa\tutorial\TwoVariableLinearInequality.java. Using fallback presentation compiler.
2026.03.25 20:39:18 INFO  no build target found for C:\Users\DELL\OneDrive\Bureau\sorbonne\M2\S2\TAS\lisa-tutorial\src\main\java\it\unive\lisa\tutorial\TwoVariableLinearInequality.java. Using fallback presentation compiler.
2026.03.25 20:39:18 INFO  no build target found for C:\Users\DELL\OneDrive\Bureau\sorbonne\M2\S2\TAS\lisa-tutorial\src\main\java\it\unive\lisa\tutorial\TwoVariableLinearInequality.java. Using fallback presentation compiler.
2026.03.25 20:39:19 WARN  no build target for: C:\Users\DELL\OneDrive\Bureau\sorbonne\M2\S2\TAS\lisa-tutorial\src\main\java\it\unive\lisa\tutorial\TwoVariableLinearInequality.java
2026.03.25 20:39:19 INFO  no build target found for C:\Users\DELL\OneDrive\Bureau\sorbonne\M2\S2\TAS\lisa-tutorial\src\main\java\it\unive\lisa\tutorial\TwoVariableLinearInequality.java. Using fallback presentation compiler.
2026.03.25 20:39:20 INFO  no build target found for C:\Users\DELL\OneDrive\Bureau\sorbonne\M2\S2\TAS\lisa-tutorial\src\main\java\it\unive\lisa\tutorial\TwoVariableLinearInequality.java. Using fallback presentation compiler.
2026.03.25 20:39:20 INFO  no build target found for C:\Users\DELL\OneDrive\Bureau\sorbonne\M2\S2\TAS\lisa-tutorial\src\main\java\it\unive\lisa\tutorial\TwoVariableLinearInequality.java. Using fallback presentation compiler.
2026.03.25 20:39:21 WARN  no build target for: C:\Users\DELL\OneDrive\Bureau\sorbonne\M2\S2\TAS\lisa-tutorial\src\main\java\it\unive\lisa\tutorial\TwoVariableLinearInequality.java
2026.03.25 20:39:21 INFO  no build target found for C:\Users\DELL\OneDrive\Bureau\sorbonne\M2\S2\TAS\lisa-tutorial\src\main\java\it\unive\lisa\tutorial\TwoVariableLinearInequality.java. Using fallback presentation compiler.
2026.03.25 20:39:22 INFO  no build target found for C:\Users\DELL\OneDrive\Bureau\sorbonne\M2\S2\TAS\lisa-tutorial\src\main\java\it\unive\lisa\tutorial\TwoVariableLinearInequality.java. Using fallback presentation compiler.
2026.03.25 20:39:22 INFO  no build target found for C:\Users\DELL\OneDrive\Bureau\sorbonne\M2\S2\TAS\lisa-tutorial\src\main\java\it\unive\lisa\tutorial\TwoVariableLinearInequality.java. Using fallback presentation compiler.
2026.03.25 20:39:23 INFO  no build target found for C:\Users\DELL\OneDrive\Bureau\sorbonne\M2\S2\TAS\lisa-tutorial\src\main\java\it\unive\lisa\tutorial\TwoVariableLinearInequality.java. Using fallback presentation compiler.
mars 25, 2026 8:39:23 PM org.eclipse.lsp4j.jsonrpc.RemoteEndpoint handleCancellation
WARNING: Unmatched cancel notification for request id 457
2026.03.25 20:39:22 INFO  no build target found for C:\Users\DELL\OneDrive\Bureau\sorbonne\M2\S2\TAS\lisa-tutorial\src\main\java\it\unive\lisa\tutorial\TwoVariableLinearInequality.java. Using fallback presentation compiler.
2026.03.25 20:39:23 INFO  no build target found for C:\Users\DELL\OneDrive\Bureau\sorbonne\M2\S2\TAS\lisa-tutorial\src\main\java\it\unive\lisa\tutorial\TwoVariableLinearInequality.java. Using fallback presentation compiler.
2026.03.25 20:39:24 WARN  no build target for: C:\Users\DELL\OneDrive\Bureau\sorbonne\M2\S2\TAS\lisa-tutorial\src\main\java\it\unive\lisa\tutorial\TwoVariableLinearInequality.java
2026.03.25 20:39:24 INFO  no build target found for C:\Users\DELL\OneDrive\Bureau\sorbonne\M2\S2\TAS\lisa-tutorial\src\main\java\it\unive\lisa\tutorial\TwoVariableLinearInequality.java. Using fallback presentation compiler.
2026.03.25 20:39:25 INFO  no build target found for C:\Users\DELL\OneDrive\Bureau\sorbonne\M2\S2\TAS\lisa-tutorial\src\main\java\it\unive\lisa\tutorial\TwoVariableLinearInequality.java. Using fallback presentation compiler.
2026.03.25 20:39:25 INFO  no build target found for C:\Users\DELL\OneDrive\Bureau\sorbonne\M2\S2\TAS\lisa-tutorial\src\main\java\it\unive\lisa\tutorial\TwoVariableLinearInequality.java. Using fallback presentation compiler.
2026.03.25 20:39:25 INFO  no build target found for C:\Users\DELL\OneDrive\Bureau\sorbonne\M2\S2\TAS\lisa-tutorial\src\main\java\it\unive\lisa\tutorial\TwoVariableLinearInequality.java. Using fallback presentation compiler.
2026.03.25 20:39:25 INFO  no build target found for C:\Users\DELL\OneDrive\Bureau\sorbonne\M2\S2\TAS\lisa-tutorial\src\main\java\it\unive\lisa\tutorial\TwoVariableLinearInequality.java. Using fallback presentation compiler.
2026.03.25 20:39:25 INFO  no build target found for C:\Users\DELL\OneDrive\Bureau\sorbonne\M2\S2\TAS\lisa-tutorial\src\main\java\it\unive\lisa\tutorial\TwoVariableLinearInequality.java. Using fallback presentation compiler.
2026.03.25 20:39:26 INFO  no build target found for C:\Users\DELL\OneDrive\Bureau\sorbonne\M2\S2\TAS\lisa-tutorial\src\main\java\it\unive\lisa\tutorial\TwoVariableLinearInequality.java. Using fallback presentation compiler.
2026.03.25 20:39:26 INFO  no build target found for C:\Users\DELL\OneDrive\Bureau\sorbonne\M2\S2\TAS\lisa-tutorial\src\main\java\it\unive\lisa\tutorial\TwoVariableLinearInequality.java. Using fallback presentation compiler.
2026.03.25 20:39:26 INFO  no build target found for C:\Users\DELL\OneDrive\Bureau\sorbonne\M2\S2\TAS\lisa-tutorial\src\main\java\it\unive\lisa\tutorial\TwoVariableLinearInequality.java. Using fallback presentation compiler.
2026.03.25 20:39:26 INFO  no build target found for C:\Users\DELL\OneDrive\Bureau\sorbonne\M2\S2\TAS\lisa-tutorial\src\main\java\it\unive\lisa\tutorial\TwoVariableLinearInequality.java. Using fallback presentation compiler.
2026.03.25 20:39:27 WARN  no build target for: C:\Users\DELL\OneDrive\Bureau\sorbonne\M2\S2\TAS\lisa-tutorial\src\main\java\it\unive\lisa\tutorial\TwoVariableLinearInequality.java
2026.03.25 20:39:27 INFO  no build target found for C:\Users\DELL\OneDrive\Bureau\sorbonne\M2\S2\TAS\lisa-tutorial\src\main\java\it\unive\lisa\tutorial\TwoVariableLinearInequality.java. Using fallback presentation compiler.
2026.03.25 20:39:31 INFO  no build target found for C:\Users\DELL\OneDrive\Bureau\sorbonne\M2\S2\TAS\lisa-tutorial\src\main\java\it\unive\lisa\tutorial\TwoVariableLinearInequality.java. Using fallback presentation compiler.
2026.03.25 20:39:31 INFO  no build target found for C:\Users\DELL\OneDrive\Bureau\sorbonne\M2\S2\TAS\lisa-tutorial\src\main\java\it\unive\lisa\tutorial\TwoVariableLinearInequality.java. Using fallback presentation compiler.
2026.03.25 20:39:32 INFO  no build target found for C:\Users\DELL\OneDrive\Bureau\sorbonne\M2\S2\TAS\lisa-tutorial\src\main\java\it\unive\lisa\tutorial\TwoVariableLinearInequality.java. Using fallback presentation compiler.
2026.03.25 20:39:32 WARN  no build target for: C:\Users\DELL\OneDrive\Bureau\sorbonne\M2\S2\TAS\lisa-tutorial\src\main\java\it\unive\lisa\tutorial\TwoVariableLinearInequality.java
2026.03.25 20:39:32 INFO  no build target found for C:\Users\DELL\OneDrive\Bureau\sorbonne\M2\S2\TAS\lisa-tutorial\src\main\java\it\unive\lisa\tutorial\TwoVariableLinearInequality.java. Using fallback presentation compiler.
2026.03.25 20:39:34 INFO  no build target found for C:\Users\DELL\OneDrive\Bureau\sorbonne\M2\S2\TAS\lisa-tutorial\src\main\java\it\unive\lisa\tutorial\TwoVariableLinearInequality.java. Using fallback presentation compiler.
2026.03.25 20:39:34 INFO  no build target found for C:\Users\DELL\OneDrive\Bureau\sorbonne\M2\S2\TAS\lisa-tutorial\src\main\java\it\unive\lisa\tutorial\TwoVariableLinearInequality.java. Using fallback presentation compiler.
2026.03.25 20:39:34 INFO  no build target found for C:\Users\DELL\OneDrive\Bureau\sorbonne\M2\S2\TAS\lisa-tutorial\src\main\java\it\unive\lisa\tutorial\TwoVariableLinearInequality.java. Using fallback presentation compiler.
2026.03.25 20:39:35 INFO  no build target found for C:\Users\DELL\OneDrive\Bureau\sorbonne\M2\S2\TAS\lisa-tutorial\src\main\java\it\unive\lisa\tutorial\TwoVariableLinearInequality.java. Using fallback presentation compiler.
2026.03.25 20:39:35 INFO  no build target found for C:\Users\DELL\OneDrive\Bureau\sorbonne\M2\S2\TAS\lisa-tutorial\src\main\java\it\unive\lisa\tutorial\TwoVariableLinearInequality.java. Using fallback presentation compiler.
2026.03.25 20:39:35 INFO  no build target found for C:\Users\DELL\OneDrive\Bureau\sorbonne\M2\S2\TAS\lisa-tutorial\src\main\java\it\unive\lisa\tutorial\TwoVariableLinearInequality.java. Using fallback presentation compiler.
2026.03.25 20:39:35 INFO  no build target found for C:\Users\DELL\OneDrive\Bureau\sorbonne\M2\S2\TAS\lisa-tutorial\src\main\java\it\unive\lisa\tutorial\TwoVariableLinearInequality.java. Using fallback presentation compiler.
2026.03.25 20:39:39 INFO  no build target found for C:\Users\DELL\OneDrive\Bureau\sorbonne\M2\S2\TAS\lisa-tutorial\src\main\java\it\unive\lisa\tutorial\TwoVariableLinearInequality.java. Using fallback presentation compiler.
2026.03.25 20:39:43 INFO  no build target found for C:\Users\DELL\OneDrive\Bureau\sorbonne\M2\S2\TAS\lisa-tutorial\src\main\java\it\unive\lisa\tutorial\TwoVariableLinearInequality.java. Using fallback presentation compiler.
2026.03.25 20:39:43 INFO  no build target found for C:\Users\DELL\OneDrive\Bureau\sorbonne\M2\S2\TAS\lisa-tutorial\src\main\java\it\unive\lisa\tutorial\TwoVariableLinearInequality.java. Using fallback presentation compiler.
2026.03.25 20:39:43 INFO  no build target found for C:\Users\DELL\OneDrive\Bureau\sorbonne\M2\S2\TAS\lisa-tutorial\src\main\java\it\unive\lisa\tutorial\TwoVariableLinearInequality.java. Using fallback presentation compiler.
2026.03.25 20:39:43 INFO  no build target found for C:\Users\DELL\OneDrive\Bureau\sorbonne\M2\S2\TAS\lisa-tutorial\src\main\java\it\unive\lisa\tutorial\TwoVariableLinearInequality.java. Using fallback presentation compiler.
mars 25, 2026 8:39:43 PM org.eclipse.lsp4j.jsonrpc.RemoteEndpoint handleCancellation
WARNING: Unmatched cancel notification for request id 518
2026.03.25 20:39:43 INFO  no build target found for C:\Users\DELL\OneDrive\Bureau\sorbonne\M2\S2\TAS\lisa-tutorial\src\main\java\it\unive\lisa\tutorial\TwoVariableLinearInequality.java. Using fallback presentation compiler.
2026.03.25 20:39:44 INFO  no build target found for C:\Users\DELL\OneDrive\Bureau\sorbonne\M2\S2\TAS\lisa-tutorial\src\main\java\it\unive\lisa\tutorial\TwoVariableLinearInequality.java. Using fallback presentation compiler.
2026.03.25 20:39:43 INFO  no build target found for C:\Users\DELL\OneDrive\Bureau\sorbonne\M2\S2\TAS\lisa-tutorial\src\main\java\it\unive\lisa\tutorial\TwoVariableLinearInequality.java. Using fallback presentation compiler.
2026.03.25 20:39:43 INFO  no build target found for C:\Users\DELL\OneDrive\Bureau\sorbonne\M2\S2\TAS\lisa-tutorial\src\main\java\it\unive\lisa\tutorial\TwoVariableLinearInequality.java. Using fallback presentation compiler.
2026.03.25 20:39:44 INFO  no build target found for C:\Users\DELL\OneDrive\Bureau\sorbonne\M2\S2\TAS\lisa-tutorial\src\main\java\it\unive\lisa\tutorial\TwoVariableLinearInequality.java. Using fallback presentation compiler.
2026.03.25 20:39:45 INFO  no build target found for C:\Users\DELL\OneDrive\Bureau\sorbonne\M2\S2\TAS\lisa-tutorial\src\main\java\it\unive\lisa\tutorial\TwoVariableLinearInequality.java. Using fallback presentation compiler.
2026.03.25 20:39:45 INFO  no build target found for C:\Users\DELL\OneDrive\Bureau\sorbonne\M2\S2\TAS\lisa-tutorial\src\main\java\it\unive\lisa\tutorial\TwoVariableLinearInequality.java. Using fallback presentation compiler.
2026.03.25 20:39:45 INFO  no build target found for C:\Users\DELL\OneDrive\Bureau\sorbonne\M2\S2\TAS\lisa-tutorial\src\main\java\it\unive\lisa\tutorial\TwoVariableLinearInequality.java. Using fallback presentation compiler.
2026.03.25 20:39:45 INFO  Created report: Optional[file:///C:/Users/DELL/OneDrive/Bureau/sorbonne/M2/S2/TAS/lisa-tutorial/src/main/java/it/unive/lisa/tutorial/TwoVariableLinearInequality.java]
2026.03.25 20:39:45 INFO  Created report: Optional[file:///C:/Users/DELL/OneDrive/Bureau/sorbonne/M2/S2/TAS/lisa-tutorial/src/main/java/it/unive/lisa/tutorial/TwoVariableLinearInequality.java]
2026.03.25 20:39:45 INFO  empty definition using pc, found symbol in pc: it/unive/lisa/analysis/SemanticException# (full report at: "C:\Users\DELL\OneDrive\Bureau\sorbonne\M2\S2\TAS\lisa-tutorial\.metals\.reports\metals-full\2026-03-25\r_empty-definition_20-39-45-275.md")
2026.03.25 20:39:45 INFO  empty definition using pc, found symbol in pc: it/unive/lisa/analysis/relational/value/BaseRelationalValueDomain# (full report at: "C:\Users\DELL\OneDrive\Bureau\sorbonne\M2\S2\TAS\lisa-tutorial\.metals\.reports\metals-full\2026-03-25\r_empty-definition_20-39-45-276.md")
2026.03.25 20:39:45 WARN  no build target for: C:\Users\DELL\OneDrive\Bureau\sorbonne\M2\S2\TAS\lisa-tutorial\src\main\java\it\unive\lisa\tutorial\TwoVariableLinearInequality.java
2026.03.25 20:39:45 INFO  no build target found for C:\Users\DELL\OneDrive\Bureau\sorbonne\M2\S2\TAS\lisa-tutorial\src\main\java\it\unive\lisa\tutorial\TwoVariableLinearInequality.java. Using fallback presentation compiler.
2026.03.25 20:39:46 WARN  no build target for: C:\Users\DELL\OneDrive\Bureau\sorbonne\M2\S2\TAS\lisa-tutorial\src\main\java\it\unive\lisa\tutorial\TwoVariableLinearInequality.java
2026.03.25 20:39:46 INFO  no build target found for C:\Users\DELL\OneDrive\Bureau\sorbonne\M2\S2\TAS\lisa-tutorial\src\main\java\it\unive\lisa\tutorial\TwoVariableLinearInequality.java. Using fallback presentation compiler.
2026.03.25 21:28:13 INFO  no build target found for C:\Users\DELL\OneDrive\Bureau\sorbonne\M2\S2\TAS\lisa-tutorial\src\main\java\it\unive\lisa\tutorial\TwoVariableLinearInequality.java. Using fallback presentation compiler.
2026.03.25 21:35:26 INFO  no build target found for C:\Users\DELL\OneDrive\Bureau\sorbonne\M2\S2\TAS\lisa-tutorial\src\main\java\it\unive\lisa\tutorial\TwoVariableLinearInequality.java. Using fallback presentation compiler.
2026.03.25 21:44:37 INFO  no build target found for C:\Users\DELL\OneDrive\Bureau\sorbonne\M2\S2\TAS\lisa-tutorial\src\main\java\it\unive\lisa\tutorial\TwoVariableLinearInequality.java. Using fallback presentation compiler.
2026.03.25 21:44:38 INFO  no build target found for C:\Users\DELL\OneDrive\Bureau\sorbonne\M2\S2\TAS\lisa-tutorial\src\main\java\it\unive\lisa\tutorial\TwoVariableLinearInequality.java. Using fallback presentation compiler.
2026.03.25 22:55:07 INFO  no build target found for C:\Users\DELL\OneDrive\Bureau\sorbonne\M2\S2\TAS\lisa-tutorial\src\main\java\it\unive\lisa\tutorial\TwoVariableLinearInequality.java. Using fallback presentation compiler.
2026.03.25 23:11:08 INFO  Shutting down server
2026.03.25 23:11:08 INFO  Memory monitor stopped
2026.03.25 23:11:08 INFO  shutting down Metals
2026.03.25 23:11:08 ERROR Unexpected error initializing server: 
org.eclipse.lsp4j.jsonrpc.ResponseErrorException: Request window/showMessageRequest failed with message: Canceled
	at org.eclipse.lsp4j.jsonrpc.RemoteEndpoint.handleResponse(RemoteEndpoint.java:214)
	at org.eclipse.lsp4j.jsonrpc.RemoteEndpoint.consume(RemoteEndpoint.java:198)
	at org.eclipse.lsp4j.jsonrpc.json.StreamMessageProducer.handleMessage(StreamMessageProducer.java:189)
	at org.eclipse.lsp4j.jsonrpc.json.StreamMessageProducer.listen(StreamMessageProducer.java:97)
	at org.eclipse.lsp4j.jsonrpc.json.ConcurrentMessageProcessor.run(ConcurrentMessageProcessor.java:97)
	at java.util.concurrent.Executors$RunnableAdapter.call(Executors.java:577)
	at java.util.concurrent.FutureTask.run(FutureTask.java:317)
	at java.util.concurrent.ThreadPoolExecutor.runWorker(ThreadPoolExecutor.java:1144)
	at java.util.concurrent.ThreadPoolExecutor$Worker.run(ThreadPoolExecutor.java:642)
	at java.lang.Thread.run(Thread.java:1589)

2026.03.25 23:11:08 INFO  Exiting server
2026.03.26 14:00:38 INFO  Started: Metals version 1.6.6 in folders 'C:\Users\DELL\OneDrive\Bureau\sorbonne\M2\S2\TAS\lisa-tutorial' for client Visual Studio Code 1.112.0.
2026.03.26 14:00:38 INFO  Memory monitor started
2026.03.26 14:00:39 WARN  Using H2 2.4.240 which is newer than the version Flyway has been verified with. The latest verified version of H2 is 2.3.232.
2026.03.26 14:00:39 INFO  no build target found for C:\Users\DELL\OneDrive\Bureau\sorbonne\M2\S2\TAS\lisa-tutorial\src\main\java\it\unive\lisa\tutorial\ConcreteValue.java. Using fallback presentation compiler.
2026.03.26 14:00:40 INFO  no build target found for C:\Users\DELL\OneDrive\Bureau\sorbonne\M2\S2\TAS\lisa-tutorial\src\main\java\it\unive\lisa\tutorial\ConcreteValue.java. Using fallback presentation compiler.
2026.03.26 14:01:06 INFO  no build target found for C:\Users\DELL\OneDrive\Bureau\sorbonne\M2\S2\TAS\lisa-tutorial\src\main\java\it\unive\lisa\tutorial\ConcreteValue.java. Using fallback presentation compiler.
2026.03.26 14:01:06 INFO  no build target found for C:\Users\DELL\OneDrive\Bureau\sorbonne\M2\S2\TAS\lisa-tutorial\src\main\java\it\unive\lisa\tutorial\IntervalReal.java. Using fallback presentation compiler.
mars 26, 2026 2:01:07 PM org.eclipse.lsp4j.jsonrpc.RemoteEndpoint handleCancellation
WARNING: Unmatched cancel notification for request id 9
2026.03.26 14:01:07 INFO  no build target found for C:\Users\DELL\OneDrive\Bureau\sorbonne\M2\S2\TAS\lisa-tutorial\src\main\java\it\unive\lisa\tutorial\IntervalReal.java. Using fallback presentation compiler.
2026.03.26 14:01:07 INFO  no build target found for C:\Users\DELL\OneDrive\Bureau\sorbonne\M2\S2\TAS\lisa-tutorial\src\main\java\it\unive\lisa\tutorial\IntervalReal.java. Using fallback presentation compiler.
2026.03.26 14:01:07 INFO  no build target found for C:\Users\DELL\OneDrive\Bureau\sorbonne\M2\S2\TAS\lisa-tutorial\src\main\java\it\unive\lisa\tutorial\IntervalReal.java. Using fallback presentation compiler.
mars 26, 2026 2:01:08 PM org.eclipse.lsp4j.jsonrpc.RemoteEndpoint handleCancellation
WARNING: Unmatched cancel notification for request id 12
2026.03.26 14:01:50 INFO  no build target found for C:\Users\DELL\OneDrive\Bureau\sorbonne\M2\S2\TAS\lisa-tutorial\src\main\java\it\unive\lisa\tutorial\IntervalReal.java. Using fallback presentation compiler.
2026.03.26 14:01:50 INFO  no build target found for C:\Users\DELL\OneDrive\Bureau\sorbonne\M2\S2\TAS\lisa-tutorial\src\main\java\it\unive\lisa\tutorial\IntervalRounding.java. Using fallback presentation compiler.
2026.03.26 14:01:51 INFO  no build target found for C:\Users\DELL\OneDrive\Bureau\sorbonne\M2\S2\TAS\lisa-tutorial\src\main\java\it\unive\lisa\tutorial\IntervalRounding.java. Using fallback presentation compiler.
2026.03.26 14:01:50 INFO  no build target found for C:\Users\DELL\OneDrive\Bureau\sorbonne\M2\S2\TAS\lisa-tutorial\src\main\java\it\unive\lisa\tutorial\IntervalRounding.java. Using fallback presentation compiler.
2026.03.26 15:46:25 INFO  no build target found for C:\Users\DELL\OneDrive\Bureau\sorbonne\M2\S2\TAS\lisa-tutorial\src\main\java\it\unive\lisa\tutorial\IntervalRounding.java. Using fallback presentation compiler.
2026.03.26 15:46:25 INFO  no build target found for C:\Users\DELL\OneDrive\Bureau\sorbonne\M2\S2\TAS\lisa-tutorial\src\main\java\it\unive\lisa\tutorial\IntervalRounding.java. Using fallback presentation compiler.
mars 26, 2026 3:46:25 PM org.eclipse.lsp4j.jsonrpc.RemoteEndpoint handleCancellation
WARNING: Unmatched cancel notification for request id 43
2026.03.26 15:48:46 INFO  Shutting down server
2026.03.26 15:48:46 INFO  Memory monitor stopped
2026.03.26 15:48:46 INFO  shutting down Metals
2026.03.26 15:48:46 INFO  Exiting server
2026.03.29 18:10:50 INFO  Started: Metals version 1.6.6 in folders 'C:\Users\DELL\OneDrive\Bureau\sorbonne\M2\S2\TAS\lisa-tutorial' for client Visual Studio Code 1.113.0.
2026.03.29 18:10:50 INFO  Memory monitor started
2026.03.29 18:10:51 WARN  Using H2 2.4.240 which is newer than the version Flyway has been verified with. The latest verified version of H2 is 2.3.232.
2026.03.29 18:10:51 INFO  no build target found for C:\Users\DELL\OneDrive\Bureau\sorbonne\M2\S2\TAS\lisa-tutorial\src\main\java\it\unive\lisa\tutorial\IntervalRounding.java. Using fallback presentation compiler.
2026.03.29 18:10:52 INFO  no build target found for C:\Users\DELL\OneDrive\Bureau\sorbonne\M2\S2\TAS\lisa-tutorial\src\main\java\it\unive\lisa\tutorial\IntervalRounding.java. Using fallback presentation compiler.
2026.03.29 18:13:19 INFO  Shutting down server
2026.03.29 18:13:19 INFO  Memory monitor stopped
2026.03.29 18:13:19 INFO  shutting down Metals
2026.03.29 18:13:19 INFO  Exiting server
2026.03.29 18:17:00 INFO  Started: Metals version 1.6.6 in folders 'C:\Users\DELL\OneDrive\Bureau\sorbonne\M2\S2\TAS\lisa-tutorial' for client Visual Studio Code 1.113.0.
2026.03.29 18:17:00 INFO  Memory monitor started
2026.03.29 18:17:01 WARN  Using H2 2.4.240 which is newer than the version Flyway has been verified with. The latest verified version of H2 is 2.3.232.
2026.03.29 18:17:01 INFO  no build target found for C:\Users\DELL\OneDrive\Bureau\sorbonne\M2\S2\TAS\lisa-tutorial\src\main\java\it\unive\lisa\tutorial\IntervalRounding.java. Using fallback presentation compiler.
2026.03.29 18:17:03 INFO  no build target found for C:\Users\DELL\OneDrive\Bureau\sorbonne\M2\S2\TAS\lisa-tutorial\src\main\java\it\unive\lisa\tutorial\IntervalRounding.java. Using fallback presentation compiler.
2026.03.29 18:24:36 WARN  no build target for: C:\Users\DELL\OneDrive\Bureau\sorbonne\M2\S2\TAS\lisa-tutorial\src\main\java\it\unive\lisa\tutorial\IntervalRounding.java
2026.03.29 18:24:36 INFO  no build target found for C:\Users\DELL\OneDrive\Bureau\sorbonne\M2\S2\TAS\lisa-tutorial\src\main\java\it\unive\lisa\tutorial\IntervalRounding.java. Using fallback presentation compiler.
2026.03.29 18:44:55 INFO  no build target found for C:\Users\DELL\OneDrive\Bureau\sorbonne\M2\S2\TAS\lisa-tutorial\src\main\java\it\unive\lisa\tutorial\IntervalRounding.java. Using fallback presentation compiler.
2026.03.29 18:44:55 WARN  no build target for: C:\Users\DELL\OneDrive\Bureau\sorbonne\M2\S2\TAS\lisa-tutorial\src\main\java\it\unive\lisa\tutorial\IntervalReal.java
2026.03.29 18:44:55 INFO  no build target found for C:\Users\DELL\OneDrive\Bureau\sorbonne\M2\S2\TAS\lisa-tutorial\src\main\java\it\unive\lisa\tutorial\IntervalReal.java. Using fallback presentation compiler.
mars 29, 2026 6:44:56 PM org.eclipse.lsp4j.jsonrpc.RemoteEndpoint handleCancellation
WARNING: Unmatched cancel notification for request id 11
2026.03.29 18:44:56 INFO  no build target found for C:\Users\DELL\OneDrive\Bureau\sorbonne\M2\S2\TAS\lisa-tutorial\src\main\java\it\unive\lisa\tutorial\IntervalReal.java. Using fallback presentation compiler.
2026.03.29 18:44:56 INFO  no build target found for C:\Users\DELL\OneDrive\Bureau\sorbonne\M2\S2\TAS\lisa-tutorial\src\main\java\it\unive\lisa\tutorial\IntervalReal.java. Using fallback presentation compiler.
2026.03.29 18:44:56 INFO  no build target found for C:\Users\DELL\OneDrive\Bureau\sorbonne\M2\S2\TAS\lisa-tutorial\src\main\java\it\unive\lisa\tutorial\IntervalReal.java. Using fallback presentation compiler.
mars 29, 2026 6:44:57 PM org.eclipse.lsp4j.jsonrpc.RemoteEndpoint handleCancellation
WARNING: Unmatched cancel notification for request id 14
2026.03.29 18:44:56 INFO  no build target found for C:\Users\DELL\OneDrive\Bureau\sorbonne\M2\S2\TAS\lisa-tutorial\src\main\java\it\unive\lisa\tutorial\IntervalReal.java. Using fallback presentation compiler.
2026.03.29 18:44:58 INFO  no build target found for C:\Users\DELL\OneDrive\Bureau\sorbonne\M2\S2\TAS\lisa-tutorial\src\main\java\it\unive\lisa\tutorial\IntervalReal.java. Using fallback presentation compiler.
2026.03.29 18:45:16 INFO  no build target found for C:\Users\DELL\OneDrive\Bureau\sorbonne\M2\S2\TAS\lisa-tutorial\src\main\java\it\unive\lisa\tutorial\IntervalReal.java. Using fallback presentation compiler.
2026.03.29 19:48:19 INFO  no build target found for C:\Users\DELL\OneDrive\Bureau\sorbonne\M2\S2\TAS\lisa-tutorial\src\main\java\it\unive\lisa\tutorial\IntervalReal.java. Using fallback presentation compiler.
2026.03.29 19:48:19 WARN  no build target for: C:\Users\DELL\OneDrive\Bureau\sorbonne\M2\S2\TAS\lisa-tutorial\src\main\java\it\unive\lisa\tutorial\IntervalReal.java
2026.03.29 19:48:19 INFO  no build target found for C:\Users\DELL\OneDrive\Bureau\sorbonne\M2\S2\TAS\lisa-tutorial\src\main\java\it\unive\lisa\tutorial\IntervalReal.java. Using fallback presentation compiler.
2026.03.29 19:48:19 INFO  no build target found for C:\Users\DELL\OneDrive\Bureau\sorbonne\M2\S2\TAS\lisa-tutorial\src\main\java\it\unive\lisa\tutorial\IntervalReal.java. Using fallback presentation compiler.
mars 29, 2026 7:48:19 PM org.eclipse.lsp4j.jsonrpc.RemoteEndpoint handleCancellation
WARNING: Unmatched cancel notification for request id 67
2026.03.29 19:48:19 INFO  no build target found for C:\Users\DELL\OneDrive\Bureau\sorbonne\M2\S2\TAS\lisa-tutorial\src\main\java\it\unive\lisa\tutorial\IntervalReal.java. Using fallback presentation compiler.
2026.03.29 19:48:19 INFO  no build target found for C:\Users\DELL\OneDrive\Bureau\sorbonne\M2\S2\TAS\lisa-tutorial\src\main\java\it\unive\lisa\tutorial\IntervalReal.java. Using fallback presentation compiler.
2026.03.29 19:49:04 INFO  no build target found for C:\Users\DELL\OneDrive\Bureau\sorbonne\M2\S2\TAS\lisa-tutorial\src\main\java\it\unive\lisa\tutorial\IntervalReal.java. Using fallback presentation compiler.
2026.03.29 19:49:04 INFO  no build target found for C:\Users\DELL\OneDrive\Bureau\sorbonne\M2\S2\TAS\lisa-tutorial\src\main\java\it\unive\lisa\tutorial\IntervalReal.java. Using fallback presentation compiler.
2026.03.29 19:49:04 INFO  no build target found for C:\Users\DELL\OneDrive\Bureau\sorbonne\M2\S2\TAS\lisa-tutorial\src\main\java\it\unive\lisa\tutorial\IntervalReal.java. Using fallback presentation compiler.
2026.03.29 19:49:06 INFO  no build target found for C:\Users\DELL\OneDrive\Bureau\sorbonne\M2\S2\TAS\lisa-tutorial\src\main\java\it\unive\lisa\tutorial\IntervalReal.java. Using fallback presentation compiler.
2026.03.29 19:50:12 INFO  no build target found for C:\Users\DELL\OneDrive\Bureau\sorbonne\M2\S2\TAS\lisa-tutorial\src\main\java\it\unive\lisa\tutorial\IntervalReal.java. Using fallback presentation compiler.
2026.03.29 19:50:15 INFO  no build target found for C:\Users\DELL\OneDrive\Bureau\sorbonne\M2\S2\TAS\lisa-tutorial\src\main\java\it\unive\lisa\tutorial\IntervalReal.java. Using fallback presentation compiler.
2026.03.29 19:50:15 INFO  no build target found for C:\Users\DELL\OneDrive\Bureau\sorbonne\M2\S2\TAS\lisa-tutorial\src\main\java\it\unive\lisa\tutorial\TwoVariableLinearInequality.java. Using fallback presentation compiler.
2026.03.29 19:50:15 WARN  no build target for: C:\Users\DELL\OneDrive\Bureau\sorbonne\M2\S2\TAS\lisa-tutorial\src\main\java\it\unive\lisa\tutorial\TwoVariableLinearInequality.java
2026.03.29 19:50:15 INFO  no build target found for C:\Users\DELL\OneDrive\Bureau\sorbonne\M2\S2\TAS\lisa-tutorial\src\main\java\it\unive\lisa\tutorial\TwoVariableLinearInequality.java. Using fallback presentation compiler.
2026.03.29 19:50:15 INFO  no build target found for C:\Users\DELL\OneDrive\Bureau\sorbonne\M2\S2\TAS\lisa-tutorial\src\main\java\it\unive\lisa\tutorial\TwoVariableLinearInequality.java. Using fallback presentation compiler.
mars 29, 2026 7:50:15 PM org.eclipse.lsp4j.jsonrpc.RemoteEndpoint handleCancellation
WARNING: Unmatched cancel notification for request id 81
2026.03.29 19:50:17 INFO  no build target found for C:\Users\DELL\OneDrive\Bureau\sorbonne\M2\S2\TAS\lisa-tutorial\src\main\java\it\unive\lisa\tutorial\TwoVariableLinearInequality.java. Using fallback presentation compiler.
mars 29, 2026 7:50:50 PM org.eclipse.lsp4j.jsonrpc.RemoteEndpoint handleCancellation
WARNING: Unmatched cancel notification for request id 206
mars 29, 2026 7:50:50 PM org.eclipse.lsp4j.jsonrpc.RemoteEndpoint handleCancellation
WARNING: Unmatched cancel notification for request id 207
2026.03.29 19:52:30 INFO  no build target found for C:\Users\DELL\OneDrive\Bureau\sorbonne\M2\S2\TAS\lisa-tutorial\src\main\java\it\unive\lisa\tutorial\TwoVariableLinearInequality.java. Using fallback presentation compiler.
2026.03.29 19:52:31 INFO  no build target found for C:\Users\DELL\OneDrive\Bureau\sorbonne\M2\S2\TAS\lisa-tutorial\src\main\java\it\unive\lisa\tutorial\TwoVariableLinearInequality.java. Using fallback presentation compiler.
mars 29, 2026 7:52:42 PM org.eclipse.lsp4j.jsonrpc.RemoteEndpoint handleCancellation
WARNING: Unmatched cancel notification for request id 262
mars 29, 2026 7:52:42 PM org.eclipse.lsp4j.jsonrpc.RemoteEndpoint handleCancellation
WARNING: Unmatched cancel notification for request id 263
mars 29, 2026 7:52:42 PM org.eclipse.lsp4j.jsonrpc.RemoteEndpoint handleCancellation
WARNING: Unmatched cancel notification for request id 264
2026.03.29 19:52:54 INFO  no build target found for C:\Users\DELL\OneDrive\Bureau\sorbonne\M2\S2\TAS\lisa-tutorial\src\main\java\it\unive\lisa\tutorial\TwoVariableLinearInequality.java. Using fallback presentation compiler.
2026.03.29 19:54:29 INFO  no build target found for C:\Users\DELL\OneDrive\Bureau\sorbonne\M2\S2\TAS\lisa-tutorial\src\main\java\it\unive\lisa\tutorial\TwoVariableLinearInequality.java. Using fallback presentation compiler.
2026.03.29 19:54:29 INFO  no build target found for C:\Users\DELL\OneDrive\Bureau\sorbonne\M2\S2\TAS\lisa-tutorial\src\main\java\it\unive\lisa\tutorial\TwoVariableLinearInequality.java. Using fallback presentation compiler.
2026.03.29 19:54:29 INFO  no build target found for C:\Users\DELL\OneDrive\Bureau\sorbonne\M2\S2\TAS\lisa-tutorial\src\main\java\it\unive\lisa\tutorial\TwoVariableLinearInequality.java. Using fallback presentation compiler.
mars 29, 2026 7:54:47 PM org.eclipse.lsp4j.jsonrpc.RemoteEndpoint handleCancellation
WARNING: Unmatched cancel notification for request id 714
2026.03.29 19:54:50 INFO  no build target found for C:\Users\DELL\OneDrive\Bureau\sorbonne\M2\S2\TAS\lisa-tutorial\src\main\java\it\unive\lisa\tutorial\TwoVariableLinearInequality.java. Using fallback presentation compiler.
mars 29, 2026 7:55:42 PM org.eclipse.lsp4j.jsonrpc.RemoteEndpoint handleCancellation
WARNING: Unmatched cancel notification for request id 1035
mars 29, 2026 7:55:42 PM org.eclipse.lsp4j.jsonrpc.RemoteEndpoint handleCancellation
WARNING: Unmatched cancel notification for request id 1036
mars 29, 2026 7:58:25 PM org.eclipse.lsp4j.jsonrpc.RemoteEndpoint handleCancellation
WARNING: Unmatched cancel notification for request id 1218
2026.03.29 19:59:35 INFO  no build target found for C:\Users\DELL\OneDrive\Bureau\sorbonne\M2\S2\TAS\lisa-tutorial\src\main\java\it\unive\lisa\tutorial\TwoVariableLinearInequality.java. Using fallback presentation compiler.
2026.03.29 19:59:35 INFO  no build target found for C:\Users\DELL\OneDrive\Bureau\sorbonne\M2\S2\TAS\lisa-tutorial\src\main\java\it\unive\lisa\tutorial\TwoVariableLinearInequality.java. Using fallback presentation compiler.
2026.03.29 19:59:36 INFO  no build target found for C:\Users\DELL\OneDrive\Bureau\sorbonne\M2\S2\TAS\lisa-tutorial\src\main\java\it\unive\lisa\tutorial\TwoVariableLinearInequality.java. Using fallback presentation compiler.
2026.03.29 19:59:36 INFO  no build target found for C:\Users\DELL\OneDrive\Bureau\sorbonne\M2\S2\TAS\lisa-tutorial\src\main\java\it\unive\lisa\tutorial\TwoVariableLinearInequality.java. Using fallback presentation compiler.
2026.03.29 19:59:36 INFO  no build target found for C:\Users\DELL\OneDrive\Bureau\sorbonne\M2\S2\TAS\lisa-tutorial\src\main\java\it\unive\lisa\tutorial\TwoVariableLinearInequality.java. Using fallback presentation compiler.
2026.03.29 19:59:36 INFO  no build target found for C:\Users\DELL\OneDrive\Bureau\sorbonne\M2\S2\TAS\lisa-tutorial\src\main\java\it\unive\lisa\tutorial\TwoVariableLinearInequality.java. Using fallback presentation compiler.
2026.03.29 20:00:27 INFO  no build target found for C:\Users\DELL\OneDrive\Bureau\sorbonne\M2\S2\TAS\lisa-tutorial\src\main\java\it\unive\lisa\tutorial\TwoVariableLinearInequality.java. Using fallback presentation compiler.
2026.03.29 20:00:27 INFO  no build target found for C:\Users\DELL\OneDrive\Bureau\sorbonne\M2\S2\TAS\lisa-tutorial\src\main\java\it\unive\lisa\tutorial\TwoVariableLinearInequality.java. Using fallback presentation compiler.
2026.03.29 20:03:38 INFO  no build target found for C:\Users\DELL\OneDrive\Bureau\sorbonne\M2\S2\TAS\lisa-tutorial\src\main\java\it\unive\lisa\tutorial\TwoVariableLinearInequality.java. Using fallback presentation compiler.
2026.03.29 20:03:38 INFO  no build target found for C:\Users\DELL\OneDrive\Bureau\sorbonne\M2\S2\TAS\lisa-tutorial\src\main\java\it\unive\lisa\tutorial\TwoVariableLinearInequality.java. Using fallback presentation compiler.
2026.03.29 20:03:57 INFO  no build target found for C:\Users\DELL\OneDrive\Bureau\sorbonne\M2\S2\TAS\lisa-tutorial\src\main\java\it\unive\lisa\tutorial\TwoVariableLinearInequality.java. Using fallback presentation compiler.
mars 29, 2026 8:04:00 PM org.eclipse.lsp4j.jsonrpc.RemoteEndpoint handleCancellation
WARNING: Unmatched cancel notification for request id 1413
mars 29, 2026 8:04:13 PM org.eclipse.lsp4j.jsonrpc.RemoteEndpoint handleCancellation
WARNING: Unmatched cancel notification for request id 1558
mars 29, 2026 8:04:36 PM org.eclipse.lsp4j.jsonrpc.RemoteEndpoint handleCancellation
WARNING: Unmatched cancel notification for request id 1719
mars 29, 2026 8:04:40 PM org.eclipse.lsp4j.jsonrpc.RemoteEndpoint handleCancellation
WARNING: Unmatched cancel notification for request id 1754
mars 29, 2026 8:12:56 PM org.eclipse.lsp4j.jsonrpc.RemoteEndpoint handleCancellation
WARNING: Unmatched cancel notification for request id 1993
mars 29, 2026 8:13:17 PM org.eclipse.lsp4j.jsonrpc.RemoteEndpoint handleCancellation
WARNING: Unmatched cancel notification for request id 2062
mars 29, 2026 8:13:17 PM org.eclipse.lsp4j.jsonrpc.RemoteEndpoint handleCancellation
WARNING: Unmatched cancel notification for request id 2063
2026.03.29 20:14:00 INFO  no build target found for C:\Users\DELL\OneDrive\Bureau\sorbonne\M2\S2\TAS\lisa-tutorial\src\main\java\it\unive\lisa\tutorial\TwoVariableLinearInequality.java. Using fallback presentation compiler.
mars 29, 2026 8:14:06 PM org.eclipse.lsp4j.jsonrpc.RemoteEndpoint handleCancellation
WARNING: Unmatched cancel notification for request id 2334
2026.03.29 20:29:11 INFO  no build target found for C:\Users\DELL\OneDrive\Bureau\sorbonne\M2\S2\TAS\lisa-tutorial\src\main\java\it\unive\lisa\tutorial\TwoVariableLinearInequality.java. Using fallback presentation compiler.
2026.03.29 20:29:11 INFO  no build target found for C:\Users\DELL\OneDrive\Bureau\sorbonne\M2\S2\TAS\lisa-tutorial\src\main\java\it\unive\lisa\tutorial\TwoVariableLinearInequality.java. Using fallback presentation compiler.
2026.03.29 20:29:11 INFO  no build target found for C:\Users\DELL\OneDrive\Bureau\sorbonne\M2\S2\TAS\lisa-tutorial\src\main\java\it\unive\lisa\tutorial\TwoVariableLinearInequality.java. Using fallback presentation compiler.
2026.03.29 20:29:12 INFO  no build target found for C:\Users\DELL\OneDrive\Bureau\sorbonne\M2\S2\TAS\lisa-tutorial\src\main\java\it\unive\lisa\tutorial\TwoVariableLinearInequality.java. Using fallback presentation compiler.
2026.03.29 20:29:12 INFO  no build target found for C:\Users\DELL\OneDrive\Bureau\sorbonne\M2\S2\TAS\lisa-tutorial\src\main\java\it\unive\lisa\tutorial\TwoVariableLinearInequality.java. Using fallback presentation compiler.
2026.03.29 20:29:12 INFO  no build target found for C:\Users\DELL\OneDrive\Bureau\sorbonne\M2\S2\TAS\lisa-tutorial\src\main\java\it\unive\lisa\tutorial\TwoVariableLinearInequality.java. Using fallback presentation compiler.
2026.03.29 20:29:14 INFO  no build target found for C:\Users\DELL\OneDrive\Bureau\sorbonne\M2\S2\TAS\lisa-tutorial\src\main\java\it\unive\lisa\tutorial\TwoVariableLinearInequality.java. Using fallback presentation compiler.
2026.03.29 20:29:14 INFO  no build target found for C:\Users\DELL\OneDrive\Bureau\sorbonne\M2\S2\TAS\lisa-tutorial\src\main\java\it\unive\lisa\tutorial\TwoVariableLinearInequality.java. Using fallback presentation compiler.
2026.03.29 20:29:15 INFO  no build target found for C:\Users\DELL\OneDrive\Bureau\sorbonne\M2\S2\TAS\lisa-tutorial\src\main\java\it\unive\lisa\tutorial\TwoVariableLinearInequality.java. Using fallback presentation compiler.
2026.03.29 20:29:15 INFO  no build target found for C:\Users\DELL\OneDrive\Bureau\sorbonne\M2\S2\TAS\lisa-tutorial\src\main\java\it\unive\lisa\tutorial\TwoVariableLinearInequality.java. Using fallback presentation compiler.
2026.03.29 20:29:17 INFO  no build target found for C:\Users\DELL\OneDrive\Bureau\sorbonne\M2\S2\TAS\lisa-tutorial\src\main\java\it\unive\lisa\tutorial\TwoVariableLinearInequality.java. Using fallback presentation compiler.
2026.03.29 20:29:17 INFO  no build target found for C:\Users\DELL\OneDrive\Bureau\sorbonne\M2\S2\TAS\lisa-tutorial\src\main\java\it\unive\lisa\tutorial\TwoVariableLinearInequality.java. Using fallback presentation compiler.
2026.03.29 20:29:18 INFO  no build target found for C:\Users\DELL\OneDrive\Bureau\sorbonne\M2\S2\TAS\lisa-tutorial\src\main\java\it\unive\lisa\tutorial\TwoVariableLinearInequality.java. Using fallback presentation compiler.
2026.03.29 20:29:18 WARN  no build target for: C:\Users\DELL\OneDrive\Bureau\sorbonne\M2\S2\TAS\lisa-tutorial\src\main\java\it\unive\lisa\tutorial\TwoVariableLinearInequality.java
2026.03.29 20:29:18 INFO  no build target found for C:\Users\DELL\OneDrive\Bureau\sorbonne\M2\S2\TAS\lisa-tutorial\src\main\java\it\unive\lisa\tutorial\TwoVariableLinearInequality.java. Using fallback presentation compiler.
2026.03.29 20:29:22 WARN  no build target for: C:\Users\DELL\OneDrive\Bureau\sorbonne\M2\S2\TAS\lisa-tutorial\src\main\java\it\unive\lisa\tutorial\Interval.java
2026.03.29 20:29:22 INFO  no build target found for C:\Users\DELL\OneDrive\Bureau\sorbonne\M2\S2\TAS\lisa-tutorial\src\main\java\it\unive\lisa\tutorial\Interval.java. Using fallback presentation compiler.
2026.03.29 20:29:22 INFO  no build target found for C:\Users\DELL\OneDrive\Bureau\sorbonne\M2\S2\TAS\lisa-tutorial\src\main\java\it\unive\lisa\tutorial\Interval.java. Using fallback presentation compiler.
2026.03.29 20:29:22 INFO  no build target found for C:\Users\DELL\OneDrive\Bureau\sorbonne\M2\S2\TAS\lisa-tutorial\src\main\java\it\unive\lisa\tutorial\Interval.java. Using fallback presentation compiler.
2026.03.29 20:29:22 INFO  no build target found for C:\Users\DELL\OneDrive\Bureau\sorbonne\M2\S2\TAS\lisa-tutorial\src\main\java\it\unive\lisa\tutorial\Interval.java. Using fallback presentation compiler.
2026.03.29 20:29:23 INFO  no build target found for C:\Users\DELL\OneDrive\Bureau\sorbonne\M2\S2\TAS\lisa-tutorial\src\main\java\it\unive\lisa\tutorial\Interval.java. Using fallback presentation compiler.
2026.03.29 20:29:26 INFO  no build target found for C:\Users\DELL\OneDrive\Bureau\sorbonne\M2\S2\TAS\lisa-tutorial\src\main\java\it\unive\lisa\tutorial\Interval.java. Using fallback presentation compiler.
2026.03.29 20:29:26 INFO  no build target found for C:\Users\DELL\OneDrive\Bureau\sorbonne\M2\S2\TAS\lisa-tutorial\src\main\java\it\unive\lisa\tutorial\Interval.java. Using fallback presentation compiler.
2026.03.29 20:29:29 INFO  no build target found for C:\Users\DELL\OneDrive\Bureau\sorbonne\M2\S2\TAS\lisa-tutorial\src\main\java\it\unive\lisa\tutorial\Interval.java. Using fallback presentation compiler.
mars 29, 2026 8:29:50 PM org.eclipse.lsp4j.jsonrpc.RemoteEndpoint handleCancellation
WARNING: Unmatched cancel notification for request id 2798
mars 29, 2026 8:29:50 PM org.eclipse.lsp4j.jsonrpc.RemoteEndpoint handleCancellation
WARNING: Unmatched cancel notification for request id 2799
2026.03.29 20:30:40 INFO  no build target found for C:\Users\DELL\OneDrive\Bureau\sorbonne\M2\S2\TAS\lisa-tutorial\src\main\java\it\unive\lisa\tutorial\Interval.java. Using fallback presentation compiler.
2026.03.29 20:30:42 INFO  no build target found for C:\Users\DELL\OneDrive\Bureau\sorbonne\M2\S2\TAS\lisa-tutorial\src\main\java\it\unive\lisa\tutorial\TwoVariableLinearInequality.java. Using fallback presentation compiler.
2026.03.29 20:30:42 WARN  no build target for: C:\Users\DELL\OneDrive\Bureau\sorbonne\M2\S2\TAS\lisa-tutorial\src\main\java\it\unive\lisa\tutorial\TwoVariableLinearInequality.java
2026.03.29 20:30:42 INFO  no build target found for C:\Users\DELL\OneDrive\Bureau\sorbonne\M2\S2\TAS\lisa-tutorial\src\main\java\it\unive\lisa\tutorial\TwoVariableLinearInequality.java. Using fallback presentation compiler.
2026.03.29 20:30:49 INFO  no build target found for C:\Users\DELL\OneDrive\Bureau\sorbonne\M2\S2\TAS\lisa-tutorial\src\main\java\it\unive\lisa\tutorial\TwoVariableLinearInequality.java. Using fallback presentation compiler.
2026.03.29 20:30:49 INFO  no build target found for C:\Users\DELL\OneDrive\Bureau\sorbonne\M2\S2\TAS\lisa-tutorial\src\main\java\it\unive\lisa\tutorial\TwoVariableLinearInequality.java. Using fallback presentation compiler.
2026.03.29 20:30:49 INFO  no build target found for C:\Users\DELL\OneDrive\Bureau\sorbonne\M2\S2\TAS\lisa-tutorial\src\main\java\it\unive\lisa\tutorial\TwoVariableLinearInequality.java. Using fallback presentation compiler.
2026.03.29 20:30:49 INFO  no build target found for C:\Users\DELL\OneDrive\Bureau\sorbonne\M2\S2\TAS\lisa-tutorial\src\main\java\it\unive\lisa\tutorial\TwoVariableLinearInequality.java. Using fallback presentation compiler.
mars 29, 2026 8:30:49 PM org.eclipse.lsp4j.jsonrpc.RemoteEndpoint handleCancellation
WARNING: Unmatched cancel notification for request id 3023
2026.03.29 20:30:49 INFO  no build target found for C:\Users\DELL\OneDrive\Bureau\sorbonne\M2\S2\TAS\lisa-tutorial\src\main\java\it\unive\lisa\tutorial\TwoVariableLinearInequality.java. Using fallback presentation compiler.
2026.03.29 20:30:49 INFO  no build target found for C:\Users\DELL\OneDrive\Bureau\sorbonne\M2\S2\TAS\lisa-tutorial\src\main\java\it\unive\lisa\tutorial\TwoVariableLinearInequality.java. Using fallback presentation compiler.
2026.03.29 20:30:49 INFO  no build target found for C:\Users\DELL\OneDrive\Bureau\sorbonne\M2\S2\TAS\lisa-tutorial\src\main\java\it\unive\lisa\tutorial\TwoVariableLinearInequality.java. Using fallback presentation compiler.
2026.03.29 20:30:49 INFO  no build target found for C:\Users\DELL\OneDrive\Bureau\sorbonne\M2\S2\TAS\lisa-tutorial\src\main\java\it\unive\lisa\tutorial\TwoVariableLinearInequality.java. Using fallback presentation compiler.
2026.03.29 20:30:50 WARN  no build target for: C:\Users\DELL\OneDrive\Bureau\sorbonne\M2\S2\TAS\lisa-tutorial\src\main\java\it\unive\lisa\tutorial\TwoVariableLinearInequality.java
2026.03.29 20:30:49 INFO  no build target found for C:\Users\DELL\OneDrive\Bureau\sorbonne\M2\S2\TAS\lisa-tutorial\src\main\java\it\unive\lisa\tutorial\TwoVariableLinearInequality.java. Using fallback presentation compiler.
2026.03.29 20:31:00 INFO  no build target found for C:\Users\DELL\OneDrive\Bureau\sorbonne\M2\S2\TAS\lisa-tutorial\src\main\java\it\unive\lisa\tutorial\TwoVariableLinearInequality.java. Using fallback presentation compiler.
2026.03.29 20:31:00 INFO  no build target found for C:\Users\DELL\OneDrive\Bureau\sorbonne\M2\S2\TAS\lisa-tutorial\src\main\java\it\unive\lisa\tutorial\TwoVariableLinearInequality.java. Using fallback presentation compiler.
2026.03.29 20:31:01 WARN  Running javac-semanticdb failed for file:///C:/Users/DELL/OneDrive/Bureau/sorbonne/M2/S2/TAS/lisa-tutorial/src/main/java/it/unive/lisa/tutorial/TwoVariableLinearInequality.java. Output:

2026.03.29 20:31:01 INFO  no build target found for C:\Users\DELL\OneDrive\Bureau\sorbonne\M2\S2\TAS\lisa-tutorial\src\main\java\it\unive\lisa\tutorial\TwoVariableLinearInequality.java. Using fallback presentation compiler.
2026.03.29 20:31:01 WARN  no build target for: C:\Users\DELL\OneDrive\Bureau\sorbonne\M2\S2\TAS\lisa-tutorial\src\main\java\it\unive\lisa\tutorial\TwoVariableLinearInequality.java
2026.03.29 20:31:01 INFO  no build target found for C:\Users\DELL\OneDrive\Bureau\sorbonne\M2\S2\TAS\lisa-tutorial\src\main\java\it\unive\lisa\tutorial\TwoVariableLinearInequality.java. Using fallback presentation compiler.
2026.03.29 20:31:03 INFO  no build target found for C:\Users\DELL\OneDrive\Bureau\sorbonne\M2\S2\TAS\lisa-tutorial\src\main\java\it\unive\lisa\tutorial\TwoVariableLinearInequality.java. Using fallback presentation compiler.
mars 29, 2026 8:31:03 PM org.eclipse.lsp4j.jsonrpc.RemoteEndpoint handleCancellation
WARNING: Unmatched cancel notification for request id 3048
2026.03.29 20:31:03 INFO  no build target found for C:\Users\DELL\OneDrive\Bureau\sorbonne\M2\S2\TAS\lisa-tutorial\src\main\java\it\unive\lisa\tutorial\TwoVariableLinearInequality.java. Using fallback presentation compiler.
2026.03.29 20:31:04 INFO  no build target found for C:\Users\DELL\OneDrive\Bureau\sorbonne\M2\S2\TAS\lisa-tutorial\src\main\java\it\unive\lisa\tutorial\TwoVariableLinearInequality.java. Using fallback presentation compiler.
2026.03.29 20:31:04 INFO  no build target found for C:\Users\DELL\OneDrive\Bureau\sorbonne\M2\S2\TAS\lisa-tutorial\src\main\java\it\unive\lisa\tutorial\TwoVariableLinearInequality.java. Using fallback presentation compiler.
2026.03.29 20:31:04 INFO  no build target found for C:\Users\DELL\OneDrive\Bureau\sorbonne\M2\S2\TAS\lisa-tutorial\src\main\java\it\unive\lisa\tutorial\TwoVariableLinearInequality.java. Using fallback presentation compiler.
2026.03.29 20:31:04 INFO  no build target found for C:\Users\DELL\OneDrive\Bureau\sorbonne\M2\S2\TAS\lisa-tutorial\src\main\java\it\unive\lisa\tutorial\TwoVariableLinearInequality.java. Using fallback presentation compiler.
2026.03.29 20:31:05 INFO  no build target found for C:\Users\DELL\OneDrive\Bureau\sorbonne\M2\S2\TAS\lisa-tutorial\src\main\java\it\unive\lisa\tutorial\TwoVariableLinearInequality.java. Using fallback presentation compiler.
2026.03.29 20:31:06 INFO  no build target found for C:\Users\DELL\OneDrive\Bureau\sorbonne\M2\S2\TAS\lisa-tutorial\src\main\java\it\unive\lisa\tutorial\TwoVariableLinearInequality.java. Using fallback presentation compiler.
2026.03.29 20:31:06 WARN  no build target for: C:\Users\DELL\OneDrive\Bureau\sorbonne\M2\S2\TAS\lisa-tutorial\src\main\java\it\unive\lisa\tutorial\TwoVariableLinearInequality.java
2026.03.29 20:31:06 INFO  no build target found for C:\Users\DELL\OneDrive\Bureau\sorbonne\M2\S2\TAS\lisa-tutorial\src\main\java\it\unive\lisa\tutorial\TwoVariableLinearInequality.java. Using fallback presentation compiler.
mars 29, 2026 8:31:19 PM org.eclipse.lsp4j.jsonrpc.RemoteEndpoint handleCancellation
WARNING: Unmatched cancel notification for request id 3105
mars 29, 2026 8:31:24 PM org.eclipse.lsp4j.jsonrpc.RemoteEndpoint handleCancellation
WARNING: Unmatched cancel notification for request id 3153
mars 29, 2026 8:31:48 PM org.eclipse.lsp4j.jsonrpc.RemoteEndpoint handleCancellation
WARNING: Unmatched cancel notification for request id 3259
mars 29, 2026 8:31:48 PM org.eclipse.lsp4j.jsonrpc.RemoteEndpoint handleCancellation
WARNING: Unmatched cancel notification for request id 3260
mars 29, 2026 8:33:47 PM org.eclipse.lsp4j.jsonrpc.RemoteEndpoint handleCancellation
WARNING: Unmatched cancel notification for request id 3347
mars 29, 2026 8:33:51 PM org.eclipse.lsp4j.jsonrpc.RemoteEndpoint handleCancellation
WARNING: Unmatched cancel notification for request id 3398
mars 29, 2026 8:33:51 PM org.eclipse.lsp4j.jsonrpc.RemoteEndpoint handleCancellation
WARNING: Unmatched cancel notification for request id 3399
2026.03.29 20:34:00 INFO  no build target found for C:\Users\DELL\OneDrive\Bureau\sorbonne\M2\S2\TAS\lisa-tutorial\src\main\java\it\unive\lisa\tutorial\TwoVariableLinearInequality.java. Using fallback presentation compiler.
2026.03.29 20:34:00 INFO  no build target found for C:\Users\DELL\OneDrive\Bureau\sorbonne\M2\S2\TAS\lisa-tutorial\src\main\java\it\unive\lisa\tutorial\TwoVariableLinearInequality.java. Using fallback presentation compiler.
2026.03.29 20:34:00 INFO  no build target found for C:\Users\DELL\OneDrive\Bureau\sorbonne\M2\S2\TAS\lisa-tutorial\src\main\java\it\unive\lisa\tutorial\TwoVariableLinearInequality.java. Using fallback presentation compiler.
2026.03.29 20:34:00 INFO  no build target found for C:\Users\DELL\OneDrive\Bureau\sorbonne\M2\S2\TAS\lisa-tutorial\src\main\java\it\unive\lisa\tutorial\TwoVariableLinearInequality.java. Using fallback presentation compiler.
mars 29, 2026 8:34:00 PM org.eclipse.lsp4j.jsonrpc.RemoteEndpoint handleCancellation
WARNING: Unmatched cancel notification for request id 3427
2026.03.29 20:34:00 INFO  no build target found for C:\Users\DELL\OneDrive\Bureau\sorbonne\M2\S2\TAS\lisa-tutorial\src\main\java\it\unive\lisa\tutorial\TwoVariableLinearInequality.java. Using fallback presentation compiler.
2026.03.29 20:34:00 INFO  no build target found for C:\Users\DELL\OneDrive\Bureau\sorbonne\M2\S2\TAS\lisa-tutorial\src\main\java\it\unive\lisa\tutorial\TwoVariableLinearInequality.java. Using fallback presentation compiler.
2026.03.29 20:34:00 INFO  no build target found for C:\Users\DELL\OneDrive\Bureau\sorbonne\M2\S2\TAS\lisa-tutorial\src\main\java\it\unive\lisa\tutorial\TwoVariableLinearInequality.java. Using fallback presentation compiler.
2026.03.29 20:34:00 INFO  no build target found for C:\Users\DELL\OneDrive\Bureau\sorbonne\M2\S2\TAS\lisa-tutorial\src\main\java\it\unive\lisa\tutorial\TwoVariableLinearInequality.java. Using fallback presentation compiler.
mars 29, 2026 8:34:00 PM org.eclipse.lsp4j.jsonrpc.RemoteEndpoint handleCancellation
WARNING: Unmatched cancel notification for request id 3434
2026.03.29 20:34:00 INFO  no build target found for C:\Users\DELL\OneDrive\Bureau\sorbonne\M2\S2\TAS\lisa-tutorial\src\main\java\it\unive\lisa\tutorial\TwoVariableLinearInequality.java. Using fallback presentation compiler.
mars 29, 2026 8:34:00 PM org.eclipse.lsp4j.jsonrpc.RemoteEndpoint handleCancellation
WARNING: Unmatched cancel notification for request id 3436
2026.03.29 20:34:01 INFO  no build target found for C:\Users\DELL\OneDrive\Bureau\sorbonne\M2\S2\TAS\lisa-tutorial\src\main\java\it\unive\lisa\tutorial\TwoVariableLinearInequality.java. Using fallback presentation compiler.
2026.03.29 20:34:01 INFO  no build target found for C:\Users\DELL\OneDrive\Bureau\sorbonne\M2\S2\TAS\lisa-tutorial\src\main\java\it\unive\lisa\tutorial\TwoVariableLinearInequality.java. Using fallback presentation compiler.
2026.03.29 20:34:01 INFO  no build target found for C:\Users\DELL\OneDrive\Bureau\sorbonne\M2\S2\TAS\lisa-tutorial\src\main\java\it\unive\lisa\tutorial\TwoVariableLinearInequality.java. Using fallback presentation compiler.
2026.03.29 20:34:01 INFO  no build target found for C:\Users\DELL\OneDrive\Bureau\sorbonne\M2\S2\TAS\lisa-tutorial\src\main\java\it\unive\lisa\tutorial\TwoVariableLinearInequality.java. Using fallback presentation compiler.
2026.03.29 20:34:01 INFO  no build target found for C:\Users\DELL\OneDrive\Bureau\sorbonne\M2\S2\TAS\lisa-tutorial\src\main\java\it\unive\lisa\tutorial\TwoVariableLinearInequality.java. Using fallback presentation compiler.
mars 29, 2026 8:34:01 PM org.eclipse.lsp4j.jsonrpc.RemoteEndpoint handleCancellation
WARNING: Unmatched cancel notification for request id 3451
2026.03.29 20:34:01 INFO  no build target found for C:\Users\DELL\OneDrive\Bureau\sorbonne\M2\S2\TAS\lisa-tutorial\src\main\java\it\unive\lisa\tutorial\TwoVariableLinearInequality.java. Using fallback presentation compiler.
2026.03.29 20:34:02 INFO  no build target found for C:\Users\DELL\OneDrive\Bureau\sorbonne\M2\S2\TAS\lisa-tutorial\src\main\java\it\unive\lisa\tutorial\TwoVariableLinearInequality.java. Using fallback presentation compiler.
2026.03.29 20:34:02 WARN  no build target for: C:\Users\DELL\OneDrive\Bureau\sorbonne\M2\S2\TAS\lisa-tutorial\src\main\java\it\unive\lisa\tutorial\TwoVariableLinearInequality.java
2026.03.29 20:34:02 INFO  no build target found for C:\Users\DELL\OneDrive\Bureau\sorbonne\M2\S2\TAS\lisa-tutorial\src\main\java\it\unive\lisa\tutorial\TwoVariableLinearInequality.java. Using fallback presentation compiler.
2026.03.29 20:36:37 INFO  no build target found for C:\Users\DELL\OneDrive\Bureau\sorbonne\M2\S2\TAS\lisa-tutorial\src\main\java\it\unive\lisa\tutorial\TwoVariableLinearInequality.java. Using fallback presentation compiler.
2026.03.29 20:36:37 INFO  no build target found for C:\Users\DELL\OneDrive\Bureau\sorbonne\M2\S2\TAS\lisa-tutorial\src\main\java\it\unive\lisa\tutorial\TwoVariableLinearInequality.java. Using fallback presentation compiler.
2026.03.29 20:37:39 INFO  no build target found for C:\Users\DELL\OneDrive\Bureau\sorbonne\M2\S2\TAS\lisa-tutorial\src\main\java\it\unive\lisa\tutorial\Interval.java. Using fallback presentation compiler.
2026.03.29 20:37:39 WARN  no build target for: C:\Users\DELL\OneDrive\Bureau\sorbonne\M2\S2\TAS\lisa-tutorial\src\test\java\it\unive\lisa\tutorial\TwoVariableLinearInequalityTest.java
2026.03.29 20:37:39 INFO  no build target found for C:\Users\DELL\OneDrive\Bureau\sorbonne\M2\S2\TAS\lisa-tutorial\src\test\java\it\unive\lisa\tutorial\TwoVariableLinearInequalityTest.java. Using fallback presentation compiler.
2026.03.29 20:37:39 INFO  no build target found for C:\Users\DELL\OneDrive\Bureau\sorbonne\M2\S2\TAS\lisa-tutorial\src\test\java\it\unive\lisa\tutorial\TwoVariableLinearInequalityTest.java. Using fallback presentation compiler.
2026.03.29 20:37:39 INFO  no build target found for C:\Users\DELL\OneDrive\Bureau\sorbonne\M2\S2\TAS\lisa-tutorial\src\test\java\it\unive\lisa\tutorial\TwoVariableLinearInequalityTest.java. Using fallback presentation compiler.
2026.03.29 20:37:40 INFO  no build target found for C:\Users\DELL\OneDrive\Bureau\sorbonne\M2\S2\TAS\lisa-tutorial\src\test\java\it\unive\lisa\tutorial\TwoVariableLinearInequalityTest.java. Using fallback presentation compiler.
2026.03.29 20:37:52 INFO  no build target found for C:\Users\DELL\OneDrive\Bureau\sorbonne\M2\S2\TAS\lisa-tutorial\src\test\java\it\unive\lisa\tutorial\TwoVariableLinearInequalityTest.java. Using fallback presentation compiler.
2026.03.29 20:37:52 WARN  no build target for: C:\Users\DELL\OneDrive\Bureau\sorbonne\M2\S2\TAS\lisa-tutorial\src\test\java\it\unive\lisa\tutorial\IntervalRoundingTest.java
2026.03.29 20:37:52 INFO  no build target found for C:\Users\DELL\OneDrive\Bureau\sorbonne\M2\S2\TAS\lisa-tutorial\src\test\java\it\unive\lisa\tutorial\IntervalRoundingTest.java. Using fallback presentation compiler.
2026.03.29 20:37:53 INFO  no build target found for C:\Users\DELL\OneDrive\Bureau\sorbonne\M2\S2\TAS\lisa-tutorial\src\test\java\it\unive\lisa\tutorial\IntervalRoundingTest.java. Using fallback presentation compiler.
2026.03.29 20:37:52 INFO  no build target found for C:\Users\DELL\OneDrive\Bureau\sorbonne\M2\S2\TAS\lisa-tutorial\src\test\java\it\unive\lisa\tutorial\IntervalRoundingTest.java. Using fallback presentation compiler.
2026.03.29 20:37:53 INFO  no build target found for C:\Users\DELL\OneDrive\Bureau\sorbonne\M2\S2\TAS\lisa-tutorial\src\test\java\it\unive\lisa\tutorial\IntervalRoundingTest.java. Using fallback presentation compiler.
2026.03.29 20:37:56 INFO  no build target found for C:\Users\DELL\OneDrive\Bureau\sorbonne\M2\S2\TAS\lisa-tutorial\src\test\java\it\unive\lisa\tutorial\IntervalRoundingTest.java. Using fallback presentation compiler.
2026.03.29 20:37:56 INFO  no build target found for C:\Users\DELL\OneDrive\Bureau\sorbonne\M2\S2\TAS\lisa-tutorial\src\main\java\it\unive\lisa\tutorial\TwoVariableLinearInequality.java. Using fallback presentation compiler.
2026.03.29 20:37:56 WARN  no build target for: C:\Users\DELL\OneDrive\Bureau\sorbonne\M2\S2\TAS\lisa-tutorial\src\main\java\it\unive\lisa\tutorial\TwoVariableLinearInequality.java
2026.03.29 20:37:56 INFO  no build target found for C:\Users\DELL\OneDrive\Bureau\sorbonne\M2\S2\TAS\lisa-tutorial\src\main\java\it\unive\lisa\tutorial\TwoVariableLinearInequality.java. Using fallback presentation compiler.
2026.03.29 20:37:58 WARN  no build target for: C:\Users\DELL\OneDrive\Bureau\sorbonne\M2\S2\TAS\lisa-tutorial\src\test\java\it\unive\lisa\tutorial\IntervalRealTest.java
2026.03.29 20:37:58 INFO  no build target found for C:\Users\DELL\OneDrive\Bureau\sorbonne\M2\S2\TAS\lisa-tutorial\src\test\java\it\unive\lisa\tutorial\IntervalRealTest.java. Using fallback presentation compiler.
2026.03.29 20:37:58 INFO  no build target found for C:\Users\DELL\OneDrive\Bureau\sorbonne\M2\S2\TAS\lisa-tutorial\src\test\java\it\unive\lisa\tutorial\IntervalRealTest.java. Using fallback presentation compiler.
2026.03.29 20:37:58 INFO  no build target found for C:\Users\DELL\OneDrive\Bureau\sorbonne\M2\S2\TAS\lisa-tutorial\src\test\java\it\unive\lisa\tutorial\IntervalRealTest.java. Using fallback presentation compiler.
2026.03.29 20:37:58 INFO  no build target found for C:\Users\DELL\OneDrive\Bureau\sorbonne\M2\S2\TAS\lisa-tutorial\src\test\java\it\unive\lisa\tutorial\IntervalRealTest.java. Using fallback presentation compiler.
2026.03.29 20:37:58 INFO  no build target found for C:\Users\DELL\OneDrive\Bureau\sorbonne\M2\S2\TAS\lisa-tutorial\src\test\java\it\unive\lisa\tutorial\IntervalRealTest.java. Using fallback presentation compiler.
2026.03.29 20:38:00 INFO  no build target found for C:\Users\DELL\OneDrive\Bureau\sorbonne\M2\S2\TAS\lisa-tutorial\src\test\java\it\unive\lisa\tutorial\IntervalRealTest.java. Using fallback presentation compiler.
2026.03.29 20:38:01 INFO  no build target found for C:\Users\DELL\OneDrive\Bureau\sorbonne\M2\S2\TAS\lisa-tutorial\src\test\java\it\unive\lisa\tutorial\IntervalRealTest.java. Using fallback presentation compiler.
2026.03.29 20:38:01 INFO  no build target found for C:\Users\DELL\OneDrive\Bureau\sorbonne\M2\S2\TAS\lisa-tutorial\src\main\java\it\unive\lisa\tutorial\TwoVariableLinearInequality.java. Using fallback presentation compiler.
2026.03.29 20:38:01 WARN  no build target for: C:\Users\DELL\OneDrive\Bureau\sorbonne\M2\S2\TAS\lisa-tutorial\src\main\java\it\unive\lisa\tutorial\TwoVariableLinearInequality.java
2026.03.29 20:38:01 INFO  no build target found for C:\Users\DELL\OneDrive\Bureau\sorbonne\M2\S2\TAS\lisa-tutorial\src\main\java\it\unive\lisa\tutorial\TwoVariableLinearInequality.java. Using fallback presentation compiler.
2026.03.29 20:38:03 WARN  no build target for: C:\Users\DELL\OneDrive\Bureau\sorbonne\M2\S2\TAS\lisa-tutorial\src\test\java\it\unive\lisa\tutorial\TwoVariableLinearInequalityTest.java
2026.03.29 20:38:03 INFO  no build target found for C:\Users\DELL\OneDrive\Bureau\sorbonne\M2\S2\TAS\lisa-tutorial\src\test\java\it\unive\lisa\tutorial\TwoVariableLinearInequalityTest.java. Using fallback presentation compiler.
2026.03.29 20:38:03 INFO  no build target found for C:\Users\DELL\OneDrive\Bureau\sorbonne\M2\S2\TAS\lisa-tutorial\src\test\java\it\unive\lisa\tutorial\TwoVariableLinearInequalityTest.java. Using fallback presentation compiler.
2026.03.29 20:38:03 INFO  no build target found for C:\Users\DELL\OneDrive\Bureau\sorbonne\M2\S2\TAS\lisa-tutorial\src\test\java\it\unive\lisa\tutorial\TwoVariableLinearInequalityTest.java. Using fallback presentation compiler.
2026.03.29 20:38:03 INFO  no build target found for C:\Users\DELL\OneDrive\Bureau\sorbonne\M2\S2\TAS\lisa-tutorial\src\test\java\it\unive\lisa\tutorial\TwoVariableLinearInequalityTest.java. Using fallback presentation compiler.
2026.03.29 20:38:12 INFO  no build target found for C:\Users\DELL\OneDrive\Bureau\sorbonne\M2\S2\TAS\lisa-tutorial\src\test\java\it\unive\lisa\tutorial\TwoVariableLinearInequalityTest.java. Using fallback presentation compiler.
2026.03.29 20:38:23 INFO  no build target found for C:\Users\DELL\OneDrive\Bureau\sorbonne\M2\S2\TAS\lisa-tutorial\src\test\java\it\unive\lisa\tutorial\TwoVariableLinearInequalityTest.java. Using fallback presentation compiler.
2026.03.29 20:38:23 INFO  no build target found for C:\Users\DELL\OneDrive\Bureau\sorbonne\M2\S2\TAS\lisa-tutorial\src\main\java\it\unive\lisa\tutorial\TwoVariableLinearInequality.java. Using fallback presentation compiler.
2026.03.29 20:38:24 WARN  no build target for: C:\Users\DELL\OneDrive\Bureau\sorbonne\M2\S2\TAS\lisa-tutorial\src\main\java\it\unive\lisa\tutorial\TwoVariableLinearInequality.java
2026.03.29 20:38:24 INFO  no build target found for C:\Users\DELL\OneDrive\Bureau\sorbonne\M2\S2\TAS\lisa-tutorial\src\main\java\it\unive\lisa\tutorial\TwoVariableLinearInequality.java. Using fallback presentation compiler.
2026.03.29 20:38:25 INFO  no build target found for C:\Users\DELL\OneDrive\Bureau\sorbonne\M2\S2\TAS\lisa-tutorial\src\main\java\it\unive\lisa\tutorial\TwoVariableLinearInequality.java. Using fallback presentation compiler.
2026.03.29 20:40:26 INFO  no build target found for C:\Users\DELL\OneDrive\Bureau\sorbonne\M2\S2\TAS\lisa-tutorial\src\main\java\it\unive\lisa\tutorial\TwoVariableLinearInequality.java. Using fallback presentation compiler.
2026.03.29 20:40:26 INFO  no build target found for C:\Users\DELL\OneDrive\Bureau\sorbonne\M2\S2\TAS\lisa-tutorial\src\main\java\it\unive\lisa\tutorial\TwoVariableLinearInequality.java. Using fallback presentation compiler.
2026.03.29 20:40:26 INFO  no build target found for C:\Users\DELL\OneDrive\Bureau\sorbonne\M2\S2\TAS\lisa-tutorial\src\main\java\it\unive\lisa\tutorial\TwoVariableLinearInequality.java. Using fallback presentation compiler.
2026.03.29 20:40:27 INFO  no build target found for C:\Users\DELL\OneDrive\Bureau\sorbonne\M2\S2\TAS\lisa-tutorial\src\main\java\it\unive\lisa\tutorial\TwoVariableLinearInequality.java. Using fallback presentation compiler.
2026.03.29 20:40:27 INFO  no build target found for C:\Users\DELL\OneDrive\Bureau\sorbonne\M2\S2\TAS\lisa-tutorial\src\main\java\it\unive\lisa\tutorial\TwoVariableLinearInequality.java. Using fallback presentation compiler.
2026.03.29 20:47:32 INFO  no build target found for C:\Users\DELL\OneDrive\Bureau\sorbonne\M2\S2\TAS\lisa-tutorial\src\main\java\it\unive\lisa\tutorial\TwoVariableLinearInequality.java. Using fallback presentation compiler.
2026.03.29 20:47:34 WARN  no build target for: C:\Users\DELL\OneDrive\Bureau\sorbonne\M2\S2\TAS\lisa-tutorial\src\main\java\it\unive\lisa\tutorial\IntervalRounding.java
2026.03.29 20:47:34 INFO  no build target found for C:\Users\DELL\OneDrive\Bureau\sorbonne\M2\S2\TAS\lisa-tutorial\src\main\java\it\unive\lisa\tutorial\IntervalRounding.java. Using fallback presentation compiler.
2026.03.29 20:47:34 INFO  no build target found for C:\Users\DELL\OneDrive\Bureau\sorbonne\M2\S2\TAS\lisa-tutorial\src\main\java\it\unive\lisa\tutorial\IntervalRounding.java. Using fallback presentation compiler.
2026.03.29 20:47:34 INFO  no build target found for C:\Users\DELL\OneDrive\Bureau\sorbonne\M2\S2\TAS\lisa-tutorial\src\main\java\it\unive\lisa\tutorial\IntervalRounding.java. Using fallback presentation compiler.
2026.03.29 20:47:34 INFO  no build target found for C:\Users\DELL\OneDrive\Bureau\sorbonne\M2\S2\TAS\lisa-tutorial\src\main\java\it\unive\lisa\tutorial\IntervalRounding.java. Using fallback presentation compiler.
2026.03.29 20:47:36 INFO  no build target found for C:\Users\DELL\OneDrive\Bureau\sorbonne\M2\S2\TAS\lisa-tutorial\src\main\java\it\unive\lisa\tutorial\IntervalRounding.java. Using fallback presentation compiler.
mars 29, 2026 8:47:58 PM org.eclipse.lsp4j.jsonrpc.RemoteEndpoint handleCancellation
WARNING: Unmatched cancel notification for request id 3708
mars 29, 2026 8:47:58 PM org.eclipse.lsp4j.jsonrpc.RemoteEndpoint handleCancellation
WARNING: Unmatched cancel notification for request id 3709
2026.03.29 20:48:05 INFO  no build target found for C:\Users\DELL\OneDrive\Bureau\sorbonne\M2\S2\TAS\lisa-tutorial\src\main\java\it\unive\lisa\tutorial\IntervalRounding.java. Using fallback presentation compiler.
2026.03.29 20:48:05 INFO  no build target found for C:\Users\DELL\OneDrive\Bureau\sorbonne\M2\S2\TAS\lisa-tutorial\src\main\java\it\unive\lisa\tutorial\TwoVariableLinearInequality.java. Using fallback presentation compiler.
2026.03.29 20:48:05 WARN  no build target for: C:\Users\DELL\OneDrive\Bureau\sorbonne\M2\S2\TAS\lisa-tutorial\src\main\java\it\unive\lisa\tutorial\TwoVariableLinearInequality.java
2026.03.29 20:48:05 INFO  no build target found for C:\Users\DELL\OneDrive\Bureau\sorbonne\M2\S2\TAS\lisa-tutorial\src\main\java\it\unive\lisa\tutorial\TwoVariableLinearInequality.java. Using fallback presentation compiler.
2026.03.29 20:48:05 INFO  no build target found for C:\Users\DELL\OneDrive\Bureau\sorbonne\M2\S2\TAS\lisa-tutorial\src\main\java\it\unive\lisa\tutorial\TwoVariableLinearInequality.java. Using fallback presentation compiler.
2026.03.29 20:48:05 INFO  no build target found for C:\Users\DELL\OneDrive\Bureau\sorbonne\M2\S2\TAS\lisa-tutorial\src\main\java\it\unive\lisa\tutorial\TwoVariableLinearInequality.java. Using fallback presentation compiler.
2026.03.29 20:48:11 INFO  no build target found for C:\Users\DELL\OneDrive\Bureau\sorbonne\M2\S2\TAS\lisa-tutorial\src\main\java\it\unive\lisa\tutorial\TwoVariableLinearInequality.java. Using fallback presentation compiler.
2026.03.29 20:48:11 INFO  no build target found for C:\Users\DELL\OneDrive\Bureau\sorbonne\M2\S2\TAS\lisa-tutorial\src\main\java\it\unive\lisa\tutorial\TwoVariableLinearInequality.java. Using fallback presentation compiler.
2026.03.29 20:48:14 INFO  no build target found for C:\Users\DELL\OneDrive\Bureau\sorbonne\M2\S2\TAS\lisa-tutorial\src\main\java\it\unive\lisa\tutorial\TwoVariableLinearInequality.java. Using fallback presentation compiler.
